verse_id,text,chapter,z_gpt,z_dicta,z_berel,CFI,CFI_berel,shared_seam,seam_berel
Isa.1.1,חזון ישעיהו בן אמוץ אשר חזה על יהודה וירושלם בימי עזיהו יותם אחז יחזקיהו מלכי יה,1,-1.1981004951,-0.85904906,-0.638779825517562,-2.0571495551,-1.836880320617562,False,False
Isa.1.2,שמעו שמים והאזיני ארץ כי יהוה דבר בנים גדלתי ורוממתי והם פשעו בי,1,-0.0131223002,1.6721405692,1.695288575105802,1.659018269,1.682166274905802,False,False
Isa.1.3,ידע שור קנהו וחמור אבוס בעליו ישראל לא ידע עמי לא התבונן,1,1.1853495005,-0.6815495487,-0.6664919371040128,0.5037999518000001,0.5188575633959873,False,False
Isa.1.4,הוי גוי חטא עם כבד עון זרע מרעים בנים משחיתים עזבו את יהוה נאצו את קדוש ישראל נז,1,-1.208133852,-0.5833757784,-0.4810276306439887,-1.7915096304,-1.689161482643989,False,False
Isa.1.5,על מה תכו עוד תוסיפו סרה כל ראש לחלי וכל לבב דוי,1,-0.3106438744,-0.4243078342,-0.5156910618122263,-0.7349517086,-0.8263349362122263,False,False
Isa.1.6,מכף רגל ועד ראש אין בו מתם פצע וחבורה ומכה טריה לא זרו ולא חבשו ולא רככה בשמן,1,-0.7591596941,-0.6295445382,-0.5321693197285372,-1.3887042322999998,-1.2913290138285372,False,False
Isa.1.7,ארצכם שממה עריכם שרפות אש אדמתכם לנגדכם זרים אכלים אתה ושממה כמהפכת זרים,1,1.6036896161,-0.1395906742,-0.5032215912227955,1.4640989419,1.1004680248772043,False,False
Isa.1.8,ונותרה בת ציון כסכה בכרם כמלונה במקשה כעיר נצורה,1,0.710773363,1.9611885414,1.9706012800555848,2.6719619044000003,2.681374643055585,False,False
Isa.1.9,לולי יהוה צבאות הותיר לנו שריד כמעט כסדם היינו לעמרה דמינו,1,-0.1378746422,-0.4717188927,-0.1828520395378589,-0.6095935349,-0.320726681737859,False,False
Isa.1.10,שמעו דבר יהוה קציני סדם האזינו תורת אלהינו עם עמרה,1,-0.6307355379,-0.5400806762,-0.6155426274581892,-1.1708162141,-1.2462781653581891,False,False
Isa.1.11,למה לי רב זבחיכם יאמר יהוה שבעתי עלות אילים וחלב מריאים ודם פרים וכבשים ועתודים ,1,-1.096743774,-0.4231763196,-0.4224974945527541,-1.5199200936,-1.519241268552754,False,False
Isa.1.12,כי תבאו לראות פני מי בקש זאת מידכם רמס חצרי,1,-0.3246623407,-0.5068611298,0.4617423413072524,-0.8315234705,0.1370800006072524,False,False
Isa.1.13,לא תוסיפו הביא מנחת שוא קטרת תועבה היא לי חדש ושבת קרא מקרא לא אוכל און ועצרה,1,1.9763609061,-0.6227516024,-0.2674440366167961,1.3536093037,1.708916869483204,False,False
Isa.1.14,חדשיכם ומועדיכם שנאה נפשי היו עלי לטרח נלאיתי נשא,1,-0.5904212125,1.9796058506,-1.094496002087798,1.3891846381,-1.6849172145877982,False,False
Isa.1.15,ובפרשכם כפיכם אעלים עיני מכם גם כי תרבו תפלה אינני שמע ידיכם דמים מלאו,1,-0.8842298134,-0.2449527397,-0.5297098443243284,-1.1291825531,-1.4139396577243284,False,False
Isa.1.16,רחצו הזכו הסירו רע מעלליכם מנגד עיני חדלו הרע,1,0.3743557949,-0.5621072596,1.9548553525340464,-0.1877514646999999,2.3292111474340462,False,False
Isa.1.17,למדו היטב דרשו משפט אשרו חמוץ שפטו יתום ריבו אלמנה,1,1.6533746396,-1.4949973234,-0.6850054670505736,0.1583773161999999,0.9683691725494264,False,False
Isa.1.18,לכו נא ונוכחה יאמר יהוה אם יהיו חטאיכם כשנים כשלג ילבינו אם יאדימו כתולע כצמר יה,1,-1.1716698265,1.7856341866,-0.5227509480480349,0.6139643601,-1.694420774548035,False,False
Isa.1.19,אם תאבו ושמעתם טוב הארץ תאכלו,1,-0.2308121206,0.221892228,-0.5034557000103377,-0.0089198926,-0.7342678206103377,False,False
Isa.1.20,ואם תמאנו ומריתם חרב תאכלו כי פי יהוה דבר,1,-0.5133506775,-0.8428871447,1.49597616607694,-1.3562378222,0.98262548857694,False,False
Isa.1.21,איכה היתה לזונה קריה נאמנה מלאתי משפט צדק ילין בה ועתה מרצחים,1,-0.4650542131,-0.9388339126,-0.8954363270613771,-1.4038881257,-1.3604905401613772,False,False
Isa.1.22,כספך היה לסיגים סבאך מהול במים,1,1.8160985449,1.7797729819,0.8451459681353397,3.5958715268,2.6612445130353395,False,False
Isa.1.23,שריך סוררים וחברי גנבים כלו אהב שחד ורדף שלמנים יתום לא ישפטו וריב אלמנה לא יבוא,1,-0.9332230563,-0.5336207913,-0.5605868573164132,-1.4668438476,-1.4938099136164134,False,False
Isa.1.24,לכן נאם האדון יהוה צבאות אביר ישראל הוי אנחם מצרי ואנקמה מאויבי,1,0.2286242873,-0.5138403663,-0.6152795785497857,-0.2852160789999999,-0.3866552912497856,False,False
Isa.1.25,ואשיבה ידי עליך ואצרף כבר סיגיך ואסירה כל בדיליך,1,0.7583593835,1.9990319858,1.983101891124771,2.7573913693,2.741461274624771,False,False
Isa.1.26,ואשיבה שפטיך כבראשנה ויעציך כבתחלה אחרי כן יקרא לך עיר הצדק קריה נאמנה,1,-1.0631050138,-0.5430106854,-0.2537165588848135,-1.6061156992,-1.3168215726848136,False,False
Isa.1.27,ציון במשפט תפדה ושביה בצדקה,1,-1.3092906334,-0.6512399152,-0.5715569202156444,-1.9605305486,-1.8808475536156448,False,False
Isa.1.28,ושבר פשעים וחטאים יחדו ועזבי יהוה יכלו,1,0.3333509326,1.8928313422,-0.5060257458927685,2.2261822748,-0.1726748132927685,False,False
Isa.1.29,כי יבשו מאילים אשר חמדתם ותחפרו מהגנות אשר בחרתם,1,0.3371871183,-0.1048601965,1.9435398973791005,0.2323269217999999,2.2807270156791004,False,False
Isa.1.30,כי תהיו כאלה נבלת עלה וכגנה אשר מים אין לה,1,1.4731313017,-0.6791199941,-0.6356044988153157,0.7940113076,0.8375268028846844,False,False
Isa.1.31,והיה החסן לנערת ופעלו לניצוץ ובערו שניהם יחדו ואין מכבה,1,0.1177971337,1.3861370044,-0.0278007138305518,1.5039341381,0.0899964198694481,False,False
Isa.2.1,הדבר אשר חזה ישעיהו בן אמוץ על יהודה וירושלם,2,-0.5962594342,-0.7755151286,-0.5082395354971402,-1.3717745628000002,-1.1044989696971403,False,False
Isa.2.2,והיה באחרית הימים נכון יהיה הר בית יהוה בראש ההרים ונשא מגבעות ונהרו אליו כל הגו,2,-0.5811261616,-0.6333303957,-0.5312028322529679,-1.2144565573,-1.112328993852968,False,False
Isa.2.3,והלכו עמים רבים ואמרו לכו ונעלה אל הר יהוה אל בית אלהי יעקב וירנו מדרכיו ונלכה ב,2,-0.704415722,1.1409084138,-0.4406236113635435,0.4364926918,-1.1450393333635436,False,False
Isa.2.4,ושפט בין הגוים והוכיח לעמים רבים וכתתו חרבותם לאתים וחניתותיהם למזמרות לא ישא גו,2,-0.5703777029,-0.4488421014,-0.1495936029920096,-1.0192198043,-0.7199713058920096,False,False
Isa.2.5,בית יעקב לכו ונלכה באור יהוה,2,-0.6939705771,-0.5568042859,-0.6175205235919337,-1.250774863,-1.3114911006919336,False,False
Isa.2.6,כי נטשתה עמך בית יעקב כי מלאו מקדם ועננים כפלשתים ובילדי נכרים ישפיקו,2,0.1184450862,0.8805311558,1.9700657225717308,0.998976242,2.088510808771731,False,False
Isa.2.7,ותמלא ארצו כסף וזהב ואין קצה לאצרתיו ותמלא ארצו סוסים ואין קצה למרכבתיו,2,0.3208940148,-0.9394623504,-0.4938037877347101,-0.6185683356,-0.1729097729347101,False,False
Isa.2.8,ותמלא ארצו אלילים למעשה ידיו ישתחוו לאשר עשו אצבעתיו,2,-0.2477401322,0.2423235902,-0.6543924463826787,-0.0054165419999999,-0.9021325785826788,False,False
Isa.2.9,וישח אדם וישפל איש ואל תשא להם,2,0.3242417834,-0.5603867063,-0.5447259432761107,-0.2361449229,-0.2204841598761107,False,False
Isa.2.10,בוא בצור והטמן בעפר מפני פחד יהוה ומהדר גאנו,2,1.6337284073,1.7878346888,1.9976102691142288,3.4215630961,3.631338676414229,False,False
Isa.2.11,עיני גבהות אדם שפל ושח רום אנשים ונשגב יהוה לבדו ביום ההוא,2,-0.3880689179,-0.5577308024,-0.5065819090708871,-0.9457997203,-0.894650826970887,False,False
Isa.2.12,כי יום ליהוה צבאות על כל גאה ורם ועל כל נשא ושפל,2,-0.2844667064,-0.5034131834,-0.5137719296691529,-0.7878798897999999,-0.7982386360691529,False,False
Isa.2.13,ועל כל ארזי הלבנון הרמים והנשאים ועל כל אלוני הבשן,2,-0.9753160361,-0.4870402856,0.2447061529098772,-1.4623563217,-0.7306098831901228,False,False
Isa.2.14,ועל כל ההרים הרמים ועל כל הגבעות הנשאות,2,-0.7815065775,1.9021605289,1.5062922515012829,1.1206539514,0.7247856740012827,False,False
Isa.2.15,ועל כל מגדל גבה ועל כל חומה בצורה,2,1.6259223633,-0.6947657178,0.0551364762422075,0.9311566455,1.6810588395422077,False,False
Isa.2.16,ועל כל אניות תרשיש ועל כל שכיות החמדה,2,-0.7346486784,-0.5004838816,-0.4999503504068826,-1.23513256,-1.2345990288068829,False,False
Isa.2.17,ושח גבהות האדם ושפל רום אנשים ונשגב יהוה לבדו ביום ההוא,2,-0.409497886,-0.5114101617,-0.5025134381874183,-0.9209080477,-0.9120113241874184,False,False
Isa.2.18,והאלילים כליל יחלף,2,1.9837363542,1.999672695,1.9999890468802175,3.9834090492,3.9837254010802177,True,True
Isa.2.19,ובאו במערות צרים ובמחלות עפר מפני פחד יהוה ומהדר גאונו בקומו לערץ הארץ,2,-0.4480870134,-0.5446680293,-0.5170799059473378,-0.9927550427,-0.9651669193473378,False,False
Isa.2.20,ביום ההוא ישליך האדם את אלילי כספו ואת אלילי זהבו אשר עשו לו להשתחות לחפר פרות ו,2,-0.4712393947,-0.5910561962,-0.5256238184311733,-1.0622955909,-0.9968632131311732,False,False
Isa.2.21,לבוא בנקרות הצרים ובסעפי הסלעים מפני פחד יהוה ומהדר גאונו בקומו לערץ הארץ,2,-1.1857599949,1.9802811161,1.992416003045148,0.7945211212000001,0.8066560081451479,False,False
Isa.2.22,חדלו לכם מן האדם אשר נשמה באפו כי במה נחשב הוא,2,-0.5377845588,-0.5110896459,-0.5902963930116907,-1.0488742047,-1.1280809518116903,False,False
Isa.3.1,כי הנה האדון יהוה צבאות מסיר מירושלם ומיהודה משען ומשענה כל משען לחם וכל משען מי,3,-0.6337327431,-0.4990165785,-0.5466004953963077,-1.1327493216,-1.1803332384963077,False,False
Isa.3.2,גבור ואיש מלחמה שופט ונביא וקסם וזקן,3,1.8039324247,-0.5004255711,1.969804135296362,1.3035068536,3.7737365599963617,False,False
Isa.3.3,שר חמשים ונשוא פנים ויועץ וחכם חרשים ונבון לחש,3,0.0791183901,-0.558636625,-0.6043494596621859,-0.4795182349,-0.5252310695621859,False,False
Isa.3.4,ונתתי נערים שריהם ותעלולים ימשלו בם,3,-0.608273577,1.9906008632,-0.5412743514899935,1.3823272862000002,-1.1495479284899934,False,False
Isa.3.5,ונגש העם איש באיש ואיש ברעהו ירהבו הנער בזקן והנקלה בנכבד,3,-1.4585545251,-0.313485306,1.9990828908422855,-1.7720398311,0.5405283657422857,False,False
Isa.3.6,כי יתפש איש באחיו בית אביו שמלה לכה קצין תהיה לנו והמכשלה הזאת תחת ידך,3,0.2619597655,-0.5545026161,-0.6609053375904009,-0.2925428505999999,-0.3989455720904009,False,False
Isa.3.7,ישא ביום ההוא לאמר לא אהיה חבש ובביתי אין לחם ואין שמלה לא תשימני קצין עם,3,-0.2208634219,-0.7691083173,-0.5767193460551291,-0.9899717392,-0.7975827679551291,False,False
Isa.3.8,כי כשלה ירושלם ויהודה נפל כי לשונם ומעלליהם אל יהוה למרות עני כבודו,3,1.714162089,1.5187816559,1.9807534337529888,3.2329437449,3.694915522752989,False,False
Isa.3.9,הכרת פניהם ענתה בם וחטאתם כסדם הגידו לא כחדו אוי לנפשם כי גמלו להם רעה,3,-0.5878600168,0.5323239463,-0.4864256843062764,-0.0555360704999999,-1.0742857011062763,False,False
Isa.3.10,אמרו צדיק כי טוב כי פרי מעלליהם יאכלו,3,-0.781741427,-0.727424495,-0.5235756937491377,-1.509165922,-1.305317120749138,False,False
Isa.3.11,אוי לרשע רע כי גמול ידיו יעשה לו,3,-0.7083721491,-0.6906510442,-0.5054082714752925,-1.3990231933,-1.213780420575293,False,False
Isa.3.12,עמי נגשיו מעולל ונשים משלו בו עמי מאשריך מתעים ודרך ארחתיך בלעו,3,0.2374187869,1.9209948165,1.9999603248567088,2.1584136034,2.237379111756709,False,False
Isa.3.13,נצב לריב יהוה ועמד לדין עמים,3,1.8711715864,-0.4433722476,-0.5365611915403257,1.4277993388,1.3346103948596744,False,False
Isa.3.14,יהוה במשפט יבוא עם זקני עמו ושריו ואתם בערתם הכרם גזלת העני בבתיכם,3,-0.7072212806,-0.6642891324,-0.672077106523375,-1.371510413,-1.379298387123375,False,False
Isa.3.15,מלכם מה לכם תדכאו עמי ופני עניים תטחנו נאם אדני יהוה צבאות,3,-0.4857560935,-0.7058825062,-0.348639921800547,-1.1916385997,-0.834396015300547,False,False
Isa.3.16,ויאמר יהוה יען כי גבהו בנות ציון ותלכנה נטוות נטויות גרון ומשקרות עינים הלוך וטפ,3,-1.1017145604,0.1314917697,-0.3296225729004505,-0.9702227907,-1.4313371333004503,False,False
Isa.3.17,ושפח אדני קדקד בנות ציון ויהוה פתהן יערה,3,0.2264375571,-0.4318806724,-0.5003917183025917,-0.2054431153,-0.2739541612025916,False,False
Isa.3.18,ביום ההוא יסיר אדני את תפארת העכסים והשביסים והשהרנים,3,-0.8313865403,-0.6188814323,-0.5684267617625862,-1.4502679726,-1.3998133020625865,False,False
Isa.3.19,הנטיפות והשירות והרעלות,3,1.7062910759,1.9850879952,1.9856287607749847,3.6913790711,3.691919836674985,False,False
Isa.3.20,הפארים והצעדות והקשרים ובתי הנפש והלחשים,3,0.4985390846,-0.6487779115,-0.5453565659675326,-0.1502388268999999,-0.0468174813675325,False,False
Isa.3.21,הטבעות ונזמי האף,3,-0.6766982925,-1.0608369401,-0.9020470756832216,-1.7375352326,-1.5787453681832218,False,False
Isa.3.22,המחלצות והמעטפות והמטפחות והחריטים,3,-0.7110416075,1.8607946655,1.220095693616026,1.149753058,0.5090540861160259,False,False
Isa.3.23,והגלינים והסדינים והצניפות והרדידים,3,-0.8472331995,0.2666668139,1.2292917611284564,-0.5805663856,0.3820585616284564,False,False
Isa.3.24,והיה תחת בשם מק יהיה ותחת חגורה נקפה ותחת מעשה מקשה קרחה ותחת פתיגיל מחגרת שק כי,3,0.1831650353,-0.7879552131,-0.8164937986570197,-0.6047901778,-0.6333287633570197,False,False
Isa.3.25,מתיך בחרב יפלו וגבורתך במלחמה,3,-0.3899836724,-0.6512471425,-0.5000247188914687,-1.0412308149,-0.8900083912914687,False,False
Isa.3.26,ואנו ואבלו פתחיה ונקתה לארץ תשב,3,1.8468084779,1.9995422104,0.6042004939651643,3.8463506883,2.451008971865164,False,False
Isa.4.1,והחזיקו שבע נשים באיש אחד ביום ההוא לאמר לחמנו נאכל ושמלתנו נלבש רק יקרא שמך עלי,4,-0.5948863006,-0.5069521979,1.638518449831884,-1.1018384985,1.043632149231884,False,False
Isa.4.2,ביום ההוא יהיה צמח יהוה לצבי ולכבוד ופרי הארץ לגאון ולתפארת לפליטת ישראל,4,-0.5481709328,-0.5061077096,-0.778037212379299,-1.0542786424,-1.326208145179299,False,False
Isa.4.3,והיה הנשאר בציון והנותר בירושלם קדוש יאמר לו כל הכתוב לחיים בירושלם,4,-1.0023076334,-0.4520689182,-0.5124608227306706,-1.4543765516,-1.514768456130671,False,False
Isa.4.4,אם רחץ אדני את צאת בנות ציון ואת דמי ירושלם ידיח מקרבה ברוח משפט וברוח בער,4,1.7341760624,-0.4899061722,-0.5099793980178813,1.2442698902,1.2241966643821187,False,False
Isa.4.5,וברא יהוה על כל מכון הר ציון ועל מקראה ענן יומם ועשן ונגה אש להבה לילה כי על כל ,4,-0.0146085299,-0.5059774842,-0.4685767271410866,-0.5205860141,-0.4831852570410866,False,False
Isa.4.6,וסכה תהיה לצל יומם מחרב ולמחסה ולמסתור מזרם וממטר,4,-1.1008769434,1.9969063476,1.0593966090960023,0.8960294041999999,-0.0414803343039975,False,False
Isa.5.1,אשירה נא לידידי שירת דודי לכרמו כרם היה לידידי בקרן בן שמן,5,1.7319435981,-0.5314443686,-0.8261338893311825,1.2004992295,0.9058097087688176,False,False
Isa.5.2,ויעזקהו ויסקלהו ויטעהו שרק ויבן מגדל בתוכו וגם יקב חצב בו ויקו לעשות ענבים ויעש ,5,-0.8700162837,-0.4090910363,0.0926994765204387,-1.27910732,-0.7773168071795612,False,False
Isa.5.3,ועתה יושב ירושלם ואיש יהודה שפטו נא ביני ובין כרמי,5,0.0985993992,-0.9023112831,-0.8618859591755964,-0.8037118838999999,-0.7632865599755964,False,False
Isa.5.4,מה לעשות עוד לכרמי ולא עשיתי בו מדוע קויתי לעשות ענבים ויעש באשים,5,-0.3946062624,0.2201892633,1.8655701515289336,-0.1744169991,1.4709638891289338,False,False
Isa.5.5,ועתה אודיעה נא אתכם את אשר אני עשה לכרמי הסר משוכתו והיה לבער פרץ גדרו והיה למרמ,5,-0.6762237155,-0.5720468787,-0.2677860295927838,-1.2482705942,-0.944009745092784,False,False
Isa.5.6,ואשיתהו בתה לא יזמר ולא יעדר ועלה שמיר ושית ועל העבים אצוה מהמטיר עליו מטר,5,1.0116437876,1.4827149617,-0.2065464740593164,2.4943587493,0.8050973135406836,False,False
Isa.5.7,כי כרם יהוה צבאות בית ישראל ואיש יהודה נטע שעשועיו ויקו למשפט והנה משפח לצדקה וה,5,-0.7846583674,-0.7729911697,-0.5677088428353843,-1.5576495371,-1.3523672102353843,False,False
Isa.5.8,הוי מגיעי בית בבית שדה בשדה יקריבו עד אפס מקום והושבתם לבדכם בקרב הארץ,5,1.1181150636,0.1653848813,-0.1319195960865405,1.2834999449,0.9861954675134594,False,False
Isa.5.9,באזני יהוה צבאות אם לא בתים רבים לשמה יהיו גדלים וטובים מאין יושב,5,-1.115469678,-0.5995245434,-1.172221139888153,-1.7149942214,-2.287690817888153,False,False
Isa.5.10,כי עשרת צמדי כרם יעשו בת אחת וזרע חמר יעשה איפה,5,0.8361616434,-0.5671842011,1.5129803611859751,0.2689774423,2.349142004585975,False,False
Isa.5.11,הוי משכימי בבקר שכר ירדפו מאחרי בנשף יין ידליקם,5,0.1941595871,1.9840580973,-0.478496843115751,2.1782176844,-0.284337256015751,False,False
Isa.5.12,והיה כנור ונבל תף וחליל ויין משתיהם ואת פעל יהוה לא יביטו ומעשה ידיו לא ראו,5,-1.5503539254,-0.7497365559,-0.6615572930773324,-2.3000904813,-2.2119112184773324,False,False
Isa.5.13,לכן גלה עמי מבלי דעת וכבודו מתי רעב והמונו צחה צמא,5,0.5564151747,-0.80669811,-0.5434955501194518,-0.2502829353,0.0129196245805481,False,False
Isa.5.14,לכן הרחיבה שאול נפשה ופערה פיה לבלי חק וירד הדרה והמונה ושאונה ועלז בה,5,-0.5496316721,-0.1562030996,-0.3676371911967345,-0.7058347717,-0.9172688632967344,False,False
Isa.5.15,וישח אדם וישפל איש ועיני גבהים תשפלנה,5,-0.2327199911,-0.2958784053,1.9538983821574143,-0.5285983964,1.7211783910574143,False,False
Isa.5.16,ויגבה יהוה צבאות במשפט והאל הקדוש נקדש בצדקה,5,-0.5373659727,-0.6048628575,-0.6910432681675217,-1.1422288302,-1.2284092408675216,False,False
Isa.5.17,ורעו כבשים כדברם וחרבות מחים גרים יאכלו,5,1.951170687,1.9739633892,-0.064285714173153,3.9251340762,1.886884972826847,True,False
Isa.5.18,הוי משכי העון בחבלי השוא וכעבות העגלה חטאה,5,-0.655084472,-0.5237981365,-0.3923670106676145,-1.1788826085,-1.0474514826676145,False,False
Isa.5.19,האמרים ימהר יחישה מעשהו למען נראה ותקרב ותבואה עצת קדוש ישראל ונדעה,5,-0.1329267655,-0.1648058261,-0.8295062430693593,-0.2977325916,-0.9624330085693592,False,False
Isa.5.20,הוי האמרים לרע טוב ולטוב רע שמים חשך לאור ואור לחשך שמים מר למתוק ומתוק למר,5,-0.7818158837,-0.6653343066,-0.5801868852857213,-1.4471501903,-1.3620027689857213,False,False
Isa.5.21,הוי חכמים בעיניהם ונגד פניהם נבנים,5,0.0736770013,-0.6099188238,1.9990010672989835,-0.5362418225,2.072678068598984,False,False
Isa.5.22,הוי גבורים לשתות יין ואנשי חיל למסך שכר,5,-1.0226655856,-0.7407920097,-0.442489907280511,-1.7634575953,-1.465155492880511,False,False
Isa.5.23,מצדיקי רשע עקב שחד וצדקת צדיקים יסירו ממנו,5,0.434016087,1.8667808996,-0.8192896216162979,2.3007969866,-0.3852735346162979,False,False
Isa.5.24,לכן כאכל קש לשון אש וחשש להבה ירפה שרשם כמק יהיה ופרחם כאבק יעלה כי מאסו את תורת,5,0.4750840259,0.1937626034,-0.5019494441534605,0.6688466292999999,-0.0268654182534605,False,False
Isa.5.25,על כן חרה אף יהוה בעמו ויט ידו עליו ויכהו וירגזו ההרים ותהי נבלתם כסוחה בקרב חוצ,5,-1.1371691633,-0.7683699656,1.9997566579875128,-1.9055391289,0.8625874946875132,False,False
Isa.5.26,ונשא נס לגוים מרחוק ושרק לו מקצה הארץ והנה מהרה קל יבוא,5,1.4403146012,-0.5094750131,-0.5396998993576634,0.9308395881,0.9006147018423367,False,False
Isa.5.27,אין עיף ואין כושל בו לא ינום ולא יישן ולא נפתח אזור חלציו ולא נתק שרוך נעליו,5,-0.9896157667,-0.5767643827,-0.7963693648474587,-1.5663801494,-1.7859851315474586,False,False
Isa.5.28,אשר חציו שנונים וכל קשתתיו דרכות פרסות סוסיו כצר נחשבו וגלגליו כסופה,5,0.2118121144,-0.3302564589,0.5577924615608513,-0.1184443444999999,0.7696045759608513,False,False
Isa.5.29,שאגה לו כלביא ושאג ישאג ככפירים וינהם ויאחז טרף ויפליט ואין מציל,5,0.3461822634,1.9840882571,1.6889679487744729,2.3302705205,2.035150212174473,False,False
Isa.5.30,וינהם עליו ביום ההוא כנהמת ים ונבט לארץ והנה חשך צר ואור חשך בעריפיה,5,1.0707013977,-0.3900953638,-0.4307437446595046,0.6806060339,0.6399576530404953,False,False
Isa.6.1,בשנת מות המלך עזיהו ואראה את אדני ישב על כסא רם ונשא ושוליו מלאים את ההיכל,6,-0.745128076,-0.5599399467,-0.611914748923473,-1.3050680227,-1.357042824923473,False,False
Isa.6.2,שרפים עמדים ממעל לו שש כנפים שש כנפים לאחד בשתים יכסה פניו ובשתים יכסה רגליו ובש,6,-0.6364545288,-0.5417166539,-0.4816906985101865,-1.1781711827,-1.1181452273101864,False,False
Isa.6.3,וקרא זה אל זה ואמר קדוש קדוש קדוש יהוה צבאות מלא כל הארץ כבודו,6,-0.7539604753,-0.6484141085,-0.9813193892368454,-1.4023745838,-1.7352798645368457,False,False
Isa.6.4,וינעו אמות הספים מקול הקורא והבית ימלא עשן,6,1.0799304783,-0.2728188383,-0.05053816695597,0.8071116400000001,1.02939231134403,False,False
Isa.6.5,ואמר אוי לי כי נדמיתי כי איש טמא שפתים אנכי ובתוך עם טמא שפתים אנכי יושב כי את ה,6,-0.8954154511,-0.5897346854,-0.6210065216055565,-1.4851501365,-1.5164219727055563,False,False
Isa.6.6,ויעף אלי אחד מן השרפים ובידו רצפה במלקחים לקח מעל המזבח,6,1.3429435285,1.9860558461,1.9083454534779103,3.3289993746,3.2512889819779103,False,False
Isa.6.7,ויגע על פי ויאמר הנה נגע זה על שפתיך וסר עונך וחטאתך תכפר,6,-0.5481517847,-0.4615279451,-0.5324574602458186,-1.0096797298,-1.080609244945819,False,False
Isa.6.8,ואשמע את קול אדני אמר את מי אשלח ומי ילך לנו ואמר הנני שלחני,6,-0.2186449743,-0.5175251306,-0.5133757441869331,-0.7361701049,-0.7320207184869331,False,False
Isa.6.9,ויאמר לך ואמרת לעם הזה שמעו שמוע ואל תבינו וראו ראו ואל תדעו,6,1.0713800436,-0.9397044232,-0.6721742041697022,0.1316756204,0.3992058394302978,False,False
Isa.6.10,השמן לב העם הזה ואזניו הכבד ועיניו השע פן יראה בעיניו ובאזניו ישמע ולבבו יבין וש,6,-1.3058506282,-0.3138855766,-0.5055882124112051,-1.6197362048,-1.811438840611205,False,False
Isa.6.11,ואמר עד מתי אדני ויאמר עד אשר אם שאו ערים מאין יושב ובתים מאין אדם והאדמה תשאה ש,6,-0.5795183621,-0.7966226189,-0.633025080775833,-1.3761409809999998,-1.212543442875833,False,False
Isa.6.12,ורחק יהוה את האדם ורבה העזובה בקרב הארץ,6,0.5852493916,0.6722728058,1.9010700306181447,1.2575221974000002,2.486319422218145,False,False
Isa.6.13,ועוד בה עשריה ושבה והיתה לבער כאלה וכאלון אשר בשלכת מצבת בם זרע קדש מצבתה,6,1.6057149064,1.6563091847,0.0329800699094446,3.2620240911,1.6386949763094447,False,False
Isa.7.1,ויהי בימי אחז בן יותם בן עזיהו מלך יהודה עלה רצין מלך ארם ופקח בן רמליהו מלך ישר,7,-1.4719531117,-0.8557639461,-0.8169467572768888,-2.3277170578,-2.288899868976889,False,False
Isa.7.2,ויגד לבית דוד לאמר נחה ארם על אפרים וינע לבבו ולבב עמו כנוע עצי יער מפני רוח,7,0.1619459192,-0.5959333725,0.527200193420274,-0.4339874533,0.689146112620274,False,False
Isa.7.3,ויאמר יהוה אל ישעיהו צא נא לקראת אחז אתה ושאר ישוב בנך אל קצה תעלת הברכה העליונה,7,0.3735581006,-0.789243522,-0.7418404567655116,-0.4156854214,-0.3682823561655116,False,False
Isa.7.4,ואמרת אליו השמר והשקט אל תירא ולבבך אל ירך משני זנבות האודים העשנים האלה בחרי אף,7,-0.8885977944,-0.4588630738,-0.4905065261788648,-1.3474608682,-1.379104320578865,False,False
Isa.7.5,יען כי יעץ עליך ארם רעה אפרים ובן רמליהו לאמר,7,-0.1851311387,-0.4572166336,-0.5076899289508754,-0.6423477723,-0.6928210676508754,False,False
Isa.7.6,נעלה ביהודה ונקיצנה ונבקענה אלינו ונמליך מלך בתוכה את בן טבאל,7,1.2023783133,1.9980166811,1.999830973186163,3.2003949944,3.2022092864861627,False,False
Isa.7.7,כה אמר אדני יהוה לא תקום ולא תהיה,7,-1.5531688696,-0.5363373894,-0.5015990257567013,-2.089506259,-2.054767895356701,False,False
Isa.7.8,כי ראש ארם דמשק וראש דמשק רצין ובעוד ששים וחמש שנה יחת אפרים מעם,7,0.9962735063,-0.5090079441,-0.5015897448799063,0.4872655621999999,0.4946837614200937,False,False
Isa.7.9,וראש אפרים שמרון וראש שמרון בן רמליהו אם לא תאמינו כי לא תאמנו,7,0.2616679306,1.9869585754,1.7733217476435597,2.248626506,2.0349896782435595,False,False
Isa.7.10,ויוסף יהוה דבר אל אחז לאמר,7,-0.8896644489,-0.5803634691,0.4122492588856592,-1.470027918,-0.4774151900143407,False,False
Isa.7.11,שאל לך אות מעם יהוה אלהיך העמק שאלה או הגבה למעלה,7,1.041779464,-0.6267625039,-1.052506356822626,0.4150169601,-0.010726892822626,False,False
Isa.7.12,ויאמר אחז לא אשאל ולא אנסה את יהוה,7,-0.9312520224,-0.9179146432,-0.9497208248136404,-1.8491666656,-1.8809728472136404,False,False
Isa.7.13,ויאמר שמעו נא בית דוד המעט מכם הלאות אנשים כי תלאו גם את אלהי,7,-0.1520354744,0.1982872366,1.6058835710878647,0.0462517621999999,1.4538480966878646,False,False
Isa.7.14,לכן יתן אדני הוא לכם אות הנה העלמה הרה וילדת בן וקראת שמו עמנו אל,7,-0.8219292611,-0.3570033455,0.6120898792341102,-1.1789326066,-0.2098393818658898,False,False
Isa.7.15,חמאה ודבש יאכל לדעתו מאוס ברע ובחור בטוב,7,1.9289253773,1.7684662251,-1.5548017947567776,3.6973916024,0.3741235825432223,False,False
Isa.7.16,כי בטרם ידע הנער מאס ברע ובחר בטוב תעזב האדמה אשר אתה קץ מפני שני מלכיה,7,-0.3281254328,-0.4851461773,-0.5123139585522716,-0.8132716100999999,-0.8404393913522716,False,False
Isa.7.17,יביא יהוה עליך ועל עמך ועל בית אביך ימים אשר לא באו למיום סור אפרים מעל יהודה את,7,-0.9431704707,-0.5939099228,-0.5120940855145814,-1.5370803935,-1.4552645562145814,False,False
Isa.7.18,והיה ביום ההוא ישרק יהוה לזבוב אשר בקצה יארי מצרים ולדבורה אשר בארץ אשור,7,1.8415691122,-0.3768669793,-0.4598340663357139,1.4647021328999998,1.381735045864286,False,False
Isa.7.19,ובאו ונחו כלם בנחלי הבתות ובנקיקי הסלעים ובכל הנעצוצים ובכל הנהללים,7,0.180793243,1.9924410652,1.9995673088146373,2.1732343082,2.1803605518146374,False,False
Isa.7.20,ביום ההוא יגלח אדני בתער השכירה בעברי נהר במלך אשור את הראש ושער הרגלים וגם את ה,7,-0.4291362812,-0.4450324873,-0.5133806422159245,-0.8741687685,-0.9425169234159244,False,False
Isa.7.21,והיה ביום ההוא יחיה איש עגלת בקר ושתי צאן,7,-1.5943092236,-0.542777381,-0.5009463494996323,-2.1370866046,-2.0952555730996325,False,False
Isa.7.22,והיה מרב עשות חלב יאכל חמאה כי חמאה ודבש יאכל כל הנותר בקרב הארץ,7,0.0730085903,-0.6981348357,-0.4683548062310144,-0.6251262454000001,-0.3953462159310144,False,False
Isa.7.23,והיה ביום ההוא יהיה כל מקום אשר יהיה שם אלף גפן באלף כסף לשמיר ולשית יהיה,7,-0.8324223987,-0.4267381886,-0.0995000053510649,-1.2591605873,-0.931922404051065,False,False
Isa.7.24,בחצים ובקשת יבוא שמה כי שמיר ושית תהיה כל הארץ,7,0.915081869,-0.4500431227,-0.6244944499227009,0.4650387462999999,0.2905874190772991,False,False
Isa.7.25,וכל ההרים אשר במעדר יעדרון לא תבוא שמה יראת שמיר ושית והיה למשלח שור ולמרמס שה,7,1.4419262993,1.9642473243,1.9614806616924616,3.4061736236,3.403406960992462,False,False
Isa.8.1,ויאמר יהוה אלי קח לך גליון גדול וכתב עליו בחרט אנוש למהר שלל חש בז,8,-0.5390138811,-0.8475947896,-0.5236497636087585,-1.3866086707,-1.0626636447087583,False,False
Isa.8.2,ואעידה לי עדים נאמנים את אוריה הכהן ואת זכריהו בן יברכיהו,8,-0.875697039,-0.2959164642,-0.4461202826914148,-1.1716135032,-1.3218173216914149,False,False
Isa.8.3,ואקרב אל הנביאה ותהר ותלד בן ויאמר יהוה אלי קרא שמו מהר שלל חש בז,8,-0.7527702311,1.2375456737,-1.0778902550069125,0.4847754425999999,-1.830660486106912,False,False
Isa.8.4,כי בטרם ידע הנער קרא אבי ואמי ישא את חיל דמשק ואת שלל שמרון לפני מלך אשור,8,1.7503854909,-1.0469228775,0.5824936934937398,0.7034626134000002,2.33287918439374,False,False
Isa.8.5,ויסף יהוה דבר אלי עוד לאמר,8,-0.7730265264,-0.1175558494,0.3800903400325203,-0.8905823758,-0.3929361863674797,False,False
Isa.8.6,יען כי מאס העם הזה את מי השלח ההלכים לאט ומשוש את רצין ובן רמליהו,8,-0.3329997242,1.2192608863,-0.8679187107101355,0.8862611621,-1.2009184349101356,False,False
Isa.8.7,ולכן הנה אדני מעלה עליהם את מי הנהר העצומים והרבים את מלך אשור ואת כל כבודו ועלה,8,-0.5855481357,-0.6904474651,-0.5002983055295099,-1.2759956008,-1.08584644122951,False,False
Isa.8.8,וחלף ביהודה שטף ועבר עד צואר יגיע והיה מטות כנפיו מלא רחב ארצך עמנו אל,8,1.9499282046,-0.3478988029,-0.4989957205518913,1.6020294017,1.4509324840481086,False,False
Isa.8.9,רעו עמים וחתו והאזינו כל מרחקי ארץ התאזרו וחתו התאזרו וחתו,8,-0.4200356864,1.9873479344,1.9999925929260791,1.567312248,1.5799569065260792,False,False
Isa.8.10,עצו עצה ותפר דברו דבר ולא יקום כי עמנו אל,8,-0.7059380556,-0.5668433741,-0.5030843012568943,-1.2727814297,-1.2090223568568943,False,False
Isa.8.11,כי כה אמר יהוה אלי כחזקת היד ויסרני מלכת בדרך העם הזה לאמר,8,1.5883099602,-0.8118233109,-0.5147978641665071,0.7764866492999999,1.0735120960334927,False,False
Isa.8.12,לא תאמרון קשר לכל אשר יאמר העם הזה קשר ואת מוראו לא תיראו ולא תעריצו,8,-0.8515687402,-0.4857864409,-0.5869044462143713,-1.3373551811,-1.4384731864143712,False,False
Isa.8.13,את יהוה צבאות אתו תקדישו והוא מוראכם והוא מערצכם,8,0.1398666768,0.558402664,0.8796750258276078,0.6982693408,1.019541702627608,False,False
Isa.8.14,והיה למקדש ולאבן נגף ולצור מכשול לשני בתי ישראל לפח ולמוקש ליושב ירושלם,8,-0.5016114216,-1.0193887563,-0.6503074992019551,-1.5210001779,-1.1519189208019551,False,False
Isa.8.15,וכשלו בם רבים ונפלו ונשברו ונוקשו ונלכדו,8,-0.5271855529,0.6272255142,0.0641664383529309,0.1000399612999999,-0.463019114547069,False,False
Isa.8.16,צור תעודה חתום תורה בלמדי,8,1.998544904,1.6115876831,-0.8685322468369867,3.6101325871,1.1300126571630134,False,False
Isa.8.17,וחכיתי ליהוה המסתיר פניו מבית יעקב וקויתי לו,8,-0.4265407383,-0.7455296671,1.883063322267412,-1.1720704054,1.4565225839674123,False,False
Isa.8.18,הנה אנכי והילדים אשר נתן לי יהוה לאתות ולמופתים בישראל מעם יהוה צבאות השכן בהר צ,8,-0.5207113416,-0.5282816041,-0.1507673105460073,-1.0489929457,-0.6714786521460073,False,False
Isa.8.19,וכי יאמרו אליכם דרשו אל האבות ואל הידענים המצפצפים והמהגים הלוא עם אל אלהיו ידרש,8,-0.5755817212,-0.4444488026,-0.534428013420479,-1.0200305238,-1.110009734620479,False,False
Isa.8.20,לתורה ולתעודה אם לא יאמרו כדבר הזה אשר אין לו שחר,8,-1.0938832421,-0.8686051392,-1.244348394271501,-1.9624883813,-2.3382316363715008,False,False
Isa.8.21,ועבר בה נקשה ורעב והיה כי ירעב והתקצף וקלל במלכו ובאלהיו ופנה למעלה,8,-0.3871821972,1.5294528296,-0.1487865097114068,1.1422706324,-0.5359687069114069,False,False
Isa.8.22,ואל ארץ יביט והנה צרה וחשכה מעוף צוקה ואפלה מנדח,8,-0.1919830208,0.8472115892,0.8530557237384983,0.6552285684,0.6610727029384983,False,False
Isa.8.23,כי לא מועף לאשר מוצק לה כעת הראשון הקל ארצה זבלון וארצה נפתלי והאחרון הכביד דרך ,8,1.9135409462,-0.8705556098,1.2854696836098758,1.0429853364,3.199010629809876,False,False
Isa.9.1,העם ההלכים בחשך ראו אור גדול ישבי בארץ צלמות אור נגה עליהם,9,-0.9041727874,-0.7516253649,-0.6321490209128816,-1.6557981523,-1.5363218083128816,False,False
Isa.9.2,הרבית הגוי לא לו הגדלת השמחה שמחו לפניך כשמחת בקציר כאשר יגילו בחלקם שלל,9,-0.5850015086,1.5877247137,-0.700236897679254,1.0027232051,-1.285238406279254,False,False
Isa.9.3,כי את על סבלו ואת מטה שכמו שבט הנגש בו החתת כיום מדין,9,1.9558913674,-0.439865106,1.984075191129877,1.5160262614,3.939966558529877,False,True
Isa.9.4,כי כל סאון סאן ברעש ושמלה מגוללה בדמים והיתה לשרפה מאכלת אש,9,-0.2228172392,0.7459362747,-0.2691642968649132,0.5231190355,-0.4919815360649132,False,False
Isa.9.5,כי ילד ילד לנו בן נתן לנו ותהי המשרה על שכמו ויקרא שמו פלא יועץ אל גבור אבי עד ש,9,-0.7811498148,-0.7253364459,-0.619767180480164,-1.5064862607,-1.400916995280164,False,False
Isa.9.6,לםרבה למרבה המשרה ולשלום אין קץ על כסא דוד ועל ממלכתו להכין אתה ולסעדה במשפט ובצ,9,-1.0124532487,-0.6148084713,-0.5007994357991163,-1.62726172,-1.5132526844991163,False,False
Isa.9.7,דבר שלח אדני ביעקב ונפל בישראל,9,0.4973209678,-0.484251061,-0.7952823569407643,0.0130699068,-0.2979613891407643,False,False
Isa.9.8,וידעו העם כלו אפרים ויושב שמרון בגאוה ובגדל לבב לאמר,9,-0.6099148025,-0.4926547933,-0.4215584625187847,-1.1025695958,-1.0314732650187848,False,False
Isa.9.9,לבנים נפלו וגזית נבנה שקמים גדעו וארזים נחליף,9,1.7433265571,1.9476511951,-0.3121058048250806,3.6909777522,1.4312207522749194,False,False
Isa.9.10,וישגב יהוה את צרי רצין עליו ואת איביו יסכסך,9,0.0626558291,-0.0536937668,1.9852908039362795,0.0089620623,2.0479466330362794,False,False
Isa.9.11,ארם מקדם ופלשתים מאחור ויאכלו את ישראל בכל פה בכל זאת לא שב אפו ועוד ידו נטויה,9,-1.1312878433,-0.6736327696,-0.5748711136461766,-1.8049206129,-1.7061589569461766,False,False
Isa.9.12,והעם לא שב עד המכהו ואת יהוה צבאות לא דרשו,9,-0.8036399954,-0.6076265717,-0.4986582718192658,-1.4112665671,-1.3022982672192658,False,False
Isa.9.13,ויכרת יהוה מישראל ראש וזנב כפה ואגמון יום אחד,9,0.3607011752,-0.3841974739,-0.4997221841640093,-0.0234962986999999,-0.1390210089640093,False,False
Isa.9.14,זקן ונשוא פנים הוא הראש ונביא מורה שקר הוא הזנב,9,1.7865640922,-0.5206425302,-0.5030052193179788,1.265921562,1.283558872882021,False,False
Isa.9.15,ויהיו מאשרי העם הזה מתעים ומאשריו מבלעים,9,-0.507662953,1.9532664458,1.9991317862452869,1.4456034928,1.4914688332452868,False,False
Isa.9.16,על כן על בחוריו לא ישמח אדני ואת יתמיו ואת אלמנתיו לא ירחם כי כלו חנף ומרע וכל פ,9,-0.7636282764,-0.7342908626,-0.5267918701765648,-1.497919139,-1.2904201465765648,False,False
Isa.9.17,כי בערה כאש רשעה שמיר ושית תאכל ותצת בסבכי היער ויתאבכו גאות עשן,9,-0.0634122395,-0.4527312948,-0.462571087533695,-0.5161435343,-0.525983327033695,False,False
Isa.9.18,בעברת יהוה צבאות נעתם ארץ ויהי העם כמאכלת אש איש אל אחיו לא יחמלו,9,1.2119534593,-0.2709982952,0.8617360034074657,0.9409551641,2.073689462707466,False,False
Isa.9.19,ויגזר על ימין ורעב ויאכל על שמאול ולא שבעו איש בשר זרעו יאכלו,9,-0.5210245742,0.5975916432,-0.7225811502618412,0.0765670689999999,-1.2436057244618413,False,False
Isa.9.20,מנשה את אפרים ואפרים את מנשה יחדו המה על יהודה בכל זאת לא שב אפו ועוד ידו נטויה,9,-0.7527887289,-1.1076660323,-0.7283727677662497,-1.8604547612,-1.4811614966662496,False,False
Isa.10.1,הוי החקקים חקקי און ומכתבים עמל כתבו,10,1.8025520618,1.6467128081,1.9786942551166389,3.4492648699,3.781246316916639,False,False
Isa.10.2,להטות מדין דלים ולגזל משפט עניי עמי להיות אלמנות שללם ואת יתומים יבזו,10,0.3567434578,-0.0393814015,-0.568492942480192,0.3173620563,-0.211749484680192,False,False
Isa.10.3,ומה תעשו ליום פקדה ולשואה ממרחק תבוא על מי תנוסו לעזרה ואנה תעזבו כבודכם,10,-1.0218966413,-0.5820897945,-0.2084974185219742,-1.6039864358,-1.2303940598219745,False,False
Isa.10.4,בלתי כרע תחת אסיר ותחת הרוגים יפלו בכל זאת לא שב אפו ועוד ידו נטויה,10,-0.5121733485,-0.5775718517,-0.644105494246134,-1.0897452002,-1.156278842746134,False,False
Isa.10.5,הוי אשור שבט אפי ומטה הוא בידם זעמי,10,1.8569390845,-0.4414511099,-0.6186349655361307,1.4154879746,1.2383041189638693,False,False
Isa.10.6,בגוי חנף אשלחנו ועל עם עברתי אצונו לשלל שלל ולבז בז ולשימו ולשומו מרמס כחמר חוצו,10,-0.6960886241,1.9987110475,1.5907915923874347,1.3026224234,0.8947029682874347,False,False
Isa.10.7,והוא לא כן ידמה ולבבו לא כן יחשב כי להשמיד בלבבו ולהכרית גוים לא מעט,10,-1.1860520254,-0.5352463519,-1.0924002839495852,-1.7212983773,-2.278452309349585,False,False
Isa.10.8,כי יאמר הלא שרי יחדו מלכים,10,0.7507364076,-0.7872012747,-0.4511470289375929,-0.0364648670999999,0.2995893786624071,False,False
Isa.10.9,הלא ככרכמיש כלנו אם לא כארפד חמת אם לא כדמשק שמרון,10,-0.5410709168,-0.4876505933,-0.5953832616124748,-1.0287215101,-1.1364541784124746,False,False
Isa.10.10,כאשר מצאה ידי לממלכת האליל ופסיליהם מירושלם ומשמרון,10,1.5610026204,1.9996422742,1.9508435463042495,3.5606448946,3.5118461667042498,False,False
Isa.10.11,הלא כאשר עשיתי לשמרון ולאליליה כן אעשה לירושלם ולעצביה,10,-0.6499904585,-0.5931449447,-0.3326126558644964,-1.2431354032000002,-0.9826031143644964,False,False
Isa.10.12,והיה כי יבצע אדני את כל מעשהו בהר ציון ובירושלם אפקד על פרי גדל לבב מלך אשור ועל,10,-1.0853003668,-0.6832449645,-1.1903608601516318,-1.7685453313,-2.275661226951632,False,False
Isa.10.13,כי אמר בכח ידי עשיתי ובחכמתי כי נבנותי ואסיר גבולת עמים ועתידתיהם ועתודותיהם שוש,10,-0.3642686766,1.7657066029,0.0487713692414205,1.4014379263,-0.3154973073585794,False,False
Isa.10.14,ותמצא כקן ידי לחיל העמים וכאסף ביצים עזבות כל הארץ אני אספתי ולא היה נדד כנף ופצ,10,1.2678478365,-0.1754632454,-0.3759651610459414,1.0923845911,0.8918826754540587,False,False
Isa.10.15,היתפאר הגרזן על החצב בו אם יתגדל המשור על מניפו כהניף שבט ואת מרימיו כהרים מטה ל,10,1.0109308184,0.1787979619,1.8758360598311052,1.1897287803,2.8867668782311053,False,False
Isa.10.16,לכן ישלח האדון יהוה צבאות במשמניו רזון ותחת כבדו יקד יקד כיקוד אש,10,-1.3822943644,-0.8245722822,-0.6329648513617377,-2.2068666466,-2.0152592157617377,False,False
Isa.10.17,והיה אור ישראל לאש וקדושו ללהבה ובערה ואכלה שיתו ושמירו ביום אחד,10,0.1879003981,-1.1020074653,-0.5344279527058792,-0.9141070672,-0.3465275546058791,False,False
Isa.10.18,וכבוד יערו וכרמלו מנפש ועד בשר יכלה והיה כמסס נסס,10,-0.0619385434,1.7402073116,1.993466054783792,1.6782687682,1.931527511383792,False,False
Isa.10.19,ושאר עץ יערו מספר יהיו ונער יכתבם,10,-0.1787936743,0.5172835111,-0.653861807823535,0.3384898368,-0.832655482123535,False,False
Isa.10.20,והיה ביום ההוא לא יוסיף עוד שאר ישראל ופליטת בית יעקב להשען על מכהו ונשען על יהו,10,-0.807041941,-0.8178754126,-0.6648542841081015,-1.6249173536,-1.4718962251081016,False,False
Isa.10.21,שאר ישוב שאר יעקב אל אל גבור,10,1.931195683,-0.3224115769,1.993416830596972,1.6087841061,3.924612513596972,False,True
Isa.10.22,כי אם יהיה עמך ישראל כחול הים שאר ישוב בו כליון חרוץ שוטף צדקה,10,-0.3187879684,0.0677345546,-0.4470719472042515,-0.2510534138,-0.7658599156042516,False,False
Isa.10.23,כי כלה ונחרצה אדני יהוה צבאות עשה בקרב כל הארץ,10,-0.8133518288,-0.856728214,-0.6825651567011494,-1.6700800428,-1.4959169855011494,False,False
Isa.10.24,לכן כה אמר אדני יהוה צבאות אל תירא עמי ישב ציון מאשור בשבט יככה ומטהו ישא עליך ב,10,-0.9133501647,-0.7649664424,-0.5045606379498123,-1.6783166071,-1.4179108026498124,False,False
Isa.10.25,כי עוד מעט מזער וכלה זעם ואפי על תבליתם,10,1.6404601531,1.8752691444,-0.321853730696039,3.5157292975,1.318606422403961,False,False
Isa.10.26,ועורר עליו יהוה צבאות שוט כמכת מדין בצור עורב ומטהו על הים ונשאו בדרך מצרים,10,-0.1183615778,-0.4899702393,-0.2033209301399029,-0.6083318171000001,-0.3216825079399029,False,False
Isa.10.27,והיה ביום ההוא יסור סבלו מעל שכמך ועלו מעל צוארך וחבל על מפני שמן,10,-1.052961438,-0.8831022201,-0.5985433956228717,-1.9360636581,-1.6515048336228717,False,False
Isa.10.28,בא על עית עבר במגרון למכמש יפקיד כליו,10,0.2708503459,1.4751948775,1.9752621315805952,1.7460452234,2.246112477480595,False,False
Isa.10.29,עברו מעברה גבע מלון לנו חרדה הרמה גבעת שאול נסה,10,1.7865014588,-0.5049815694,-0.5163730233759778,1.2815198894000002,1.2701284354240223,False,False
Isa.10.30,צהלי קולך בת גלים הקשיבי לישה עניה ענתות,10,-1.2008532529,-0.4939417991,-0.5160571685010593,-1.694795052,-1.716910421401059,False,False
Isa.10.31,נדדה מדמנה ישבי הגבים העיזו,10,-0.2090451398,1.9998990181,1.9896255529250575,1.7908538783,1.7805804131250578,False,False
Isa.10.32,עוד היום בנב לעמד ינפף ידו הר בית בת ציון גבעת ירושלם,10,1.6471461513,-0.5454410179,-0.6962323036239971,1.1017051334,0.950913847676003,False,False
Isa.10.33,הנה האדון יהוה צבאות מסעף פארה במערצה ורמי הקומה גדועים והגבהים ישפלו,10,-0.6876835002,-0.5154988578,-0.4235576582691776,-1.203182358,-1.1112411584691777,False,False
Isa.10.34,ונקף סבכי היער בברזל והלבנון באדיר יפול,10,0.0879067962,1.9311018198,1.7578156348027918,2.0190086160000003,1.845722431002792,False,False
Isa.11.1,ויצא חטר מגזע ישי ונצר משרשיו יפרה,11,-0.7127391243,-0.2583507101,-0.7447198281931812,-0.9710898344,-1.4574589524931811,False,False
Isa.11.2,ונחה עליו רוח יהוה רוח חכמה ובינה רוח עצה וגבורה רוח דעת ויראת יהוה,11,-0.55578419,-0.6174914145,-0.5010455364505939,-1.1732756045,-1.056829726450594,False,False
Isa.11.3,והריחו ביראת יהוה ולא למראה עיניו ישפוט ולא למשמע אזניו יוכיח,11,-0.7068878883,-0.5065809254,-0.4480034274297115,-1.2134688137,-1.1548913157297116,False,False
Isa.11.4,ושפט בצדק דלים והוכיח במישור לענוי ארץ והכה ארץ בשבט פיו וברוח שפתיו ימית רשע,11,-0.0863275553,0.9234900594,-0.53613085222347,0.8371625040999999,-0.62245840752347,False,False
Isa.11.5,והיה צדק אזור מתניו והאמונה אזור חלציו,11,1.9004673856,-0.5929993037,-0.5039360046642535,1.3074680819000002,1.3965313809357465,False,False
Isa.11.6,וגר זאב עם כבש ונמר עם גדי ירבץ ועגל וכפיר ומריא יחדו ונער קטן נהג בם,11,-1.2706833004,-0.5255476579,-0.67468725980085,-1.7962309583,-1.94537056020085,False,False
Isa.11.7,ופרה ודב תרעינה יחדו ירבצו ילדיהן ואריה כבקר יאכל תבן,11,-0.2543073275,-0.3626328256,1.9020117500733509,-0.6169401531,1.6477044225733508,False,False
Isa.11.8,ושעשע יונק על חר פתן ועל מאורת צפעוני גמול ידו הדה,11,0.5711183246,1.9940328884,0.1176942544326744,2.565151213,0.6888125790326745,False,False
Isa.11.9,לא ירעו ולא ישחיתו בכל הר קדשי כי מלאה הארץ דעה את יהוה כמים לים מכסים,11,-1.2043894685,-0.8701814294,-0.9248546715151508,-2.0745708979,-2.1292441400151505,False,False
Isa.11.10,והיה ביום ההוא שרש ישי אשר עמד לנס עמים אליו גוים ידרשו והיתה מנחתו כבוד,11,1.6737391108,-1.0987463225,-0.9287675019522438,0.5749927882999999,0.7449716088477562,False,False
Isa.11.11,והיה ביום ההוא יוסיף אדני שנית ידו לקנות את שאר עמו אשר ישאר מאשור וממצרים ומפתר,11,-0.1639075053,1.7296522724,1.9485498526178635,1.5657447671,1.7846423473178634,False,False
Isa.11.12,ונשא נס לגוים ואסף נדחי ישראל ונפצות יהודה יקבץ מארבע כנפות הארץ,11,-0.7361762328,0.5014253887,-0.4715235245106645,-0.2347508441,-1.2076997573106645,False,False
Isa.11.13,וסרה קנאת אפרים וצררי יהודה יכרתו אפרים לא יקנא את יהודה ויהודה לא יצר את אפרים,11,-0.7269769675,-0.9597882445,-1.017075610227901,-1.686765212,-1.744052577727901,False,False
Isa.11.14,ועפו בכתף פלשתים ימה יחדו יבזו את בני קדם אדום ומואב משלוח ידם ובני עמון משמעתם,11,1.6010418135,-0.9357724595,1.2507784800086723,0.665269354,2.8518202935086725,False,False
Isa.11.15,והחרים יהוה את לשון ים מצרים והניף ידו על הנהר בעים רוחו והכהו לשבעה נחלים והדרי,11,0.5641583333,0.2261014049,-0.100164600125492,0.7902597382,0.4639937331745079,False,False
Isa.11.16,והיתה מסלה לשאר עמו אשר ישאר מאשור כאשר היתה לישראל ביום עלתו מארץ מצרים,11,-0.2131230772,-0.4097479915,-0.9160492720492668,-0.6228710687000001,-1.129172349249267,False,False
Isa.12.1,ואמרת ביום ההוא אודך יהוה כי אנפת בי ישב אפך ותנחמני,12,-0.4993201186,-0.2038121234,1.8894138360283557,-0.7031322419999999,1.3900937174283554,False,False
Isa.12.2,הנה אל ישועתי אבטח ולא אפחד כי עזי וזמרת יה יהוה ויהי לי לישועה,12,-1.1075044619,-0.6331333422,-0.6603260412960259,-1.7406378041,-1.767830503196026,False,False
Isa.12.3,ושאבתם מים בששון ממעיני הישועה,12,-0.5752402685,1.828307325,-0.8975192269709715,1.2530670565,-1.4727594954709715,False,False
Isa.12.4,ואמרתם ביום ההוא הודו ליהוה קראו בשמו הודיעו בעמים עלילתיו הזכירו כי נשגב שמו,12,-0.6092913041,-0.735716969,0.5981930942816607,-1.3450082731,-0.0110982098183393,False,False
Isa.12.5,זמרו יהוה כי גאות עשה מידעת מודעת זאת בכל הארץ,12,1.0239269938,0.3223107909,1.1566575051175498,1.3462377847,2.1805844989175496,False,False
Isa.12.6,צהלי ורני יושבת ציון כי גדול בקרבך קדוש ישראל,12,0.9364480517,-0.3956672073,-0.484233002997308,0.5407808444,0.4522150487026919,False,False
Isa.13.1,משא בבל אשר חזה ישעיהו בן אמוץ,13,-1.9033426377,-0.589535208,-0.7146999775545503,-2.4928778457,-2.6180426152545504,False,False
Isa.13.2,על הר נשפה שאו נס הרימו קול להם הניפו יד ויבאו פתחי נדיבים,13,0.3896362498,-0.5010036175,0.2046403888228672,-0.1113673677,0.5942766386228673,False,False
Isa.13.3,אני צויתי למקדשי גם קראתי גבורי לאפי עליזי גאותי,13,0.8171134867,1.9999613214,1.873429145308499,2.8170748081,2.690542632008499,False,False
Isa.13.4,קול המון בהרים דמות עם רב קול שאון ממלכות גוים נאספים יהוה צבאות מפקד צבא מלחמה,13,-0.5932333068,-0.5766351357,-0.7018226993819785,-1.1698684425,-1.2950560061819785,False,False
Isa.13.5,באים מארץ מרחק מקצה השמים יהוה וכלי זעמו לחבל כל הארץ,13,1.2664900916,-0.5588954117,-0.5172186797880043,0.7075946798999999,0.7492714118119956,False,False
Isa.13.6,הילילו כי קרוב יום יהוה כשד משדי יבוא,13,-0.7090857936,-0.163629025,-0.46435742113095,-0.8727148186,-1.17344321473095,False,False
Isa.13.7,על כן כל ידים תרפינה וכל לבב אנוש ימס,13,-0.8914250239,-0.7069122247,-0.5210966552544415,-1.5983372486,-1.4125216791544415,False,False
Isa.13.8,ונבהלו צירים וחבלים יאחזון כיולדה יחילון איש אל רעהו יתמהו פני להבים פניהם,13,0.5945639444,1.9722007946,1.9996013454041528,2.566764739,2.5941652898041534,False,False
Isa.13.9,הנה יום יהוה בא אכזרי ועברה וחרון אף לשום הארץ לשמה וחטאיה ישמיד ממנה,13,0.6771874107,-0.5887342772,-0.5410884812254516,0.0884531334999999,0.1360989294745483,False,False
Isa.13.10,כי כוכבי השמים וכסיליהם לא יהלו אורם חשך השמש בצאתו וירח לא יגיה אורו,13,-1.0715591694,-1.1491892048,-0.573386843647458,-2.2207483742000003,-1.6449460130474578,False,False
Isa.13.11,ופקדתי על תבל רעה ועל רשעים עונם והשבתי גאון זדים וגאות עריצים אשפיל,13,-0.0703362789,0.3421246913,1.9855102443257384,0.2717884124,1.9151739654257385,False,False
Isa.13.12,אוקיר אנוש מפז ואדם מכתם אופיר,13,1.9221647506,1.8161687022,-0.6117344445191609,3.7383334528,1.310430306080839,False,False
Isa.13.13,על כן שמים ארגיז ותרעש הארץ ממקומה בעברת יהוה צבאות וביום חרון אפו,13,-1.0423656639,-0.784531757,-0.6086005136721779,-1.8268974209,-1.650966177572178,False,False
Isa.13.14,והיה כצבי מדח וכצאן ואין מקבץ איש אל עמו יפנו ואיש אל ארצו ינוסו,13,-0.8248234138,-0.6012769381,-0.5003189122543026,-1.4261003519000002,-1.3251423260543027,False,False
Isa.13.15,כל הנמצא ידקר וכל הנספה יפול בחרב,13,1.9429825568,-0.4973801629,-0.4977126279704807,1.4456023939000002,1.4452699288295192,False,False
Isa.13.16,ועלליהם ירטשו לעיניהם ישסו בתיהם ונשיהם תשגלנה תשכבנה,13,-0.0216649533,1.9996206172,1.9999983011363625,1.9779556639,1.9783333478363625,False,False
Isa.13.17,הנני מעיר עליהם את מדי אשר כסף לא יחשבו וזהב לא יחפצו בו,13,-0.5673200908,-0.5280410951,-0.5016765502376476,-1.0953611859,-1.0689966410376477,False,False
Isa.13.18,וקשתות נערים תרטשנה ופרי בטן לא ירחמו על בנים לא תחוס עינם,13,-1.6331375016,-0.4646243345,-0.4980197129199045,-2.0977618361,-2.1311572145199045,False,False
Isa.13.19,והיתה בבל צבי ממלכות תפארת גאון כשדים כמהפכת אלהים את סדם ואת עמרה,13,0.8855285321,0.1373435497,-0.7137904808562288,1.0228720818,0.1717380512437712,False,False
Isa.13.20,לא תשב לנצח ולא תשכן עד דור ודור ולא יהל שם ערבי ורעים לא ירבצו שם,13,-0.1810327352,-0.8899189651,-0.5226556157830673,-1.0709517003,-0.7036883509830673,False,False
Isa.13.21,ורבצו שם ציים ומלאו בתיהם אחים ושכנו שם בנות יענה ושעירים ירקדו שם,13,-0.6803203817,-0.1145457392,-0.5066582099606752,-0.7948661209,-1.1869785916606752,False,False
Isa.13.22,וענה איים באלמנותיו ותנים בהיכלי ענג וקרוב לבוא עתה וימיה לא ימשכו,13,1.9332860905,1.948480338,1.981140473682176,3.8817664285,3.914426564182176,True,True
Isa.14.1,כי ירחם יהוה את יעקב ובחר עוד בישראל והניחם על אדמתם ונלוה הגר עליהם ונספחו על ב,14,-0.6875830249,-0.7248978534,-0.5678212782421874,-1.4124808783,-1.255404303142187,False,False
Isa.14.2,ולקחום עמים והביאום אל מקומם והתנחלום בית ישראל על אדמת יהוה לעבדים ולשפחות והיו,14,-0.8662142175,-0.3073519578,-0.2962178221014445,-1.1735661753,-1.1624320396014447,False,False
Isa.14.3,והיה ביום הניח יהוה לך מעצבך ומרגזך ומן העבדה הקשה אשר עבד בך,14,-0.5692125693,-0.9021257902,-0.4535090937105787,-1.4713383595,-1.0227216630105789,False,False
Isa.14.4,ונשאת המשל הזה על מלך בבל ואמרת איך שבת נגש שבתה מדהבה,14,1.3633256868,-0.3109639476,0.2735171861843136,1.0523617392000002,1.636842872984314,False,False
Isa.14.5,שבר יהוה מטה רשעים שבט משלים,14,0.2080010065,1.8026461317,-0.4748984456782077,2.0106471382,-0.2668974391782077,False,False
Isa.14.6,מכה עמים בעברה מכת בלתי סרה רדה באף גוים מרדף בלי חשך,14,-0.3111503645,-1.2572282367,-1.0886117344026822,-1.5683786012,-1.3997620989026822,False,False
Isa.14.7,נחה שקטה כל הארץ פצחו רנה,14,-1.3548065915,-0.7026822401,-0.1587361392307646,-2.0574888316,-1.5135427307307647,False,False
Isa.14.8,גם ברושים שמחו לך ארזי לבנון מאז שכבת לא יעלה הכרת עלינו,14,1.2565324558,1.7508069462,1.3544520938633269,3.007339402,2.6109845496633266,False,False
Isa.14.9,שאול מתחת רגזה לך לקראת בואך עורר לך רפאים כל עתודי ארץ הקים מכסאותם כל מלכי גוי,14,0.3970071182,-0.4933541492,-0.5324130301560112,-0.0963470309999999,-0.1354059119560111,False,False
Isa.14.10,כלם יענו ויאמרו אליך גם אתה חלית כמונו אלינו נמשלת,14,-1.2070584741,-0.5368542098,-0.4615859090882058,-1.7439126839,-1.6686443831882056,False,False
Isa.14.11,הורד שאול גאונך המית נבליך תחתיך יצע רמה ומכסיך תולעה,14,1.5371941326,1.9990504786,1.998167749128762,3.5362446112,3.535361881728762,False,False
Isa.14.12,איך נפלת משמים הילל בן שחר נגדעת לארץ חולש על גוים,14,-0.4828895031,-0.5109987629,-0.526389525975291,-0.993888266,-1.0092790290752909,False,False
Isa.14.13,ואתה אמרת בלבבך השמים אעלה ממעל לכוכבי אל ארים כסאי ואשב בהר מועד בירכתי צפון,14,-0.5786431681,-0.5291645072,-0.5031203998291807,-1.1078076753,-1.0817635679291806,False,False
Isa.14.14,אעלה על במתי עב אדמה לעליון,14,0.4784504633,-0.8880693737,-0.6069140290907922,-0.4096189104,-0.1284635657907921,False,False
Isa.14.15,אך אל שאול תורד אל ירכתי בור,14,-0.582495247,-0.2690122953,-0.6396878535982465,-0.8515075423,-1.2221831005982464,False,False
Isa.14.16,ראיך אליך ישגיחו אליך יתבוננו הזה האיש מרגיז הארץ מרעיש ממלכות,14,-0.5035025689,-0.3515580139,0.307851639099106,-0.8550605828,-0.195650929800894,False,False
Isa.14.17,שם תבל כמדבר ועריו הרס אסיריו לא פתח ביתה,14,1.8051104923,1.6573962456,-0.4102727320860564,3.4625067379,1.3948377602139437,False,False
Isa.14.18,כל מלכי גוים כלם שכבו בכבוד איש בביתו,14,-0.3567709869,-1.2935945687,-0.5500754117469782,-1.6503655556,-0.906846398646978,False,False
Isa.14.19,ואתה השלכת מקברך כנצר נתעב לבוש הרגים מטעני חרב יורדי אל אבני בור כפגר מובס,14,0.2091273902,0.1186186666,1.9972054656247769,0.3277460568,2.206332855824777,False,False
Isa.14.20,לא תחד אתם בקבורה כי ארצך שחת עמך הרגת לא יקרא לעולם זרע מרעים,14,-0.5228967604,0.8135132571,-0.4992580828826449,0.2906164967,-1.022154843282645,False,False
Isa.14.21,הכינו לבניו מטבח בעון אבותם בל יקמו וירשו ארץ ומלאו פני תבל ערים,14,-0.39546922,-0.0810841805,-0.5290247765017326,-0.4765534005,-0.9244939965017328,False,False
Isa.14.22,וקמתי עליהם נאם יהוה צבאות והכרתי לבבל שם ושאר ונין ונכד נאם יהוה,14,-0.8620405622,-0.9809094075,-0.4997440379498971,-1.8429499697,-1.361784600149897,False,False
Isa.14.23,ושמתיה למורש קפד ואגמי מים וטאטאתיה במטאטא השמד נאם יהוה צבאות,14,-0.2277537667,1.7778276417,1.9999993954534043,1.550073875,1.7722456287534043,False,False
Isa.14.24,נשבע יהוה צבאות לאמר אם לא כאשר דמיתי כן היתה וכאשר יעצתי היא תקום,14,-0.7687474966,-0.6882900332,-0.5006381015702231,-1.4570375298,-1.2693855981702231,False,False
Isa.14.25,לשבר אשור בארצי ועל הרי אבוסנו וסר מעליהם עלו וסבלו מעל שכמו יסור,14,1.955297414,0.1318149819,-0.4983881445645601,2.0871123959,1.4569092694354395,False,False
Isa.14.26,זאת העצה היעוצה על כל הארץ וזאת היד הנטויה על כל הגוים,14,-0.772817086,-0.5055865992,-0.5652142268659024,-1.2784036852,-1.3380313128659025,False,False
Isa.14.27,כי יהוה צבאות יעץ ומי יפר וידו הנטויה ומי ישיבנה,14,-1.1464842589,-0.5064554352,-0.436922969006113,-1.6529396941,-1.5834072279061129,False,False
Isa.14.28,בשנת מות המלך אחז היה המשא הזה,14,0.9661219343,-0.5142805862,-0.5005157272412499,0.4518413481000001,0.4656062070587501,False,False
Isa.14.29,אל תשמחי פלשת כלך כי נשבר שבט מכך כי משרש נחש יצא צפע ופריו שרף מעופף,14,0.5237077304,-0.5781139634,-0.743615854668259,-0.054406233,-0.219908124268259,False,False
Isa.14.30,ורעו בכורי דלים ואביונים לבטח ירבצו והמתי ברעב שרשך ושאריתך יהרג,14,-1.3060763737,1.9713209944,1.7705812733699378,0.6652446207,0.4645048996699377,False,False
Isa.14.31,הילילי שער זעקי עיר נמוג פלשת כלך כי מצפון עשן בא ואין בודד במועדיו,14,1.6790810446,-0.1670170049,0.4515363711047495,1.5120640397,2.1306174157047497,False,False
Isa.14.32,ומה יענה מלאכי גוי כי יהוה יסד ציון ובה יחסו עניי עמו,14,-0.6238303622,-0.7651226693,-0.8752801498207163,-1.3889530314999998,-1.4991105120207164,False,False
Isa.15.1,משא מואב כי בליל שדד ער מואב נדמה כי בליל שדד קיר מואב נדמה,15,-0.9478974452,-1.0187180273,-0.5418102782434311,-1.9666154725,-1.489707723443431,False,False
Isa.15.2,עלה הבית ודיבן הבמות לבכי על נבו ועל מידבא מואב ייליל בכל ראשיו קרחה כל זקן גרוע,15,1.9685143554,0.3012125124,-0.4891844337694548,2.2697268678,1.479329921630545,False,False
Isa.15.3,בחוצתיו חגרו שק על גגותיה וברחבתיה כלה ייליל ירד בבכי,15,-0.1910602155,1.5738894831,1.802296860845516,1.3828292676,1.6112366453455156,False,False
Isa.15.4,ותזעק חשבון ואלעלה עד יהץ נשמע קולם על כן חלצי מואב יריעו נפשו ירעה לו,15,-0.6463925218,0.1064191255,-0.6884360717218443,-0.5399733963,-1.3348285935218442,False,False
Isa.15.5,לבי למואב יזעק בריחה עד צער עגלת שלשיה כי מעלה הלוחית בבכי יעלה בו כי דרך חורנים,15,-0.6975858841,0.0971478622,0.3708967329285463,-0.6004380219,-0.3266891511714537,False,False
Isa.15.6,כי מי נמרים משמות יהיו כי יבש חציר כלה דשא ירק לא היה,15,-0.2064415205,-1.0894809757,-0.7352636630224595,-1.2959224962,-0.9417051835224596,False,False
Isa.15.7,על כן יתרה עשה ופקדתם על נחל הערבים ישאום,15,1.7683653984,-0.9262479257,-0.6148543308915817,0.8421174727,1.1535110675084184,False,False
Isa.15.8,כי הקיפה הזעקה את גבול מואב עד אגלים יללתה ובאר אילים יללתה,15,-1.0423013957,0.0466981178,1.9981870286515864,-0.9956032779,0.9558856329515866,False,False
Isa.15.9,כי מי דימון מלאו דם כי אשית על דימון נוספות לפליטת מואב אריה ולשארית אדמה,15,0.4325807443,1.8729748859,-0.5059149848931644,2.3055556302,-0.0733342405931644,False,False
Isa.16.1,שלחו כר משל ארץ מסלע מדברה אל הר בת ציון,16,0.3559467153,-1.1492223955,-0.5441169702023996,-0.7932756802,-0.1881702549023995,False,False
Isa.16.2,והיה כעוף נודד קן משלח תהיינה בנות מואב מעברת לארנון,16,-1.2324384211,-0.4394585521,1.418567371714052,-1.6718969732,0.1861289506140522,False,False
Isa.16.3,הביאו הביאי עצה עשו פלילה שיתי כליל צלך בתוך צהרים סתרי נדחים נדד אל תגלי,16,-0.5703229256,1.955953125,0.5152194623787782,1.3856301994,-0.0551034632212217,False,False
Isa.16.4,יגורו בך נדחי מואב הוי סתר למו מפני שודד כי אפס המץ כלה שד תמו רמס מן הארץ,16,1.8284469524,-0.7101110122,-0.9331273003851036,1.1183359402000002,0.8953196520148964,False,False
Isa.16.5,והוכן בחסד כסא וישב עליו באמת באהל דוד שפט ודרש משפט ומהר צדק,16,-1.1846821407,-0.6952223029,-0.5519385796499026,-1.8799044436,-1.736620720349903,False,False
Isa.16.6,שמענו גאון מואב גא מאד גאותו וגאונו ועברתו לא כן בדיו,16,-0.5520366744,-0.6366233566,-0.5759777756013011,-1.188660031,-1.1280144500013012,False,False
Isa.16.7,לכן ייליל מואב למואב כלה ייליל לאשישי קיר חרשת תהגו אך נכאים,16,0.9786266768,1.8291321779,1.942862794873445,2.8077588547000003,2.921489471673445,False,False
Isa.16.8,כי שדמות חשבון אמלל גפן שבמה בעלי גוים הלמו שרוקיה עד יעזר נגעו תעו מדבר שלחותיה,16,1.3655232783,0.3149648531,-0.1402939299779094,1.6804881314,1.2252293483220904,False,False
Isa.16.9,על כן אבכה בבכי יעזר גפן שבמה אריוך דמעתי חשבון ואלעלה כי על קיצך ועל קצירך הידד,16,-1.0476509332,-0.6954363937,-0.7822726993826101,-1.7430873269,-1.82992363258261,False,False
Isa.16.10,ונאסף שמחה וגיל מן הכרמל ובכרמים לא ירנן לא ירעע יין ביקבים לא ידרך הדרך הידד הש,16,-0.1854694789,-0.5779439242,0.9665554610081736,-0.7634134030999999,0.7810859821081735,False,False
Isa.16.11,על כן מעי למואב ככנור יהמו וקרבי לקיר חרש,16,0.5921143491,1.3546070391,-0.3467503168645861,1.9467213882,0.2453640322354139,False,False
Isa.16.12,והיה כי נראה כי נלאה מואב על הבמה ובא אל מקדשו להתפלל ולא יוכל,16,0.5109266657,-0.8352860094,-0.5725111027300664,-0.3243593436999999,-0.0615844370300664,False,False
Isa.16.13,זה הדבר אשר דבר יהוה אל מואב מאז,16,-0.5774719189,-0.7329953632,-0.4518860627930754,-1.3104672821,-1.0293579816930756,False,False
Isa.16.14,ועתה דבר יהוה לאמר בשלש שנים כשני שכיר ונקלה כבוד מואב בכל ההמון הרב ושאר מעט מז,16,-0.5327928709,-0.4580600162,-0.490889890089519,-0.9908528871,-1.0236827609895192,False,False
Isa.17.1,משא דמשק הנה דמשק מוסר מעיר והיתה מעי מפלה,17,1.9990072326,-0.4945349487,-0.5279193825341062,1.5044722839,1.4710878500658937,False,False
Isa.17.2,עזבות ערי ערער לעדרים תהיינה ורבצו ואין מחריד,17,-0.4577221889,1.944452899,1.9972493531187807,1.4867307101,1.539527164218781,False,False
Isa.17.3,ונשבת מבצר מאפרים וממלכה מדמשק ושאר ארם ככבוד בני ישראל יהיו נאם יהוה צבאות,17,-0.4883074572,-0.8293852036,-0.503651551700885,-1.3176926608,-0.9919590089008852,False,False
Isa.17.4,והיה ביום ההוא ידל כבוד יעקב ומשמן בשרו ירזה,17,-1.5905180329,-0.2112397809,-0.5055541497734009,-1.8017578138,-2.096072182673401,False,False
Isa.17.5,והיה כאסף קציר קמה וזרעו שבלים יקצור והיה כמלקט שבלים בעמק רפאים,17,0.2255883978,1.4540009482,0.6454871614027579,1.679589346,0.8710755592027579,False,False
Isa.17.6,ונשאר בו עוללת כנקף זית שנים שלשה גרגרים בראש אמיר ארבעה חמשה בסעפיה פריה נאם יה,17,1.2976121688,-0.9178837644,-0.1369636897411459,0.3797284044,1.160648479058854,False,False
Isa.17.7,ביום ההוא ישעה האדם על עשהו ועיניו אל קדוש ישראל תראינה,17,-1.6695438315,-0.7910622967,-1.303464843583083,-2.4606061282,-2.973008675083083,False,False
Isa.17.8,ולא ישעה אל המזבחות מעשה ידיו ואשר עשו אצבעתיו לא יראה והאשרים והחמנים,17,0.887265522,0.6156644718,0.93310670291984,1.5029299938,1.82037222491984,False,False
Isa.17.9,ביום ההוא יהיו ערי מעזו כעזובת החרש והאמיר אשר עזבו מפני בני ישראל והיתה שממה,17,0.5604665547,-0.9099808634,0.1907502294297073,-0.3495143087,0.7512167841297073,False,False
Isa.17.10,כי שכחת אלהי ישעך וצור מעזך לא זכרת על כן תטעי נטעי נעמנים וזמרת זר תזרענו,17,-0.8350294401,-0.0438554427,-0.3903276690652849,-0.8788848828,-1.2253571091652848,False,False
Isa.17.11,ביום נטעך תשגשגי ובבקר זרעך תפריחי נד קציר ביום נחלה וכאב אנוש,17,0.6168751729,1.7023116005,-0.8459936999034962,2.3191867734,-0.2291185270034961,False,False
Isa.17.12,הוי המון עמים רבים כהמות ימים יהמיון ושאון לאמים כשאון מים כבירים ישאון,17,-0.7761914739,0.1479963865,1.7421005311084057,-0.6281950874,0.9659090572084056,False,False
Isa.17.13,לאמים כשאון מים רבים ישאון וגער בו ונס ממרחק ורדף כמץ הרים לפני רוח וכגלגל לפני ,17,-0.4522913591,-0.229844433,0.5345299969622055,-0.6821357921,0.0822386378622054,False,False
Isa.17.14,לעת ערב והנה בלהה בטרם בקר איננו זה חלק שוסינו וגורל לבזזינו,17,1.5810560508,-0.5589846853,-0.7392824332862558,1.0220713655,0.8417736175137442,False,False
Isa.18.1,הוי ארץ צלצל כנפים אשר מעבר לנהרי כוש,18,-0.7886730753,-1.2972069223,-0.5490079875767192,-2.0858799976,-1.3376810628767193,False,False
Isa.18.2,השלח בים צירים ובכלי גמא על פני מים לכו מלאכים קלים אל גוי ממשך ומורט אל עם נורא,18,0.6971178023,-0.2446434768,-0.8115882793172339,0.4524743255,-0.1144704770172339,False,False
Isa.18.3,כל ישבי תבל ושכני ארץ כנשא נס הרים תראו וכתקע שופר תשמעו,18,-0.6540792688,-0.482247198,-0.4945923867656078,-1.1363264668,-1.1486716555656078,False,False
Isa.18.4,כי כה אמר יהוה אלי אשקוטה אשקטה ואביטה במכוני כחם צח עלי אור כעב טל בחם קציר,18,-0.537001556,-0.4660640172,-0.438946387834741,-1.0030655732,-0.9759479438347408,False,False
Isa.18.5,כי לפני קציר כתם פרח ובסר גמל יהיה נצה וכרת הזלזלים במזמרות ואת הנטישות הסיר התז,18,1.9941117166,1.9781573845,1.9980902404769385,3.9722691011,3.992201957076938,True,True
Isa.18.6,יעזבו יחדו לעיט הרים ולבהמת הארץ וקץ עליו העיט וכל בהמת הארץ עליו תחרף,18,-0.5353771465,-0.2172316157,-0.4476185502921048,-0.7526087622,-0.9829956967921047,False,False
Isa.18.7,בעת ההיא יובל שי ליהוה צבאות עם ממשך ומורט ומעם נורא מן הוא והלאה גוי קו קו ומבו,18,-0.3780091077,-0.580142064,-0.5225382261973693,-0.9581511717,-0.9005473338973693,False,False
Isa.19.1,משא מצרים הנה יהוה רכב על עב קל ובא מצרים ונעו אלילי מצרים מפניו ולבב מצרים ימס ,19,0.578077432,-0.734111008,-0.8626145227796065,-0.156033576,-0.2845370907796065,False,False
Isa.19.2,וסכסכתי מצרים במצרים ונלחמו איש באחיו ואיש ברעהו עיר בעיר ממלכה בממלכה,19,-1.3290541737,-0.6507692897,-0.3448103366115047,-1.9798234634,-1.6738645103115046,False,False
Isa.19.3,ונבקה רוח מצרים בקרבו ועצתו אבלע ודרשו אל האלילים ואל האטים ואל האבות ואל הידעני,19,-1.0396888745,0.0483712611,1.9893378313166328,-0.9913176134,0.9496489568166327,False,False
Isa.19.4,וסכרתי את מצרים ביד אדנים קשה ומלך עז ימשל בם נאם האדון יהוה צבאות,19,-0.3534827057,-0.6351469527,-0.5159053254350016,-0.9886296584,-0.8693880311350015,False,False
Isa.19.5,ונשתו מים מהים ונהר יחרב ויבש,19,-0.439085547,-0.1756295075,-0.5114529005845369,-0.6147150545,-0.9505384475845368,False,False
Isa.19.6,והאזניחו נהרות דללו וחרבו יארי מצור קנה וסוף קמלו,19,1.9813912721,1.6566054647,1.9933242669020457,3.6379967368,3.974715539002045,False,True
Isa.19.7,ערות על יאור על פי יאור וכל מזרע יאור ייבש נדף ואיננו,19,-0.8286885163,-1.275531296,-0.8759257154885925,-2.1042198123,-1.7046142317885926,False,False
Isa.19.8,ואנו הדיגים ואבלו כל משליכי ביאור חכה ופרשי מכמרת על פני מים אמללו,19,-0.8045207457,-0.3397031468,-0.71104931930342,-1.1442238925,-1.5155700650034198,False,False
Isa.19.9,ובשו עבדי פשתים שריקות וארגים חורי,19,0.0160838812,1.4621363967,1.994140421647357,1.4782202779,2.010224302847357,False,False
Isa.19.10,והיו שתתיה מדכאים כל עשי שכר אגמי נפש,19,1.8854551473,0.6424589948,-0.5182002704429516,2.5279141421,1.3672548768570485,False,False
Isa.19.11,אך אולים שרי צען חכמי יעצי פרעה עצה נבערה איך תאמרו אל פרעה בן חכמים אני בן מלכי,19,-0.5283840604,-1.0308855666,-0.5044614087318042,-1.559269627,-1.032845469131804,False,False
Isa.19.12,אים אפוא חכמיך ויגידו נא לך וידעו מה יעץ יהוה צבאות על מצרים,19,-0.9264248272,-1.1474831195,-1.4597734801472,-2.0739079467,-2.3861983073472,False,False
Isa.19.13,נואלו שרי צען נשאו שרי נף התעו את מצרים פנת שבטיה,19,0.8390478641,1.2123391454,1.7438915446109455,2.0513870095,2.5829394087109456,False,False
Isa.19.14,יהוה מסך בקרבה רוח עועים והתעו את מצרים בכל מעשהו כהתעות שכור בקיאו,19,-0.2380955666,1.2358805074,0.2302984358702396,0.9977849408,-0.0077971307297603,False,False
Isa.19.15,ולא יהיה למצרים מעשה אשר יעשה ראש וזנב כפה ואגמון,19,1.3472168676,-0.7787009863,-0.6380425445206938,0.5685158813000001,0.7091743230793063,False,False
Isa.19.16,ביום ההוא יהיה מצרים כנשים וחרד ופחד מפני תנופת יד יהוה צבאות אשר הוא מניף עליו,19,-0.5796839043,-0.5230562564,-0.7972227026965355,-1.1027401607,-1.3769066069965357,False,False
Isa.19.17,והיתה אדמת יהודה למצרים לחגא כל אשר יזכיר אתה אליו יפחד מפני עצת יהוה צבאות אשר ,19,-0.4540110506,-0.3625341377,1.3545990605953744,-0.8165451883,0.9005880099953744,False,False
Isa.19.18,ביום ההוא יהיו חמש ערים בארץ מצרים מדברות שפת כנען ונשבעות ליהוה צבאות עיר ההרס ,19,-1.0953457104,1.4255944234,-0.4268539007142676,0.330248713,-1.5221996111142675,False,False
Isa.19.19,ביום ההוא יהיה מזבח ליהוה בתוך ארץ מצרים ומצבה אצל גבולה ליהוה,19,-0.4262258179,-1.3293922305,-1.0031320154889636,-1.7556180484,-1.4293578333889636,False,False
Isa.19.20,והיה לאות ולעד ליהוה צבאות בארץ מצרים כי יצעקו אל יהוה מפני לחצים וישלח להם מושי,19,1.2872031658,-0.4963618817,1.7425800737434611,0.7908412841000001,3.029783239543461,False,False
Isa.19.21,ונודע יהוה למצרים וידעו מצרים את יהוה ביום ההוא ועבדו זבח ומנחה ונדרו נדר ליהוה ,19,-0.8218293242,-0.6722911202,-1.1053997150121508,-1.4941204444,-1.927229039212151,False,False
Isa.19.22,ונגף יהוה את מצרים נגף ורפוא ושבו עד יהוה ונעתר להם ורפאם,19,-0.4608617244,1.9111571667,-0.0234932084678754,1.4502954423,-0.4843549328678754,False,False
Isa.19.23,ביום ההוא תהיה מסלה ממצרים אשורה ובא אשור במצרים ומצרים באשור ועבדו מצרים את אשו,19,1.8520521538,0.0538165908,1.7226927972972677,1.9058687446,3.5747449510972675,False,False
Isa.19.24,ביום ההוא יהיה ישראל שלישיה למצרים ולאשור ברכה בקרב הארץ,19,0.0794247172,-0.7388999644,-0.5251004096456117,-0.6594752472000001,-0.4456756924456116,False,False
Isa.19.25,אשר ברכו יהוה צבאות לאמר ברוך עמי מצרים ומעשה ידי אשור ונחלתי ישראל,19,-0.8304208791,-0.599432038,-0.537184229713251,-1.4298529170999998,-1.367605108813251,False,False
Isa.20.1,בשנת בא תרתן אשדודה בשלח אתו סרגון מלך אשור וילחם באשדוד וילכדה,20,0.3060869609,1.9980839382,1.9995431305089444,2.3041708991,2.3056300914089443,False,False
Isa.20.2,בעת ההיא דבר יהוה ביד ישעיהו בן אמוץ לאמר לך ופתחת השק מעל מתניך ונעלך תחלץ מעל ,20,-0.7685605637,-0.5114342483,-0.4576232848704085,-1.279994812,-1.2261838485704086,False,False
Isa.20.3,ויאמר יהוה כאשר הלך עבדי ישעיהו ערום ויחף שלש שנים אות ומופת על מצרים ועל כוש,20,-0.5732805182,-0.5195804917,-0.7880034630895514,-1.0928610099,-1.3612839812895514,False,False
Isa.20.4,כן ינהג מלך אשור את שבי מצרים ואת גלות כוש נערים וזקנים ערום ויחף וחשופי שת ערות,20,-0.4700451586,-0.4970405977,-0.6070956412825341,-0.9670857563,-1.0771407998825342,False,False
Isa.20.5,וחתו ובשו מכוש מבטם ומן מצרים תפארתם,20,1.617936985,1.9825021686,1.6998094829386587,3.6004391536,3.317746467938659,False,False
Isa.20.6,ואמר ישב האי הזה ביום ההוא הנה כה מבטנו אשר נסנו שם לעזרה להנצל מפני מלך אשור וא,20,-0.9794233075,-0.6190570276,-0.5939540773964197,-1.5984803351,-1.5733773848964197,False,False
Isa.21.1,משא מדבר ים כסופות בנגב לחלף ממדבר בא מארץ נוראה,21,0.3333936186,-0.2905423279,0.498994398506675,0.0428512906999999,0.8323880171066751,False,False
Isa.21.2,חזות קשה הגד לי הבוגד בוגד והשודד שודד עלי עילם צורי מדי כל אנחתה השבתי,21,1.3720392155,-0.1123343187,-0.5932467142926092,1.2597048968,0.7787925012073909,False,False
Isa.21.3,על כן מלאו מתני חלחלה צירים אחזוני כצירי יולדה נעויתי משמע נבהלתי מראות,21,-1.2274183001,-1.1857352023,-0.555432667234307,-2.4131535024,-1.7828509673343071,False,False
Isa.21.4,תעה לבבי פלצות בעתתני את נשף חשקי שם לי לחרדה,21,-0.7942872868,0.1493457074,1.9989918050030837,-0.6449415794000001,1.204704518203083,False,False
Isa.21.5,ערך השלחן צפה הצפית אכול שתה קומו השרים משחו מגן,21,1.6132824864,1.8113778785,-0.5156895819519158,3.4246603649000003,1.097592904448084,False,False
Isa.21.6,כי כה אמר אלי אדני לך העמד המצפה אשר יראה יגיד,21,-0.8861353488,-0.7028091649,-0.5016138455903673,-1.5889445137,-1.3877491943903673,False,False
Isa.21.7,וראה רכב צמד פרשים רכב חמור רכב גמל והקשיב קשב רב קשב,21,0.66853728,-0.5362170297,-1.3106946379822737,0.1323202503,-0.6421573579822735,False,False
Isa.21.8,ויקרא אריה על מצפה אדני אנכי עמד תמיד יומם ועל משמרתי אנכי נצב כל הלילות,21,-0.2292971861,-0.5509676224,-0.4129843676170677,-0.7802648084999999,-0.6422815537170676,False,False
Isa.21.9,והנה זה בא רכב איש צמד פרשים ויען ויאמר נפלה נפלה בבל וכל פסילי אלהיה שבר לארץ,21,-0.4475511205,1.8088489275,-0.4672049934457072,1.361297807,-0.9147561139457072,False,False
Isa.21.10,מדשתי ובן גרני אשר שמעתי מאת יהוה צבאות אלהי ישראל הגדתי לכם,21,-1.404925614,-0.5766869945,1.952518914487144,-1.9816126085,0.547593300487144,False,False
Isa.21.11,משא דומה אלי קרא משעיר שמר מה מלילה שמר מה מליל,21,0.0057344407,-0.5297381248,-0.6862369598341055,-0.5240036841000001,-0.6805025191341055,False,False
Isa.21.12,אמר שמר אתה בקר וגם לילה אם תבעיון בעיו שבו אתיו,21,-0.4967790147,-0.5688298279,-0.2841946712406252,-1.0656088426,-0.7809736859406252,False,False
Isa.21.13,משא בערב ביער בערב תלינו ארחות דדנים,21,1.8283453151,1.9340321242,-1.0255332649634954,3.7623774393,0.8028120501365046,False,False
Isa.21.14,לקראת צמא התיו מים ישבי ארץ תימא בלחמו קדמו נדד,21,-0.0789101691,0.0034787515,1.7095977122891888,-0.0754314176,1.6306875431891887,False,False
Isa.21.15,כי מפני חרבות נדדו מפני חרב נטושה ומפני קשת דרוכה ומפני כבד מלחמה,21,-1.1614752669,-0.6710555378,0.2590674165630418,-1.8325308047,-0.902407850336958,False,False
Isa.21.16,כי כה אמר אדני אלי בעוד שנה כשני שכיר וכלה כל כבוד קדר,21,1.3148455986,-0.5426234274,-0.6250690177915132,0.7722221712,0.6897765808084868,False,False
Isa.21.17,ושאר מספר קשת גבורי בני קדר ימעטו כי יהוה אלהי ישראל דבר,21,-0.2146195939,1.6604056867,-0.5752885943317102,1.4457860928,-0.7899081882317102,False,False
Isa.22.1,משא גיא חזיון מה לך אפוא כי עלית כלך לגגות,22,-1.6293186378,-0.9063930019,-0.8360567636837782,-2.5357116397,-2.465375401483778,False,False
Isa.22.2,תשאות מלאה עיר הומיה קריה עליזה חלליך לא חללי חרב ולא מתי מלחמה,22,1.1858518822,-0.466898031,0.8958613780044682,0.7189538512,2.0817132602044683,False,False
Isa.22.3,כל קציניך נדדו יחד מקשת אסרו כל נמצאיך אסרו יחדו מרחוק ברחו,22,1.0834474232,1.1197095384,-0.0737185003908932,2.2031569616,1.0097289228091066,False,False
Isa.22.4,על כן אמרתי שעו מני אמרר בבכי אל תאיצו לנחמני על שד בת עמי,22,-0.5242466578,-0.5094747248,1.2973103873232683,-1.0337213826,0.7730637295232683,False,False
Isa.22.5,כי יום מהומה ומבוסה ומבוכה לאדני יהוה צבאות בגיא חזיון מקרקר קר ושוע אל ההר,22,-0.6381017419,-0.5491374162,-0.5099278581121977,-1.1872391581,-1.1480296000121977,False,False
Isa.22.6,ועילם נשא אשפה ברכב אדם פרשים וקיר ערה מגן,22,1.9737879456,1.9912008399,-0.533494882915279,3.9649887855,1.440293062684721,True,False
Isa.22.7,ויהי מבחר עמקיך מלאו רכב והפרשים שת שתו השערה,22,-0.2031238824,-0.3158659553,1.9303527045112152,-0.5189898377,1.727228822111215,False,False
Isa.22.8,ויגל את מסך יהודה ותבט ביום ההוא אל נשק בית היער,22,-0.5026239243,-0.5586508413,-0.9960341452949932,-1.0612747656,-1.4986580695949934,False,False
Isa.22.9,ואת בקיעי עיר דוד ראיתם כי רבו ותקבצו את מי הברכה התחתונה,22,-0.6644000842,-0.5784512369,-0.3908024045461891,-1.2428513211,-1.055202488746189,False,False
Isa.22.10,ואת בתי ירושלם ספרתם ותתצו הבתים לבצר החומה,22,0.1488736323,0.7962180952,1.874257029392288,0.9450917275,2.023130661692288,False,False
Isa.22.11,ומקוה עשיתם בין החמתים למי הברכה הישנה ולא הבטתם אל עשיה ויצרה מרחוק לא ראיתם,22,0.1707542153,1.3935650253,-0.4794370047146265,1.5643192406000002,-0.3086827894146265,False,False
Isa.22.12,ויקרא אדני יהוה צבאות ביום ההוא לבכי ולמספד ולקרחה ולחגר שק,22,-0.8569309443,-0.6455804678,-0.5046437719271002,-1.5025114121,-1.3615747162271004,False,False
Isa.22.13,והנה ששון ושמחה הרג בקר ושחט צאן אכל בשר ושתות יין אכול ושתו כי מחר נמות,22,-0.0811757929,-0.670452014,-0.7277863002025657,-0.7516278069,-0.8089620931025657,False,False
Isa.22.14,ונגלה באזני יהוה צבאות אם יכפר העון הזה לכם עד תמתון אמר אדני יהוה צבאות,22,-0.8831533819,0.5841754222,-0.7136234295196489,-0.2989779597000001,-1.596776811419649,False,False
Isa.22.15,כה אמר אדני יהוה צבאות לך בא אל הסכן הזה על שבנא אשר על הבית,22,-0.6486765198,-0.5061710356,-0.3052955350644442,-1.1548475554,-0.953972054864444,False,False
Isa.22.16,מה לך פה ומי לך פה כי חצבת לך פה קבר חצבי מרום קברו חקקי בסלע משכן לו,22,0.9819392471,-0.8590147579,-0.7836262153138618,0.1229244891999999,0.1983130317861382,False,False
Isa.22.17,הנה יהוה מטלטלך טלטלה גבר ועטך עטה,22,0.0485707298,-0.4938952589,-0.4996198520163997,-0.4453245291,-0.4510491222163997,False,False
Isa.22.18,צנוף יצנפך צנפה כדור אל ארץ רחבת ידים שמה תמות ושמה מרכבות כבודך קלון בית אדניך,22,-0.7834790365,-0.4946307451,-0.4994945096265717,-1.2781097816,-1.2829735461265717,False,False
Isa.22.19,והדפתיך ממצבך וממעמדך יהרסך,22,1.8454421543,1.9979484768,1.999999837507384,3.8433906311,3.845441991807384,False,False
Isa.22.20,והיה ביום ההוא וקראתי לעבדי לאליקים בן חלקיהו,22,-0.403163349,-0.5269978285,-0.5005275568803352,-0.9301611775,-0.9036909058803352,False,False
Isa.22.21,והלבשתיו כתנתך ואבנטך אחזקנו וממשלתך אתן בידו והיה לאב ליושב ירושלם ולבית יהודה,22,-1.233168128,-0.4050579175,-0.4991138377103897,-1.6382260455,-1.7322819657103896,False,False
Isa.22.22,ונתתי מפתח בית דוד על שכמו ופתח ואין סגר וסגר ואין פתח,22,-0.3681115256,-0.5804383894,-0.7644586068667394,-0.948549915,-1.1325701324667394,False,False
Isa.22.23,ותקעתיו יתד במקום נאמן והיה לכסא כבוד לבית אביו,22,1.3621829934,-0.5071324055,-0.6826339560951952,0.8550505879,0.6795490373048049,False,False
Isa.22.24,ותלו עליו כל כבוד בית אביו הצאצאים והצפעות כל כלי הקטן מכלי האגנות ועד כל כלי הנ,22,-0.045302431,-0.3450917964,1.9718211523323912,-0.3903942273999999,1.926518721332391,False,False
Isa.22.25,ביום ההוא נאם יהוה צבאות תמוש היתד התקועה במקום נאמן ונגדעה ונפלה ונכרת המשא אשר,22,-1.3608821609,-0.5609419201,-0.8586353972353654,-1.921824081,-2.219517558135365,False,False
Isa.23.1,משא צר הילילו אניות תרשיש כי שדד מבית מבוא מארץ כתים נגלה למו,23,0.8272359786,-0.2297237767,-0.5567380700002701,0.5975122019,0.2704979085997299,False,False
Isa.23.2,דמו ישבי אי סחר צידון עבר ים מלאוך,23,1.4882395307,1.9774697526,1.1223377427698178,3.4657092833,2.6105772734698176,False,False
Isa.23.3,ובמים רבים זרע שחר קציר יאור תבואתה ותהי סחר גוים,23,-1.0224103221,-0.8409173056,-0.1684806659590101,-1.8633276277,-1.1908909880590102,False,False
Isa.23.4,בושי צידון כי אמר ים מעוז הים לאמר לא חלתי ולא ילדתי ולא גדלתי בחורים רוממתי בתו,23,-0.8514492221,-0.5527397612,-0.4343253722399364,-1.4041889833,-1.2857745943399363,False,False
Isa.23.5,כאשר שמע למצרים יחילו כשמע צר,23,1.6208458019,-0.421494393,-0.6299966965266355,1.1993514089,0.9908491053733646,False,False
Isa.23.6,עברו תרשישה הילילו ישבי אי,23,-0.8370309676,1.9983081072,1.9930638794968607,1.1612771396,1.1560329118968613,False,False
Isa.23.7,הזאת לכם עליזה מימי קדם קדמתה יבלוה רגליה מרחוק לגור,23,0.5396868907,-0.5021084792,-0.3432027983676807,0.0375784114999999,0.1964840923323192,False,False
Isa.23.8,מי יעץ זאת על צר המעטירה אשר סחריה שרים כנעניה נכבדי ארץ,23,-1.0272786318,-0.5169898916,-0.4840178364889768,-1.5442685234,-1.511296468288977,False,False
Isa.23.9,יהוה צבאות יעצה לחלל גאון כל צבי להקל כל נכבדי ארץ,23,0.2642077101,-1.2398572824,-0.8711447856964237,-0.9756495723,-0.6069370755964237,False,False
Isa.23.10,עברי ארצך כיאר בת תרשיש אין מזח עוד,23,1.3505430952,1.6537392367,-0.6598488976859691,3.0042823319,0.6906941975140308,False,False
Isa.23.11,ידו נטה על הים הרגיז ממלכות יהוה צוה אל כנען לשמד מעזניה,23,-0.2725982938,-0.4274458044,-0.1592419288589873,-0.7000440982,-0.4318402226589873,False,False
Isa.23.12,ויאמר לא תוסיפי עוד לעלוז המעשקה בתולת בת צידון כתיים כתים קומי עברי גם שם לא ינ,23,-1.2789288744,-0.8789489287,1.3187368328775728,-2.1578778031,0.0398079584775727,False,False
Isa.23.13,הן ארץ כשדים זה העם לא היה אשור יסדה לציים הקימו בחיניו בחוניו עררו ארמנותיה שמה,23,1.4170450953,1.7169701177,-0.6549244568044655,3.134015213,0.7621206384955345,False,False
Isa.23.14,הילילו אניות תרשיש כי שדד מעזכן,23,-0.173590894,0.2848172365,1.0896248078977586,0.1112263425,0.9160339138977588,False,False
Isa.23.15,והיה ביום ההוא ונשכחת צר שבעים שנה כימי מלך אחד מקץ שבעים שנה יהיה לצר כשירת הזו,23,-0.8548872662,-0.9311164104,-0.6984121342063949,-1.7860036766,-1.553299400406395,False,False
Isa.23.16,קחי כנור סבי עיר זונה נשכחה היטיבי נגן הרבי שיר למען תזכרי,23,1.4945594256,0.3677832843,-0.3411983089759442,1.8623427099,1.1533611166240558,False,False
Isa.23.17,והיה מקץ שבעים שנה יפקד יהוה את צר ושבה לאתננה וזנתה את כל ממלכות הארץ על פני הא,23,-0.7548248998,-0.5442176359,-0.7191460074581637,-1.2990425357,-1.4739709072581637,False,False
Isa.23.18,והיה סחרה ואתננה קדש ליהוה לא יאצר ולא יחסן כי לישבים לפני יהוה יהיה סחרה לאכל ל,23,-0.8068731587,-0.7574553829,-0.2621236598509359,-1.5643285416,-1.068996818550936,False,False
Isa.24.1,הנה יהוה בוקק הארץ ובולקה ועוה פניה והפיץ ישביה,24,1.9732152073,1.718213988,1.971626384845623,3.6914291953,3.944841592145623,False,True
Isa.24.2,והיה כעם ככהן כעבד כאדניו כשפחה כגברתה כקונה כמוכר כמלוה כלוה כנשה כאשר נשא בו,24,-0.61281452,0.5552871777,-0.7069737494874776,-0.0575273423,-1.3197882694874776,False,False
Isa.24.3,הבוק תבוק הארץ והבוז תבוז כי יהוה דבר את הדבר הזה,24,-1.1789500874,-0.7401285871,-0.3607726108083412,-1.9190786745,-1.5397226982083412,False,False
Isa.24.4,אבלה נבלה הארץ אמללה נבלה תבל אמללו מרום עם הארץ,24,1.8634768176,-0.5175033062,0.5482996312742413,1.3459735114,2.411776448874241,False,False
Isa.24.5,והארץ חנפה תחת ישביה כי עברו תורת חלפו חק הפרו ברית עולם,24,-0.2641742459,-0.5183013635,-0.5126421868902249,-0.7824756094,-0.7768164327902249,False,False
Isa.24.6,על כן אלה אכלה ארץ ויאשמו ישבי בה על כן חרו ישבי ארץ ונשאר אנוש מזער,24,-1.2315556863,-0.4712696631,-0.9001398177232084,-1.7028253494,-2.131695504023208,False,False
Isa.24.7,אבל תירוש אמללה גפן נאנחו כל שמחי לב,24,1.7456560935,1.9992150823,1.9369003316458169,3.7448711758,3.6825564251458167,False,False
Isa.24.8,שבת משוש תפים חדל שאון עליזים שבת משוש כנור,24,-0.8390234029,-0.6537437326,-0.0489133242954552,-1.4927671354999998,-0.8879367271954552,False,False
Isa.24.9,בשיר לא ישתו יין ימר שכר לשתיו,24,-0.3638230221,-0.5567681043,-0.6866850039665959,-0.9205911264,-1.050508026066596,False,False
Isa.24.10,נשברה קרית תהו סגר כל בית מבוא,24,0.3646776829,0.5817598602,0.0439994105376072,0.9464375431,0.4086770934376073,False,False
Isa.24.11,צוחה על היין בחוצות ערבה כל שמחה גלה משוש הארץ,24,-1.1112721708,-0.9102445836,-1.398454668816141,-2.0215167544,-2.5097268396161407,False,False
Isa.24.12,נשאר בעיר שמה ושאיה יכת שער,24,1.2353584143,1.722500828,-0.3304357149715586,2.9578592423,0.9049226993284414,False,False
Isa.24.13,כי כה יהיה בקרב הארץ בתוך העמים כנקף זית כעוללת אם כלה בציר,24,1.0659717373,-0.3547927096,-0.0767479677002263,0.7111790277,0.9892237695997737,False,False
Isa.24.14,המה ישאו קולם ירנו בגאון יהוה צהלו מים,24,-0.7112909533,-0.2851844486,1.8950474115998344,-0.9964754019,1.1837564582998346,False,False
Isa.24.15,על כן בארים כבדו יהוה באיי הים שם יהוה אלהי ישראל,24,-0.7572171567,-1.1274476257,-0.6709251433612224,-1.8846647824,-1.4281423000612223,False,False
Isa.24.16,מכנף הארץ זמרת שמענו צבי לצדיק ואמר רזי לי רזי לי אוי לי בגדים בגדו ובגד בוגדים ,24,-0.6954727677,-0.9452941209,-0.5420083937733418,-1.6407668886,-1.2374811614733416,False,False
Isa.24.17,פחד ופחת ופח עליך יושב הארץ,24,1.9692419102,1.8616505459,-0.4938343473401335,3.8308924561,1.4754075628598666,False,False
Isa.24.18,והיה הנס מקול הפחד יפל אל הפחת והעולה מתוך הפחת ילכד בפח כי ארבות ממרום נפתחו וי,24,-0.5906853087,-0.7293660958,-0.7403857196526182,-1.3200514045,-1.331071028352618,False,False
Isa.24.19,רעה התרעעה הארץ פור התפוררה ארץ מוט התמוטטה ארץ,24,-0.1445668976,-0.4475075439,0.4414920909739982,-0.5920744415,0.2969251933739982,False,False
Isa.24.20,נוע תנוע ארץ כשכור והתנודדה כמלונה וכבד עליה פשעה ונפלה ולא תסיף קום,24,-0.2374596769,1.9317151321,1.77800006166174,1.6942554552,1.54054038476174,False,False
Isa.24.21,והיה ביום ההוא יפקד יהוה על צבא המרום במרום ועל מלכי האדמה על האדמה,24,-1.3665051204,-0.8556720587,-0.7401201829850502,-2.2221771791,-2.10662530338505,False,False
Isa.24.22,ואספו אספה אסיר על בור וסגרו על מסגר ומרב ימים יפקדו,24,1.749783884,-0.1100462923,-0.4999949845115591,1.6397375917,1.2497888994884407,False,False
Isa.24.23,וחפרה הלבנה ובושה החמה כי מלך יהוה צבאות בהר ציון ובירושלם ונגד זקניו כבוד,24,-0.5135385247,-0.4781094001,-0.5208423381220768,-0.9916479248,-1.034380862822077,False,False
Isa.25.1,יהוה אלהי אתה ארוממך אודה שמך כי עשית פלא עצות מרחוק אמונה אמן,25,-0.5589234657,-1.3084716379,-0.770161345839606,-1.8673951036,-1.329084811539606,False,False
Isa.25.2,כי שמת מעיר לגל קריה בצורה למפלה ארמון זרים מעיר לעולם לא יבנה,25,1.9962030749,1.7157971709,0.4744786541138114,3.7120002458,2.4706817290138114,False,False
Isa.25.3,על כן יכבדוך עם עז קרית גוים עריצים ייראוך,25,-0.6520522797,-0.4971660292,-0.4806358046917378,-1.1492183089,-1.132688084391738,False,False
Isa.25.4,כי היית מעוז לדל מעוז לאביון בצר לו מחסה מזרם צל מחרב כי רוח עריצים כזרם קיר,25,-0.619605353,-0.5072501484,-0.5139074691413383,-1.1268555014,-1.1335128221413382,False,False
Isa.25.5,כחרב בציון שאון זרים תכניע חרב בצל עב זמיר עריצים יענה,25,1.8705667916,1.9830449343,1.9999061134277525,3.8536117259,3.8704729050277527,False,False
Isa.25.6,ועשה יהוה צבאות לכל העמים בהר הזה משתה שמנים משתה שמרים שמנים ממחים שמרים מזקקים,25,0.1570601186,-0.5675871259,-0.4820679742684147,-0.4105270073,-0.3250078556684147,False,False
Isa.25.7,ובלע בהר הזה פני הלוט הלוט על כל העמים והמסכה הנסוכה על כל הגוים,25,-0.5735063911,-0.5101030181,-0.4807937565582811,-1.0836094092000002,-1.0543001476582812,False,False
Isa.25.8,בלע המות לנצח ומחה אדני יהוה דמעה מעל כל פנים וחרפת עמו יסיר מעל כל הארץ כי יהוה,25,-0.6601391801,-0.5338605642,-0.5097629983224737,-1.1939997443,-1.1699021784224737,False,False
Isa.25.9,ואמר ביום ההוא הנה אלהינו זה קוינו לו ויושיענו זה יהוה קוינו לו נגילה ונשמחה ביש,25,-0.698433205,-0.6912367385,-0.6098461160023013,-1.3896699435,-1.3082793210023014,False,False
Isa.25.10,כי תנוח יד יהוה בהר הזה ונדוש מואב תחתיו כהדוש מתבן במי במו מדמנה,25,0.9277759027,1.1821243928,1.969813472578129,2.1099002955,2.897589375278129,False,False
Isa.25.11,ופרש ידיו בקרבו כאשר יפרש השחה לשחות והשפיל גאותו עם ארבות ידיו,25,-0.5260949735,-0.0030051968,-0.2083843308675857,-0.5291001703,-0.7344793043675857,False,False
Isa.25.12,ומבצר משגב חומתיך השח השפיל הגיע לארץ עד עפר,25,1.4960727948,1.0441108201,-0.4193400343548628,2.5401836149,1.076732760445137,False,False
Isa.26.1,ביום ההוא יושר השיר הזה בארץ יהודה עיר עז לנו ישועה ישית חומות וחל,26,-0.9699179059,-0.9425170274,-0.7669252229709829,-1.9124349333,-1.736843128870983,False,False
Isa.26.2,פתחו שערים ויבא גוי צדיק שמר אמנים,26,-0.5573503942,-0.6999094686,-0.513173767683774,-1.2572598628,-1.070524161883774,False,False
Isa.26.3,יצר סמוך תצר שלום שלום כי בך בטוח,26,1.9751604566,1.1956580293,-0.46471563546314,3.1708184859,1.51044482113686,False,False
Isa.26.4,בטחו ביהוה עדי עד כי ביה יהוה צור עולמים,26,-0.9843107195,-1.1529471691,-0.7408230241789322,-2.1372578886,-1.7251337436789322,False,False
Isa.26.5,כי השח ישבי מרום קריה נשגבה ישפילנה ישפילה עד ארץ יגיענה עד עפר,26,-0.8603858832,0.1997566076,0.3928680576470712,-0.6606292756,-0.4675178255529287,False,False
Isa.26.6,תרמסנה רגל רגלי עני פעמי דלים,26,1.9661601676,0.0711102583,1.8086102095637195,2.0372704259,3.77477037716372,False,False
Isa.26.7,ארח לצדיק מישרים ישר מעגל צדיק תפלס,26,-0.1637158723,-0.650900779,-0.7802434126031897,-0.8146166512999999,-0.9439592849031896,False,False
Isa.26.8,אף ארח משפטיך יהוה קוינוך לשמך ולזכרך תאות נפש,26,-0.677067659,1.9414351176,-0.4894898550183729,1.2643674586,-1.1665575140183728,False,False
Isa.26.9,נפשי אויתיך בלילה אף רוחי בקרבי אשחרך כי כאשר משפטיך לארץ צדק למדו ישבי תבל,26,-1.074147816,-0.8563378575,-0.8147331256778771,-1.9304856735,-1.888880941677877,False,False
Isa.26.10,יחן רשע בל למד צדק בארץ נכחות יעול ובל יראה גאות יהוה,26,0.7250450204,-0.5476351027,1.906948982509526,0.1774099176999999,2.631994002909526,False,False
Isa.26.11,יהוה רמה ידך בל יחזיון יחזו ויבשו קנאת עם אף אש צריך תאכלם,26,1.630432604,1.9159227502,-0.4105188871513313,3.5463553542,1.219913716848669,False,False
Isa.26.12,יהוה תשפת שלום לנו כי גם כל מעשינו פעלת לנו,26,-0.9221019985,-0.8623944387,-0.7308986881973337,-1.7844964372,-1.6530006866973337,False,False
Isa.26.13,יהוה אלהינו בעלונו אדנים זולתך לבד בך נזכיר שמך,26,-0.5923271878,-0.6869544553,-0.5881431720592143,-1.2792816431,-1.1804703598592143,False,False
Isa.26.14,מתים בל יחיו רפאים בל יקמו לכן פקדת ותשמידם ותאבד כל זכר למו,26,-0.2922883635,-0.6029857436,-0.4680063153124101,-0.8952741071,-0.7602946788124101,False,False
Isa.26.15,יספת לגוי יהוה יספת לגוי נכבדת רחקת כל קצוי ארץ,26,-0.4805509955,1.9086834866,-0.492667364213405,1.4281324911,-0.973218359713405,False,False
Isa.26.16,יהוה בצר פקדוך צקון לחש מוסרך למו,26,1.2616055499,-0.0550040859,1.999639689873908,1.206601464,3.261245239773908,False,False
Isa.26.17,כמו הרה תקריב ללדת תחיל תזעק בחבליה כן היינו מפניך יהוה,26,-0.8366523259,-0.4395806305,-0.5164098729521569,-1.2762329564,-1.353062198852157,False,False
Isa.26.18,הרינו חלנו כמו ילדנו רוח ישועת בל נעשה ארץ ובל יפלו ישבי תבל,26,1.1527438832,-0.4036402235,-0.4710268239359484,0.7491036597,0.6817170592640516,False,False
Isa.26.19,יחיו מתיך נבלתי יקומון הקיצו ורננו שכני עפר כי טל אורת טלך וארץ רפאים תפיל,26,-0.6622708216,0.4312632813,-0.9754463836764108,-0.2310075402999999,-1.6377172052764106,False,False
Isa.26.20,לך עמי בא בחדריך וסגר דלתיך דלתך בעדך חבי כמעט רגע עד יעבור יעבר זעם,26,0.1306783414,-0.4207684166,0.6493695706998235,-0.2900900751999999,0.7800479120998235,False,False
Isa.26.21,כי הנה יהוה יצא ממקומו לפקד עון ישב הארץ עליו וגלתה הארץ את דמיה ולא תכסה עוד על,26,-0.8005918397,-0.5505869605,-0.4970325880135304,-1.3511788002,-1.2976244277135305,False,False
Isa.27.1,ביום ההוא יפקד יהוה בחרבו הקשה והגדולה והחזקה על לויתן נחש ברח ועל לויתן נחש עקל,27,-1.1746452188,-0.7238703779,-0.4930723050380145,-1.8985155967,-1.6677175238380146,False,False
Isa.27.2,ביום ההוא כרם חמד ענו לה,27,-0.4463404076,-0.7345046459,-0.829411304974641,-1.1808450535,-1.275751712574641,False,False
Isa.27.3,אני יהוה נצרה לרגעים אשקנה פן יפקד עליה לילה ויום אצרנה,27,-0.3165945793,0.3640074985,1.5693502610662076,0.0474129192,1.2527556817662076,False,False
Isa.27.4,חמה אין לי מי יתנני שמיר שית במלחמה אפשעה בה אציתנה יחד,27,1.989345524,1.8227455704,0.8133833416240794,3.8120910944,2.802728865624079,False,False
Isa.27.5,או יחזק במעוזי יעשה שלום לי שלום יעשה לי,27,-0.8529525342,-0.7769657495,-0.5227072786915267,-1.6299182837,-1.3756598128915267,False,False
Isa.27.6,הבאים ישרש יעקב יציץ ופרח ישראל ומלאו פני תבל תנובה,27,-1.0284821181,-0.8337856002,-0.5301050474954079,-1.8622677183,-1.5585871655954078,False,False
Isa.27.7,הכמכת מכהו הכהו אם כהרג הרגיו הרג,27,1.9015883763,0.4535932881,1.9990213407296036,2.3551816644,3.900609717029604,False,True
Isa.27.8,בסאסאה בשלחה תריבנה הגה ברוחו הקשה ביום קדים,27,0.0772830965,1.7835059281,-0.4434380515423513,1.8607890246,-0.3661549550423513,False,False
Isa.27.9,לכן בזאת יכפר עון יעקב וזה כל פרי הסר חטאתו בשומו כל אבני מזבח כאבני גר מנפצות ל,27,-0.7279521617,-0.7750427031,-0.5151091837163532,-1.5029948648,-1.2430613454163533,False,False
Isa.27.10,כי עיר בצורה בדד נוה משלח ונעזב כמדבר שם ירעה עגל ושם ירבץ וכלה סעפיה,27,-0.0294988193,-0.2198913161,-0.6192220497219882,-0.2493901354,-0.6487208690219882,False,False
Isa.27.11,ביבש קצירה תשברנה נשים באות מאירות אותה כי לא עם בינות הוא על כן לא ירחמנו עשהו ,27,-0.0333054607,-0.2979647271,-0.7924917414497871,-0.3312701878,-0.825797202149787,False,False
Isa.27.12,והיה ביום ההוא יחבט יהוה משבלת הנהר עד נחל מצרים ואתם תלקטו לאחד אחד בני ישראל,27,-0.3118799473,-0.6263563741,1.9501620670145376,-0.9382363214,1.6382821197145376,False,False
Isa.27.13,והיה ביום ההוא יתקע בשופר גדול ובאו האבדים בארץ אשור והנדחים בארץ מצרים והשתחוו ,27,-1.1215727696,-0.7063104514,-0.8328930593731015,-1.827883221,-1.9544658289731016,False,False
Isa.28.1,הוי עטרת גאות שכרי אפרים וציץ נבל צבי תפארתו אשר על ראש גיא שמנים הלומי יין,28,-0.2363188604,-0.5736237288,-0.6609013884849431,-0.8099425892000001,-0.897220248884943,False,False
Isa.28.2,הנה חזק ואמץ לאדני כזרם ברד שער קטב כזרם מים כבירים שטפים הניח לארץ ביד,28,1.6052181206,-0.2620146565,-0.1785097343873267,1.3432034641,1.4267083862126733,False,False
Isa.28.3,ברגלים תרמסנה עטרת גאות שכורי אפרים,28,0.5526180495,1.9863992316,1.9729597040629252,2.5390172811,2.5255777535629256,False,False
Isa.28.4,והיתה ציצת נבל צבי תפארתו אשר על ראש גיא שמנים כבכורה בטרם קיץ אשר יראה הראה אות,28,-0.7990061248,-0.5719047377,-0.5539511760389965,-1.3709108625000002,-1.3529573008389963,False,False
Isa.28.5,ביום ההוא יהיה יהוה צבאות לעטרת צבי ולצפירת תפארה לשאר עמו,28,-0.9189315527,-0.488659789,-0.5150860868921073,-1.4075913417,-1.4340176395921074,False,False
Isa.28.6,ולרוח משפט ליושב על המשפט ולגבורה משיבי מלחמה שערה,28,-0.302291134,0.6384755802,-0.3114209211614476,0.3361844461999999,-0.6137120551614477,False,False
Isa.28.7,וגם אלה ביין שגו ובשכר תעו כהן ונביא שגו בשכר נבלעו מן היין תעו מן השכר שגו בראה,28,1.9798348681,-1.2913588997,-0.7476158670195092,0.6884759683999999,1.2322190010804908,False,False
Isa.28.8,כי כל שלחנות מלאו קיא צאה בלי מקום,28,-0.5826856124,0.8867580416,-0.5366122135990912,0.3040724292,-1.1192978259990911,False,False
Isa.28.9,את מי יורה דעה ואת מי יבין שמועה גמולי מחלב עתיקי משדים,28,-0.2797079535,0.1755801153,-0.5401227243133158,-0.1041278381999999,-0.8198306778133158,False,False
Isa.28.10,כי צו לצו צו לצו קו לקו קו לקו זעיר שם זעיר שם,28,-0.6592667223,-0.866567378,-0.6073376119928118,-1.5258341003,-1.2666043342928115,False,False
Isa.28.11,כי בלעגי שפה ובלשון אחרת ידבר אל העם הזה,28,-0.5546200734,-0.5737441005,-0.1341580395297734,-1.1283641739,-0.6887781129297734,False,False
Isa.28.12,אשר אמר אליהם זאת המנוחה הניחו לעיף וזאת המרגעה ולא אבוא שמוע,28,1.987214936,1.9912655096,1.9692603832797064,3.9784804456,3.9564753192797055,True,True
Isa.28.13,והיה להם דבר יהוה צו לצו צו לצו קו לקו קו לקו זעיר שם זעיר שם למען ילכו וכשלו אח,28,-0.773787201,-0.8268327362,-0.9020338524460052,-1.6006199371999998,-1.6758210534460054,False,False
Isa.28.14,לכן שמעו דבר יהוה אנשי לצון משלי העם הזה אשר בירושלם,28,-0.4676383183,-0.6711153635,-0.5915817403808284,-1.1387536818,-1.0592200586808285,False,False
Isa.28.15,כי אמרתם כרתנו ברית את מות ועם שאול עשינו חזה שיט שוט שוטף כי עבר יעבר לא יבואנו,28,-0.2776435264,-0.3793383927,-0.3574105670692838,-0.6569819191,-0.6350540934692839,False,False
Isa.28.16,לכן כה אמר אדני יהוה הנני יסד בציון אבן אבן בחן פנת יקרת מוסד מוסד המאמין לא יחי,28,-0.5785471952,-0.6126644143,-0.6068061461971491,-1.1912116094999998,-1.185353341397149,False,False
Isa.28.17,ושמתי משפט לקו וצדקה למשקלת ויעה ברד מחסה כזב וסתר מים ישטפו,28,1.9953713334,1.9907271397,1.994388439278529,3.9860984731,3.989759772678529,True,True
Isa.28.18,וכפר בריתכם את מות וחזותכם את שאול לא תקום שוט שוטף כי יעבר והייתם לו למרמס,28,-0.4717306193,-0.5315739725,-0.7330838616963877,-1.0033045918,-1.2048144809963877,False,False
Isa.28.19,מדי עברו יקח אתכם כי בבקר בבקר יעבר ביום ובלילה והיה רק זועה הבין שמועה,28,-0.573395527,-1.0588209759,-1.1141731343426438,-1.6322165029,-1.6875686613426435,False,False
Isa.28.20,כי קצר המצע מהשתרע והמסכה צרה כהתכנס,28,0.2305493417,0.053204743,0.7604154883077869,0.2837540846999999,0.9909648300077868,False,False
Isa.28.21,כי כהר פרצים יקום יהוה כעמק בגבעון ירגז לעשות מעשהו זר מעשהו ולעבד עבדתו נכריה ע,28,1.4168432328,1.9070298975,1.596736640968022,3.3238731303,3.013579873768022,False,False
Isa.28.22,ועתה אל תתלוצצו פן יחזקו מוסריכם כי כלה ונחרצה שמעתי מאת אדני יהוה צבאות על כל ה,28,-1.1767627131,-1.0132219616,-0.9198331792114824,-2.1899846747,-2.0965958923114822,False,False
Isa.28.23,האזינו ושמעו קולי הקשיבו ושמעו אמרתי,28,-0.7576398481,-1.0872831909,-1.0806402260041634,-1.844923039,-1.8382800741041636,False,False
Isa.28.24,הכל היום יחרש החרש לזרע יפתח וישדד אדמתו,28,-0.4191488741,-0.406490095,1.609581721316538,-0.8256389691,1.190432847216538,False,False
Isa.28.25,הלוא אם שוה פניה והפיץ קצח וכמן יזרק ושם חטה שורה ושערה נסמן וכסמת גבלתו,28,0.3544669423,-0.016691254,0.3676069081604107,0.3377756883,0.7220738504604107,False,False
Isa.28.26,ויסרו למשפט אלהיו יורנו,28,1.8459866007,1.9490380962,-0.8760322311858701,3.7950246969,0.96995436951413,False,False
Isa.28.27,כי לא בחרוץ יודש קצח ואופן עגלה על כמן יוסב כי במטה יחבט קצח וכמן בשבט,28,-0.6322479656,-0.667106418,-0.2271043509576054,-1.2993543836,-0.8593523165576054,False,False
Isa.28.28,לחם יודק כי לא לנצח אדוש ידושנו והמם גלגל עגלתו ופרשיו לא ידקנו,28,-0.100765284,-0.0624407594,1.967700418147228,-0.1632060434,1.866935134147228,False,False
Isa.28.29,גם זאת מעם יהוה צבאות יצאה הפליא עצה הגדיל תושיה,28,-0.8561594356,-1.0488537592,-0.5432883785101066,-1.9050131948,-1.3994478141101063,False,False
Isa.29.1,הוי אריאל אריאל קרית חנה דוד ספו שנה על שנה חגים ינקפו,29,0.0082435502,-0.9415874618,-0.5410157067099295,-0.9333439116,-0.5327721565099295,False,False
Isa.29.2,והציקותי לאריאל והיתה תאניה ואניה והיתה לי כאריאל,29,-0.8697814609,1.8393586815,1.999884373360313,0.9695772206,1.130102912460313,False,False
Isa.29.3,וחניתי כדור עליך וצרתי עליך מצב והקימתי עליך מצרת,29,1.4566795128,-0.3399935185,-0.4936861421713014,1.1166859943,0.9629933706286986,False,False
Isa.29.4,ושפלת מארץ תדברי ומעפר תשח אמרתך והיה כאוב מארץ קולך ומעפר אמרתך תצפצף,29,-0.7556029887,0.0831271826,-0.4837578832809009,-0.6724758061,-1.2393608719809008,False,False
Isa.29.5,והיה כאבק דק המון זריך וכמץ עבר המון עריצים והיה לפתע פתאם,29,0.3376819423,-0.1585561465,-1.0094799862067536,0.1791257958,-0.6717980439067537,False,False
Isa.29.6,מעם יהוה צבאות תפקד ברעם וברעש וקול גדול סופה וסערה ולהב אש אוכלה,29,-0.6671283032,-0.7511801213,-0.6453499122562606,-1.4183084245000002,-1.3124782154562606,False,False
Isa.29.7,והיה כחלום חזון לילה המון כל הגוים הצבאים על אריאל וכל צביה ומצדתה והמציקים לה,29,1.2646321287,-0.4587495425,0.9309565838338426,0.8058825862,2.1955887125338425,False,False
Isa.29.8,והיה כאשר יחלם הרעב והנה אוכל והקיץ וריקה נפשו וכאשר יחלם הצמא והנה שתה והקיץ וה,29,-1.3453134752,-0.6324706776,-0.8419710738563498,-1.9777841528,-2.1872845490563497,False,False
Isa.29.9,התמהמהו ותמהו השתעשעו ושעו שכרו ולא יין נעו ולא שכר,29,0.3362747145,1.9766566292,1.4758364603847771,2.3129313437,1.812111174884777,False,False
Isa.29.10,כי נסך עליכם יהוה רוח תרדמה ויעצם את עיניכם את הנביאים ואת ראשיכם החזים כסה,29,1.1176084096,-0.4656267019,-0.3672025023866783,0.6519817077000001,0.7504059072133218,False,False
Isa.29.11,ותהי לכם חזות הכל כדברי הספר החתום אשר יתנו אתו אל יודע הספר ספר לאמר קרא נא זה ,29,-0.339389846,-0.5257255975,-0.5482689908055737,-0.8651154435,-0.8876588368055737,False,False
Isa.29.12,ונתן הספר על אשר לא ידע ספר לאמר קרא נא זה ואמר לא ידעתי ספר,29,-0.6555392857,-0.6422131594,-0.4707821807110374,-1.2977524451,-1.1263214664110373,False,False
Isa.29.13,ויאמר אדני יען כי נגש העם הזה בפיו ובשפתיו כבדוני ולבו רחק ממני ותהי יראתם אתי מ,29,-0.7982218957,-0.6553379552,-0.5107499351443432,-1.4535598509,-1.3089718308443432,False,False
Isa.29.14,לכן הנני יוסף להפליא את העם הזה הפלא ופלא ואבדה חכמת חכמיו ובינת נבניו תסתתר,29,-0.624930527,0.366572626,-0.6526699225458134,-0.2583579009999999,-1.2776004495458133,False,False
Isa.29.15,הוי המעמיקים מיהוה לסתר עצה והיה במחשך מעשיהם ויאמרו מי ראנו ומי יודענו,29,-0.2289217045,0.7909622429,1.932664844515153,0.5620405384,1.703743140015153,False,False
Isa.29.16,הפככם אם כחמר היצר יחשב כי יאמר מעשה לעשהו לא עשני ויצר אמר ליוצרו לא הבין,29,1.8421470604,-0.5470603243,-0.1478339569896437,1.2950867361,1.6943131034103565,False,False
Isa.29.17,הלוא עוד מעט מזער ושב לבנון לכרמל והכרמל ליער יחשב,29,0.1011525548,-0.6801574901,-0.9365124755973884,-0.5790049353000001,-0.8353599207973883,False,False
Isa.29.18,ושמעו ביום ההוא החרשים דברי ספר ומאפל ומחשך עיני עורים תראינה,29,-0.8186289314,0.2545290442,0.7585512899263066,-0.5640998872,-0.0600776414736934,False,False
Isa.29.19,ויספו ענוים ביהוה שמחה ואביוני אדם בקדוש ישראל יגילו,29,-0.7955677672,0.1258804582,-0.49517265134243,-0.669687309,-1.29074041854243,False,False
Isa.29.20,כי אפס עריץ וכלה לץ ונכרתו כל שקדי און,29,-0.0728753895,-0.7357496265,-0.4380742893216236,-0.8086250159999999,-0.5109496788216237,False,False
Isa.29.21,מחטיאי אדם בדבר ולמוכיח בשער יקשון ויטו בתהו צדיק,29,1.9453976962,1.8701300577,1.99497385852714,3.8155277539,3.94037155472714,False,True
Isa.29.22,לכן כה אמר יהוה אל בית יעקב אשר פדה את אברהם לא עתה יבוש יעקב ולא עתה פניו יחורו,29,-1.0496523407,-0.6089842048,-0.8268293596935518,-1.6586365455,-1.876481700393552,False,False
Isa.29.23,כי בראתו ילדיו מעשה ידי בקרבו יקדישו שמי והקדישו את קדוש יעקב ואת אלהי ישראל יער,29,-0.714023799,-0.5646969931,-0.7612940163572048,-1.2787207921,-1.4753178153572049,False,False
Isa.29.24,וידעו תעי רוח בינה ורוגנים ילמדו לקח,29,1.6185561614,1.9851811668,1.7263074466639206,3.6037373282,3.34486360806392,False,False
Isa.30.1,הוי בנים סוררים נאם יהוה לעשות עצה ולא מני ולנסך מסכה ולא רוחי למען ספות חטאת על,30,-0.8942231555,-0.9068469574,-0.8259786512692733,-1.8010701129,-1.7202018067692733,False,False
Isa.30.2,ההלכים לרדת מצרים ופי לא שאלו לעוז במעוז פרעה ולחסות בצל מצרים,30,0.5871292221,-0.714961285,-0.4839233190216225,-0.1278320629,0.1032059030783774,False,False
Isa.30.3,והיה לכם מעוז פרעה לבשת והחסות בצל מצרים לכלמה,30,-0.694953533,-0.1875877355,-0.5086850609155322,-0.8825412684999999,-1.203638593915532,False,False
Isa.30.4,כי היו בצען שריו ומלאכיו חנס יגיעו,30,0.5448750661,1.9782135299,1.9994027927969025,2.523088596,2.5442778588969026,False,False
Isa.30.5,כל הבאיש הביש על עם לא יועילו למו לא לעזר ולא להועיל כי לבשת וגם לחרפה,30,-0.9909119968,-0.6431143881,-0.5019667780753088,-1.6340263849,-1.4928787748753087,False,False
Isa.30.6,משא בהמות נגב בארץ צרה וצוקה לביא וליש מהם אפעה ושרף מעופף ישאו על כתף עירים חיל,30,-0.5435907859,-0.3619038487,-0.5001735138352794,-0.9054946346,-1.0437642997352794,False,False
Isa.30.7,ומצרים הבל וריק יעזרו לכן קראתי לזאת רהב הם שבת,30,1.7661783841,-0.3797755045,-1.0569014674423822,1.3864028796,0.7092769166576178,False,False
Isa.30.8,עתה בוא כתבה על לוח אתם ועל ספר חקה ותהי ליום אחרון לעד עד עולם,30,-0.2160917422,-0.8782793931,-0.5017883820278325,-1.0943711353,-0.7178801242278325,False,False
Isa.30.9,כי עם מרי הוא בנים כחשים בנים לא אבו שמוע תורת יהוה,30,-0.0721663964,-0.5959617751,-0.51251610385995,-0.6681281715,-0.5846825002599499,False,False
Isa.30.10,אשר אמרו לראים לא תראו ולחזים לא תחזו לנו נכחות דברו לנו חלקות חזו מהתלות,30,0.3996358635,1.9473078265,1.5616731507754809,2.34694369,1.9613090142754808,False,False
Isa.30.11,סורו מני דרך הטו מני ארח השביתו מפנינו את קדוש ישראל,30,-0.9826935233,-0.7331674289,-0.7471676082987091,-1.7158609522,-1.7298611315987091,False,False
Isa.30.12,לכן כה אמר קדוש ישראל יען מאסכם בדבר הזה ותבטחו בעשק ונלוז ותשענו עליו,30,-0.6631623262,-0.5671253818,0.7519921821600989,-1.230287708,0.0888298559600988,False,False
Isa.30.13,לכן יהיה לכם העון הזה כפרץ נפל נבעה בחומה נשגבה אשר פתאם לפתע יבוא שברה,30,-0.2389343615,-0.4435793021,-0.7474005559844009,-0.6825136636,-0.9863349174844008,False,False
Isa.30.14,ושברה כשבר נבל יוצרים כתות לא יחמל ולא ימצא במכתתו חרש לחתות אש מיקוד ולחשף מים ,30,1.8969481772,1.9964900972,0.2130373477077961,3.8934382744,2.1099855249077963,False,False
Isa.30.15,כי כה אמר אדני יהוה קדוש ישראל בשובה ונחת תושעון בהשקט ובבטחה תהיה גבורתכם ולא א,30,-1.2178588697,-0.5667406023,-0.6073968502186307,-1.784599472,-1.8252557199186303,False,False
Isa.30.16,ותאמרו לא כי על סוס ננוס על כן תנוסון ועל קל נרכב על כן יקלו רדפיכם,30,-0.5048146396,-0.3982738859,-0.3376767222737229,-0.9030885255,-0.8424913618737229,False,False
Isa.30.17,אלף אחד מפני גערת אחד מפני גערת חמשה תנסו עד אם נותרתם כתרן על ראש ההר וכנס על ה,30,1.2397656497,-1.2874230996,1.1060521662738283,-0.0476574498999999,2.3458178159738283,False,False
Isa.30.18,ולכן יחכה יהוה לחננכם ולכן ירום לרחמכם כי אלהי משפט יהוה אשרי כל חוכי לו,30,-0.8616450043,0.7767966926,-0.3816250335994116,-0.0848483117,-1.2432700378994117,False,False
Isa.30.19,כי עם בציון ישב בירושלם בכו לא תבכה חנון יחנך לקול זעקך כשמעתו ענך,30,1.1878869155,1.1598472405,-0.7000812456681897,2.347734156,0.4878056698318103,False,False
Isa.30.20,ונתן לכם אדני לחם צר ומים לחץ ולא יכנף עוד מוריך והיו עיניך ראות את מוריך,30,-0.8515827098,-0.7011589639,-1.5338716357734326,-1.5527416737,-2.3854543455734323,False,False
Isa.30.21,ואזניך תשמענה דבר מאחריך לאמר זה הדרך לכו בו כי תאמינו וכי תשמאילו,30,-0.9876528157,-0.5456031414,1.0490718413648137,-1.5332559571,0.0614190256648135,False,False
Isa.30.22,וטמאתם את צפוי פסילי כספך ואת אפדת מסכת זהבך תזרם כמו דוה צא תאמר לו,30,0.7517922875,-0.3798419358,-0.4910335028906836,0.3719503517,0.2607587846093164,False,False
Isa.30.23,ונתן מטר זרעך אשר תזרע את האדמה ולחם תבואת האדמה והיה דשן ושמן ירעה מקניך ביום ה,30,-0.8371819032,-0.5361437805,-0.5162045842411989,-1.3733256837,-1.353386487441199,False,False
Isa.30.24,והאלפים והעירים עבדי האדמה בליל חמיץ יאכלו אשר זרה ברחת ובמזרה,30,1.3790070524,1.9961450375,1.9997875836504797,3.3751520899000003,3.378794636050479,False,False
Isa.30.25,והיה על כל הר גבה ועל כל גבעה נשאה פלגים יבלי מים ביום הרג רב בנפל מגדלים,30,0.5967326623,-0.5004655894,-0.4710551675159019,0.0962670729,0.125677494784098,False,False
Isa.30.26,והיה אור הלבנה כאור החמה ואור החמה יהיה שבעתים כאור שבעת הימים ביום חבש יהוה את ,30,-1.3079237559,-0.5181498092,-0.5333065725510358,-1.8260735651,-1.841230328451036,False,False
Isa.30.27,הנה שם יהוה בא ממרחק בער אפו וכבד משאה שפתיו מלאו זעם ולשונו כאש אכלת,30,-0.3769231238,-0.504010018,-0.6375820047809151,-0.8809331417999999,-1.014505128580915,False,False
Isa.30.28,ורוחו כנחל שוטף עד צואר יחצה להנפה גוים בנפת שוא ורסן מתעה על לחיי עמים,30,1.9678505297,1.997757901,1.9963680590552009,3.9656084307,3.964218588755201,True,True
Isa.30.29,השיר יהיה לכם כליל התקדש חג ושמחת לבב כהולך בחליל לבוא בהר יהוה אל צור ישראל,30,-0.8429976656,-0.5229741245,-0.5784703641088885,-1.3659717901,-1.4214680297088886,False,False
Isa.30.30,והשמיע יהוה את הוד קולו ונחת זרועו יראה בזעף אף ולהב אש אוכלה נפץ וזרם ואבן ברד,30,-0.7428807278,-0.7791003224,-0.6939895109786067,-1.5219810502,-1.4368702387786068,False,False
Isa.30.31,כי מקול יהוה יחת אשור בשבט יכה,30,0.3912749066,-0.783237238,-0.77470351503472,-0.3919623314,-0.38342860843472,False,False
Isa.30.32,והיה כל מעבר מטה מוסדה אשר יניח יהוה עליו בתפים ובכנרות ובמלחמות תנופה נלחם בה ב,30,1.1165480055,1.5936297021,1.6741627334928115,2.7101777076,2.790710738992812,False,False
Isa.30.33,כי ערוך מאתמול תפתה גם הוא היא למלך הוכן העמיק הרחב מדרתה אש ועצים הרבה נשמת יהו,30,0.731692479,0.7767413079,0.6447705772377184,1.5084337869,1.3764630562377185,False,False
Isa.31.1,הוי הירדים מצרים לעזרה על סוסים ישענו ויבטחו על רכב כי רב ועל פרשים כי עצמו מאד ,31,-1.836674555,-0.8552079908,-0.7909642191241316,-2.6918825458,-2.627638774124132,False,False
Isa.31.2,וגם הוא חכם ויבא רע ואת דבריו לא הסיר וקם על בית מרעים ועל עזרת פעלי און,31,0.7405835532,-0.5760602023,-0.7217510351180154,0.1645233509,0.0188325180819846,False,False
Isa.31.3,ומצרים אדם ולא אל וסוסיהם בשר ולא רוח ויהוה יטה ידו וכשל עוזר ונפל עזר ויחדו כלם,31,0.9972862028,1.3385575387,-0.4944850194825215,2.3358437415,0.5028011833174786,False,False
Isa.31.4,כי כה אמר יהוה אלי כאשר יהגה האריה והכפיר על טרפו אשר יקרא עליו מלא רעים מקולם ל,31,-0.8366137342,-1.2841838638,-0.4866157238238983,-2.120797598,-1.3232294580238984,False,False
Isa.31.5,כצפרים עפות כן יגן יהוה צבאות על ירושלם גנון והציל פסח והמליט,31,-0.6212690697,0.6111538527,1.978879937935295,-0.0101152169999999,1.357610868235295,False,False
Isa.31.6,שובו לאשר העמיקו סרה בני ישראל,31,1.8905418255,1.367236049,-0.5993223650372432,3.2577778745,1.2912194604627567,False,False
Isa.31.7,כי ביום ההוא ימאסון איש אלילי כספו ואלילי זהבו אשר עשו לכם ידיכם חטא,31,-0.8302028621,-0.8201262416,-0.2105045291365166,-1.6503291037,-1.0407073912365168,False,False
Isa.31.8,ונפל אשור בחרב לא איש וחרב לא אדם תאכלנו ונס לו מפני חרב ובחוריו למס יהיו,31,-0.3788655233,-0.899450643,-0.5449244113389429,-1.2783161663,-0.9237899346389428,False,False
Isa.31.9,וסלעו ממגור יעבור וחתו מנס שריו נאם יהוה אשר אור לו בציון ותנור לו בירושלם,31,-0.4018794184,-0.3314177708,-0.8480329250344286,-0.7332971892,-1.2499123434344286,False,False
Isa.32.1,הן לצדק ימלך מלך ולשרים למשפט ישרו,32,1.8532689782,-0.5228179646,-0.5118976215781017,1.3304510136,1.3413713566218983,False,False
Isa.32.2,והיה איש כמחבא רוח וסתר זרם כפלגי מים בציון כצל סלע כבד בארץ עיפה,32,-0.205352113,-0.3219052935,-0.4659348810815377,-0.5272574065,-0.6712869940815378,False,False
Isa.32.3,ולא תשעינה עיני ראים ואזני שמעים תקשבנה,32,-0.9963806178,1.9685296532,1.9994187336030496,0.9721490354,1.0030381158030497,False,False
Isa.32.4,ולבב נמהרים יבין לדעת ולשון עלגים תמהר לדבר צחות,32,1.5887737074,-0.2745686882,-0.4799067990432211,1.3142050192,1.1088669083567788,False,False
Isa.32.5,לא יקרא עוד לנבל נדיב ולכילי לא יאמר שוע,32,-0.8349410292,-0.6886735081,-0.5114301011183073,-1.5236145373,-1.3463711303183072,False,False
Isa.32.6,כי נבל נבלה ידבר ולבו יעשה און לעשות חנף ולדבר אל יהוה תועה להריק נפש רעב ומשקה ,32,-1.1282607346,-0.7155635785,-0.6211225126890076,-1.8438243131,-1.7493832472890076,False,False
Isa.32.7,וכלי כליו רעים הוא זמות יעץ לחבל ענוים עניים באמרי שקר ובדבר אביון משפט,32,1.2324829797,1.9434473028,-0.5230719210141729,3.1759302825000004,0.7094110586858272,False,False
Isa.32.8,ונדיב נדיבות יעץ והוא על נדיבות יקום,32,-0.5060136515,-0.8569578404,-0.7578732024744693,-1.3629714919,-1.2638868539744692,False,False
Isa.32.9,נשים שאננות קמנה שמענה קולי בנות בטחות האזנה אמרתי,32,-0.5046808405,-0.5950867405,0.0994165776274807,-1.099767581,-0.4052642628725192,False,False
Isa.32.10,ימים על שנה תרגזנה בטחות כי כלה בציר אסף בלי יבוא,32,1.9930788926,-0.3218061099,0.0948435414886653,1.6712727827,2.0879224340886653,False,False
Isa.32.11,חרדו שאננות רגזה בטחות פשטה וערה וחגורה על חלצים,32,-0.4946328055,1.9894188076,1.7525867676577156,1.4947860021,1.2579539621577156,False,False
Isa.32.12,על שדים ספדים על שדי חמד על גפן פריה,32,-0.8129957674,-0.5920617144,-0.9555404127861848,-1.4050574818,-1.7685361801861847,False,False
Isa.32.13,על אדמת עמי קוץ שמיר תעלה כי על כל בתי משוש קריה עליזה,32,1.3553078614,-0.5248938145,-0.7074252654154038,0.8304140469,0.6478825959845962,False,False
Isa.32.14,כי ארמון נטש המון עיר עזב עפל ובחן היה בעד מערות עד עולם משוש פראים מרעה עדרים,32,0.2885685502,1.2459172979,1.999280447920413,1.5344858481,2.287848998120413,False,False
Isa.32.15,עד יערה עלינו רוח ממרום והיה מדבר לכרמל וכרמל והכרמל ליער יחשב,32,-1.3552410142,-0.7898048332,-0.5030800838482055,-2.1450458474,-1.8583210980482052,False,False
Isa.32.16,ושכן במדבר משפט וצדקה בכרמל תשב,32,1.5752587688,-0.0003802088,-0.6721381452670497,1.57487856,0.9031206235329502,False,False
Isa.32.17,והיה מעשה הצדקה שלום ועבדת הצדקה השקט ובטח עד עולם,32,-0.5366580664,-0.7010514169,-0.7442874153893112,-1.2377094833,-1.2809454817893111,False,False
Isa.32.18,וישב עמי בנוה שלום ובמשכנות מבטחים ובמנוחת שאננות,32,-0.8075991332,-0.0809833748,1.7805623708453582,-0.8885825079999999,0.9729632376453582,False,False
Isa.32.19,וברד ברדת היער ובשפלה תשפל העיר,32,1.9324584896,1.9479614117,0.3238516054564589,3.8804199013,2.256310095056459,True,False
Isa.32.20,אשריכם זרעי על כל מים משלחי רגל השור והחמור,32,-0.5775916591,-0.7446850146,-0.9361080416012444,-1.3222766737,-1.5136997007012445,False,False
Isa.33.1,הוי שודד ואתה לא שדוד ובוגד ולא בגדו בו כהתמך שודד תושד כנלתך לבגד יבגדו בך,33,-0.147180393,-0.6961694413,-0.1851650203003608,-0.8433498343,-0.3323454133003608,False,False
Isa.33.2,יהוה חננו לך קוינו היה זרעם לבקרים אף ישועתנו בעת צרה,33,-0.6005175026,-0.7552401757,-0.925200241936117,-1.3557576783,-1.525717744536117,False,False
Isa.33.3,מקול המון נדדו עמים מרוממתך נפצו גוים,33,-1.0423456233,0.7372911942,1.8013212981583142,-0.3050544290999999,0.7589756748583143,False,False
Isa.33.4,ואסף שללכם אסף החסיל כמשק גבים שוקק בו,33,1.6243315613,1.5948386583,0.3186384924669142,3.2191702196,1.9429700537669143,False,False
Isa.33.5,נשגב יהוה כי שכן מרום מלא ציון משפט וצדקה,33,0.5277616052,-1.1712970315,-0.7166621441207466,-0.6435354262999999,-0.1889005389207465,False,False
Isa.33.6,והיה אמונת עתיך חסן ישועת חכמת ודעת יראת יהוה היא אוצרו,33,-1.0192516156,-0.8271514233,-0.5113597866286826,-1.8464030389,-1.5306114022286827,False,False
Isa.33.7,הן אראלם צעקו חצה מלאכי שלום מר יבכיון,33,-0.8103516881,1.5424038851,-0.4779749504093107,0.7320521969999999,-1.2883266385093108,False,False
Isa.33.8,נשמו מסלות שבת עבר ארח הפר ברית מאס ערים לא חשב אנוש,33,1.8428901907,-0.6819127625,-0.5237226790178006,1.1609774281999998,1.3191675116821997,False,False
Isa.33.9,אבל אמללה ארץ החפיר לבנון קמל היה השרון כערבה ונער בשן וכרמל,33,-0.1768236648,0.5465761236,1.9697455880106451,0.3697524587999999,1.7929219232106457,False,False
Isa.33.10,עתה אקום יאמר יהוה עתה ארומם עתה אנשא,33,-0.9879687593,-0.8449470852,-0.5973853112251563,-1.8329158445,-1.5853540705251563,False,False
Isa.33.11,תהרו חשש תלדו קש רוחכם אש תאכלכם,33,1.6409374094,-0.2300169503,-0.1871489176253319,1.4109204591,1.453788491774668,False,False
Isa.33.12,והיו עמים משרפות שיד קוצים כסוחים באש יצתו,33,-0.7872391651,1.9286510733,-0.4820281552636095,1.1414119081999998,-1.2692673203636096,False,False
Isa.33.13,שמעו רחוקים אשר עשיתי ודעו קרובים גברתי,33,0.5293239698,-0.3435518106,-0.5349727639305981,0.1857721591999999,-0.0056487941305981,False,False
Isa.33.14,פחדו בציון חטאים אחזה רעדה חנפים מי יגור לנו אש אוכלה מי יגור לנו מוקדי עולם,33,-0.5755996288,-0.7234906375,-0.5599272116774324,-1.2990902663,-1.1355268404774326,False,False
Isa.33.15,הלך צדקות ודבר מישרים מאס בבצע מעשקות נער כפיו מתמך בשחד אטם אזנו משמע דמים ועצם,33,-0.3291641835,-1.1780375871,1.997856455461552,-1.5072017706,1.668692271961552,False,False
Isa.33.16,הוא מרומים ישכן מצדות סלעים משגבו לחמו נתן מימיו נאמנים,33,-0.441242211,1.2641586163,-0.4544684224713737,0.8229164053,-0.8957106334713738,False,False
Isa.33.17,מלך ביפיו תחזינה עיניך תראינה ארץ מרחקים,33,-0.8043703174,1.175977607,-0.5280264607838685,0.3716072896000001,-1.3323967781838686,False,False
Isa.33.18,לבך יהגה אימה איה ספר איה שקל איה ספר את המגדלים,33,1.970776096,-0.7964657265,-1.0141718272060298,1.1743103695,0.9566042687939702,False,False
Isa.33.19,את עם נועז לא תראה עם עמקי שפה משמוע נלעג לשון אין בינה,33,-0.3388836803,-0.5071857713,1.875237063589155,-0.8460694516,1.5363533832891552,False,False
Isa.33.20,חזה ציון קרית מועדנו עיניך תראינה ירושלם נוה שאנן אהל בל יצען בל יסע יתדתיו לנצח,33,-0.6455507847,0.9669304272,-0.4517480294456643,0.3213796424999999,-1.0972988141456643,False,False
Isa.33.21,כי אם שם אדיר יהוה לנו מקום נהרים יארים רחבי ידים בל תלך בו אני שיט וצי אדיר לא ,33,-0.1680760465,-0.661028319,-0.905800599279329,-0.8291043655,-1.073876645779329,False,False
Isa.33.22,כי יהוה שפטנו יהוה מחקקנו יהוה מלכנו הוא יושיענו,33,-0.7822379339,-0.5813790807,0.113405161092035,-1.3636170146,-0.6688327728079648,False,False
Isa.33.23,נטשו חבליך בל יחזקו כן תרנם בל פרשו נס אז חלק עד שלל מרבה פסחים בזזו בז,33,1.958266998,1.94797518,1.803237678790229,3.906242178,3.761504676790229,True,False
Isa.33.24,ובל יאמר שכן חליתי העם הישב בה נשא עון,33,-0.3715982849,-0.7872019451,-0.0577187616977176,-1.15880023,-0.4293170465977177,False,False
Isa.34.1,קרבו גוים לשמע ולאמים הקשיבו תשמע הארץ ומלאה תבל וכל צאצאיה,34,-0.6026847648,-0.5385743551,-0.5049475064234377,-1.1412591199,-1.1076322712234377,False,False
Isa.34.2,כי קצף ליהוה על כל הגוים וחמה על כל צבאם החרימם נתנם לטבח,34,-0.9133043097,-0.5758744567,-0.5068696381294577,-1.4891787664,-1.4201739478294575,False,False
Isa.34.3,וחלליהם ישלכו ופגריהם יעלה באשם ונמסו הרים מדמם,34,0.1543115681,1.9790823755,1.999962900536034,2.1333939436,2.154274468636034,False,False
Isa.34.4,ונמקו כל צבא השמים ונגלו כספר השמים וכל צבאם יבול כנבל עלה מגפן וכנבלת מתאנה,34,-0.4183172453,-0.2559459585,-0.4908229407968986,-0.6742632038,-0.9091401860968986,False,False
Isa.34.5,כי רותה בשמים חרבי הנה על אדום תרד ועל עם חרמי למשפט,34,1.8370070065,-0.5360068452,-0.512759054900098,1.3010001613,1.324247951599902,False,False
Isa.34.6,חרב ליהוה מלאה דם הדשנה מחלב מדם כרים ועתודים מחלב כליות אילים כי זבח ליהוה בבצר,34,-0.788629766,-1.0821502687,0.295497508695073,-1.8707800347,-0.493132257304927,False,False
Isa.34.7,וירדו ראמים עמם ופרים עם אבירים ורותה ארצם מדם ועפרם מחלב ידשן,34,-0.200811397,0.9009533625,-0.285462975077601,0.7001419655000001,-0.486274372077601,False,False
Isa.34.8,כי יום נקם ליהוה שנת שלומים לריב ציון,34,-0.743790591,-0.8370596068,-0.6381032565966122,-1.5808501978,-1.3818938475966125,False,False
Isa.34.9,ונהפכו נחליה לזפת ועפרה לגפרית והיתה ארצה לזפת בערה,34,-0.2695433431,1.0953365074,1.9722862451622312,0.8257931643,1.7027429020622311,False,False
Isa.34.10,לילה ויומם לא תכבה לעולם יעלה עשנה מדור לדור תחרב לנצח נצחים אין עבר בה,34,-0.1770865231,-0.8245340845,-0.6548013513049387,-1.0016206076,-0.8318878744049387,False,False
Isa.34.11,וירשוה קאת וקפוד וינשוף וערב ישכנו בה ונטה עליה קו תהו ואבני בהו,34,-0.9523099612,-0.3133429837,-0.5618636920755058,-1.2656529449,-1.5141736532755057,False,False
Isa.34.12,חריה ואין שם מלוכה יקראו וכל שריה יהיו אפס,34,1.5854771826,-0.6232767472,-0.4846637368298952,0.9622004354,1.1008134457701049,False,False
Isa.34.13,ועלתה ארמנתיה סירים קמוש וחוח במבצריה והיתה נוה תנים חציר לבנות יענה,34,0.1784970832,1.0837948032,1.9728595664647124,1.2622918864,2.1513566496647125,False,False
Isa.34.14,ופגשו ציים את איים ושעיר על רעהו יקרא אך שם הרגיעה לילית ומצאה לה מנוח,34,0.2260646008,-0.7468611775,-0.6141316778301044,-0.5207965767,-0.3880670770301043,False,False
Isa.34.15,שמה קננה קפוז ותמלט ובקעה ודגרה בצלה אך שם נקבצו דיות אשה רעותה,34,-0.7709542184,1.3453311393,-0.1558092331788952,0.5743769209,-0.9267634515788952,False,False
Isa.34.16,דרשו מעל ספר יהוה וקראו אחת מהנה לא נעדרה אשה רעותה לא פקדו כי פי הוא צוה ורוחו ,34,-1.412684445,-0.8257852989,-0.6048978167827828,-2.2384697439,-2.017582261782783,False,False
Isa.34.17,והוא הפיל להן גורל וידו חלקתה להם בקו עד עולם יירשוה לדור ודור ישכנו בה,34,1.2994203153,-0.7988699929,-0.6023468164866094,0.5005503223999999,0.6970734988133905,False,False
Isa.35.1,יששום מדבר וציה ותגל ערבה ותפרח כחבצלת,35,0.8355301772,1.9604853776,1.32011507092656,2.7960155548,2.15564524812656,False,False
Isa.35.2,פרח תפרח ותגל אף גילת ורנן כבוד הלבנון נתן לה הדר הכרמל והשרון המה יראו כבוד יהו,35,-0.7646058051,-0.627258506,-0.8176710361102205,-1.3918643111,-1.5822768412102204,False,False
Isa.35.3,חזקו ידים רפות וברכים כשלות אמצו,35,-0.612919069,-0.1446496347,1.12435923782639,-0.7575687037000001,0.51144016882639,False,False
Isa.35.4,אמרו לנמהרי לב חזקו אל תיראו הנה אלהיכם נקם יבוא גמול אלהים הוא יבוא וישעכם,35,0.5209086497,-0.8278577514,-0.4916474828886891,-0.3069491017,0.0292611668113108,False,False
Isa.35.5,אז תפקחנה עיני עורים ואזני חרשים תפתחנה,35,-0.9965239663,-0.5643171451,-0.5059517228220424,-1.5608411113999998,-1.5024756891220423,False,False
Isa.35.6,אז ידלג כאיל פסח ותרן לשון אלם כי נבקעו במדבר מים ונחלים בערבה,35,-0.2465695975,0.0088458805,-0.9329445106200038,-0.237723717,-1.1795141081200038,False,False
Isa.35.7,והיה השרב לאגם וצמאון למבועי מים בנוה תנים רבצה חציר לקנה וגמא,35,0.7627165018,1.8371576523,1.7702551144937806,2.5998741541,2.5329716162937803,False,False
Isa.35.8,והיה שם מסלול ודרך ודרך הקדש יקרא לה לא יעברנו טמא והוא למו הלך דרך ואוילים לא י,35,0.2054270181,-0.5861885223,-0.7150089524048995,-0.3807615042,-0.5095819343048995,False,False
Isa.35.9,לא יהיה שם אריה ופריץ חיות בל יעלנה לא תמצא שם והלכו גאולים,35,1.2102950739,-0.4631914866,0.392887552970544,0.7471035873,1.603182626870544,False,False
Isa.35.10,ופדויי יהוה ישבון ובאו ציון ברנה ושמחת עולם על ראשם ששון ושמחה ישיגו ונסו יגון ו,35,-0.9732799413,-1.1156855556,-0.8024386551354215,-2.0889654969,-1.7757185964354214,False,False
Isa.36.1,ויהי בארבע עשרה שנה למלך חזקיהו עלה סנחריב מלך אשור על כל ערי יהודה הבצרות ויתפש,36,-0.8848797831,-1.1574031529,-0.8284768201949779,-2.042282936,-1.713356603294978,False,False
Isa.36.2,וישלח מלך אשור את רב שקה מלכיש ירושלמה אל המלך חזקיהו בחיל כבד ויעמד בתעלת הברכה,36,0.3630108453,1.6588101461,1.986462168077055,2.0218209914,2.3494730133770547,False,False
Isa.36.3,ויצא אליו אליקים בן חלקיהו אשר על הבית ושבנא הספר ויואח בן אסף המזכיר,36,1.7027135563,0.6522294233,-0.2682841631071216,2.3549429796,1.4344293931928784,False,False
Isa.36.4,ויאמר אליהם רב שקה אמרו נא אל חזקיהו כה אמר המלך הגדול מלך אשור מה הבטחון הזה אש,36,-1.128481204,-1.092383332,-0.6128818217636247,-2.220864536,-1.7413630257636248,False,False
Isa.36.5,אמרתי אך דבר שפתים עצה וגבורה למלחמה עתה על מי בטחת כי מרדת בי,36,0.2460410542,-0.9013022646,-0.8036042616136778,-0.6552612104,-0.5575632074136778,False,False
Isa.36.6,הנה בטחת על משענת הקנה הרצוץ הזה על מצרים אשר יסמך איש עליו ובא בכפו ונקבה כן פר,36,-0.4208501661,0.1419045455,-0.2784013221783361,-0.2789456205999999,-0.699251488278336,False,False
Isa.36.7,וכי תאמר אלי אל יהוה אלהינו בטחנו הלוא הוא אשר הסיר חזקיהו את במתיו ואת מזבחתיו ,36,-1.261433859,0.5331868821,1.6547734218662624,-0.7282469769000001,0.3933395628662623,False,False
Isa.36.8,ועתה התערב נא את אדני המלך אשור ואתנה לך אלפים סוסים אם תוכל לתת לך רכבים עליהם,36,1.5370686676,-0.9622676309,-1.2367066628789425,0.5748010367,0.3003620047210578,False,False
Isa.36.9,ואיך תשיב את פני פחת אחד עבדי אדני הקטנים ותבטח לך על מצרים לרכב ולפרשים,36,0.8295724126,1.7024043711,0.0785441238300292,2.5319767837,0.9081165364300292,False,False
Isa.36.10,ועתה המבלעדי יהוה עליתי על הארץ הזאת להשחיתה יהוה אמר אלי עלה אל הארץ הזאת והשחי,36,-0.42208419,-0.4370200992,1.665992110763839,-0.8591042892,1.2439079207638388,False,False
Isa.36.11,ויאמר אליקים ושבנא ויואח אל רב שקה דבר נא אל עבדיך ארמית כי שמעים אנחנו ואל תדבר,36,-0.9292750909,-0.6352572209,-0.3862922122376264,-1.5645323118,-1.3155673031376265,False,False
Isa.36.12,ויאמר רב שקה האל אדניך ואליך שלחני אדני לדבר את הדברים האלה הלא על האנשים הישבים,36,-0.6137898639,1.5695274023,-0.5442366384118594,0.9557375384,-1.1580265023118594,False,False
Isa.36.13,ויעמד רב שקה ויקרא בקול גדול יהודית ויאמר שמעו את דברי המלך הגדול מלך אשור,36,0.8379733539,-0.5177047692,-0.9384434779357332,0.3202685847000001,-0.1004701240357331,False,False
Isa.36.14,כה אמר המלך אל ישא לכם חזקיהו כי לא יוכל להציל אתכם,36,1.0192522594,-0.8362235208,0.4236619975699519,0.1830287386,1.4429142569699518,False,False
Isa.36.15,ואל יבטח אתכם חזקיהו אל יהוה לאמר הצל יצילנו יהוה לא תנתן העיר הזאת ביד מלך אשור,36,0.3462127862,1.8375217367,-1.018830223292711,2.1837345229,-0.6726174370927109,False,False
Isa.36.16,אל תשמעו אל חזקיהו כי כה אמר המלך אשור עשו אתי ברכה וצאו אלי ואכלו איש גפנו ואיש,36,-1.1308739202,-0.8915379641,0.2502650037265069,-2.0224118843,-0.8806089164734932,False,False
Isa.36.17,עד באי ולקחתי אתכם אל ארץ כארצכם ארץ דגן ותירוש ארץ לחם וכרמים,36,-0.6759752275,-0.1035711743,-0.6795820880580877,-0.7795464018,-1.3555573155580878,False,False
Isa.36.18,פן יסית אתכם חזקיהו לאמר יהוה יצילנו ההצילו אלהי הגוים איש את ארצו מיד מלך אשור,36,-0.1234369607,1.4556108052,0.0811061535408739,1.3321738445,-0.042330807159126,False,False
Isa.36.19,איה אלהי חמת וארפד איה אלהי ספרוים וכי הצילו את שמרון מידי,36,1.9146923997,-0.1697694533,1.4286739792292524,1.7449229464,3.3433663789292525,False,False
Isa.36.20,מי בכל אלהי הארצות האלה אשר הצילו את ארצם מידי כי יציל יהוה את ירושלם מידי,36,-1.0568278617,-1.1612817695,-1.3331723918549652,-2.2181096312,-2.390000253554965,False,False
Isa.36.21,ויחרישו ולא ענו אתו דבר כי מצות המלך היא לאמר לא תענהו,36,-0.1448808858,-0.7420006844,0.8976595114811912,-0.8868815702,0.7527786256811911,False,False
Isa.36.22,ויבא אליקים בן חלקיהו אשר על הבית ושבנא הסופר ויואח בן אסף המזכיר אל חזקיהו קרוע,36,1.4302438137,1.8729195272,0.1477254367566753,3.3031633409000003,1.5779692504566754,False,False
Isa.37.1,ויהי כשמע המלך חזקיהו ויקרע את בגדיו ויתכס בשק ויבא בית יהוה,37,-0.9028518716,-0.5712145561,-0.596223430736243,-1.4740664277,-1.499075302336243,False,False
Isa.37.2,וישלח את אליקים אשר על הבית ואת שבנא הסופר ואת זקני הכהנים מתכסים בשקים אל ישעיה,37,-0.7152090251,-0.8927261158,-0.928048747448407,-1.6079351409,-1.643257772548407,False,False
Isa.37.3,ויאמרו אליו כה אמר חזקיהו יום צרה ותוכחה ונאצה היום הזה כי באו בנים עד משבר וכח ,37,1.5544238656,0.3028584241,1.5039101557780936,1.8572822897,3.0583340213780934,False,False
Isa.37.4,אולי ישמע יהוה אלהיך את דברי רב שקה אשר שלחו מלך אשור אדניו לחרף אלהים חי והוכיח,37,-0.4239363727,1.6813868395,-0.7274969121497038,1.2574504668,-1.1514332848497038,False,False
Isa.37.5,ויבאו עבדי המלך חזקיהו אל ישעיהו,37,-0.3031532064,-0.9994212941,-0.8795995637262036,-1.3025745005,-1.1827527701262035,False,False
Isa.37.6,ויאמר אליהם ישעיהו כה תאמרון אל אדניכם כה אמר יהוה אל תירא מפני הדברים אשר שמעת ,37,-1.0181492095,-0.7570761779,-0.5707248732286613,-1.7752253874,-1.5888740827286614,False,False
Isa.37.7,הנני נותן בו רוח ושמע שמועה ושב אל ארצו והפלתיו בחרב בארצו,37,1.2956605474,0.0663558336,0.0589845371543067,1.362016381,1.3546450845543068,False,False
Isa.37.8,וישב רב שקה וימצא את מלך אשור נלחם על לבנה כי שמע כי נסע מלכיש,37,1.0955708914,1.883934896,1.9115656445901883,2.9795057874,3.0071365359901883,False,False
Isa.37.9,וישמע על תרהקה מלך כוש לאמר יצא להלחם אתך וישמע וישלח מלאכים אל חזקיהו לאמר,37,-0.8017680804,-0.1692331418,-0.8328911779867959,-0.9710012222,-1.634659258386796,False,False
Isa.37.10,כה תאמרון אל חזקיהו מלך יהודה לאמר אל ישאך אלהיך אשר אתה בוטח בו לאמר לא תנתן יר,37,-1.3037627758,-0.5466916865,-0.5505696121541311,-1.8504544623,-1.8543323879541316,False,False
Isa.37.11,הנה אתה שמעת אשר עשו מלכי אשור לכל הארצות להחרימם ואתה תנצל,37,-0.4957633786,-0.7415089894,-0.6941093415717927,-1.237272368,-1.189872720171793,False,False
Isa.37.12,ההצילו אותם אלהי הגוים אשר השחיתו אבותי את גוזן ואת חרן ורצף ובני עדן אשר בתלשר,37,-0.4420179884,0.4170628542,0.3975286056266325,-0.0249551342,-0.0444893827733675,False,False
Isa.37.13,איה מלך חמת ומלך ארפד ומלך לעיר ספרוים הנע ועוה,37,1.9993199583,1.7882792903,1.797581452377861,3.7875992486,3.796901410677861,False,False
Isa.37.14,ויקח חזקיהו את הספרים מיד המלאכים ויקראהו ויעל בית יהוה ויפרשהו חזקיהו לפני יהוה,37,-0.5251149606,-0.6928002808,-0.7261932604409624,-1.2179152414,-1.2513082210409625,False,False
Isa.37.15,ויתפלל חזקיהו אל יהוה לאמר,37,-0.4613310177,-0.5246812757,-0.5017512706640008,-0.9860122934,-0.9630822883640008,False,False
Isa.37.16,יהוה צבאות אלהי ישראל ישב הכרבים אתה הוא האלהים לבדך לכל ממלכות הארץ אתה עשית את,37,-0.9676751901,-0.7973261081,-0.1751280523018625,-1.7650012982,-1.1428032424018626,False,False
Isa.37.17,הטה יהוה אזנך ושמע פקח יהוה עינך וראה ושמע את כל דברי סנחריב אשר שלח לחרף אלהים ,37,-0.8074174252,1.9729839426,-1.6949357184132654,1.1655665173999998,-2.5023531436132656,False,False
Isa.37.18,אמנם יהוה החריבו מלכי אשור את כל הארצות ואת ארצם,37,1.6169484206,-0.6399922837,0.9661108158500666,0.9769561369,2.583059236450066,False,False
Isa.37.19,ונתן את אלהיהם באש כי לא אלהים המה כי אם מעשה ידי אדם עץ ואבן ויאבדום,37,0.7109010672,-0.6694860706,-0.4663453684441895,0.0414149966,0.2445556987558104,False,False
Isa.37.20,ועתה יהוה אלהינו הושיענו מידו וידעו כל ממלכות הארץ כי אתה יהוה לבדך,37,-1.2045990437,0.7888157257,-0.7985749273413798,-0.415783318,-2.00317397104138,False,False
Isa.37.21,וישלח ישעיהו בן אמוץ אל חזקיהו לאמר כה אמר יהוה אלהי ישראל אשר התפללת אלי אל סנח,37,-0.8501091584,-1.0336792944,-0.1101334581044392,-1.8837884528,-0.9602426165044392,False,False
Isa.37.22,זה הדבר אשר דבר יהוה עליו בזה לך לעגה לך בתולת בת ציון אחריך ראש הניעה בת ירושלם,37,-0.3864550049,-0.4995097125,0.2113198646759082,-0.8859647174,-0.1751351402240918,False,False
Isa.37.23,את מי חרפת וגדפת ועל מי הרימותה קול ותשא מרום עיניך אל קדוש ישראל,37,-0.4462307333,-0.6162395417,-0.5047798917978721,-1.062470275,-0.951010625097872,False,False
Isa.37.24,ביד עבדיך חרפת אדני ותאמר ברב רכבי אני עליתי מרום הרים ירכתי לבנון ואכרת קומת אר,37,-0.5320310814,-0.1684097195,-0.5114245644887716,-0.7004408009,-1.0434556458887716,False,False
Isa.37.25,אני קרתי ושתיתי מים ואחרב בכף פעמי כל יארי מצור,37,1.9774397043,1.9644674468,1.8654652731799544,3.9419071511,3.842904977479954,True,False
Isa.37.26,הלוא שמעת למרחוק אותה עשיתי מימי קדם ויצרתיה עתה הבאתיה ותהי להשאות גלים נצים ער,37,-0.3921278273,-0.7726173283,-0.4992425655680366,-1.1647451556,-0.8913703928680365,False,False
Isa.37.27,וישביהן קצרי יד חתו ובשו היו עשב שדה וירק דשא חציר גגות ושדמה לפני קמה,37,-0.3930193984,-0.8255517779,-0.620281123071267,-1.2185711763,-1.0133005214712671,False,False
Isa.37.28,ושבתך וצאתך ובואך ידעתי ואת התרגזך אלי,37,0.5007966848,1.9723443177,1.9819028268169163,2.4731410025,2.4826995116169166,False,False
Isa.37.29,יען התרגזך אלי ושאננך עלה באזני ושמתי חחי באפך ומתגי בשפתיך והשיבתיך בדרך אשר בא,37,-0.8550723445,-0.4738985482,-0.236623618032421,-1.3289708927,-1.091695962532421,False,False
Isa.37.30,וזה לך האות אכול השנה ספיח ובשנה השנית שחיס ובשנה השלישית זרעו וקצרו ונטעו כרמים,37,-0.5641599247,-0.5600633794,-0.596752580149663,-1.1242233041,-1.1609125048496631,False,False
Isa.37.31,ויספה פליטת בית יהודה הנשארה שרש למטה ועשה פרי למעלה,37,1.9866039205,0.9181217853,-0.262769817201763,2.9047257058,1.723834103298237,False,False
Isa.37.32,כי מירושלם תצא שארית ופליטה מהר ציון קנאת יהוה צבאות תעשה זאת,37,-0.448261614,0.1279880465,-0.5317295909770806,-0.3202735674999999,-0.9799912049770806,False,False
Isa.37.33,לכן כה אמר יהוה אל מלך אשור לא יבוא אל העיר הזאת ולא יורה שם חץ ולא יקדמנה מגן ו,37,-0.5855341159,-0.7246966713,-0.7468020535671832,-1.3102307872,-1.3323361694671831,False,False
Isa.37.34,בדרך אשר בא בה ישוב ואל העיר הזאת לא יבוא נאם יהוה,37,0.3725298509,-0.5817786672,-0.5020063998364149,-0.2092488163,-0.1294765489364149,False,False
Isa.37.35,וגנותי על העיר הזאת להושיעה למעני ולמען דוד עבדי,37,0.5557148998,-0.2812008003,1.998996848336425,0.2745140995,2.554711748136425,False,False
Isa.37.36,ויצא מלאך יהוה ויכה במחנה אשור מאה ושמנים וחמשה אלף וישכימו בבקר והנה כלם פגרים ,37,-1.0577216969,-0.5507864461,-0.6102433897052264,-1.608508143,-1.6679650866052265,False,False
Isa.37.37,ויסע וילך וישב סנחריב מלך אשור וישב בנינוה,37,-0.4525451778,-0.3648257812,-0.5760469535802866,-0.817370959,-1.0285921313802866,False,False
Isa.37.38,ויהי הוא משתחוה בית נסרך אלהיו ואדרמלך ושראצר בניו הכהו בחרב והמה נמלטו ארץ אררט,37,1.9168140258,1.9948277364,1.995382653915853,3.9116417622,3.912196679715853,True,True
Isa.38.1,בימים ההם חלה חזקיהו למות ויבוא אליו ישעיהו בן אמוץ הנביא ויאמר אליו כה אמר יהוה,38,-0.8316477519,-0.5494871917,-0.5853785088466386,-1.3811349436,-1.4170262607466384,False,False
Isa.38.2,ויסב חזקיהו פניו אל הקיר ויתפלל אל יהוה,38,-0.2440294168,-0.4994777751,-0.6472860636093234,-0.7435071919,-0.8913154804093234,False,False
Isa.38.3,ויאמר אנה יהוה זכר נא את אשר התהלכתי לפניך באמת ובלב שלם והטוב בעיניך עשיתי ויבך,38,-0.5007734582,1.8255648338,-0.5060025057197642,1.3247913755999998,-1.0067759639197642,False,False
Isa.38.4,ויהי דבר יהוה אל ישעיהו לאמר,38,-0.5260483329,-0.7016503752,-0.5482020153140621,-1.2276987081,-1.0742503482140622,False,False
Isa.38.5,הלוך ואמרת אל חזקיהו כה אמר יהוה אלהי דוד אביך שמעתי את תפלתך ראיתי את דמעתך הננ,38,-0.4625515181,-0.5374064398,-0.2501078069230117,-0.9999579579,-0.7126593250230118,False,False
Isa.38.6,ומכף מלך אשור אצילך ואת העיר הזאת וגנותי על העיר הזאת,38,1.9417342244,1.9816487502,1.9853518268380932,3.9233829746,3.927086051238093,True,True
Isa.38.7,וזה לך האות מאת יהוה אשר יעשה יהוה את הדבר הזה אשר דבר,38,-0.9864517393,-0.5503643635,-0.6837653513698796,-1.5368161028,-1.6702170906698797,False,False
Isa.38.8,הנני משיב את צל המעלות אשר ירדה במעלות אחז בשמש אחרנית עשר מעלות ותשב השמש עשר מ,38,-0.6764576823,-0.8484305548,-0.4364409864335396,-1.5248882371,-1.1128986687335396,False,False
Isa.38.9,מכתב לחזקיהו מלך יהודה בחלתו ויחי מחליו,38,1.2892820696,1.1996485042,1.5522855585208053,2.4889305738000003,2.841567628120805,False,False
Isa.38.10,אני אמרתי בדמי ימי אלכה בשערי שאול פקדתי יתר שנותי,38,-0.6159797825,-0.3461382263,-0.5265343200053321,-0.9621180088,-1.142514102505332,False,False
Isa.38.11,אמרתי לא אראה יה יה בארץ החיים לא אביט אדם עוד עם יושבי חדל,38,-0.3665295127,-0.6957924012,-0.5230305909162696,-1.0623219139,-0.8895601036162696,False,False
Isa.38.12,דורי נסע ונגלה מני כאהל רעי קפדתי כארג חיי מדלה יבצעני מיום עד לילה תשלימני,38,1.9742083646,1.7355724623,0.1201461537737612,3.7097808269,2.0943545183737613,False,False
Isa.38.13,שויתי עד בקר כארי כן ישבר כל עצמותי מיום עד לילה תשלימני,38,-0.9374903838,-0.6320370655,-0.6930406917189141,-1.5695274493000002,-1.6305310755189142,False,False
Isa.38.14,כסוס עגור כן אצפצף אהגה כיונה דלו עיני למרום אדני עשקה לי ערבני,38,-0.6746030831,0.3796234624,1.9123269974578108,-0.2949796206999999,1.2377239143578107,False,False
Isa.38.15,מה אדבר ואמר לי והוא עשה אדדה כל שנותי על מר נפשי,38,1.0587689625,-0.9021802271,-0.4618808333491656,0.1565887354,0.5968881291508346,False,False
Isa.38.16,אדני עליהם יחיו ולכל בהן חיי רוחי ותחלימני והחיני,38,1.3280578425,0.8402805407,-0.4663490686633724,2.1683383832,0.8617087738366276,False,False
Isa.38.17,הנה לשלום מר לי מר ואתה חשקת נפשי משחת בלי כי השלכת אחרי גוך כל חטאי,38,-1.3754458396,-0.5054026965,-0.8953458240587238,-1.8808485361,-2.2707916636587235,False,False
Isa.38.18,כי לא שאול תודך מות יהללך לא ישברו יורדי בור אל אמתך,38,-0.2540256472,-0.4815712772,-0.5000414727450896,-0.7355969244,-0.7540671199450896,False,False
Isa.38.19,חי חי הוא יודך כמוני היום אב לבנים יודיע אל אמתך,38,1.7122038663,-0.6020316773,-0.5781901558883425,1.110172189,1.1340137104116574,False,False
Isa.38.20,יהוה להושיעני ונגנותי ננגן כל ימי חיינו על בית יהוה,38,-1.467820165,-0.2976212471,1.99106607619325,-1.7654414121,0.5232459111932499,False,False
Isa.38.21,ויאמר ישעיהו ישאו דבלת תאנים וימרחו על השחין ויחי,38,-0.636208045,1.9844749324,-0.3201248499645818,1.3482668874,-0.956332894964582,False,False
Isa.38.22,ויאמר חזקיהו מה אות כי אעלה בית יהוה,38,0.6724071106,-0.6021712231,-0.585825818153443,0.0702358874999999,0.0865812924465569,False,False
Isa.39.1,בעת ההוא שלח מרדך בלאדן בן בלאדן מלך בבל ספרים ומנחה אל חזקיהו וישמע כי חלה ויחז,39,1.3510056262,-0.4612500658,-0.0851511510196413,0.8897555604,1.2658544751803589,False,False
Isa.39.2,וישמח עליהם חזקיהו ויראם את בית נכתה נכתו את הכסף ואת הזהב ואת הבשמים ואת השמן ה,39,-0.7071669324,-0.1120291708,0.2012072485164788,-0.8191961031999999,-0.5059596838835211,False,False
Isa.39.3,ויבא ישעיהו הנביא אל המלך חזקיהו ויאמר אליו מה אמרו האנשים האלה ומאין יבאו אליך ,39,-0.7345602443,-0.7728370465,-1.1178843695998144,-1.5073972908,-1.8524446138998143,False,False
Isa.39.4,ויאמר מה ראו בביתך ויאמר חזקיהו את כל אשר בביתי ראו לא היה דבר אשר לא הראיתים בא,39,0.9486468027,0.1777345295,1.2642280094841756,1.1263813322,2.212874812184176,False,False
Isa.39.5,ויאמר ישעיהו אל חזקיהו שמע דבר יהוה צבאות,39,0.8050554648,-0.6273463279,-0.7026018301368385,0.1777091369,0.1024536346631614,False,False
Isa.39.6,הנה ימים באים ונשא כל אשר בביתך ואשר אצרו אבתיך עד היום הזה בבל לא יותר דבר אמר ,39,-1.3726437907,-0.2879523414,0.3558322916595741,-1.6605961321,-1.016811499040426,False,False
Isa.39.7,ומבניך אשר יצאו ממך אשר תוליד יקחו והיו סריסים בהיכל מלך בבל,39,-0.3363672806,1.982159263,-0.1906440295486768,1.6457919824,-0.5270113101486769,False,False
Isa.39.8,ויאמר חזקיהו אל ישעיהו טוב דבר יהוה אשר דברת ויאמר כי יהיה שלום ואמת בימי,39,-0.6692987133,-0.6589354885,-0.3691544780241192,-1.3282342018,-1.0384531913241193,False,False
Isa.40.1,נחמו נחמו עמי יאמר אלהיכם,40,1.889490876,-0.776117603,-1.1510087339001098,1.113373273,0.7384821420998902,False,False
Isa.40.2,דברו על לב ירושלם וקראו אליה כי מלאה צבאה כי נרצה עונה כי לקחה מיד יהוה כפלים בכ,40,0.1731774909,-0.6845326121,-0.4366980127953248,-0.5113551212,-0.2635205218953248,False,False
Isa.40.3,קול קורא במדבר פנו דרך יהוה ישרו בערבה מסלה לאלהינו,40,-0.2795054864,0.3973242929,-0.5004450078032712,0.1178188064999999,-0.7799504942032711,False,False
Isa.40.4,כל גיא ינשא וכל הר וגבעה ישפלו והיה העקב למישור והרכסים לבקעה,40,-0.4152107721,1.804536583,1.99120571997762,1.3893258109,1.57599494787762,False,False
Isa.40.5,ונגלה כבוד יהוה וראו כל בשר יחדו כי פי יהוה דבר,40,-1.2709801513,-0.7727338363,-0.5760944981010787,-2.0437139876000003,-1.8470746494010788,False,False
Isa.40.6,קול אמר קרא ואמר מה אקרא כל הבשר חציר וכל חסדו כציץ השדה,40,1.3309044524,-0.4186574388,-0.5006311573586351,0.9122470136,0.8302732950413649,False,False
Isa.40.7,יבש חציר נבל ציץ כי רוח יהוה נשבה בו אכן חציר העם,40,1.0055760201,-0.6712918833,-0.4923368853384057,0.3342841367999999,0.5132391347615942,False,False
Isa.40.8,יבש חציר נבל ציץ ודבר אלהינו יקום לעולם,40,-1.1883387157,-0.7395706124,-0.8017705555375206,-1.9279093281,-1.9901092712375208,False,False
Isa.40.9,על הר גבה עלי לך מבשרת ציון הרימי בכח קולך מבשרת ירושלם הרימי אל תיראי אמרי לערי,40,-0.8153233799,-0.502760962,-0.1322970604811252,-1.3180843419,-0.9476204403811253,False,False
Isa.40.10,הנה אדני יהוה בחזק יבוא וזרעו משלה לו הנה שכרו אתו ופעלתו לפניו,40,0.8394600612,-0.4787119167,-0.3106395737070674,0.3607481445,0.5288204874929325,False,False
Isa.40.11,כרעה עדרו ירעה בזרעו יקבץ טלאים ובחיקו ישא עלות ינהל,40,1.3860746437,1.9995455674,1.942355654383364,3.3856202111,3.3284302980833638,False,False
Isa.40.12,מי מדד בשעלו מים ושמים בזרת תכן וכל בשלש עפר הארץ ושקל בפלס הרים וגבעות במאזנים,40,-0.1677903764,-0.5557143808,-0.7533723704231832,-0.7235047572,-0.9211627468231832,False,False
Isa.40.13,מי תכן את רוח יהוה ואיש עצתו יודיענו,40,-0.812213646,-0.6273097665,-0.6773373822059582,-1.4395234125,-1.489551028205958,False,False
Isa.40.14,את מי נועץ ויבינהו וילמדהו בארח משפט וילמדהו דעת ודרך תבונות יודיענו,40,-0.5625559027,1.9189794261,1.9818135756070523,1.3564235234,1.4192576729070523,False,False
Isa.40.15,הן גוים כמר מדלי וכשחק מאזנים נחשבו הן איים כדק יטול,40,-0.3604991588,0.0552602787,-0.3816273260403042,-0.3052388801,-0.7421264848403042,False,False
Isa.40.16,ולבנון אין די בער וחיתו אין די עולה,40,1.9947484975,-0.6352654803,-0.3197870561155448,1.3594830172,1.6749614413844551,False,False
Isa.40.17,כל הגוים כאין נגדו מאפס ותהו נחשבו לו,40,-0.7202978609,-0.5174680516,-0.513983790283532,-1.2377659125,-1.2342816511835322,False,False
Isa.40.18,ואל מי תדמיון אל ומה דמות תערכו לו,40,-0.591051705,-0.529111524,-0.5065142951100006,-1.120163229,-1.0975660001100005,False,False
Isa.40.19,הפסל נסך חרש וצרף בזהב ירקענו ורתקות כסף צורף,40,1.9441164554,1.9985747275,1.999791607725367,3.9426911829,3.943908063125367,True,True
Isa.40.20,המסכן תרומה עץ לא ירקב יבחר חרש חכם יבקש לו להכין פסל לא ימוט,40,-0.6436272182,-0.5751319996,-0.6489787515162528,-1.2187592178000002,-1.2926059697162529,False,False
Isa.40.21,הלוא תדעו הלוא תשמעו הלוא הגד מראש לכם הלוא הבינתם מוסדות הארץ,40,-1.0731687731,-1.0281968318,-0.656534018874475,-2.1013656049,-1.729702791974475,False,False
Isa.40.22,הישב על חוג הארץ וישביה כחגבים הנוטה כדק שמים וימתחם כאהל לשבת,40,0.105960654,0.0384425715,-0.3927602309631447,0.1444032255,-0.2867995769631447,False,False
Isa.40.23,הנותן רוזנים לאין שפטי ארץ כתהו עשה,40,1.8797149273,1.9261213313,1.996851698617231,3.8058362586,3.8765666259172313,False,False
Isa.40.24,אף בל נטעו אף בל זרעו אף בל שרש בארץ גזעם וגם נשף בהם ויבשו וסערה כקש תשאם,40,-0.4849538863,-0.7024649193,-0.5339261771684447,-1.1874188056,-1.0188800634684447,False,False
Isa.40.25,ואל מי תדמיוני ואשוה יאמר קדוש,40,-0.1480726313,-0.449965926,-0.5094245295248736,-0.5980385573,-0.6574971608248736,False,False
Isa.40.26,שאו מרום עיניכם וראו מי ברא אלה המוציא במספר צבאם לכלם בשם יקרא מרב אונים ואמיץ ,40,-1.1237055337,-0.7964236129,-0.5729039306782967,-1.9201291466,-1.6966094643782967,False,False
Isa.40.27,למה תאמר יעקב ותדבר ישראל נסתרה דרכי מיהוה ומאלהי משפטי יעבור,40,1.3704535667,1.4206377387,1.9980929663671625,2.7910913054,3.3685465330671622,False,False
Isa.40.28,הלוא ידעת אם לא שמעת אלהי עולם יהוה בורא קצות הארץ לא ייעף ולא ייגע אין חקר לתבו,40,-0.9900827216,-0.5651172109,-0.5152926264319612,-1.5551999325,-1.5053753480319612,False,False
Isa.40.29,נתן ליעף כח ולאין אונים עצמה ירבה,40,-0.2640988819,-0.4606397684,-0.5193302166990873,-0.7247386503,-0.7834290985990873,False,False
Isa.40.30,ויעפו נערים ויגעו ובחורים כשול יכשלו,40,1.8192022484,1.9952636742,1.9935788420253877,3.8144659226,3.8127810904253874,False,False
Isa.40.31,וקוי יהוה יחליפו כח יעלו אבר כנשרים ירוצו ולא ייגעו ילכו ולא ייעפו,40,-0.9452432277,-0.5714918658,-0.5480008325117471,-1.5167350935,-1.4932440602117472,False,False
Isa.41.1,החרישו אלי איים ולאמים יחליפו כח יגשו אז ידברו יחדו למשפט נקרבה,41,-0.175849516,-0.392229974,-0.3461461963962609,-0.56807949,-0.5219957123962609,False,False
Isa.41.2,מי העיר ממזרח צדק יקראהו לרגלו יתן לפניו גוים ומלכים ירד יתן כעפר חרבו כקש נדף ק,41,-1.0256370405,-0.4891324165,-0.851256165236176,-1.514769457,-1.876893205736176,False,False
Isa.41.3,ירדפם יעבור שלום ארח ברגליו לא יבוא,41,1.4624127077,-0.4814953165,-0.6869799131522466,0.9809173912,0.7754327945477534,False,False
Isa.41.4,מי פעל ועשה קרא הדרות מראש אני יהוה ראשון ואת אחרנים אני הוא,41,0.7210785786,-0.5433713133,1.989831992818773,0.1777072653,2.7109105714187733,False,False
Isa.41.5,ראו איים וייראו קצות הארץ יחרדו קרבו ויאתיון,41,-0.0890296977,1.9914046534,-0.5116952359397667,1.9023749557,-0.6007249336397668,False,False
Isa.41.6,איש את רעהו יעזרו ולאחיו יאמר חזק,41,-1.3008386402,-0.5448438732,-0.5346001021027399,-1.8456825134,-1.83543874230274,False,False
Isa.41.7,ויחזק חרש את צרף מחליק פטיש את הולם פעם אמר לדבק טוב הוא ויחזקהו במסמרים לא ימוט,41,0.6820852876,-0.5022115581,-0.5005723885126081,0.1798737295,0.1815128990873918,False,False
Isa.41.8,ואתה ישראל עבדי יעקב אשר בחרתיך זרע אברהם אהבי,41,0.3476243888,-0.6415514564,-0.5544488865986735,-0.2939270676,-0.2068244977986735,False,False
Isa.41.9,אשר החזקתיך מקצות הארץ ומאציליה קראתיך ואמר לך עבדי אתה בחרתיך ולא מאסתיך,41,-0.8609770377,1.615306378,1.992332503376556,0.7543293403000001,1.131355465676556,False,False
Isa.41.10,אל תירא כי עמך אני אל תשתע כי אני אלהיך אמצתיך אף עזרתיך אף תמכתיך בימין צדקי,41,-1.3301491672,-0.7755488286,-0.3676068964705679,-2.1056979958,-1.697756063670568,False,False
Isa.41.11,הן יבשו ויכלמו כל הנחרים בך יהיו כאין ויאבדו אנשי ריבך,41,0.804119351,0.6960341331,-0.5956410863775288,1.5001534841,0.2084782646224712,False,False
Isa.41.12,תבקשם ולא תמצאם אנשי מצתך יהיו כאין וכאפס אנשי מלחמתך,41,1.4807529437,-0.5852214283,0.6336352143994339,0.8955315154,2.114388158099434,False,False
Isa.41.13,כי אני יהוה אלהיך מחזיק ימינך האמר לך אל תירא אני עזרתיך,41,-0.7022761573,-0.5837729491,-0.5593381099365821,-1.2860491064,-1.261614267236582,False,False
Isa.41.14,אל תיראי תולעת יעקב מתי ישראל אני עזרתיך נאם יהוה וגאלך קדוש ישראל,41,-0.5794530446,-0.7532386181,-0.5056978543518643,-1.3326916627,-1.0851508989518643,False,False
Isa.41.15,הנה שמתיך למורג חרוץ חדש בעל פיפיות תדוש הרים ותדק וגבעות כמץ תשים,41,1.9836668182,1.6089406126,1.9945168349852835,3.5926074308,3.978183653185283,False,True
Isa.41.16,תזרם ורוח תשאם וסערה תפיץ אותם ואתה תגיל ביהוה בקדוש ישראל תתהלל,41,-0.9052719572,0.7436779841,-0.3959469216641572,-0.1615939731,-1.3012188788641572,False,False
Isa.41.17,העניים והאביונים מבקשים מים ואין לשונם בצמא נשתה אני יהוה אענם אלהי ישראל לא אעז,41,-0.4596012857,-0.7004501532,-0.5524016224598517,-1.1600514389,-1.0120029081598516,False,False
Isa.41.18,אפתח על שפיים נהרות ובתוך בקעות מעינות אשים מדבר לאגם מים וארץ ציה למוצאי מים,41,1.8471657676,-0.5083897307,-0.0682288362507693,1.3387760369,1.7789369313492307,False,False
Isa.41.19,אתן במדבר ארז שטה והדס ועץ שמן אשים בערבה ברוש תדהר ותאשור יחדו,41,-1.0424794677,-0.8630998623,-0.4117586145341442,-1.90557933,-1.4542380822341443,False,False
Isa.41.20,למען יראו וידעו וישימו וישכילו יחדו כי יד יהוה עשתה זאת וקדוש ישראל בראה,41,-0.7835214817,-0.6726788679,-0.7128167216633434,-1.4562003496,-1.4963382033633434,False,False
Isa.41.21,קרבו ריבכם יאמר יהוה הגישו עצמותיכם יאמר מלך יעקב,41,1.6808391827,-0.5082553649,-0.4957298558691541,1.1725838178,1.185109326830846,False,False
Isa.41.22,יגישו ויגידו לנו את אשר תקרינה הראשנות מה הנה הגידו ונשימה לבנו ונדעה אחריתן או ,41,0.1154047091,-0.0423482035,0.0357491920138048,0.0730565056,0.1511539011138048,False,False
Isa.41.23,הגידו האתיות לאחור ונדעה כי אלהים אתם אף תיטיבו ותרעו ונשתעה ונרא ונראה יחדו,41,-0.6931370052,1.9552677877,1.7882247256033268,1.2621307825,1.0950877204033267,False,False
Isa.41.24,הן אתם מאין ופעלכם מאפע תועבה יבחר בכם,41,-0.5848904773,-0.4128237448,0.1194593938822472,-0.9977142221,-0.4654310834177527,False,False
Isa.41.25,העירותי מצפון ויאת ממזרח שמש יקרא בשמי ויבא סגנים כמו חמר וכמו יוצר ירמס טיט,41,1.9674857037,-0.462850385,-0.8215236744263061,1.5046353187,1.1459620292736938,False,False
Isa.41.26,מי הגיד מראש ונדעה ומלפנים ונאמר צדיק אף אין מגיד אף אין משמיע אף אין שמע אמריכם,41,-0.8092853781,-1.9163864237,-0.7314456931847386,-2.7256718018,-1.5407310712847386,False,False
Isa.41.27,ראשון לציון הנה הנם ולירושלם מבשר אתן,41,-1.0273894173,0.3824177912,1.828473039666681,-0.6449716261,0.8010836223666811,False,False
Isa.41.28,וארא ואין איש ומאלה ואין יועץ ואשאלם וישיבו דבר,41,0.8672309635,0.5594299577,-0.720463672012404,1.4266609212,0.1467672914875959,False,False
Isa.41.29,הן כלם און אפס מעשיהם רוח ותהו נסכיהם,41,1.509526668,1.1562804986,0.3823572724995877,2.6658071666,1.8918839404995875,False,False
Isa.42.1,הן עבדי אתמך בו בחירי רצתה נפשי נתתי רוחי עליו משפט לגוים יוציא,42,-1.1065736377,-0.2997977314,-0.4341063417051647,-1.4063713691,-1.5406799794051649,False,False
Isa.42.2,לא יצעק ולא ישא ולא ישמיע בחוץ קולו,42,-0.8427142964,-1.1837139576,-0.6265182516601933,-2.026428254,-1.469232548060193,False,False
Isa.42.3,קנה רצוץ לא ישבור ופשתה כהה לא יכבנה לאמת יוציא משפט,42,1.679523717,-0.4221749113,-0.5641784501256162,1.2573488057,1.1153452668743835,False,False
Isa.42.4,לא יכהה ולא ירוץ עד ישים בארץ משפט ולתורתו איים ייחילו,42,0.571724956,1.8546547229,-0.6732539635904533,2.4263796789,-0.1015290075904533,False,False
Isa.42.5,כה אמר האל יהוה בורא השמים ונוטיהם רקע הארץ וצאצאיה נתן נשמה לעם עליה ורוח להלכי,42,-0.6443129761,-0.7515661014,1.526760050597953,-1.3958790775,0.882447074497953,False,False
Isa.42.6,אני יהוה קראתיך בצדק ואחזק בידך ואצרך ואתנך לברית עם לאור גוים,42,-0.826629185,-1.1020472595,0.8643862437114235,-1.9286764445,0.0377570587114234,False,False
Isa.42.7,לפקח עינים עורות להוציא ממסגר אסיר מבית כלא ישבי חשך,42,-0.2751826038,1.6633445201,-0.6495151333045377,1.3881619163,-0.9246977371045376,False,False
Isa.42.8,אני יהוה הוא שמי וכבודי לאחר לא אתן ותהלתי לפסילים,42,-0.6368026434,-0.0473110716,-0.5650697162629692,-0.6841137150000001,-1.2018723596629692,False,False
Isa.42.9,הראשנות הנה באו וחדשות אני מגיד בטרם תצמחנה אשמיע אתכם,42,0.4285387823,-0.355975568,1.9820956295567285,0.0725632142999999,2.410634411856728,False,False
Isa.42.10,שירו ליהוה שיר חדש תהלתו מקצה הארץ יורדי הים ומלאו איים וישביהם,42,-0.7183473222,-0.9715040579,-0.703076733373738,-1.6898513801,-1.421424055573738,False,False
Isa.42.11,ישאו מדבר ועריו חצרים תשב קדר ירנו ישבי סלע מראש הרים יצוחו,42,1.7734888775,0.6274570806,-0.3835458840716028,2.4009459581,1.3899429934283971,False,False
Isa.42.12,ישימו ליהוה כבוד ותהלתו באיים יגידו,42,-0.6568824947,-0.3528476785,-0.0908397667195556,-1.0097301732,-0.7477222614195557,False,False
Isa.42.13,יהוה כגבור יצא כאיש מלחמות יעיר קנאה יריע אף יצריח על איביו יתגבר,42,-1.0818104033,-0.6502004119,-1.0508113824766852,-1.7320108152,-2.132621785776685,False,False
Isa.42.14,החשיתי מעולם אחריש אתאפק כיולדה אפעה אשם ואשאף יחד,42,0.663710809,1.987723238,1.0219434534751195,2.651434047,1.6856542624751198,False,False
Isa.42.15,אחריב הרים וגבעות וכל עשבם אוביש ושמתי נהרות לאיים ואגמים אוביש,42,1.6596327753,-0.5659805965,-0.2213228696377971,1.0936521788,1.4383099056622028,False,False
Isa.42.16,והולכתי עורים בדרך לא ידעו בנתיבות לא ידעו אדריכם אשים מחשך לפניהם לאור ומעקשים ,42,-0.8738607492,-0.9084575302,-0.7101427120573154,-1.7823182794,-1.5840034612573155,False,False
Isa.42.17,נסגו אחור יבשו בשת הבטחים בפסל האמרים למסכה אתם אלהינו,42,-0.2867007263,1.9392315098,1.9644790310904012,1.6525307835,1.6777783047904014,False,False
Isa.42.18,החרשים שמעו והעורים הביטו לראות,42,-1.1471012642,-0.1261670732,-0.4859185612020286,-1.2732683374,-1.6330198254020287,False,False
Isa.42.19,מי עור כי אם עבדי וחרש כמלאכי אשלח מי עור כמשלם ועור כעבד יהוה,42,0.7967974097,-0.6078946954,-0.50657418735707,0.1889027143,0.2902232223429299,False,False
Isa.42.20,ראית ראות רבות ולא תשמר פקוח אזנים ולא ישמע,42,0.2696123789,-0.7532843245,-0.435010492471352,-0.4836719456,-0.165398113571352,False,False
Isa.42.21,יהוה חפץ למען צדקו יגדיל תורה ויאדיר,42,-1.252386565,-0.6283158465,-0.5033040240912692,-1.8807024115,-1.755690589091269,False,False
Isa.42.22,והוא עם בזוז ושסוי הפח בחורים כלם ובבתי כלאים החבאו היו לבז ואין מציל משסה ואין ,42,0.0523163045,-0.1528135381,-0.516970291814464,-0.1004972336,-0.4646539873144639,False,False
Isa.42.23,מי בכם יאזין זאת יקשב וישמע לאחור,42,1.8799770375,1.969592536,1.9990791060345487,3.8495695735,3.879056143534549,False,False
Isa.42.24,מי נתן למשוסה למשסה יעקב וישראל לבזזים הלוא יהוה זו חטאנו לו ולא אבו בדרכיו הלוך,42,-0.7567133639,-0.6040445118,-0.4417318244557567,-1.3607578757,-1.1984451883557568,False,False
Isa.42.25,וישפך עליו חמה אפו ועזוז מלחמה ותלהטהו מסביב ולא ידע ותבער בו ולא ישים על לב,42,-0.4157807405,-0.4966119829,-0.5197244766069348,-0.9123927234,-0.9355052171069348,False,False
Isa.43.1,ועתה כה אמר יהוה בראך יעקב ויצרך ישראל אל תירא כי גאלתיך קראתי בשמך לי אתה,43,1.2898014067,-1.1080921429,-0.459368865135495,0.1817092638000002,0.8304325415645051,False,False
Isa.43.2,כי תעבר במים אתך אני ובנהרות לא ישטפוך כי תלך במו אש לא תכוה ולהבה לא תבער בך,43,-1.3970391062,1.6482406715,-0.8816219630704805,0.2512015652999999,-2.2786610692704805,False,False
Isa.43.3,כי אני יהוה אלהיך קדוש ישראל מושיעך נתתי כפרך מצרים כוש וסבא תחתיך,43,-0.4568827362,-0.3318655872,-0.3710165051259195,-0.7887483233999999,-0.8278992413259195,False,False
Isa.43.4,מאשר יקרת בעיני נכבדת ואני אהבתיך ואתן אדם תחתיך ולאמים תחת נפשך,43,1.0769308911,-0.2571584316,-0.5051627576024034,0.8197724595,0.5717681334975966,False,False
Isa.43.5,אל תירא כי אתך אני ממזרח אביא זרעך וממערב אקבצך,43,-0.8357870363,-0.953802575,-0.48703311031653,-1.7895896112999998,-1.32282014661653,False,False
Isa.43.6,אמר לצפון תני ולתימן אל תכלאי הביאי בני מרחוק ובנותי מקצה הארץ,43,-0.3670989603,-0.299642835,1.998717254465646,-0.6667417953,1.631618294165646,False,False
Isa.43.7,כל הנקרא בשמי ולכבודי בראתיו יצרתיו אף עשיתיו,43,-0.617896011,-0.6337859236,-0.5900826140300727,-1.2516819346,-1.2079786250300728,False,False
Isa.43.8,הוציא עם עור ועינים יש וחרשים ואזנים למו,43,1.9905886654,1.9712461858,-0.5748435462098056,3.9618348512,1.4157451191901944,True,False
Isa.43.9,כל הגוים נקבצו יחדו ויאספו לאמים מי בהם יגיד זאת וראשנות ישמיענו יתנו עדיהם ויצד,43,-0.3862019035,-0.1795334397,0.6217663304701018,-0.5657353432,0.2355644269701017,False,False
Isa.43.10,אתם עדי נאם יהוה ועבדי אשר בחרתי למען תדעו ותאמינו לי ותבינו כי אני הוא לפני לא ,43,-0.5534312221,-0.6254656651,1.6500353928103428,-1.1788968872,1.0966041707103429,False,False
Isa.43.11,אנכי אנכי יהוה ואין מבלעדי מושיע,43,-0.4710692731,-0.7421199357,-0.9037325082915136,-1.2131892088,-1.374801781391514,False,False
Isa.43.12,אנכי הגדתי והושעתי והשמעתי ואין בכם זר ואתם עדי נאם יהוה ואני אל,43,-0.6128833838,-0.6939907907,-0.8926504623933501,-1.3068741745,-1.50553384619335,False,False
Isa.43.13,גם מיום אני הוא ואין מידי מציל אפעל ומי ישיבנה,43,1.9781983427,0.7269638903,1.3359614072604775,2.705162233,3.314159749960478,False,False
Isa.43.14,כה אמר יהוה גאלכם קדוש ישראל למענכם שלחתי בבלה והורדתי בריחים כלם וכשדים באניות ,43,-0.4997985048,1.6068452246,1.0313036712437826,1.1070467198,0.5315051664437827,False,False
Isa.43.15,אני יהוה קדושכם בורא ישראל מלככם,43,-0.6817201706,-0.6897237537,-0.318949442326612,-1.3714439243,-1.000669612926612,False,False
Isa.43.16,כה אמר יהוה הנותן בים דרך ובמים עזים נתיבה,43,-0.7496726015,-0.9297482073,-0.5107130421131254,-1.6794208088,-1.260385643613125,False,False
Isa.43.17,המוציא רכב וסוס חיל ועזוז יחדו ישכבו בל יקומו דעכו כפשתה כבו,43,-0.0066520212,0.831038973,-0.5099220189177632,0.8243869518,-0.5165740401177632,False,False
Isa.43.18,אל תזכרו ראשנות וקדמניות אל תתבננו,43,1.2742782474,1.5490485763,1.999877224607371,2.8233268237,3.274155472007372,False,False
Isa.43.19,הנני עשה חדשה עתה תצמח הלוא תדעוה אף אשים במדבר דרך בישמון נהרות,43,0.8829274431,-0.6870638998,-0.4791917566345107,0.1958635433,0.4037356864654893,False,False
Isa.43.20,תכבדני חית השדה תנים ובנות יענה כי נתתי במדבר מים נהרות בישימן להשקות עמי בחירי,43,-0.2393427409,-0.5266735301,-0.5017114054035737,-0.7660162709999999,-0.7410541463035737,False,False
Isa.43.21,עם זו יצרתי לי תהלתי יספרו,43,-1.1628228137,-0.594414978,-0.5156139755337221,-1.7572377917000002,-1.6784367892337222,False,False
Isa.43.22,ולא אתי קראת יעקב כי יגעת בי ישראל,43,0.5702412294,-0.9303979394,-0.6946034746068545,-0.36015671,-0.1243622452068544,False,False
Isa.43.23,לא הביאת לי שה עלתיך וזבחיך לא כבדתני לא העבדתיך במנחה ולא הוגעתיך בלבונה,43,0.6401418611,1.035887649,1.8791324630454995,1.6760295101,2.519274324145499,False,False
Isa.43.24,לא קנית לי בכסף קנה וחלב זבחיך לא הרויתני אך העבדתני בחטאותיך הוגעתני בעונתיך,43,-0.6546884407,-0.3388775214,0.1773708849111559,-0.9935659621,-0.477317555788844,False,False
Isa.43.25,אנכי אנכי הוא מחה פשעיך למעני וחטאתיך לא אזכר,43,-0.8867710492,-0.6341291124,-0.7238576707800101,-1.5209001616000002,-1.61062871998001,False,False
Isa.43.26,הזכירני נשפטה יחד ספר אתה למען תצדק,43,0.3003859838,1.9107934059,-0.3524519837852955,2.2111793897,-0.0520659999852955,False,False
Isa.43.27,אביך הראשון חטא ומליציך פשעו בי,43,1.2464085981,-0.6472187287,-0.1816195114620156,0.5991898694,1.0647890866379843,False,False
Isa.43.28,ואחלל שרי קדש ואתנה לחרם יעקב וישראל לגדופים,43,0.8002227126,0.1184221894,0.0787168726020595,0.918644902,0.8789395852020596,False,False
Isa.44.1,ועתה שמע יעקב עבדי וישראל בחרתי בו,44,-0.6048366301,-0.5831593152,-1.7751433345856844,-1.1879959453,-2.3799799646856843,False,False
Isa.44.2,כה אמר יהוה עשך ויצרך מבטן יעזרך אל תירא עבדי יעקב וישרון בחרתי בו,44,-0.6997959661,-0.8062982789,-0.3293918767977585,-1.506094245,-1.0291878428977586,False,False
Isa.44.3,כי אצק מים על צמא ונזלים על יבשה אצק רוחי על זרעך וברכתי על צאצאיך,44,-1.0754777503,-0.4465088334,-0.0258401326832609,-1.5219865837,-1.1013178829832608,False,False
Isa.44.4,וצמחו בבין חציר כערבים על יבלי מים,44,1.9012936485,1.9989063221,1.883545179950636,3.9001999706,3.784838828450636,True,False
Isa.44.5,זה יאמר ליהוה אני וזה יקרא בשם יעקב וזה יכתב ידו ליהוה ובשם ישראל יכנה,44,-0.3448170647,-0.6652816986,-0.9634014944821,-1.0100987633,-1.3082185591821,False,False
Isa.44.6,כה אמר יהוה מלך ישראל וגאלו יהוה צבאות אני ראשון ואני אחרון ומבלעדי אין אלהים,44,-1.2665879155,-0.679403136,-1.028522764382198,-1.9459910515,-2.295110679882198,False,False
Isa.44.7,ומי כמוני יקרא ויגידה ויערכה לי משומי עם עולם ואתיות ואשר תבאנה יגידו למו,44,1.1787290022,1.9643695692,1.2436279894018307,3.1430985714000004,2.4223569916018306,False,False
Isa.44.8,אל תפחדו ואל תרהו הלא מאז השמעתיך והגדתי ואתם עדי היש אלוה מבלעדי ואין צור בל יד,44,-0.8821487192,-0.2378722568,1.0294369706315247,-1.120020976,0.1472882514315246,False,False
Isa.44.9,יצרי פסל כלם תהו וחמודיהם בל יועילו ועדיהם המה בל יראו ובל ידעו למען יבשו,44,0.1985270213,-0.9780071031,-0.8982440252840017,-0.7794800818000001,-0.6997170039840017,False,False
Isa.44.10,מי יצר אל ופסל נסך לבלתי הועיל,44,1.2613619293,-0.5676181933,-0.5079415379198572,0.693743736,0.7534203913801428,False,False
Isa.44.11,הן כל חבריו יבשו וחרשים המה מאדם יתקבצו כלם יעמדו יפחדו יבשו יחד,44,-0.8773346815,0.5565265618,-0.8434865545383282,-0.3208081197,-1.7208212360383284,False,False
Isa.44.12,חרש ברזל מעצד ופעל בפחם ובמקבות יצרהו ויפעלהו בזרוע כחו גם רעב ואין כח לא שתה מי,44,0.783930154,1.6242443557,1.2521911169055575,2.4081745097,2.0361212709055576,False,False
Isa.44.13,חרש עצים נטה קו יתארהו בשרד יעשהו במקצעות ובמחוגה יתארהו ויעשהו כתבנית איש כתפאר,44,-1.2837139158,-0.637220047,1.1926298999812917,-1.9209339628,-0.0910840158187082,False,False
Isa.44.14,לכרת לו ארזים ויקח תרזה ואלון ויאמץ לו בעצי יער נטע אר וגשם יגדל,44,1.0047652529,-0.8507416473,-0.6751420884614503,0.1540236055999999,0.3296231644385496,False,False
Isa.44.15,והיה לאדם לבער ויקח מהם ויחם אף ישיק ואפה לחם אף יפעל אל וישתחו עשהו פסל ויסגד ל,44,0.3176000786,1.4979120773,-0.4925088160065441,1.8155121559,-0.1749087374065441,False,False
Isa.44.16,חציו שרף במו אש על חציו בשר יאכל יצלה צלי וישבע אף יחם ויאמר האח חמותי ראיתי אור,44,-0.7941860148,-0.7604437508,-1.1481342833529662,-1.5546297656,-1.942320298152966,False,False
Isa.44.17,ושאריתו לאל עשה לפסלו יסגוד יסגד לו וישתחו ויתפלל אליו ויאמר הצילני כי אלי אתה,44,0.2762640007,0.8930233058,0.762799536348284,1.1692873065,1.039063537048284,False,False
Isa.44.18,לא ידעו ולא יבינו כי טח מראות עיניהם מהשכיל לבתם,44,-0.454534589,-0.8699535239,-0.4899229346730583,-1.3244881129,-0.9444575236730584,False,False
Isa.44.19,ולא ישיב אל לבו ולא דעת ולא תבונה לאמר חציו שרפתי במו אש ואף אפיתי על גחליו לחם ,44,-1.4190509388,-0.3430597074,-0.5587274907712135,-1.7621106462,-1.9777784295712133,False,False
Isa.44.20,רעה אפר לב הותל הטהו ולא יציל את נפשו ולא יאמר הלוא שקר בימיני,44,1.230903925,-0.2577917599,1.9997118965233147,0.9731121651,3.2306158215233145,False,False
Isa.44.21,זכר אלה יעקב וישראל כי עבדי אתה יצרתיך עבד לי אתה ישראל לא תנשני,44,0.7179820388,-0.6970503331,-0.4830216300601776,0.0209317057,0.2349604087398223,False,False
Isa.44.22,מחיתי כעב פשעיך וכענן חטאותיך שובה אלי כי גאלתיך,44,-1.9888644953,1.9783530532,-0.4848025421669703,-0.0105114421000001,-2.4736670374669703,False,False
Isa.44.23,רנו שמים כי עשה יהוה הריעו תחתיות ארץ פצחו הרים רנה יער וכל עץ בו כי גאל יהוה יע,44,0.0040329981,-0.5937733244,-0.7677287911449577,-0.5897403263,-0.7636957930449577,False,False
Isa.44.24,כה אמר יהוה גאלך ויצרך מבטן אנכי יהוה עשה כל נטה שמים לבדי רקע הארץ מי אתי מאתי,44,-0.2162370908,-0.935003601,-0.6866413182673647,-1.1512406918,-0.9028784090673648,False,False
Isa.44.25,מפר אתות בדים וקסמים יהולל משיב חכמים אחור ודעתם ישכל,44,1.1241988304,-0.4762974677,-0.4993266267126586,0.6479013626999999,0.6248722036873413,False,False
Isa.44.26,מקים דבר עבדו ועצת מלאכיו ישלים האמר לירושלם תושב ולערי יהודה תבנינה וחרבותיה אק,44,-0.3295975705,-0.4625052529,-0.4991704096362353,-0.7921028234,-0.8287679801362353,False,False
Isa.44.27,האמר לצולה חרבי ונהרתיך אוביש,44,1.2225338538,1.9989364752,1.999999508055959,3.221470329,3.222533361855959,False,False
Isa.44.28,האמר לכורש רעי וכל חפצי ישלם ולאמר לירושלם תבנה והיכל תוסד,44,-1.0071316472,-0.4744884699,-0.5006192458559301,-1.4816201171,-1.5077508930559302,False,False
Isa.45.1,כה אמר יהוה למשיחו לכורש אשר החזקתי בימינו לרד לפניו גוים ומתני מלכים אפתח לפתח ,45,-0.5999463786,-0.5294481958,-0.5008747118654445,-1.1293945744,-1.1008210904654443,False,False
Isa.45.2,אני לפניך אלך והדורים אושר אישר דלתות נחושה אשבר ובריחי ברזל אגדע,45,1.8832637459,0.5878303162,1.9421009993285636,2.4710940621,3.8253647452285633,False,False
Isa.45.3,ונתתי לך אוצרות חשך ומטמני מסתרים למען תדע כי אני יהוה הקורא בשמך אלהי ישראל,45,-0.1549651713,-0.696904589,-0.4900283416284945,-0.8518697603,-0.6449935129284946,False,False
Isa.45.4,למען עבדי יעקב וישראל בחירי ואקרא לך בשמך אכנך ולא ידעתני,45,-0.5698337896,-0.1328786422,-0.4811098855596309,-0.7027124318,-1.050943675159631,False,False
Isa.45.5,אני יהוה ואין עוד זולתי אין אלהים אאזרך ולא ידעתני,45,-0.6840068809,-0.2483288821,1.5298044898223349,-0.932335763,0.8457976089223349,False,False
Isa.45.6,למען ידעו ממזרח שמש וממערבה כי אפס בלעדי אני יהוה ואין עוד,45,1.0088505958,-0.6528401975,-1.0273143869755073,0.3560103983,-0.0184637911755072,False,False
Isa.45.7,יוצר אור ובורא חשך עשה שלום ובורא רע אני יהוה עשה כל אלה,45,-1.0293192914,-0.5350012577,-1.0960819173540963,-1.5643205491,-2.1254012087540968,False,False
Isa.45.8,הרעיפו שמים ממעל ושחקים יזלו צדק תפתח ארץ ויפרו ישע וצדקה תצמיח יחד אני יהוה ברא,45,-0.5489577549,1.7972776144,1.8627100362827596,1.2483198595,1.3137522813827591,False,False
Isa.45.9,הוי רב את יצרו חרש את חרשי אדמה היאמר חמר ליצרו מה תעשה ופעלך אין ידים לו,45,-0.450778313,-0.7159286062,-0.082509241619099,-1.1667069192,-0.533287554619099,False,False
Isa.45.10,הוי אמר לאב מה תוליד ולאשה מה תחילין,45,1.5399002104,0.3807317762,-0.7617701811248769,1.9206319866,0.778130029275123,False,False
Isa.45.11,כה אמר יהוה קדוש ישראל ויצרו האתיות שאלוני על בני ועל פעל ידי תצוני,45,0.7947494812,-0.525917821,0.4504740615620121,0.2688316602,1.245223542762012,False,False
Isa.45.12,אנכי עשיתי ארץ ואדם עליה בראתי אני ידי נטו שמים וכל צבאם צויתי,45,-0.8165325677,-0.7125566817,-1.358288921232217,-1.5290892494,-2.1748214889322166,False,False
Isa.45.13,אנכי העירתהו בצדק וכל דרכיו אישר הוא יבנה עירי וגלותי ישלח לא במחיר ולא בשחד אמר,45,-0.1531318939,0.6528438206,1.3536395428947947,0.4997119267,1.2005076489947948,False,False
Isa.45.14,כה אמר יהוה יגיע מצרים וסחר כוש וסבאים אנשי מדה עליך יעברו ולך יהיו אחריך ילכו ב,45,-1.1344934426,-0.1614775754,-0.1049172626911336,-1.295971018,-1.2394107052911336,False,False
Isa.45.15,אכן אתה אל מסתתר אלהי ישראל מושיע,45,-0.1426964318,-1.0153070495,-1.0332341265171567,-1.1580034813,-1.1759305583171566,False,False
Isa.45.16,בושו וגם נכלמו כלם יחדו הלכו בכלמה חרשי צירים,45,1.8861242408,1.8233883261,1.909515389728582,3.7095125669,3.7956396305285818,False,False
Isa.45.17,ישראל נושע ביהוה תשועת עולמים לא תבשו ולא תכלמו עד עולמי עד,45,-0.6863339066,0.3093204375,-0.4014627575880461,-0.3770134691,-1.0877966641880463,False,False
Isa.45.18,כי כה אמר יהוה בורא השמים הוא האלהים יצר הארץ ועשה הוא כוננה לא תהו בראה לשבת יצ,45,-1.0022201415,-1.0357505328,-0.7669296576754109,-2.0379706743000003,-1.7691497991754108,False,False
Isa.45.19,לא בסתר דברתי במקום ארץ חשך לא אמרתי לזרע יעקב תהו בקשוני אני יהוה דבר צדק מגיד ,45,0.1702669945,-1.0532806679,-0.4490040358658747,-0.8830136734,-0.2787370413658747,False,False
Isa.45.20,הקבצו ובאו התנגשו יחדו פליטי הגוים לא ידעו הנשאים את עץ פסלם ומתפללים אל אל לא י,45,1.6188773885,1.7819365823,1.8235446659982064,3.4008139708,3.4424220544982065,False,False
Isa.45.21,הגידו והגישו אף יועצו יחדו מי השמיע זאת מקדם מאז הגידה הלוא אני יהוה ואין עוד אל,45,0.0770492996,0.4191918271,0.2466517613267897,0.4962411267,0.3237010609267897,False,False
Isa.45.22,פנו אלי והושעו כל אפסי ארץ כי אני אל ואין עוד,45,-0.6956718241,-0.8047763826,-0.6542602880687892,-1.5004482066999998,-1.3499321121687893,False,False
Isa.45.23,בי נשבעתי יצא מפי צדקה דבר ולא ישוב כי לי תכרע כל ברך תשבע כל לשון,45,-0.6016517914,-0.6876795486,-0.6075023488918079,-1.28933134,-1.2091541402918078,False,False
Isa.45.24,אך ביהוה לי אמר צדקות ועז עדיו יבוא ויבשו כל הנחרים בו,45,0.8838033211,-0.4851485999,1.7093166578956576,0.3986547212,2.5931199789956576,False,False
Isa.45.25,ביהוה יצדקו ויתהללו כל זרע ישראל,45,-1.0830438618,0.589906436,-0.69491592057101,-0.4931374258,-1.77795978237101,False,False
Isa.46.1,כרע בל קרס נבו היו עצביהם לחיה ולבהמה נשאתיכם עמוסות משא לעיפה,46,1.4523544152,1.6836728,0.5154190772784263,3.1360272152000004,1.9677734924784265,False,False
Isa.46.2,קרסו כרעו יחדו לא יכלו מלט משא ונפשם בשבי הלכה,46,0.0384914907,-0.7023756734,-0.888514745885122,-0.6638841826999999,-0.850023255185122,False,False
Isa.46.3,שמעו אלי בית יעקב וכל שארית בית ישראל העמסים מני בטן הנשאים מני רחם,46,-0.5356858551,-0.541115851,-0.5026701514253756,-1.0768017061,-1.0383560065253756,False,False
Isa.46.4,ועד זקנה אני הוא ועד שיבה אני אסבל אני עשיתי ואני אשא ואני אסבל ואמלט,46,-0.681313456,-0.5137967398,-0.4981312642821359,-1.1951101958,-1.179444720282136,False,False
Isa.46.5,למי תדמיוני ותשוו ותמשלוני ונדמה,46,1.9852767037,1.9996238087,1.99997431885303,3.9849005124,3.9852510225530304,True,True
Isa.46.6,הזלים זהב מכיס וכסף בקנה ישקלו ישכרו צורף ויעשהו אל יסגדו אף ישתחוו,46,-0.5100989011,-0.4805420363,-0.5026022942310446,-0.9906409374,-1.0127011953310443,False,False
Isa.46.7,ישאהו על כתף יסבלהו ויניחהו תחתיו ויעמד ממקומו לא ימיש אף יצעק אליו ולא יענה מצר,46,-0.783396169,-0.5233283108,-0.5166277281898782,-1.3067244798,-1.3000238971898783,False,False
Isa.46.8,זכרו זאת והתאששו השיבו פושעים על לב,46,1.9102653206,1.4907439539,1.895389536934502,3.4010092745,3.8056548575345017,False,False
Isa.46.9,זכרו ראשנות מעולם כי אנכי אל ואין עוד אלהים ואפס כמוני,46,-0.6104915963,-0.5791237671,-0.1731903114063765,-1.1896153634000002,-0.7836819077063766,False,False
Isa.46.10,מגיד מראשית אחרית ומקדם אשר לא נעשו אמר עצתי תקום וכל חפצי אעשה,46,-0.9387091017,-0.6479405025,-0.6310154989590571,-1.5866496042,-1.569724600659057,False,False
Isa.46.11,קרא ממזרח עיט מארץ מרחק איש עצתו עצתי אף דברתי אף אביאנה יצרתי אף אעשנה,46,0.1522854501,-0.406040305,-0.346223816644774,-0.2537548549,-0.193938366544774,False,False
Isa.46.12,שמעו אלי אבירי לב הרחוקים מצדקה,46,1.8780493273,-0.4878204114,-0.8382815038501507,1.3902289159,1.0397678234498495,False,False
Isa.46.13,קרבתי צדקתי לא תרחק ותשועתי לא תאחר ונתתי בציון תשועה לישראל תפארתי,46,-1.2058763947,1.9338333196,0.4701749164351562,0.7279569249,-0.7357014782648437,False,False
Isa.47.1,רדי ושבי על עפר בתולת בת בבל שבי לארץ אין כסא בת כשדים כי לא תוסיפי יקראו לך רכה,47,-0.5049507547,-0.6930577414,-1.056174797458726,-1.1980084961,-1.561125552158726,False,False
Isa.47.2,קחי רחים וטחני קמח גלי צמתך חשפי שבל גלי שוק עברי נהרות,47,1.6473935064,0.0244108393,1.0930789712630746,1.6718043457,2.740472477663075,False,False
Isa.47.3,תגל ערותך גם תראה חרפתך נקם אקח ולא אפגע אדם,47,-1.305178773,-0.3331901834,1.090372974559342,-1.6383689564,-0.2148057984406579,False,False
Isa.47.4,גאלנו יהוה צבאות שמו קדוש ישראל,47,-0.2605872919,-1.0644699827,-1.170274132675004,-1.3250572746,-1.4308614245750042,False,False
Isa.47.5,שבי דומם ובאי בחשך בת כשדים כי לא תוסיפי יקראו לך גברת ממלכות,47,1.7140449616,1.6957817329,0.62495099310173,3.4098266945,2.33899595470173,False,False
Isa.47.6,קצפתי על עמי חללתי נחלתי ואתנם בידך לא שמת להם רחמים על זקן הכבדת עלך מאד,47,0.0500592282,0.0369547437,-0.715786149118291,0.0870139719,-0.665726920918291,False,False
Isa.47.7,ותאמרי לעולם אהיה גברת עד לא שמת אלה על לבך לא זכרת אחריתה,47,-0.7099834502,-0.5360926141,-0.6911047070001288,-1.2460760643,-1.4010881572001288,False,False
Isa.47.8,ועתה שמעי זאת עדינה היושבת לבטח האמרה בלבבה אני ואפסי עוד לא אשב אלמנה ולא אדע ש,47,-0.7759435527,-0.9858424649,-0.4797636951696895,-1.7617860176,-1.2557072478696896,False,False
Isa.47.9,ותבאנה לך שתי אלה רגע ביום אחד שכול ואלמן כתמם באו עליך ברב כשפיך בעצמת חבריך מא,47,1.9110919683,1.7833413812,0.8419795296877801,3.6944333495,2.75307149798778,False,False
Isa.47.10,ותבטחי ברעתך אמרת אין ראני חכמתך ודעתך היא שובבתך ותאמרי בלבך אני ואפסי עוד,47,-0.6524422469,-0.1189900099,0.8594244080841579,-0.7714322567999999,0.2069821611841579,False,False
Isa.47.11,ובא עליך רעה לא תדעי שחרה ותפל עליך הוה לא תוכלי כפרה ותבא עליך פתאם שואה לא תדע,47,-0.8254750163,-1.504327362,-1.7105847892159105,-2.3298023783,-2.5360598055159107,False,False
Isa.47.12,עמדי נא בחבריך וברב כשפיך באשר יגעת מנעוריך אולי תוכלי הועיל אולי תערוצי,47,0.0253249357,0.7823637366,0.6524815434007069,0.8076886723000001,0.6778064791007069,False,False
Isa.47.13,נלאית ברב עצתיך יעמדו נא ויושיעך הברו הברי שמים החזים בכוכבים מודיעם לחדשים מאשר,47,1.0558588682,1.2407227307,1.5035999099465411,2.2965815989,2.559458778146541,False,False
Isa.47.14,הנה היו כקש אש שרפתם לא יצילו את נפשם מיד להבה אין גחלת לחמם אור לשבת נגדו,47,0.6389119587,-1.1679221827,-0.8614742224484243,-0.529010224,-0.2225622637484243,False,False
Isa.47.15,כן היו לך אשר יגעת סחריך מנעוריך איש לעברו תעו אין מושיעך,47,0.4494597203,0.8974185735,-0.3402539488793293,1.3468782938,0.1092057714206706,False,False
Isa.48.1,שמעו זאת בית יעקב הנקראים בשם ישראל וממי יהודה יצאו הנשבעים בשם יהוה ובאלהי ישרא,48,-0.9248266109,-0.5765114133,-0.5166688469149716,-1.5013380241999998,-1.4414954578149717,False,False
Isa.48.2,כי מעיר הקדש נקראו ועל אלהי ישראל נסמכו יהוה צבאות שמו,48,-1.4478800752,-0.5872909487,-0.5301917777397357,-2.0351710239000003,-1.978071852939736,False,False
Isa.48.3,הראשנות מאז הגדתי ומפי יצאו ואשמיעם פתאם עשיתי ותבאנה,48,-0.3638103007,1.996753953,1.993430086188032,1.6329436523,1.629619785488032,False,False
Isa.48.4,מדעתי כי קשה אתה וגיד ברזל ערפך ומצחך נחושה,48,-0.3567697364,-0.5339291236,-0.5755305620038892,-0.89069886,-0.9323002984038892,False,False
Isa.48.5,ואגיד לך מאז בטרם תבוא השמעתיך פן תאמר עצבי עשם ופסלי ונסכי צום,48,1.9978799265,-0.4135880527,-0.4051483324832092,1.5842918738,1.5927315940167908,False,False
Isa.48.6,שמעת חזה כלה ואתם הלוא תגידו השמעתיך חדשות מעתה ונצרות ולא ידעתם,48,-0.4273175399,0.4130813857,1.1503149104864647,-0.0142361541999999,0.7229973705864647,False,False
Isa.48.7,עתה נבראו ולא מאז ולפני יום ולא שמעתם פן תאמר הנה ידעתין,48,-0.250367439,-0.9733715802,-0.5151806941137262,-1.2237390192,-0.7655481331137263,False,False
Isa.48.8,גם לא שמעת גם לא ידעת גם מאז לא פתחה אזנך כי ידעתי בגוד תבגוד ופשע מבטן קרא לך,48,-0.6141391676,-1.0189883184,-0.7008980590529873,-1.6331274859999998,-1.3150372266529873,False,False
Isa.48.9,למען שמי אאריך אפי ותהלתי אחטם לך לבלתי הכריתך,48,-0.693623358,1.9053063076,-0.6364921699682207,1.2116829496,-1.3301155279682206,False,False
Isa.48.10,הנה צרפתיך ולא בכסף בחרתיך בכור עני,48,1.1853505743,0.1373255225,1.9613845867783928,1.3226760968,3.1467351610783925,False,False
Isa.48.11,למעני למעני אעשה כי איך יחל וכבודי לאחר לא אתן,48,-0.7404592301,-0.6959292115,-0.6565813279661634,-1.4363884416,-1.3970405580661636,False,False
Isa.48.12,שמע אלי יעקב וישראל מקראי אני הוא אני ראשון אף אני אחרון,48,1.2501610438,-0.8667350823,-0.6545562357886363,0.3834259614999999,0.5956048080113636,False,False
Isa.48.13,אף ידי יסדה ארץ וימיני טפחה שמים קרא אני אליהם יעמדו יחדו,48,-0.8592236822,-0.7243295214,-0.6890144900688006,-1.5835532036,-1.5482381722688006,False,False
Isa.48.14,הקבצו כלכם ושמעו מי בהם הגיד את אלה יהוה אהבו יעשה חפצו בבבל וזרעו כשדים,48,-0.297514902,1.117848203,0.1091301757342248,0.820333301,-0.1883847262657751,False,False
Isa.48.15,אני אני דברתי אף קראתיו הביאתיו והצליח דרכו,48,1.5440620231,1.324436658,1.9070306966219848,2.8684986811,3.451092719721985,False,False
Isa.48.16,קרבו אלי שמעו זאת לא מראש בסתר דברתי מעת היותה שם אני ועתה אדני יהוה שלחני ורוחו,48,-0.7515805537,-0.8804844368,-0.5691677934384315,-1.6320649905,-1.3207483471384314,False,False
Isa.48.17,כה אמר יהוה גאלך קדוש ישראל אני יהוה אלהיך מלמדך להועיל מדריכך בדרך תלך,48,-0.8696831672,-0.8101841672,-0.6871524184025941,-1.6798673344,-1.5568355856025942,False,False
Isa.48.18,לוא הקשבת למצותי ויהי כנהר שלומך וצדקתך כגלי הים,48,-0.3001193872,0.2784995146,1.9461863686403185,-0.0216198725999999,1.6460669814403186,False,False
Isa.48.19,ויהי כחול זרעך וצאצאי מעיך כמעתיו לא יכרת ולא ישמד שמו מלפני,48,-0.702107577,0.8077380191,-0.1722961780455483,0.1056304420999999,-0.8744037550455483,False,False
Isa.48.20,צאו מבבל ברחו מכשדים בקול רנה הגידו השמיעו זאת הוציאוה עד קצה הארץ אמרו גאל יהוה,48,0.1290805379,-0.9428746993,-0.4185193264968097,-0.8137941614,-0.2894387885968097,False,False
Isa.48.21,ולא צמאו בחרבות הוליכם מים מצור הזיל למו ויבקע צור ויזבו מים,48,1.6817970501,1.5237793482,-0.2061489354344933,3.2055763983,1.4756481146655065,False,False
Isa.48.22,אין שלום אמר יהוה לרשעים,48,-0.4021865857,-0.7730319808,-1.3631032001170025,-1.1752185665,-1.7652897858170022,False,False
Isa.49.1,שמעו איים אלי והקשיבו לאמים מרחוק יהוה מבטן קראני ממעי אמי הזכיר שמי,49,-0.8645313394,-0.3951130676,-0.2556316392499663,-1.259644407,-1.1201629786499665,False,False
Isa.49.2,וישם פי כחרב חדה בצל ידו החביאני וישימני לחץ ברור באשפתו הסתירני,49,1.8438816912,1.7390146993,1.9420615893105284,3.5828963905,3.785943280510528,False,False
Isa.49.3,ויאמר לי עבדי אתה ישראל אשר בך אתפאר,49,-0.9106189922,-1.2981555204,-0.9593755267902504,-2.2087745126,-1.8699945189902505,False,False
Isa.49.4,ואני אמרתי לריק יגעתי לתהו והבל כחי כליתי אכן משפטי את יהוה ופעלתי את אלהי,49,-0.6382680294,-0.4493787248,-0.8327016467966276,-1.0876467542,-1.4709696761966278,False,False
Isa.49.5,ועתה אמר יהוה יצרי מבטן לעבד לו לשובב יעקב אליו וישראל לא לו יאסף ואכבד בעיני יה,49,1.4244993775,1.690052583,0.0992035193878531,3.1145519605,1.5237028968878532,False,False
Isa.49.6,ויאמר נקל מהיותך לי עבד להקים את שבטי יעקב ונצירי ונצורי ישראל להשיב ונתתיך לאור,49,-0.1130372487,-0.892608072,1.9152269568438207,-1.0056453207,1.8021897081438207,False,False
Isa.49.7,כה אמר יהוה גאל ישראל קדושו לבזה נפש למתעב גוי לעבד משלים מלכים יראו וקמו שרים ו,49,0.4901473663,-0.4810028487,-0.8841995049601565,0.0091445176,-0.3940521386601565,False,False
Isa.49.8,כה אמר יהוה בעת רצון עניתיך וביום ישועה עזרתיך ואצרך ואתנך לברית עם להקים ארץ לה,49,-0.9359032639,-0.538227971,-0.9224986969956072,-1.4741312349,-1.8584019608956075,False,False
Isa.49.9,לאמר לאסורים צאו לאשר בחשך הגלו על דרכים ירעו ובכל שפיים מרעיתם,49,-0.4308489222,0.3662595951,-0.5148025525537986,-0.0645893270999999,-0.9456514747537984,False,False
Isa.49.10,לא ירעבו ולא יצמאו ולא יכם שרב ושמש כי מרחמם ינהגם ועל מבועי מים ינהלם,49,-0.5654346527,-0.7059603366,-0.3054137654738068,-1.2713949893,-0.8708484181738069,False,False
Isa.49.11,ושמתי כל הרי לדרך ומסלתי ירמון,49,1.9906256597,1.8094179926,1.9906309634537576,3.8000436523,3.9812566231537576,False,True
Isa.49.12,הנה אלה מרחוק יבאו והנה אלה מצפון ומים ואלה מארץ סינים,49,-0.544442309,-0.5843284705,-0.5842480647252063,-1.1287707795,-1.1286903737252063,False,False
Isa.49.13,רנו שמים וגילי ארץ יפצחו ופצחו הרים רנה כי נחם יהוה עמו ועניו ירחם,49,-0.3357082021,-0.4769062716,-0.4501487305834062,-0.8126144737000001,-0.7858569326834063,False,False
Isa.49.14,ותאמר ציון עזבני יהוה ואדני שכחני,49,-0.1579643746,1.7671317772,-0.7330470601735017,1.6091674025999998,-0.8910114347735018,False,False
Isa.49.15,התשכח אשה עולה מרחם בן בטנה גם אלה תשכחנה ואנכי לא אשכחך,49,-0.507932245,-1.0472626369,-1.0656698564138494,-1.5551948819,-1.5736021014138497,False,False
Isa.49.16,הן על כפים חקתיך חומתיך נגדי תמיד,49,0.0936820958,-0.739467456,1.1301037643867369,-0.6457853602,1.2237858601867369,False,False
Isa.49.17,מהרו בניך מהרסיך ומחרביך ממך יצאו,49,-0.6880851832,-0.5205131286,-0.421192089936936,-1.2085983118,-1.109277273136936,False,False
Isa.49.18,שאי סביב עיניך וראי כלם נקבצו באו לך חי אני נאם יהוה כי כלם כעדי תלבשי ותקשרים כ,49,-0.6349393573,-0.2581312561,-0.5736391447773515,-0.8930706133999999,-1.2085785020773514,False,False
Isa.49.19,כי חרבתיך ושממתיך וארץ הרסתיך כי עתה תצרי מיושב ורחקו מבלעיך,49,1.8928471259,1.9759171268,1.997013310976622,3.8687642527,3.8898604368766216,False,False
Isa.49.20,עוד יאמרו באזניך בני שכליך צר לי המקום גשה לי ואשבה,49,0.0869135585,-0.424964291,-0.4856935287063113,-0.3380507325,-0.3987799702063113,False,False
Isa.49.21,ואמרת בלבבך מי ילד לי את אלה ואני שכולה וגלמודה גלה וסורה ואלה מי גדל הן אני נשא,49,-0.6302455484,-0.5966287583,-0.5147363938099097,-1.2268743067,-1.1449819422099097,False,False
Isa.49.22,כה אמר אדני יהוה הנה אשא אל גוים ידי ואל עמים ארים נסי והביאו בניך בחצן ובנתיך ע,49,-0.5377235422,-0.5275875051,-0.9927514846217474,-1.0653110472999998,-1.5304750268217475,False,False
Isa.49.23,והיו מלכים אמניך ושרותיהם מיניקתיך אפים ארץ ישתחוו לך ועפר רגליך ילחכו וידעת כי ,49,-0.5233742622,-0.4724699337,0.1460029874612819,-0.9958441959,-0.3773712747387181,False,False
Isa.49.24,היקח מגבור מלקוח ואם שבי צדיק ימלט,49,1.9995974395,1.9994303407,-0.4718228440503204,3.9990277802,1.5277745954496798,True,False
Isa.49.25,כי כה אמר יהוה גם שבי גבור יקח ומלקוח עריץ ימלט ואת יריבך אנכי אריב ואת בניך אנכ,49,-0.4498071888,-0.5142872677,-0.2787889207384138,-0.9640944565,-0.7285961095384138,False,False
Isa.49.26,והאכלתי את מוניך את בשרם וכעסיס דמם ישכרון וידעו כל בשר כי אני יהוה מושיעך וגאלך,49,-0.5223797749,-0.4638953388,1.97262747636714,-0.9862751137,1.4502477014671395,False,False
Isa.50.1,כה אמר יהוה אי זה ספר כריתות אמכם אשר שלחתיה או מי מנושי אשר מכרתי אתכם לו הן בע,50,-0.7797746817,-0.5719706597,-0.5836218981626117,-1.3517453414,-1.3633965798626115,False,False
Isa.50.2,מדוע באתי ואין איש קראתי ואין עונה הקצור קצרה ידי מפדות ואם אין בי כח להציל הן ב,50,-0.265705254,-0.5054271798,-0.5038705489323441,-0.7711324338,-0.7695758029323441,False,False
Isa.50.3,אלביש שמים קדרות ושק אשים כסותם,50,1.9610395819,1.9989433475,-0.9227225311633356,3.9599829294,1.0383170507366644,True,False
Isa.50.4,אדני יהוה נתן לי לשון למודים לדעת לעות את יעף דבר יעיר בבקר בבקר יעיר לי אזן לשמ,50,-0.6702645723,-0.7726126656,-0.5077016887697269,-1.4428772379,-1.1779662610697268,False,False
Isa.50.5,אדני יהוה פתח לי אזן ואנכי לא מריתי אחור לא נסוגתי,50,-0.8389825764,-0.8159515566,-0.4659346287011468,-1.6549341329999998,-1.3049172051011468,False,False
Isa.50.6,גוי נתתי למכים ולחיי למרטים פני לא הסתרתי מכלמות ורק,50,-0.2871693701,1.8015168219,1.9997202658479,1.5143474518,1.7125508957478996,False,False
Isa.50.7,ואדני יהוה יעזר לי על כן לא נכלמתי על כן שמתי פני כחלמיש ואדע כי לא אבוש,50,-0.5870642094,-0.8000933341,-0.5083738607613544,-1.3871575435,-1.0954380701613544,False,False
Isa.50.8,קרוב מצדיקי מי יריב אתי נעמדה יחד מי בעל משפטי יגש אלי,50,1.9875075491,0.3737612306,-0.4985591858121699,2.3612687797,1.4889483632878302,False,False
Isa.50.9,הן אדני יהוה יעזר לי מי הוא ירשיעני הן כלם כבגד יבלו עש יאכלם,50,-0.5070776031,-0.5451703284,-0.501024251476922,-1.0522479315000002,-1.008101854576922,False,False
Isa.50.10,מי בכם ירא יהוה שמע בקול עבדו אשר הלך חשכים ואין נגה לו יבטח בשם יהוה וישען באלה,50,-0.497838201,-0.9244338016,-0.5064240884539218,-1.4222720026,-1.004262289453922,False,False
Isa.50.11,הן כלכם קדחי אש מאזרי זיקות לכו באור אשכם ובזיקות בערתם מידי היתה זאת לכם למעצבה,50,1.4959989861,1.93333471,1.999894782964874,3.4293336961,3.495893769064874,False,False
Isa.51.1,שמעו אלי רדפי צדק מבקשי יהוה הביטו אל צור חצבתם ואל מקבת בור נקרתם,51,-0.327859851,-0.652192395,-0.5198650888504414,-0.980052246,-0.8477249398504414,False,False
Isa.51.2,הביטו אל אברהם אביכם ואל שרה תחוללכם כי אחד קראתיו ואברכהו וארבהו,51,-1.2831929882,-0.0302240456,-0.5160227013686688,-1.3134170338,-1.7992156895686686,False,False
Isa.51.3,כי נחם יהוה ציון נחם כל חרבתיה וישם מדברה כעדן וערבתה כגן יהוה ששון ושמחה ימצא ב,51,-0.5021285273,-0.7284567783,1.1329820560000965,-1.2305853056,0.6308535287000965,False,False
Isa.51.4,הקשיבו אלי עמי ולאומי אלי האזינו כי תורה מאתי תצא ומשפטי לאור עמים ארגיע,51,-0.4684410705,-0.8260963659,-0.8865315152258739,-1.2945374364,-1.354972585725874,False,False
Isa.51.5,קרוב צדקי יצא ישעי וזרעי עמים ישפטו אלי איים יקוו ואל זרעי ייחלון,51,1.9992308736,1.9374790303,1.295286732689998,3.9367099039,3.2945176062899977,True,False
Isa.51.6,שאו לשמים עיניכם והביטו אל הארץ מתחת כי שמים כעשן נמלחו והארץ כבגד תבלה וישביה כ,51,-0.5130107736,-0.4925821642,-0.5839558765571436,-1.0055929378,-1.0969666501571438,False,False
Isa.51.7,שמעו אלי ידעי צדק עם תורתי בלבם אל תיראו חרפת אנוש ומגדפתם אל תחתו,51,-0.5204633851,-0.8859047837,-0.5234181422332216,-1.4063681688,-1.0438815273332216,False,False
Isa.51.8,כי כבגד יאכלם עש וכצמר יאכלם סס וצדקתי לעולם תהיה וישועתי לדור דורים,51,-0.7548234021,1.9485496214,1.3830760742074806,1.1937262193,0.6282526721074806,False,False
Isa.51.9,עורי עורי לבשי עז זרוע יהוה עורי כימי קדם דרות עולמים הלוא את היא המחצבת רהב מחו,51,0.5281731062,-0.6220951367,0.8371780636295597,-0.0939220305,1.3653511698295595,False,False
Isa.51.10,הלוא את היא המחרבת ים מי תהום רבה השמה מעמקי ים דרך לעבר גאולים,51,1.6525353303,-0.6067154186,-0.8289318606512843,1.0458199117000002,0.8236034696487158,False,False
Isa.51.11,ופדויי יהוה ישובון ובאו ציון ברנה ושמחת עולם על ראשם ששון ושמחה ישיגון נסו יגון ,51,-1.3666843777,-0.7860877912,-0.6420064278272748,-2.1527721689,-2.0086908055272747,False,False
Isa.51.12,אנכי אנכי הוא מנחמכם מי את ותיראי מאנוש ימות ומבן אדם חציר ינתן,51,-0.6108085165,1.876540189,-0.4912450840458274,1.2657316724999998,-1.1020536005458277,False,False
Isa.51.13,ותשכח יהוה עשך נוטה שמים ויסד ארץ ותפחד תמיד כל היום מפני חמת המציק כאשר כונן לה,51,-0.2347426875,-0.351865686,1.8377771519103785,-0.5866083735000001,1.6030344644103782,False,False
Isa.51.14,מהר צעה להפתח ולא ימות לשחת ולא יחסר לחמו,51,1.9877777478,-0.787696724,-1.0311989608905248,1.2000810238,0.9565787869094752,False,False
Isa.51.15,ואנכי יהוה אלהיך רגע הים ויהמו גליו יהוה צבאות שמו,51,-0.5863043614,0.9664269746,-0.4464202092987295,0.3801226132,-1.0327245706987296,False,False
Isa.51.16,ואשים דברי בפיך ובצל ידי כסיתיך לנטע שמים וליסד ארץ ולאמר לציון עמי אתה,51,-0.6514565283,1.0895116044,-0.3950362738361408,0.4380550760999999,-1.0464928021361408,False,False
Isa.51.17,התעוררי התעוררי קומי ירושלם אשר שתית מיד יהוה את כוס חמתו את קבעת כוס התרעלה שתי,51,-0.5179944356,-0.8443471793,1.9747046485619104,-1.3623416149,1.45671021296191,False,False
Isa.51.18,אין מנהל לה מכל בנים ילדה ואין מחזיק בידה מכל בנים גדלה,51,1.99337905,-1.4188184838,-0.8123696569491169,0.5745605662,1.181009393050883,False,False
Isa.51.19,שתים הנה קראתיך מי ינוד לך השד והשבר והרעב והחרב מי אנחמך,51,-0.6230157203,1.7467747977,-0.54409797369534,1.1237590774,-1.16711369399534,False,False
Isa.51.20,בניך עלפו שכבו בראש כל חוצות כתוא מכמר המלאים חמת יהוה גערת אלהיך,51,-0.5493256592,0.347815607,1.6878324355549512,-0.2015100521999999,1.1385067763549512,False,False
Isa.51.21,לכן שמעי נא זאת עניה ושכרת ולא מיין,51,0.5049433589,-0.567284339,-0.5006966382194779,-0.0623409801,0.0042467206805221,False,False
Isa.51.22,כה אמר אדניך יהוה ואלהיך יריב עמו הנה לקחתי מידך את כוס התרעלה את קבעת כוס חמתי ,51,-0.8253430142,-0.4929699005,-0.5004952281754425,-1.3183129147,-1.3258382423754425,False,False
Isa.51.23,ושמתיה ביד מוגיך אשר אמרו לנפשך שחי ונעברה ותשימי כארץ גוך וכחוץ לעברים,51,1.6946370516,1.9994734627,1.9998853238549783,3.6941105143,3.6945223754549774,False,False
Isa.52.1,עורי עורי לבשי עזך ציון לבשי בגדי תפארתך ירושלם עיר הקדש כי לא יוסיף יבא בך עוד ,52,-0.6306797304,-0.5272418298,-0.5082476337273029,-1.1579215602,-1.1389273641273028,False,False
Isa.52.2,התנערי מעפר קומי שבי ירושלם התפתחו התפתחי מוסרי צוארך שביה בת ציון,52,-0.3383616792,-0.4586680046,-0.4781025008269917,-0.7970296837999999,-0.8164641800269917,False,False
Isa.52.3,כי כה אמר יהוה חנם נמכרתם ולא בכסף תגאלו,52,-1.1313474655,-0.7249807185,-0.7193499020062297,-1.856328184,-1.8506973675062297,False,False
Isa.52.4,כי כה אמר אדני יהוה מצרים ירד עמי בראשנה לגור שם ואשור באפס עשקו,52,0.1715533359,0.6493439178,-0.6454325370584314,0.8208972537,-0.4738792011584314,False,False
Isa.52.5,ועתה מי לי מה לי פה נאם יהוה כי לקח עמי חנם משלו משליו יהילילו נאם יהוה ותמיד כל,52,0.5563369273,-0.4139871496,1.9987662039526437,0.1423497776999999,2.5551031312526438,False,False
Isa.52.6,לכן ידע עמי שמי לכן ביום ההוא כי אני הוא המדבר הנני,52,1.3400439543,-0.4829696338,-0.5222640296769393,0.8570743205,0.8177799246230607,False,False
Isa.52.7,מה נאוו על ההרים רגלי מבשר משמיע שלום מבשר טוב משמיע ישועה אמר לציון מלך אלהיך,52,-0.8924345051,-0.7757664453,-0.624369107565951,-1.6682009504000002,-1.516803612665951,False,False
Isa.52.8,קול צפיך נשאו קול יחדו ירננו כי עין בעין יראו בשוב יהוה ציון,52,-0.5968137571,-0.4772449212,0.9812006432974693,-1.0740586783,0.3843868861974693,False,False
Isa.52.9,פצחו רננו יחדו חרבות ירושלם כי נחם יהוה עמו גאל ירושלם,52,0.3960010386,0.0596491101,1.4003733948545602,0.4556501487,1.7963744334545604,False,False
Isa.52.10,חשף יהוה את זרוע קדשו לעיני כל הגוים וראו כל אפסי ארץ את ישועת אלהינו,52,-0.7099394982,-1.0368718241,-0.5559614316471128,-1.7468113223,-1.2659009298471129,False,False
Isa.52.11,סורו סורו צאו משם טמא אל תגעו צאו מתוכה הברו נשאי כלי יהוה,52,1.7715827718,1.2706005775,-0.5250908101721307,3.0421833493,1.2464919616278691,False,False
Isa.52.12,כי לא בחפזון תצאו ובמנוסה לא תלכון כי הלך לפניכם יהוה ומאספכם אלהי ישראל,52,-0.8141078358,0.5800831262,1.9997350202220348,-0.2340247096,1.1856271844220347,False,False
Isa.52.13,הנה ישכיל עבדי ירום ונשא וגבה מאד,52,-1.0500632472,-1.2434673554,-0.5898375566199907,-2.2935306026,-1.6399008038199907,False,False
Isa.52.14,כאשר שממו עליך רבים כן משחת מאיש מראהו ותארו מבני אדם,52,0.0885130664,1.4750884094,-0.7387444775657634,1.5636014758,-0.6502314111657634,False,False
Isa.52.15,כן יזה גוים רבים עליו יקפצו מלכים פיהם כי אשר לא ספר להם ראו ואשר לא שמעו התבוננ,52,-0.5366773077,-0.8117201609,-0.5196958882566888,-1.3483974686,-1.0563731959566889,False,False
Isa.53.1,מי האמין לשמעתנו וזרוע יהוה על מי נגלתה,53,1.928310545,-0.7244087447,0.6208355603117466,1.2039018003,2.5491461053117463,False,False
Isa.53.2,ויעל כיונק לפניו וכשרש מארץ ציה לא תאר לו ולא הדר ונראהו ולא מראה ונחמדהו,53,-0.0223645717,-0.14016279,-0.8750418371802234,-0.1625273617,-0.8974064088802234,False,False
Isa.53.3,נבזה וחדל אישים איש מכאבות וידוע חלי וכמסתר פנים ממנו נבזה ולא חשבנהו,53,-0.7567522381,1.9672599267,-0.4799430820831086,1.2105076886,-1.2366953201831086,False,False
Isa.53.4,אכן חלינו הוא נשא ומכאבינו סבלם ואנחנו חשבנהו נגוע מכה אלהים ומענה,53,-0.1621814616,-0.478763068,-0.1878612944848737,-0.6409445296,-0.3500427560848737,False,False
Isa.53.5,והוא מחלל מפשענו מדכא מעונתינו מוסר שלומנו עליו ובחברתו נרפא לנו,53,1.3284607804,-0.4475139875,1.9673724258605607,0.8809467928999999,3.295833206260561,False,False
Isa.53.6,כלנו כצאן תעינו איש לדרכו פנינו ויהוה הפגיע בו את עון כלנו,53,-0.7717424613,-0.9538682266,-0.617989559725704,-1.7256106879000002,-1.389732021025704,False,False
Isa.53.7,נגש והוא נענה ולא יפתח פיו כשה לטבח יובל וכרחל לפני גזזיה נאלמה ולא יפתח פיו,53,-0.5037435954,-0.5832057612,-0.4985113498587742,-1.0869493566,-1.0022549452587743,False,False
Isa.53.8,מעצר וממשפט לקח ואת דורו מי ישוחח כי נגזר מארץ חיים מפשע עמי נגע למו,53,1.9742302216,1.9917160343,1.7418033641582151,3.9659462559,3.716033585758215,True,False
Isa.53.9,ויתן את רשעים קברו ואת עשיר במתיו על לא חמס עשה ולא מרמה בפיו,53,-0.4791588923,-0.5469689323,-0.7236928459326513,-1.0261278246,-1.2028517382326511,False,False
Isa.53.10,ויהוה חפץ דכאו החלי אם תשים אשם נפשו יראה זרע יאריך ימים וחפץ יהוה בידו יצלח,53,-0.5594921741,-0.5925859669,-0.7561045811975129,-1.152078141,-1.3155967552975127,False,False
Isa.53.11,מעמל נפשו יראה ישבע בדעתו יצדיק צדיק עבדי לרבים ועונתם הוא יסבל,53,1.5203324591,1.9985387028,1.956675148338241,3.5188711619,3.477007607438241,False,False
Isa.53.12,לכן אחלק לו ברבים ואת עצומים יחלק שלל תחת אשר הערה למות נפשו ואת פשעים נמנה והוא,53,0.2386898249,-0.7601959728,-0.5329618877122985,-0.5215061478999999,-0.2942720628122984,False,False
Isa.54.1,רני עקרה לא ילדה פצחי רנה וצהלי לא חלה כי רבים בני שוממה מבני בעולה אמר יהוה,54,-0.5432813682,-0.9436312259,-0.5260064041799289,-1.4869125941,-1.069287772379929,False,False
Isa.54.2,הרחיבי מקום אהלך ויריעות משכנותיך יטו אל תחשכי האריכי מיתריך ויתדתיך חזקי,54,0.5322317065,1.9845749903,1.9939722957175776,2.5168066968,2.5262040022175776,False,False
Isa.54.3,כי ימין ושמאול תפרצי וזרעך גוים יירש וערים נשמות יושיבו,54,-0.3206585507,-0.253892829,-0.5162013787771905,-0.5745513796999999,-0.8368599294771906,False,False
Isa.54.4,אל תיראי כי לא תבושי ואל תכלמי כי לא תחפירי כי בשת עלומיך תשכחי וחרפת אלמנותיך ל,54,-1.1008370765,-0.5291739517,-0.3562146342571229,-1.6300110282,-1.4570517107571228,False,False
Isa.54.5,כי בעליך עשיך יהוה צבאות שמו וגאלך קדוש ישראל אלהי כל הארץ יקרא,54,-0.3271598627,-0.6967386691,-0.9213509977842378,-1.0238985318,-1.248510860484238,False,False
Isa.54.6,כי כאשה עזובה ועצובת רוח קראך יהוה ואשת נעורים כי תמאס אמר אלהיך,54,1.911903053,-0.5279358315,-1.162365318452093,1.3839672215,0.7495377345479071,False,False
Isa.54.7,ברגע קטן עזבתיך וברחמים גדלים אקבצך,54,-0.122898359,1.9985909721,1.7436187571177584,1.8756926131,1.6207203981177585,False,False
Isa.54.8,בשצף קצף הסתרתי פני רגע ממך ובחסד עולם רחמתיך אמר גאלך יהוה,54,-0.6296490465,-0.637228524,0.5260832984140033,-1.2668775705,-0.1035657480859967,False,False
Isa.54.9,כי מי נח זאת לי אשר נשבעתי מעבר מי נח עוד על הארץ כן נשבעתי מקצף עליך ומגער בך,54,-0.5822098558,-1.0649276393,-1.1376633031627252,-1.6471374951,-1.7198731589627252,False,False
Isa.54.10,כי ההרים ימושו והגבעות תמוטנה וחסדי מאתך לא ימוש וברית שלומי לא תמוט אמר מרחמך י,54,-0.6449791465,0.5471521078,-0.8641056185848208,-0.0978270386999999,-1.509084765084821,False,False
Isa.54.11,עניה סערה לא נחמה הנה אנכי מרביץ בפוך אבניך ויסדתיך בספירים,54,1.9530672324,1.7096877921,1.9689292438248112,3.6627550245,3.921996476224811,False,True
Isa.54.12,ושמתי כדכד שמשתיך ושעריך לאבני אקדח וכל גבולך לאבני חפץ,54,-0.5643744226,-1.0533379867,-0.5504129989852636,-1.6177124093,-1.1147874215852638,False,False
Isa.54.13,וכל בניך למודי יהוה ורב שלום בניך,54,-0.7787929099,-0.9564177669,-0.6478759751312861,-1.7352106768,-1.4266688850312863,False,False
Isa.54.14,בצדקה תכונני רחקי מעשק כי לא תיראי וממחתה כי לא תקרב אליך,54,-0.3317140958,1.9857652138,1.9987766053913696,1.654051118,1.6670625095913696,False,False
Isa.54.15,הן גור יגור אפס מאותי מי גר אתך עליך יפול,54,1.8644263177,-0.2578668854,-0.4895237011547843,1.6065594323,1.3749026165452158,False,False
Isa.54.16,הן הנה אנכי בראתי חרש נפח באש פחם ומוציא כלי למעשהו ואנכי בראתי משחית לחבל,54,0.0987009,-0.5529539681,-0.5127901234059993,-0.4542530681,-0.4140892234059993,False,False
Isa.54.17,כל כלי יוצר עליך לא יצלח וכל לשון תקום אתך למשפט תרשיעי זאת נחלת עבדי יהוה וצדקת,54,-0.8096873673,-0.5697616019,-0.5000454447945128,-1.3794489692,-1.3097328120945129,False,False
Isa.55.1,הוי כל צמא לכו למים ואשר אין לו כסף לכו שברו ואכלו ולכו שברו בלוא כסף ובלוא מחיר,55,-0.4402853645,-0.5201542099,-0.499088302440517,-0.9604395744,-0.939373666940517,False,False
Isa.55.2,למה תשקלו כסף בלוא לחם ויגיעכם בלוא לשבעה שמעו שמוע אלי ואכלו טוב ותתענג בדשן נפ,55,1.7269154823,0.0394171963,1.9999973857146915,1.7663326786,3.726912868014692,False,False
Isa.55.3,הטו אזנכם ולכו אלי שמעו ותחי נפשכם ואכרתה לכם ברית עולם חסדי דוד הנאמנים,55,-1.3138724243,-0.648016158,-0.4972183946914135,-1.9618885823,-1.8110908189914132,False,False
Isa.55.4,הן עד לאומים נתתיו נגיד ומצוה לאמים,55,-0.280374086,1.9322289038,-0.5012095383656999,1.6518548178,-0.7815836243657,False,False
Isa.55.5,הן גוי לא תדע תקרא וגוי לא ידעוך אליך ירוצו למען יהוה אלהיך ולקדוש ישראל כי פארך,55,-0.2777816208,-0.5590571215,-0.7944543959854955,-0.8368387423,-1.0722360167854954,False,False
Isa.55.6,דרשו יהוה בהמצאו קראהו בהיותו קרוב,55,1.2760591851,-0.327957236,-0.3817845320944021,0.9481019491,0.8942746530055979,False,False
Isa.55.7,יעזב רשע דרכו ואיש און מחשבתיו וישב אל יהוה וירחמהו ואל אלהינו כי ירבה לסלוח,55,0.75312166,-0.5823166575,0.5539271926085361,0.1708050025,1.3070488526085362,False,False
Isa.55.8,כי לא מחשבותי מחשבותיכם ולא דרכיכם דרכי נאם יהוה,55,-1.1221371003,-0.8192390777,-0.7790298888182737,-1.941376178,-1.9011669891182736,False,False
Isa.55.9,כי גבהו שמים מארץ כן גבהו דרכי מדרכיכם ומחשבתי ממחשבתיכם,55,-0.9355309922,1.9496007076,1.7195847074931794,1.0140697153999998,0.7840537152931794,False,False
Isa.55.10,כי כאשר ירד הגשם והשלג מן השמים ושמה לא ישוב כי אם הרוה את הארץ והולידה והצמיחה ,55,1.4768832903,-0.655764951,-0.8677431148949489,0.8211183393,0.609140175405051,False,False
Isa.55.11,כן יהיה דברי אשר יצא מפי לא ישוב אלי ריקם כי אם עשה את אשר חפצתי והצליח אשר שלחת,55,-0.4570468452,-0.9408510816,-1.15024930405483,-1.3978979268,-1.60729614925483,False,False
Isa.55.12,כי בשמחה תצאו ובשלום תובלון ההרים והגבעות יפצחו לפניכם רנה וכל עצי השדה ימחאו כף,55,-0.4652169153,1.4475322121,0.9957142596779616,0.9823152968,0.5304973443779617,False,False
Isa.55.13,תחת הנעצוץ יעלה ברוש תחת ותחת הסרפד יעלה הדס והיה ליהוה לשם לאות עולם לא יכרת,55,1.8690865481,0.9719709944,1.429155608490769,2.8410575425,3.298242156590769,False,False
Isa.56.1,כה אמר יהוה שמרו משפט ועשו צדקה כי קרובה ישועתי לבוא וצדקתי להגלות,56,-0.9900615097,-1.2136455176,-0.8550392745303549,-2.2037070273,-1.8451007842303548,False,False
Isa.56.2,אשרי אנוש יעשה זאת ובן אדם יחזיק בה שמר שבת מחללו ושמר ידו מעשות כל רע,56,0.1637057228,-1.0042227288,-0.6250552546604633,-0.840517006,-0.4613495318604633,False,False
Isa.56.3,ואל יאמר בן הנכר הנלוה אל יהוה לאמר הבדל יבדילני יהוה מעל עמו ואל יאמר הסריס הן ,56,0.4385363551,1.2765372126,-0.4227227616671457,1.7150735677000002,0.0158135934328542,False,False
Isa.56.4,כי כה אמר יהוה לסריסים אשר ישמרו את שבתותי ובחרו באשר חפצתי ומחזיקים בבריתי,56,-0.8030617884,-0.5257042525,-0.36793054529288,-1.3287660409,-1.17099233369288,False,False
Isa.56.5,ונתתי להם בביתי ובחומתי יד ושם טוב מבנים ומבנות שם עולם אתן לו אשר לא יכרת,56,-0.8005818545,0.9502723305,1.787619996098143,0.149690476,0.987038141598143,False,False
Isa.56.6,ובני הנכר הנלוים על יהוה לשרתו ולאהבה את שם יהוה להיות לו לעבדים כל שמר שבת מחלל,56,1.0820624279,-0.4983140768,-1.073877015494217,0.5837483510999999,0.0081854124057829,False,False
Isa.56.7,והביאותים אל הר קדשי ושמחתים בבית תפלתי עולתיהם וזבחיהם לרצון על מזבחי כי ביתי ב,56,-0.7599742004,-0.7250763182,0.1414238316408419,-1.4850505186,-0.618550368759158,False,False
Isa.56.8,נאם אדני יהוה מקבץ נדחי ישראל עוד אקבץ עליו לנקבציו,56,-0.6608348886,0.6227557454,-0.4946256817368146,-0.0380791431999999,-1.1554605703368146,False,False
Isa.56.9,כל חיתו שדי אתיו לאכל כל חיתו ביער,56,0.642934372,-0.4690258295,-0.505706496858146,0.1739085425,0.137227875141854,False,False
Isa.56.10,צפו צפיו עורים כלם לא ידעו כלם כלבים אלמים לא יוכלו לנבח הזים שכבים אהבי לנום,56,0.5598658249,1.4669490574,1.998770735452756,2.0268148823,2.558636560352756,False,False
Isa.56.11,והכלבים עזי נפש לא ידעו שבעה והמה רעים לא ידעו הבין כלם לדרכם פנו איש לבצעו מקצה,56,-0.8944060342,-0.8727871708,-0.5197398752203919,-1.767193205,-1.414145909420392,False,False
Isa.56.12,אתיו אקחה יין ונסבאה שכר והיה כזה יום מחר גדול יתר מאד,56,1.650214477,0.1875439221,-0.4289322987712399,1.8377583991,1.2212821782287602,False,False
Isa.57.1,הצדיק אבד ואין איש שם על לב ואנשי חסד נאספים באין מבין כי מפני הרעה נאסף הצדיק,57,-0.8860759494,-0.9539754738,-0.5467002952990936,-1.8400514232,-1.4327762446990937,False,False
Isa.57.2,יבוא שלום ינוחו על משכבותם הלך נכחו,57,-0.8840523887,0.2957416096,-0.5684966735187233,-0.5883107791,-1.4525490622187234,False,False
Isa.57.3,ואתם קרבו הנה בני עננה זרע מנאף ותזנה,57,1.9672036763,1.8011257184,1.6972090355897236,3.7683293947,3.664412711889724,False,False
Isa.57.4,על מי תתענגו על מי תרחיבו פה תאריכו לשון הלוא אתם ילדי פשע זרע שקר,57,-0.7215144405,-1.1129706758,-0.7470508161282003,-1.8344851163,-1.4685652566282004,False,False
Isa.57.5,הנחמים באלים תחת כל עץ רענן שחטי הילדים בנחלים תחת סעפי הסלעים,57,-0.9679694609,-0.5963418147,0.5604730496331861,-1.5643112756000002,-0.4074964112668139,False,False
Isa.57.6,בחלקי נחל חלקך הם הם גורלך גם להם שפכת נסך העלית מנחה העל אלה אנחם,57,1.7120969163,0.3764544266,-0.7143293592989957,2.0885513429,0.9977675570010044,False,False
Isa.57.7,על הר גבה ונשא שמת משכבך גם שם עלית לזבח זבח,57,-0.6958142523,-0.9839721817,-0.7891289194347905,-1.679786434,-1.4849431717347903,False,False
Isa.57.8,ואחר הדלת והמזוזה שמת זכרונך כי מאתי גלית ותעלי הרחבת משכבך ותכרת לך מהם אהבת מש,57,-0.3370610151,0.4591289272,-0.194972716207884,0.1220679120999999,-0.532033731307884,False,False
Isa.57.9,ותשרי למלך בשמן ותרבי רקחיך ותשלחי צריך עד מרחק ותשפילי עד שאול,57,1.9325297831,1.7291621753,1.971722496152668,3.6616919584,3.904252279252668,False,True
Isa.57.10,ברב דרכך יגעת לא אמרת נואש חית ידך מצאת על כן לא חלית,57,-0.584310167,-0.7866805203,-0.7072180687109186,-1.3709906873,-1.2915282357109188,False,False
Isa.57.11,ואת מי דאגת ותיראי כי תכזבי ואותי לא זכרת לא שמת על לבך הלא אני מחשה ומעלם ואותי,57,-0.5558907695,-0.6945152886,-0.279757755789492,-1.2504060581,-0.8356485252894921,False,False
Isa.57.12,אני אגיד צדקתך ואת מעשיך ולא יועילוך,57,-1.3319388885,-0.5060348309,-0.3196777060986114,-1.8379737194,-1.6516165945986114,False,False
Isa.57.13,בזעקך יצילך קבוציך ואת כלם ישא רוח יקח הבל והחוסה בי ינחל ארץ ויירש הר קדשי,57,1.4174952974,1.9944445847,0.1726589169438002,3.4119398821,1.5901542143438,False,False
Isa.57.14,ואמר סלו סלו פנו דרך הרימו מכשול מדרך עמי,57,0.7965530456,-0.593098011,-0.793345281835328,0.2034550345999999,0.0032077637646719,False,False
Isa.57.15,כי כה אמר רם ונשא שכן עד וקדוש שמו מרום וקדוש אשכון ואת דכא ושפל רוח להחיות רוח ,57,-1.2501458861,-0.6462890074,-0.5300927219475371,-1.8964348935,-1.7802386080475372,False,False
Isa.57.16,כי לא לעולם אריב ולא לנצח אקצוף כי רוח מלפני יעטוף ונשמות אני עשיתי,57,-0.5827760838,-0.7399554303,-0.5657238757162746,-1.3227315141,-1.1484999595162746,False,False
Isa.57.17,בעון בצעו קצפתי ואכהו הסתר ואקצף וילך שובב בדרך לבו,57,1.794894158,0.6046814729,-0.2912812279283905,2.3995756309,1.5036129300716097,False,False
Isa.57.18,דרכיו ראיתי וארפאהו ואנחהו ואשלם נחמים לו ולאבליו,57,-0.1714651591,1.7005632296,1.988671673697937,1.5290980705,1.817206514597937,False,False
Isa.57.19,בורא נוב ניב שפתים שלום שלום לרחוק ולקרוב אמר יהוה ורפאתיו,57,-0.4818056915,-0.7877145973,-0.5657977724376629,-1.2695202888,-1.047603463937663,False,False
Isa.57.20,והרשעים כים נגרש כי השקט לא יוכל ויגרשו מימיו רפש וטיט,57,-0.8411179653,-0.4291279334,-0.4998005943997446,-1.2702458987,-1.3409185596997446,False,False
Isa.57.21,אין שלום אמר אלהי לרשעים,57,1.8421957848,-0.910777608,-0.5778798260947601,0.9314181768,1.26431595870524,False,False
Isa.58.1,קרא בגרון אל תחשך כשופר הרם קולך והגד לעמי פשעם ולבית יעקב חטאתם,58,-0.8932590361,-0.3212359064,-0.5282173959103487,-1.2144949425,-1.4214764320103486,False,False
Isa.58.2,ואותי יום יום ידרשון ודעת דרכי יחפצון כגוי אשר צדקה עשה ומשפט אלהיו לא עזב ישאלו,58,-0.8118510645,-0.407321228,-0.7167586115861465,-1.2191722925,-1.5286096760861465,False,False
Isa.58.3,למה צמנו ולא ראית ענינו נפשנו ולא תדע הן ביום צמכם תמצאו חפץ וכל עצביכם תנגשו,58,1.9549630943,-0.5862024673,0.2043205715204636,1.368760627,2.1592836658204635,False,False
Isa.58.4,הן לריב ומצה תצומו ולהכות באגרף רשע לא תצומו כיום להשמיע במרום קולכם,58,-0.5288778775,0.3920110078,1.576207444755499,-0.1368668697,1.047329567255499,False,False
Isa.58.5,הכזה יהיה צום אבחרהו יום ענות אדם נפשו הלכף כאגמן ראשו ושק ואפר יציע הלזה תקרא צ,58,-0.8287746221,-0.4719197889,0.0723585002885198,-1.300694411,-0.7564161218114802,False,False
Isa.58.6,הלוא זה צום אבחרהו פתח חרצבות רשע התר אגדות מוטה ושלח רצוצים חפשים וכל מוטה תנתק,58,1.8621753028,1.4946641961,0.2457922149394049,3.3568394989000003,2.107967517739405,False,False
Isa.58.7,הלוא פרס לרעב לחמך ועניים מרודים תביא בית כי תראה ערם וכסיתו ומבשרך לא תתעלם,58,-0.9307476003,-0.9408284629,-0.7981395828131701,-1.8715760632,-1.7288871831131702,False,False
Isa.58.8,אז יבקע כשחר אורך וארכתך מהרה תצמח והלך לפניך צדקך כבוד יהוה יאספך,58,-0.9545530367,-0.1021746013,-0.7133420851219183,-1.056727638,-1.6678951218219185,False,False
Isa.58.9,אז תקרא ויהוה יענה תשוע ויאמר הנני אם תסיר מתוכך מוטה שלח אצבע ודבר און,58,1.7228917642,-1.0043146639,0.1933837954010791,0.7185771002999999,1.916275559601079,False,False
Isa.58.10,ותפק לרעב נפשך ונפש נענה תשביע וזרח בחשך אורך ואפלתך כצהרים,58,-0.4574744826,1.5393259522,-0.399020750125987,1.0818514696,-0.856495232725987,False,False
Isa.58.11,ונחך יהוה תמיד והשביע בצחצחות נפשך ועצמתיך יחליץ והיית כגן רוה וכמוצא מים אשר לא,58,-0.5905389806,0.8048730439,1.81601874942854,0.2143340633,1.22547976882854,False,False
Isa.58.12,ובנו ממך חרבות עולם מוסדי דור ודור תקומם וקרא לך גדר פרץ משבב נתיבות לשבת,58,1.9944832856,-0.8013226057,-0.2531227861318165,1.1931606799,1.7413604994681835,False,False
Isa.58.13,אם תשיב משבת רגלך עשות חפציך ביום קדשי וקראת לשבת ענג לקדוש יהוה מכבד וכבדתו מעש,58,-0.567865478,-0.4998803599,-0.6553106486634204,-1.0677458379,-1.2231761266634202,False,False
Isa.58.14,אז תתענג על יהוה והרכבתיך על במותי ארץ והאכלתיך נחלת יעקב אביך כי פי יהוה דבר,58,-0.7064022386,1.4419663724,-0.5178546049913524,0.7355641338000001,-1.2242568435913523,False,False
Isa.59.1,הן לא קצרה יד יהוה מהושיע ולא כבדה אזנו משמוע,59,-0.0003515574,-0.560514786,-0.6690642638190603,-0.5608663434000001,-0.6694158212190603,False,False
Isa.59.2,כי אם עונתיכם היו מבדלים בינכם לבין אלהיכם וחטאותיכם הסתירו פנים מכם משמוע,59,-0.3841481387,-0.4977649205,1.8915637441906328,-0.8819130592,1.5074156054906327,False,False
Isa.59.3,כי כפיכם נגאלו בדם ואצבעותיכם בעון שפתותיכם דברו שקר לשונכם עולה תהגה,59,-0.614743228,-0.0399915508,-0.4956786204614272,-0.6547347788,-1.1104218484614272,False,False
Isa.59.4,אין קרא בצדק ואין נשפט באמונה בטוח על תהו ודבר שוא הרו עמל והוליד און,59,1.9742609108,-0.6716430595,-0.6587827158508919,1.3026178513,1.315478194949108,False,False
Isa.59.5,ביצי צפעוני בקעו וקורי עכביש יארגו האכל מביציהם ימות והזורה תבקע אפעה,59,-0.1849204346,1.9555936114,1.9973424025350872,1.7706731768,1.8124219679350877,False,False
Isa.59.6,קוריהם לא יהיו לבגד ולא יתכסו במעשיהם מעשיהם מעשי און ופעל חמס בכפיהם,59,-0.6965275638,-0.4568520811,-0.4961716160657781,-1.1533796449,-1.1926991798657782,False,False
Isa.59.7,רגליהם לרע ירצו וימהרו לשפך דם נקי מחשבותיהם מחשבות און שד ושבר במסלותם,59,-0.9519903982,-0.4301944786,-0.5376219766667223,-1.3821848768,-1.4896123748667225,False,False
Isa.59.8,דרך שלום לא ידעו ואין משפט במעגלותם נתיבותיהם עקשו להם כל דרך בה לא ידע שלום,59,1.0545136966,-0.6043515434,-0.5045310034542483,0.4501621531999999,0.5499826931457517,False,False
Isa.59.9,על כן רחק משפט ממנו ולא תשיגנו צדקה נקוה לאור והנה חשך לנגהות באפלות נהלך,59,-0.5506078115,-0.7396506238,-0.5221564498107475,-1.2902584353000002,-1.0727642613107475,False,False
Isa.59.10,נגששה כעורים קיר וכאין עינים נגששה כשלנו בצהרים כנשף באשמנים כמתים,59,-0.1124638886,1.6703049025,1.9765064615365688,1.5578410139,1.8640425729365688,False,False
Isa.59.11,נהמה כדבים כלנו וכיונים הגה נהגה נקוה למשפט ואין לישועה רחקה ממנו,59,1.5277766891,0.5927166284,-0.2434605492577441,2.1204933175,1.2843161398422558,False,False
Isa.59.12,כי רבו פשעינו נגדך וחטאותינו ענתה בנו כי פשעינו אתנו ועונתינו ידענום,59,-1.2741497,-0.8728133916,-0.3655941327517188,-2.1469630916,-1.6397438327517189,False,False
Isa.59.13,פשע וכחש ביהוה ונסוג מאחר אלהינו דבר עשק וסרה הרו והגו מלב דברי שקר,59,0.8069773569,0.0408374799,-0.8439713231249477,0.8478148368,-0.0369939662249476,False,False
Isa.59.14,והסג אחור משפט וצדקה מרחוק תעמד כי כשלה ברחוב אמת ונכחה לא תוכל לבוא,59,0.1343306983,-0.5589129015,-0.5457270202451747,-0.4245822031999999,-0.4113963219451747,False,False
Isa.59.15,ותהי האמת נעדרת וסר מרע משתולל וירא יהוה וירע בעיניו כי אין משפט,59,-0.6169834922,-1.051896073,-0.7046911533384642,-1.6688795652,-1.3216746455384645,False,False
Isa.59.16,וירא כי אין איש וישתומם כי אין מפגיע ותושע לו זרעו וצדקתו היא סמכתהו,59,-0.7338004177,-0.4088658195,1.87460553795752,-1.1426662372,1.1408051202575198,False,False
Isa.59.17,וילבש צדקה כשרין וכובע ישועה בראשו וילבש בגדי נקם תלבשת ויעט כמעיל קנאה,59,-0.9843011068,1.638123834,-0.6223017217025326,0.6538227271999999,-1.6066028285025329,False,False
Isa.59.18,כעל גמלות כעל ישלם חמה לצריו גמול לאיביו לאיים גמול ישלם,59,1.177158205,0.6161771516,0.1600701733258455,1.7933353566,1.3372283783258456,False,False
Isa.59.19,וייראו ממערב את שם יהוה וממזרח שמש את כבודו כי יבוא כנהר צר רוח יהוה נססה בו,59,1.2543031716,-0.7582714976,-0.3017085968661877,0.4960316739999999,0.9525945747338124,False,False
Isa.59.20,ובא לציון גואל ולשבי פשע ביעקב נאם יהוה,59,-0.6877379132,-0.5112360599,-0.6006283653901527,-1.1989739731,-1.2883662785901526,False,False
Isa.59.21,ואני זאת בריתי אותם אמר יהוה רוחי אשר עליך ודברי אשר שמתי בפיך לא ימושו מפיך ומפ,59,-0.5710287927,-0.6100050327,-0.4603291536324838,-1.1810338254,-1.0313579463324838,False,False
Isa.60.1,קומי אורי כי בא אורך וכבוד יהוה עליך זרח,60,-0.808741202,-0.9168739734,-0.4997361873721029,-1.7256151754,-1.308477389372103,False,False
Isa.60.2,כי הנה החשך יכסה ארץ וערפל לאמים ועליך יזרח יהוה וכבודו עליך יראה,60,-0.6755337074,-0.4686838064,-0.5022249345796204,-1.1442175138,-1.1777586419796204,False,False
Isa.60.3,והלכו גוים לאורך ומלכים לנגה זרחך,60,-0.1017544169,-0.5629287648,1.9999923270063569,-0.6646831817,1.898237910106357,False,False
Isa.60.4,שאי סביב עיניך וראי כלם נקבצו באו לך בניך מרחוק יבאו ובנתיך על צד תאמנה,60,-0.220077609,-0.3185200998,-0.6252933075331508,-0.5385977088,-0.8453709165331509,False,False
Isa.60.5,אז תראי ונהרת ופחד ורחב לבבך כי יהפך עליך המון ים חיל גוים יבאו לך,60,-0.0370329578,-0.7601497957,-0.6398903913463563,-0.7971827535,-0.6769233491463563,False,False
Isa.60.6,שפעת גמלים תכסך בכרי מדין ועיפה כלם משבא יבאו זהב ולבונה ישאו ותהלת יהוה יבשרו,60,1.8037945746,0.3323735314,-0.4455697368366669,2.136168106,1.358224837763333,False,False
Isa.60.7,כל צאן קדר יקבצו לך אילי נביות ישרתונך יעלו על רצון מזבחי ובית תפארתי אפאר,60,0.1131373151,-0.4284757903,-0.5161315555209943,-0.3153384752,-0.4029942404209943,False,False
Isa.60.8,מי אלה כעב תעופינה וכיונים אל ארבתיהם,60,-0.1320002342,1.7474390066,0.6736282831758451,1.6154387724,0.5416280489758452,False,False
Isa.60.9,כי לי איים יקוו ואניות תרשיש בראשנה להביא בניך מרחוק כספם וזהבם אתם לשם יהוה אלה,60,-1.4272134532,-0.8208208329,-0.7766580660889951,-2.2480342861,-2.2038715192889957,False,False
Isa.60.10,ובנו בני נכר חמתיך ומלכיהם ישרתונך כי בקצפי הכיתיך וברצוני רחמתיך,60,0.1331155698,0.3491973563,1.6523968608961712,0.4823129261,1.7855124306961712,False,False
Isa.60.11,ופתחו שעריך תמיד יומם ולילה לא יסגרו להביא אליך חיל גוים ומלכיהם נהוגים,60,0.8991509622,-0.5592545808,-0.5000052902991535,0.3398963814,0.3991456719008465,False,False
Isa.60.12,כי הגוי והממלכה אשר לא יעבדוך יאבדו והגוים חרב יחרבו,60,-1.2900411064,-0.5339485462,-0.5017799675458852,-1.8239896526,-1.791821073945885,False,False
Isa.60.13,כבוד הלבנון אליך יבוא ברוש תדהר ותאשור יחדו לפאר מקום מקדשי ומקום רגלי אכבד,60,1.3850564737,1.0889741077,-0.0037737916465397,2.4740305814,1.3812826820534605,False,False
Isa.60.14,והלכו אליך שחוח בני מעניך והשתחוו על כפות רגליך כל מנאציך וקראו לך עיר יהוה ציון,60,-0.4992352725,0.2761904965,0.2869399091727201,-0.223044776,-0.2122953633272798,False,False
Isa.60.15,תחת היותך עזובה ושנואה ואין עובר ושמתיך לגאון עולם משוש דור ודור,60,-0.1866902383,-0.6517273055,-0.6715817711226153,-0.8384175438,-0.8582720094226153,False,False
Isa.60.16,וינקת חלב גוים ושד מלכים תינקי וידעת כי אני יהוה מושיעך וגאלך אביר יעקב,60,-0.8167286725,1.3196142175,1.567487809530128,0.502885545,0.7507591370301279,False,False
Isa.60.17,תחת הנחשת אביא זהב ותחת הברזל אביא כסף ותחת העצים נחשת ותחת האבנים ברזל ושמתי פק,60,1.14029545,-0.9260940851,-0.869583961617922,0.2142013648999999,0.270711488382078,False,False
Isa.60.18,לא ישמע עוד חמס בארצך שד ושבר בגבוליך וקראת ישועה חומתיך ושעריך תהלה,60,0.7980282838,0.9644183842,0.7050426077892841,1.762446668,1.503070891589284,False,False
Isa.60.19,לא יהיה לך עוד השמש לאור יומם ולנגה הירח לא יאיר לך והיה לך יהוה לאור עולם ואלהי,60,-0.1263453782,-0.7318857238,-0.5207444593765466,-0.8582311020000001,-0.6470898375765466,False,False
Isa.60.20,לא יבוא עוד שמשך וירחך לא יאסף כי יהוה יהיה לך לאור עולם ושלמו ימי אבלך,60,-0.8277457708,-0.2378753574,-0.5329160502384563,-1.0656211282,-1.3606618210384562,False,False
Isa.60.21,ועמך כלם צדיקים לעולם יירשו ארץ נצר מטעו מטעי מעשה ידי להתפאר,60,-0.6838453353,-0.3794187659,-0.2506889527010371,-1.0632641012,-0.9345342880010372,False,False
Isa.60.22,הקטן יהיה לאלף והצעיר לגוי עצום אני יהוה בעתה אחישנה,60,1.7986719698,-0.798478166,-0.6989574822900596,1.0001938038,1.0997144875099405,False,False
Isa.61.1,רוח אדני יהוה עלי יען משח יהוה אתי לבשר ענוים שלחני לחבש לנשברי לב לקרא לשבוים ד,61,-1.2302392262,1.9738079861,1.9791593819759872,0.7435687599,0.7489201557759873,False,False
Isa.61.2,לקרא שנת רצון ליהוה ויום נקם לאלהינו לנחם כל אבלים,61,-0.5121770504,-0.5554763046,-0.5745237167903734,-1.067653355,-1.0867007671903737,False,False
Isa.61.3,לשום לאבלי ציון לתת להם פאר תחת אפר שמן ששון תחת אבל מעטה תהלה תחת רוח כהה וקרא ,61,-0.1578364243,-0.9492807377,-0.7731703066751938,-1.107117162,-0.9310067309751938,False,False
Isa.61.4,ובנו חרבות עולם שממות ראשנים יקוממו וחדשו ערי חרב שממות דור ודור,61,1.9506507593,1.1603263361,1.9487201553225384,3.1109770954,3.8993709146225375,False,True
Isa.61.5,ועמדו זרים ורעו צאנכם ובני נכר אכריכם וכרמיכם,61,-0.7328741203,1.0789259895,-0.0857450673508407,0.3460518692000001,-0.8186191876508407,False,False
Isa.61.6,ואתם כהני יהוה תקראו משרתי אלהינו יאמר לכם חיל גוים תאכלו ובכבודם תתימרו,61,-0.7212797966,-1.2526642617,-0.7580494788835974,-1.9739440583,-1.4793292754835974,False,False
Isa.61.7,תחת בשתכם משנה וכלמה ירנו חלקם לכן בארצם משנה יירשו שמחת עולם תהיה להם,61,1.9966797813,0.7954011388,-0.5572253893991117,2.7920809201,1.4394543919008882,False,False
Isa.61.8,כי אני יהוה אהב משפט שנא גזל בעולה ונתתי פעלתם באמת וברית עולם אכרות להם,61,-0.3857860634,-0.4949278875,1.911144594404217,-0.8807139508999999,1.5253585310042168,False,False
Isa.61.9,ונודע בגוים זרעם וצאצאיהם בתוך העמים כל ראיהם יכירום כי הם זרע ברך יהוה,61,-0.5287459431,-0.9609522178,-0.4680276205475782,-1.4896981609,-0.9967735636475784,False,False
Isa.61.10,שוש אשיש ביהוה תגל נפשי באלהי כי הלבישני בגדי ישע מעיל צדקה יעטני כחתן יכהן פאר ,61,-0.2725617038,0.5009580041,-0.7090818683947425,0.2283963003,-0.9816435721947424,False,False
Isa.61.11,כי כארץ תוציא צמחה וכגנה זרועיה תצמיח כן אדני יהוה יצמיח צדקה ותהלה נגד כל הגוים,61,-0.5115130799,0.0171360389,-0.515464158435901,-0.4943770409999999,-1.0269772383359008,False,False
Isa.62.1,למען ציון לא אחשה ולמען ירושלם לא אשקוט עד יצא כנגה צדקה וישועתה כלפיד יבער,62,-0.8683687207,1.3389141073,1.78766958549318,0.4705453865999999,0.91930086479318,False,False
Isa.62.2,וראו גוים צדקך וכל מלכים כבודך וקרא לך שם חדש אשר פי יהוה יקבנו,62,1.7341190048,-1.059661075,-0.7700981212605226,0.6744579298,0.9640208835394772,False,False
Isa.62.3,והיית עטרת תפארת ביד יהוה וצנוף וצניף מלוכה בכף אלהיך,62,0.4909526876,0.8848283988,0.4173391923134388,1.3757810864,0.9082918799134388,False,False
Isa.62.4,לא יאמר לך עוד עזובה ולארצך לא יאמר עוד שממה כי לך יקרא חפצי בה ולארצך בעולה כי ,62,-1.2106744705,-0.6826984441,-0.7135091148985127,-1.8933729146,-1.9241835853985128,False,False
Isa.62.5,כי יבעל בחור בתולה יבעלוך בניך ומשוש חתן על כלה ישיש עליך אלהיך,62,-0.6657444078,-0.5932016281,-0.8372549322762239,-1.2589460359,-1.502999340076224,False,False
Isa.62.6,על חומתיך ירושלם הפקדתי שמרים כל היום וכל הלילה תמיד לא יחשו המזכרים את יהוה אל ,62,1.6271605909,1.7845187277,1.9892952369330144,3.4116793186,3.616455827833015,False,False
Isa.62.7,ואל תתנו דמי לו עד יכונן ועד ישים את ירושלם תהלה בארץ,62,-0.279777008,-0.5488182771,-0.6010553847689518,-0.8285952851,-0.8808323927689519,False,False
Isa.62.8,נשבע יהוה בימינו ובזרוע עזו אם אתן את דגנך עוד מאכל לאיביך ואם ישתו בני נכר תירו,62,-0.5996780751,-0.4999972253,-0.6191807117658744,-1.0996753004,-1.2188587868658745,False,False
Isa.62.9,כי מאספיו יאכלהו והללו את יהוה ומקבציו ישתהו בחצרות קדשי,62,-0.5059772217,1.9995175021,1.9938830560187184,1.4935402804,1.487905834318718,False,False
Isa.62.10,עברו עברו בשערים פנו דרך העם סלו סלו המסלה סקלו מאבן הרימו נס על העמים,62,1.977908862,-0.5290115383,-0.3575768155155391,1.4488973237,1.620332046484461,False,False
Isa.62.11,הנה יהוה השמיע אל קצה הארץ אמרו לבת ציון הנה ישעך בא הנה שכרו אתו ופעלתו לפניו,62,-0.3661835365,-0.5546222641,-0.5472418298765356,-0.9208058006,-0.9134253663765356,False,False
Isa.62.12,וקראו להם עם הקדש גאולי יהוה ולך יקרא דרושה עיר לא נעזבה,62,-0.8799960695,-0.0949782794,-0.6616130292093053,-0.9749743489,-1.5416090987093054,False,False
Isa.63.1,מי זה בא מאדום חמוץ בגדים מבצרה זה הדור בלבושו צעה ברב כחו אני מדבר בצדקה רב להו,63,-0.3886547836,-0.8069819751,-0.6667448701855369,-1.1956367587,-1.0553996537855368,False,False
Isa.63.2,מדוע אדם ללבושך ובגדיך כדרך בגת,63,1.9831036677,0.3624102258,0.0946193198334786,2.3455138935,2.0777229875334786,False,False
Isa.63.3,פורה דרכתי לבדי ומעמים אין איש אתי ואדרכם באפי וארמסם בחמתי ויז נצחם על בגדי וכל,63,-0.5233615891,0.8919945715,-0.2340505801591454,0.3686329824000001,-0.7574121692591453,False,False
Isa.63.4,כי יום נקם בלבי ושנת גאולי באה,63,-0.8478697031,-0.6898247721,-0.7213007809568579,-1.5376944752,-1.569170484056858,False,False
Isa.63.5,ואביט ואין עזר ואשתומם ואין סומך ותושע לי זרעי וחמתי היא סמכתני,63,1.5286719059,-0.3018938267,0.1026379279415016,1.2267780792,1.6313098338415015,False,False
Isa.63.6,ואבוס עמים באפי ואשכרם בחמתי ואוריד לארץ נצחם,63,0.7071377,1.9828778232,1.9014461716669564,2.6900155232,2.6085838716669563,False,False
Isa.63.7,חסדי יהוה אזכיר תהלת יהוה כעל כל אשר גמלנו יהוה ורב טוב לבית ישראל אשר גמלם כרחמ,63,-0.9141628497,-0.596021522,-0.675315984948555,-1.5101843717,-1.5894788346485549,False,False
Isa.63.8,ויאמר אך עמי המה בנים לא ישקרו ויהי להם למושיע,63,-0.32000557,-0.5061101651,-0.5003224181374442,-0.8261157350999999,-0.8203279881374441,False,False
Isa.63.9,בכל צרתם לא לו צר ומלאך פניו הושיעם באהבתו ובחמלתו הוא גאלם וינטלם וינשאם כל ימי,63,-0.509584061,1.9614635929,1.2845931711745036,1.4518795319,0.7750091101745036,False,False
Isa.63.10,והמה מרו ועצבו את רוח קדשו ויהפך להם לאויב הוא נלחם בם,63,-0.7855810997,-0.6300023769,-0.7768678479503388,-1.4155834766000002,-1.562448947650339,False,False
Isa.63.11,ויזכר ימי עולם משה עמו איה המעלם מים את רעי צאנו איה השם בקרבו את רוח קדשו,63,-0.3598911097,-0.506867006,-0.4997527135896186,-0.8667581156999999,-0.8596438232896186,False,False
Isa.63.12,מוליך לימין משה זרוע תפארתו בוקע מים מפניהם לעשות לו שם עולם,63,-0.4024786612,-0.5215794463,-0.5008746809316016,-0.9240581075,-0.9033533421316016,False,False
Isa.63.13,מוליכם בתהמות כסוס במדבר לא יכשלו,63,1.998558835,1.9966750792,1.996203931216023,3.9952339142,3.994762766216023,True,True
Isa.63.14,כבהמה בבקעה תרד רוח יהוה תניחנו כן נהגת עמך לעשות לך שם תפארת,63,-0.4272199927,-0.4891348748,-0.5370991137753824,-0.9163548675,-0.9643191064753824,False,False
Isa.63.15,הבט משמים וראה מזבל קדשך ותפארתך איה קנאתך וגבורתך המון מעיך ורחמיך אלי התאפקו,63,-0.5183194599,-0.4543866035,-0.3928033336856821,-0.9727060634,-0.911122793585682,False,False
Isa.63.16,כי אתה אבינו כי אברהם לא ידענו וישראל לא יכירנו אתה יהוה אבינו גאלנו מעולם שמך,63,-1.2659953879,-0.825735152,-0.8065511115814733,-2.0917305399000004,-2.072546499481473,False,False
Isa.63.17,למה תתענו יהוה מדרכיך תקשיח לבנו מיראתך שוב למען עבדיך שבטי נחלתך,63,0.444659471,-0.0894870992,-0.7199968511988843,0.3551723717999999,-0.2753373801988844,False,False
Isa.63.18,למצער ירשו עם קדשך צרינו בוססו מקדשך,63,1.7177089269,1.816414188,1.8751822150075568,3.5341231149,3.592891141907557,False,False
Isa.63.19,היינו מעולם לא משלת בם לא נקרא שמך עליהם לוא קרעת שמים ירדת מפניך הרים נזלו,63,-0.5707332382,-1.3284903696,0.154507499158524,-1.8992236078,-0.4162257390414759,False,False
Isa.64.1,כקדח אש המסים מים תבעה אש להודיע שמך לצריך מפניך גוים ירגזו,64,-0.345271953,-0.1042020849,-0.6401533637748975,-0.4494740379,-0.9854253167748976,False,False
Isa.64.2,בעשותך נוראות לא נקוה ירדת מפניך הרים נזלו,64,-0.4712998989,1.7247315365,-0.7619126042948806,1.2534316376,-1.2332125031948806,False,False
Isa.64.3,ומעולם לא שמעו לא האזינו עין לא ראתה אלהים זולתך יעשה למחכה לו,64,-0.9798995659,-1.490605539,-0.9177624628542878,-2.4705051049,-1.897662028754288,False,False
Isa.64.4,פגעת את שש ועשה צדק בדרכיך יזכרוך הן אתה קצפת ונחטא בהם עולם ונושע,64,1.693345265,-0.2496521064,0.6222702246314468,1.4436931586,2.3156154896314467,False,False
Isa.64.5,ונהי כטמא כלנו וכבגד עדים כל צדקתינו ונבל כעלה כלנו ועוננו כרוח ישאנו,64,0.3963292687,1.838924065,1.6317808499312716,2.2352533337,2.028110118631272,False,False
Isa.64.6,ואין קורא בשמך מתעורר להחזיק בך כי הסתרת פניך ממנו ותמוגנו ביד עוננו,64,-0.6933217149,-0.7898622019,-0.4157035088100412,-1.4831839168,-1.1090252237100413,False,False
Isa.64.7,ועתה יהוה אבינו אתה אנחנו החמר ואתה יצרנו ומעשה ידך כלנו,64,-1.6358431796,-0.5831409191,-0.6642951394355122,-2.2189840987,-2.300138319035512,False,False
Isa.64.8,אל תקצף יהוה עד מאד ואל לעד תזכר עון הן הבט נא עמך כלנו,64,1.3660846837,1.9563387324,-0.5293239705611642,3.3224234161,0.8367607131388358,False,False
Isa.64.9,ערי קדשך היו מדבר ציון מדבר היתה ירושלם שממה,64,0.1226827641,-0.6665191493,-0.5659530449470549,-0.5438363852,-0.4432702808470549,False,False
Isa.64.10,בית קדשנו ותפארתנו אשר הללוך אבתינו היה לשרפת אש וכל מחמדינו היה לחרבה,64,-1.6956374874,-0.6443131327,-0.3081630514739856,-2.3399506201,-2.003800538873985,False,False
Isa.64.11,העל אלה תתאפק יהוה תחשה ותעננו עד מאד,64,0.5981422346,1.9851420635,1.983887884089334,2.5832842981,2.5820301186893344,False,False
Isa.65.1,נדרשתי ללוא שאלו נמצאתי ללא בקשני אמרתי הנני הנני אל גוי לא קרא בשמי,65,0.7918280637,-0.4209684491,-0.6388065335425126,0.3708596146,0.1530215301574874,False,False
Isa.65.2,פרשתי ידי כל היום אל עם סורר ההלכים הדרך לא טוב אחר מחשבתיהם,65,0.8927312475,-0.6253226436,-0.512664943979623,0.2674086039,0.3800663035203769,False,False
Isa.65.3,העם המכעיסים אותי על פני תמיד זבחים בגנות ומקטרים על הלבנים,65,-1.2552472023,-0.4655054977,-0.5019822634976757,-1.7207527,-1.7572294657976757,False,False
Isa.65.4,הישבים בקברים ובנצורים ילינו האכלים בשר החזיר ופרק ומרק פגלים כליהם,65,0.637633535,1.9995553694,1.999990231904338,2.6371889044,2.637623766904338,False,False
Isa.65.5,האמרים קרב אליך אל תגש בי כי קדשתיך אלה עשן באפי אש יקדת כל היום,65,-0.302537466,-0.5341977065,-0.5013717074300951,-0.8367351725,-0.803909173430095,False,False
Isa.65.6,הנה כתובה לפני לא אחשה כי אם שלמתי ושלמתי על חיקם,65,0.2004989205,-0.4811829386,-0.5033994689335048,-0.2806840181,-0.3029005484335048,False,False
Isa.65.7,עונתיכם ועונת אבותיכם יחדו אמר יהוה אשר קטרו על ההרים ועל הגבעות חרפוני ומדתי פע,65,-0.994273332,-0.4320926975,0.6441899536417486,-1.4263660295,-0.3500833783582514,False,False
Isa.65.8,כה אמר יהוה כאשר ימצא התירוש באשכול ואמר אל תשחיתהו כי ברכה בו כן אעשה למען עבדי,65,-1.1023618982,-0.5635653519,-0.7761012822211634,-1.6659272501000002,-1.8784631804211636,False,False
Isa.65.9,והוצאתי מיעקב זרע ומיהודה יורש הרי וירשוה בחירי ועבדי ישכנו שמה,65,0.2160054426,1.995537184,1.0096576512678932,2.2115426266,1.2256630938678932,False,False
Isa.65.10,והיה השרון לנוה צאן ועמק עכור לרבץ בקר לעמי אשר דרשוני,65,1.5569845239,-0.5365230196,-0.9100898253742956,1.0204615043,0.6468946985257044,False,False
Isa.65.11,ואתם עזבי יהוה השכחים את הר קדשי הערכים לגד שלחן והממלאים למני ממסך,65,0.3933014933,-0.3854296128,1.2818452470181787,0.0078718805,1.6751467403181788,False,False
Isa.65.12,ומניתי אתכם לחרב וכלכם לטבח תכרעו יען קראתי ולא עניתם דברתי ולא שמעתם ותעשו הרע ,65,-0.7403112201,-0.6643766458,-0.4744702105772884,-1.4046878659,-1.2147814306772884,False,False
Isa.65.13,לכן כה אמר אדני יהוה הנה עבדי יאכלו ואתם תרעבו הנה עבדי ישתו ואתם תצמאו הנה עבדי,65,-0.834717752,-0.6245423513,-0.5072365499550314,-1.4592601033,-1.3419543019550315,False,False
Isa.65.14,הנה עבדי ירנו מטוב לב ואתם תצעקו מכאב לב ומשבר רוח תילילו,65,-0.2038619708,-0.4286763823,-0.4947324374938476,-0.6325383531,-0.6985944082938476,False,False
Isa.65.15,והנחתם שמכם לשבועה לבחירי והמיתך אדני יהוה ולעבדיו יקרא שם אחר,65,1.8781483483,1.9931281185,1.9999909252757015,3.8712764668,3.8781392735757017,False,False
Isa.65.16,אשר המתברך בארץ יתברך באלהי אמן והנשבע בארץ ישבע באלהי אמן כי נשכחו הצרות הראשנו,65,-0.5083958121,-0.3874014908,-0.5019814964490776,-0.8957973028999999,-1.0103773085490777,False,False
Isa.65.17,כי הנני בורא שמים חדשים וארץ חדשה ולא תזכרנה הראשנות ולא תעלינה על לב,65,-1.1905272645,-0.5452499012,-0.4998500599802065,-1.7357771657,-1.6903773244802065,False,False
Isa.65.18,כי אם שישו וגילו עדי עד אשר אני בורא כי הנני בורא את ירושלם גילה ועמה משוש,65,0.1480889683,-0.6367380149,-0.8611634203351999,-0.4886490466,-0.7130744520351999,False,False
Isa.65.19,וגלתי בירושלם וששתי בעמי ולא ישמע בה עוד קול בכי וקול זעקה,65,0.2223014078,1.6736424676,-0.0552576132570979,1.8959438754,0.167043794542902,False,False
Isa.65.20,לא יהיה משם עוד עול ימים וזקן אשר לא ימלא את ימיו כי הנער בן מאה שנה ימות והחוטא,65,-1.0225323617,-0.4937694948,-0.3131527322137564,-1.5163018565,-1.3356850939137563,False,False
Isa.65.21,ובנו בתים וישבו ונטעו כרמים ואכלו פרים,65,1.7176028308,-0.540384531,-0.791546903102389,1.1772182998,0.926055927697611,False,False
Isa.65.22,לא יבנו ואחר ישב לא יטעו ואחר יאכל כי כימי העץ ימי עמי ומעשה ידיהם יבלו בחירי,65,0.4141845403,1.6665119231,-0.6081055965523763,2.0806964634000003,-0.1939210562523762,False,False
Isa.65.23,לא ייגעו לריק ולא ילדו לבהלה כי זרע ברוכי יהוה המה וצאצאיהם אתם,65,-0.6209864018,-0.7102193813,1.9871302988477264,-1.3312057831,1.3661438970477269,False,False
Isa.65.24,והיה טרם יקראו ואני אענה עוד הם מדברים ואני אשמע,65,-0.5418837759,-0.7157898903,-0.6006631680051601,-1.2576736662,-1.14254694390516,False,False
Isa.65.25,זאב וטלה ירעו כאחד ואריה כבקר יאכל תבן ונחש עפר לחמו לא ירעו ולא ישחיתו בכל הר ק,65,-0.8120090986,1.8925237969,-0.4632467593178661,1.0805146983,-1.275255857917866,False,False
Isa.66.1,כה אמר יהוה השמים כסאי והארץ הדם רגלי אי זה בית אשר תבנו לי ואי זה מקום מנוחתי,66,-0.5525169829,-0.7493230902,-0.5868978879091261,-1.3018400731,-1.139414870809126,False,False
Isa.66.2,ואת כל אלה ידי עשתה ויהיו כל אלה נאם יהוה ואל זה אביט אל עני ונכה רוח וחרד על דב,66,-0.4712813665,-0.6321273031,-0.516002080123056,-1.1034086696,-0.987283446623056,False,False
Isa.66.3,שוחט השור מכה איש זובח השה ערף כלב מעלה מנחה דם חזיר מזכיר לבנה מברך און גם המה ,66,1.9572828059,1.6493006218,-0.504707157931821,3.6065834277,1.452575647968179,False,False
Isa.66.4,גם אני אבחר בתעלליהם ומגורתם אביא להם יען קראתי ואין עונה דברתי ולא שמעו ויעשו ה,66,-0.5965698759,-0.9951098865,1.9861563518830236,-1.5916797624,1.3895864759830234,False,False
Isa.66.5,שמעו דבר יהוה החרדים אל דברו אמרו אחיכם שנאיכם מנדיכם למען שמי יכבד יהוה ונראה ב,66,-0.5450906392,-0.5171663793,-0.3715579639760285,-1.0622570185,-0.9166486031760286,False,False
Isa.66.6,קול שאון מעיר קול מהיכל קול יהוה משלם גמול לאיביו,66,-0.5199488479,-0.3541823215,-0.3742299596918726,-0.8741311694,-0.8941788075918726,False,False
Isa.66.7,בטרם תחיל ילדה בטרם יבוא חבל לה והמליטה זכר,66,1.9956328677,1.2974430484,-0.9337904952889023,3.2930759161,1.0618423724110977,False,False
Isa.66.8,מי שמע כזאת מי ראה כאלה היוחל ארץ ביום אחד אם יולד גוי פעם אחת כי חלה גם ילדה צי,66,-0.3997062484,-0.8936672741,-0.6760331046987043,-1.2933735225,-1.0757393530987045,False,False
Isa.66.9,האני אשביר ולא אוליד יאמר יהוה אם אני המוליד ועצרתי אמר אלהיך,66,-0.4638912521,-0.41351874,-0.4995330286148794,-0.8774099921,-0.9634242807148794,False,False
Isa.66.10,שמחו את ירושלם וגילו בה כל אהביה שישו אתה משוש כל המתאבלים עליה,66,-1.2986147535,-0.5645249723,-0.5005981703489543,-1.8631397258,-1.7992129238489545,False,False
Isa.66.11,למען תינקו ושבעתם משד תנחמיה למען תמצו והתענגתם מזיז כבודה,66,1.3171169052,1.9642306067,1.9999986281828137,3.2813475119,3.3171155333828137,False,False
Isa.66.12,כי כה אמר יהוה הנני נטה אליה כנהר שלום וכנחל שוטף כבוד גוים וינקתם על צד תנשאו ו,66,-0.6379832998,-0.5710267698,-0.5010228048071371,-1.2090100696,-1.1390061046071371,False,False
Isa.66.13,כאיש אשר אמו תנחמנו כן אנכי אנחמכם ובירושלם תנחמו,66,-0.769535555,-0.1667813492,-0.5016968139954011,-0.9363169042,-1.2712323689954013,False,False
Isa.66.14,וראיתם ושש לבכם ועצמותיכם כדשא תפרחנה ונודעה יד יהוה את עבדיו וזעם את איביו,66,0.7888501581,-0.6919837272,0.5134004279827808,0.0968664309,1.3022505860827809,False,False
Isa.66.15,כי הנה יהוה באש יבוא וכסופה מרכבתיו להשיב בחמה אפו וגערתו בלהבי אש,66,-0.4725211172,0.1212135319,-0.0991200062409019,-0.3513075853,-0.571641123440902,False,False
Isa.66.16,כי באש יהוה נשפט ובחרבו את כל בשר ורבו חללי יהוה,66,-0.4079674356,-0.9724934965,-0.8475383645658464,-1.3804609321,-1.2555058001658463,False,False
Isa.66.17,המתקדשים והמטהרים אל הגנות אחר אחד אחת בתוך אכלי בשר החזיר והשקץ והעכבר יחדו יספ,66,1.994641963,1.085052722,1.9299343280579624,3.079694685,3.9245762910579622,False,True
Isa.66.18,ואנכי מעשיהם ומחשבתיהם באה לקבץ את כל הגוים והלשנות ובאו וראו את כבודי,66,-0.3063715196,-0.383211651,-0.39555789918028,-0.6895831706,-0.70192941878028,False,False
Isa.66.19,ושמתי בהם אות ושלחתי מהם פליטים אל הגוים תרשיש פול ולוד משכי קשת תבל ויון האיים ,66,-0.3447017636,-0.5774362542,-0.6164649486926475,-0.9221380178,-0.9611667122926476,False,False
Isa.66.20,והביאו את כל אחיכם מכל הגוים מנחה ליהוה בסוסים וברכב ובצבים ובפרדים ובכרכרות על ,66,-1.1703420816,-1.0622232869,1.3783349230269606,-2.2325653685,0.2079928414269605,False,False
Isa.66.21,וגם מהם אקח לכהנים ללוים אמר יהוה,66,0.9327988315,1.9429112514,-0.5165468287689662,2.8757100829,0.4162520027310338,False,False
Isa.66.22,כי כאשר השמים החדשים והארץ החדשה אשר אני עשה עמדים לפני נאם יהוה כן יעמד זרעכם ו,66,-0.3573060236,-0.3571433336,-0.4976320288628664,-0.7144493572,-0.8549380524628665,False,False
Isa.66.23,והיה מדי חדש בחדשו ומדי שבת בשבתו יבוא כל בשר להשתחות לפני אמר יהוה,66,-0.7644081053,-1.2063144031,-0.8709099831806052,-1.9707225084,-1.6353180884806051,False,False
Isa.66.24,ויצאו וראו בפגרי האנשים הפשעים בי כי תולעתם לא תמות ואשם לא תכבה והיו דראון לכל ,66,0.1377317198,1.2898560074,1.3193448571666049,1.4275877272000002,1.457076576966605,False,False
