verse_id,text,raw_ppl_gpt,raw_ppl_dicta,rare_ratio,disc_ppl_gpt,disc_ppl_dicta,global_z_gpt,global_z_dicta,CFI_mag,p_val_gpt,p_val_dicta,p_adj_gpt,p_adj_dicta,Strict_Shared_Seam,p_val_cfi,p_adj_cfi,Significant_CFI_Seam,cfi_percentile,chapter,Regime_ID,Is_Regime_Change
Isa.1.1,חזון ישעיהו בן אמוץ אשר חזה על יהודה וירושלם בימי עזיהו יותם אחז יחזקיהו מלכי יה,8.2205020101,321.9581108534,0.0,8.2205020101,321.9581108534,-0.5833986175126571,-0.2529685277146235,0.0,0.7201875058593941,0.5998537332019725,0.7266815425440653,0.6008320478370451,False,1.0,1.0,False,31.56,1,1,False
Isa.1.2,שמעו שמים והאזיני ארץ כי יהוה דבר בנים גדלתי ורוממתי והם פשעו בי,54.8049938617,859.691028224,0.15384615384615385,41.909701188358824,657.4107862889412,-0.4769662841660735,-0.25032040474334233,0.0,0.6833069347888543,0.5988302110177796,0.7266815425440653,0.6008320478370451,False,1.0,1.0,False,31.56,1,1,False
Isa.1.3,ידע שור קנהו וחמור אבוס בעליו ישראל לא ידע עמי לא התבונן,107.6862202287,397.0201053774,0.16666666666666666,80.764665171525,297.76507903305003,-0.35421404963107694,-0.25315951180269264,0.0,0.6384107623895412,0.5999275237673014,0.7266815425440653,0.6008320478370451,False,1.0,1.0,False,31.56,1,1,False
Isa.1.4,הוי גוי חטא עם כבד עון זרע מרעים בנים משחיתים עזבו את יהוה נאצו את קדוש ישראל נז,50.3613263894,474.701025407,0.05555555555555555,45.325193750459995,427.2309228663,-0.46617591657707713,-0.25213748544798853,0.0,0.6794552067486914,0.5995326017377266,0.7266815425440653,0.6008320478370451,False,1.0,1.0,False,31.56,1,1,False
Isa.1.5,על מה תכו עוד תוסיפו סרה כל ראש לחלי וכל לבב דוי,101.0346226724,1815.0333010399,0.25,67.35641511493334,1210.0222006932665,-0.39657395649815574,-0.24595799213543482,0.0,0.6541591696306247,0.5971426244421396,0.7266815425440653,0.6008320478370451,False,1.0,1.0,False,31.56,1,1,False
Isa.1.6,מכף רגל ועד ראש אין בו מתם פצע וחבורה ומכה טריה לא זרו ולא חבשו ולא רככה בשמן,78.6268458981,402.8616242417,0.2222222222222222,54.433970237146156,278.9042013981,-0.43739908723540055,-0.25330840291902906,0.0,0.6690890270132192,0.5999850483869126,0.7266815425440653,0.6008320478370451,False,1.0,1.0,False,31.56,1,1,False
Isa.1.7,ארצכם שממה עריכם שרפות אש אדמתכם לנגדכם זרים אכלים אתה ושממה כמהפכת זרים,312.6174802205,35356.0644864445,0.23076923076923078,213.8961706771842,24190.99149072518,0.06638059549349679,-0.06454214085260354,0.06638059549349679,0.4735374093386286,0.5257307232541757,0.7266815425440653,0.6008320478370451,False,0.9977992335164413,1.0,False,67.85,1,1,False
Isa.1.8,ונותרה בת ציון כסכה בכרם כמלונה במקשה כעיר נצורה,231.6198491426,168448.3652418553,0.7777777777777778,90.63385401232175,65914.57770333468,-0.323034893634934,0.2648312557088886,0.2648312557088886,0.626665591896286,0.3955697288632012,0.7266815425440653,0.6008320478370451,False,0.9655399533261133,1.0,False,76.14,1,1,False
Isa.1.9,לולי יהוה צבאות הותיר לנו שריד כמעט כסדם היינו לעמרה דמינו,137.9281664922,14992.6249567248,0.09090909090909091,116.70844857032307,12686.06727107483,-0.24065893909858624,-0.15536405505957532,0.0,0.5950902672269363,0.561732840029082,0.7266815425440653,0.6008320478370451,False,1.0,1.0,False,31.56,1,1,False
Isa.1.10,שמעו דבר יהוה קציני סדם האזינו תורת אלהינו עם עמרה,52.8061466525,2642.9297535197,0.1,44.005122210416665,2202.441461266417,-0.47034634204334647,-0.23812365831277707,0.0,0.6809462032947985,0.5941074071266289,0.7266815425440653,0.6008320478370451,False,1.0,1.0,False,31.56,1,1,False
Isa.1.11,למה לי רב זבחיכם יאמר יהוה שבעתי עלות אילים וחלב מריאים ודם פרים וכבשים ועתודים ,28.5411518279,2173.6558049351,0.2,20.38653701992857,1552.6112892393573,-0.5449631686074806,-0.24325353305216382,0.0,0.7071105753423335,0.5960955006983512,0.7266815425440653,0.6008320478370451,False,1.0,1.0,False,31.56,1,1,False
Isa.1.12,כי תבאו לראות פני מי בקש זאת מידכם רמס חצרי,51.153779881,1631.9668684554,0.2,36.538414200714286,1165.6906203252856,-0.493935479668295,-0.2463079535008442,0.0,0.6893241266842824,0.5972780732145837,0.7266815425440653,0.6008320478370451,False,1.0,1.0,False,31.56,1,1,False
Isa.1.13,לא תוסיפו הביא מנחת שוא קטרת תועבה היא לי חדש ושבת קרא מקרא לא אוכל און ועצרה,159.5120129983,689.9112430399,0.11764705882352941,129.12877242719523,558.4995776989666,-0.20142013018500896,-0.2511012273832101,0.0,0.5798149619289806,0.5991320765065566,0.7266815425440653,0.6008320478370451,False,1.0,1.0,False,31.56,1,1,False
Isa.1.14,חדשיכם ומועדיכם שנאה נפשי היו עלי לטרח נלאיתי נשא,40.5462815724,55595.7774602725,0.3333333333333333,24.327768943440002,33357.4664761635,-0.532511863141304,0.007819639965204682,0.007819639965204682,0.7028142361884857,0.49688044679216214,0.7266815425440653,0.6008320478370451,False,0.9999694270827685,1.0,False,63.36,1,1,False
Isa.1.15,ובפרשכם כפיכם אעלים עיני מכם גם כי תרבו תפלה אינני שמע ידיכם דמים מלאו,34.2678086576,9038.1193188487,0.21428571428571427,23.98746606032,6326.6835231940895,-0.5335869623059766,-0.20556615931791944,0.0,0.7031863347526583,0.5814350930599033,0.7266815425440653,0.6008320478370451,False,1.0,1.0,False,31.56,1,1,False
Isa.1.16,רחצו הזכו הסירו רע מעלליכם מנגד עיני חדלו הרע,54.0918257242,5407.0624379734,0.2222222222222222,37.44818703983077,3743.350918596969,-0.49106128709487806,-0.22595944550593772,0.0,0.6883084493970376,0.589383518806986,0.7266815425440653,0.6008320478370451,False,1.0,1.0,False,31.56,1,1,False
Isa.1.17,למדו היטב דרשו משפט אשרו חמוץ שפטו יתום ריבו אלמנה,85.9644804279,137.9253894966,0.2,61.40320030564286,98.51813535471429,-0.4153816028216434,-0.2547324025474963,0.0,0.6610687139125792,0.6005351060068811,0.7266815425440653,0.6008320478370451,False,1.0,1.0,False,31.56,1,1,False
Isa.1.18,לכו נא ונוכחה יאמר יהוה אם יהיו חטאיכם כשנים כשלג ילבינו אם יאדימו כתולע כצמר יה,7.4940410719,12896.1763878634,0.5,3.74702053595,6448.0881939317,-0.5975314281193207,-0.2046077692946958,0.0,0.7249236847148479,0.5810607075969935,0.7266815425440653,0.6008320478370451,False,1.0,1.0,False,31.56,1,1,False
Isa.1.19,אם תאבו ושמעתם טוב הארץ תאכלו,30.5578019832,5097.7528499632,0.3333333333333333,18.33468118992,3058.6517099779203,-0.551445477745287,-0.2313645826103237,0.0,0.7093358337507005,0.5914842111378887,0.7266815425440653,0.6008320478370451,False,1.0,1.0,False,31.56,1,1,False
Isa.1.20,ואם תמאנו ומריתם חרב תאכלו כי פי יהוה דבר,21.1372589774,1988.491192018,0.2222222222222222,14.633486984353846,1376.6477483201538,-0.5631384459688082,-0.2446426204821899,0.0,0.7133296931381536,0.5966334198883726,0.7266815425440653,0.6008320478370451,False,1.0,1.0,False,31.56,1,1,False
Isa.1.21,איכה היתה לזונה קריה נאמנה מלאתי משפט צדק ילין בה ועתה מרצחים,38.4423023821,49.7747873316,0.16666666666666666,28.831726786575004,37.33109049870001,-0.5182827703094132,-0.25521542394184843,0.0,0.6978695037858695,0.6007216405718536,0.7266815425440653,0.6008320478370451,False,1.0,1.0,False,31.56,1,1,False
Isa.1.22,כספך היה לסיגים סבאך מהול במים,615.2361206994,10770.2181725721,0.5,307.6180603497,5385.10908628605,0.3624707266573827,-0.2129991150763137,0.3624707266573827,0.35850014755539433,0.5843361735434847,0.7266815425440653,0.6008320478370451,False,0.9364187558337485,1.0,False,79.55,1,1,False
Isa.1.23,שריך סוררים וחברי גנבים כלו אהב שחד ורדף שלמנים יתום לא ישפטו וריב אלמנה לא יבוא,31.0458633563,750.6136892821,0.25,20.697242237533334,500.4091261880667,-0.5439815756311188,-0.2515598037199717,0.0,0.706772924248817,0.5993093342258524,0.7266815425440653,0.6008320478370451,False,1.0,1.0,False,31.56,1,1,False
Isa.1.24,לכן נאם האדון יהוה צבאות אביר ישראל הוי אנחם מצרי ואנקמה מאויבי,278.8962432543,5278.0071317994,0.25,185.9308288362,3518.6714211996,-0.021968687290630926,-0.2277331053447254,0.0,0.5087635332853702,0.5900731328771162,0.7266815425440653,0.6008320478370451,False,1.0,1.0,False,31.56,1,1,False
Isa.1.25,ואשיבה ידי עליך ואצרף כבר סיגיך ואסירה כל בדיליך,189.5639019301,258746.3270362345,0.4444444444444444,100.35735984534706,136983.34960741826,-0.2923159855171695,0.8258607576366891,0.8258607576366891,0.6149774811791944,0.20444154180921448,0.7266815425440653,0.6008320478370451,False,0.7110425572377765,1.0,False,86.91,1,1,False
Isa.1.26,ואשיבה שפטיך כבראשנה ויעציך כבתחלה אחרי כן יקרא לך עיר הצדק קריה נאמנה,34.4258381731,10027.0910683709,0.3076923076923077,21.31123315477619,6207.246851848653,-0.5420418297312538,-0.20650901360457125,0.0,0.7061051549414413,0.5818033376769057,0.7266815425440653,0.6008320478370451,False,1.0,1.0,False,31.56,1,1,False
Isa.1.27,ציון במשפט תפדה ושביה בצדקה,9.2078382342,2291.1035331847,0.2,6.577027310142858,1636.5025237033574,-0.5885907518280789,-0.24259128075447436,0.0,0.7219320803705529,0.5958389817846862,0.7266815425440653,0.6008320478370451,False,1.0,1.0,False,31.56,1,1,False
Isa.1.28,ושבר פשעים וחטאים יחדו ועזבי יהוה יכלו,237.6785504127,41475.3681515824,0.14285714285714285,184.86109476543334,32258.61967345298,-0.025348236107140345,-0.0008548517686846395,0.0,0.5101114002869583,0.5003410364724676,0.7266815425440653,0.6008320478370451,False,1.0,1.0,False,31.56,1,1,False
Isa.1.29,כי יבשו מאילים אשר חמדתם ותחפרו מהגנות אשר בחרתם,263.677325775,16077.6628073866,0.4444444444444444,139.59387835147058,8511.70383920467,-0.1683583279039211,-0.18831722104657858,0.0,0.5668493051931522,0.5746860067906907,0.7266815425440653,0.6008320478370451,False,1.0,1.0,False,31.56,1,1,False
Isa.1.30,כי תהיו כאלה נבלת עלה וכגנה אשר מים אין לה,398.4183464278,7501.9843139286,0.1,332.0152886898333,6251.653594940501,0.4395474753711226,-0.20615845889127637,0.4395474753711226,0.33013244492398974,0.5816664321023293,0.7266815425440653,0.6008320478370451,False,0.9079182009008219,1.0,False,81.1,1,1,False
Isa.1.31,והיה החסן לנערת ופעלו לניצוץ ובערו שניהם יחדו ואין מכבה,197.5069461534,20135.0223314078,0.5,98.7534730767,10067.5111657039,-0.2973830519768846,-0.17603540181577051,0.0,0.6169129593511494,0.5698669349582861,0.7266815425440653,0.6008320478370451,False,1.0,1.0,False,31.56,1,1,False
Isa.2.1,הדבר אשר חזה ישעיהו בן אמוץ על יהודה וירושלם,36.9891913343,40.7901725203,0.0,36.9891913343,40.7901725203,-0.4925113656104643,-0.25518811733429475,0.0,0.688821055380999,0.6007110958419202,0.7266815425440653,0.6008320478370451,False,1.0,1.0,False,31.56,2,1,False
Isa.2.2,והיה באחרית הימים נכון יהיה הר בית יהוה בראש ההרים ונשא מגבעות ונהרו אליו כל הגו,5.1727790949,7.3243127502,0.0625,4.598025862133333,6.5105002224,-0.5948428963416192,-0.2554587271529292,0.0,0.7240257546176501,0.6008155913869004,0.7266815425440653,0.6008320478370451,False,1.0,1.0,False,31.56,2,1,False
Isa.2.3,והלכו עמים רבים ואמרו לכו ונעלה אל הר יהוה אל בית אלהי יעקב וירנו מדרכיו ונלכה ב,2.875728074,2015.7243160576,0.17647058823529413,2.1255381416521737,1489.8831901295302,-0.6026540834187941,-0.24374871980237192,0.0,0.7266305832936601,0.5962872809171224,0.7271938628155932,0.6008320478370451,False,1.0,1.0,False,31.56,2,1,False
Isa.2.4,ושפט בין הגוים והוכיח לעמים רבים וכתתו חרבותם לאתים וחניתותיהם למזמרות לא ישא גו,2.3818397466,2177.1772653187,0.42857142857142855,1.2825290943230767,1172.3262197869922,-0.605317353016411,-0.24625557090070557,0.0,0.7275159232689944,0.5972577998366962,0.7275159232689944,0.6008320478370451,False,1.0,1.0,False,31.56,2,1,False
Isa.2.5,בית יעקב לכו ונלכה באור יהוה,12.8133367827,146.8760239572,0.0,12.8133367827,146.8760239572,-0.5688887409514296,-0.2543506567901115,0.0,0.7152841766911394,0.6003876661125906,0.7266815425440653,0.6008320478370451,False,1.0,1.0,False,31.56,2,1,False
Isa.2.6,כי נטשתה עמך בית יעקב כי מלאו מקדם ועננים כפלשתים ובילדי נכרים ישפיקו,124.6496701805,54791.3698823683,0.46153846153846156,64.81782849385999,28491.512338831515,-0.40459396599893427,-0.030593065825677602,0.0,0.6571120026891948,0.512202963883738,0.7266815425440653,0.6008320478370451,False,1.0,1.0,False,31.56,2,1,False
Isa.2.7,ותמלא ארצו כסף וזהב ואין קצה לאצרתיו ותמלא ארצו סוסים ואין קצה למרכבתיו,200.6926236074,1130.5643316793,0.15384615384615385,153.47082981742352,864.5491948135824,-0.12451767985397241,-0.24868521737410595,0.0,0.5495472985911296,0.5981978577464231,0.7266815425440653,0.6008320478370451,False,1.0,1.0,False,31.56,2,1,False
Isa.2.8,ותמלא ארצו אלילים למעשה ידיו ישתחוו לאשר עשו אצבעתיו,227.6375973323,75148.2890605316,0.1111111111111111,186.2489432718818,61484.963776798584,-0.020963686801254565,0.22986309700352903,0.22986309700352903,0.5083626884799185,0.4090990764228077,0.7266815425440653,0.6008320478370451,False,0.9739273945687464,1.0,False,74.98,2,1,False
Isa.2.9,וישח אדם וישפל איש ואל תשא להם,286.2382736961,16339.0297144727,0.2857142857142857,182.1516287157,10397.564363755355,-0.03390809507768452,-0.173429903277504,0.0,0.51352478101846,0.5688432390919331,0.7266815425440653,0.6008320478370451,False,1.0,1.0,False,31.56,2,1,False
Isa.2.10,בוא בצור והטמן בעפר מפני פחד יהוה ומהדר גאנו,422.413925198,160432.221533335,0.2222222222222222,292.44040975246156,111068.46106153961,0.31452085526875856,0.6212840269028159,0.6963599719136434,0.37656273966852793,0.26720638072631264,0.7266815425440653,0.6008320478370451,False,0.7846962292171136,1.0,False,85.13,2,1,False
Isa.2.11,עיני גבהות אדם שפל ושח רום אנשים ונשגב יהוה לבדו ביום ההוא,138.082218331,459.8256332005,0.16666666666666666,103.56166374825001,344.86922490037506,-0.28219281401246904,-0.2527876633130305,0.0,0.6111021659511953,0.5997838492953832,0.7266815425440653,0.6008320478370451,False,1.0,1.0,False,31.56,2,1,False
Isa.2.12,כי יום ליהוה צבאות על כל גאה ורם ועל כל נשא ושפל,96.4721531537,33.1931391937,0.0,96.4721531537,33.1931391937,-0.3045902937171879,-0.25524808966404183,0.0,0.6196608932717761,0.6007342546829936,0.7266815425440653,0.6008320478370451,False,1.0,1.0,False,31.56,2,1,False
Isa.2.13,ועל כל ארזי הלבנון הרמים והנשאים ועל כל אלוני הבשן,24.4362938251,130.0866760042,0.1,20.363578187583336,108.40556333683334,-0.5450357011151394,-0.25465434943573517,0.0,0.7071355181152484,0.6005049610806846,0.7266815425440653,0.6008320478370451,False,1.0,1.0,False,31.56,2,1,False
Isa.2.14,ועל כל ההרים הרמים ועל כל הגבעות הנשאות,13.0053837603,384.8147367621,0.125,10.40430700824,307.85178940968,-0.5764994490196296,-0.25307988552033156,0.0,0.717861178912526,0.599896758976066,0.7266815425440653,0.6008320478370451,False,1.0,1.0,False,31.56,2,1,False
Isa.2.15,ועל כל מגדל גבה ועל כל חומה בצורה,215.6146351462,66.031226346,0.0,215.6146351462,66.031226346,0.07180964063769195,-0.2549888599744648,0.07180964063769195,0.4713767002552815,0.6006341483203554,0.7266815425440653,0.6008320478370451,False,0.9974250087479591,1.0,False,68.4,2,1,False
Isa.2.16,ועל כל אניות תרשיש ועל כל שכיות החמדה,17.6960477192,1.8637866804,0.25,11.797365146133332,1.2425244536,-0.5720984412272236,-0.255500313488848,0.0,0.716372357445616,0.6008316492432805,0.7266815425440653,0.6008320478370451,False,1.0,1.0,False,31.56,2,1,False
Isa.2.17,ושח גבהות האדם ושפל רום אנשים ונשגב יהוה לבדו ביום ההוא,141.2149292267,206.735937196,0.18181818181818182,103.55761476624666,151.60635394373332,-0.2822056057265141,-0.2543133147254437,0.0,0.6111070699006461,0.6003732428910089,0.7266815425440653,0.6008320478370451,False,1.0,1.0,False,31.56,2,1,False
Isa.2.18,והאלילים כליל יחלף,867.0595258441,842234.4557252871,0.3333333333333333,520.23571550646,505340.6734351723,1.0341813550185646,3.7337388647391396,3.87431761541714,0.15052569442471214,9.432905049885931e-05,0.7266815425440653,0.011070800381275215,False,0.0005502331323403476,0.02630929532782921,True,97.99,2,1,False
Isa.2.19,ובאו במערות צרים ובמחלות עפר מפני פחד יהוה ומהדר גאונו בקומו לערץ הארץ,92.902707682,15969.5964764871,0.23076923076923078,63.565010519263154,10926.566010228014,-0.40855192117588407,-0.16925387036898418,0.0,0.6585657399548829,0.5672015207359398,0.7266815425440653,0.6008320478370451,False,1.0,1.0,False,31.56,2,1,False
Isa.2.20,ביום ההוא ישליך האדם את אלילי כספו ואת אלילי זהבו אשר עשו לו להשתחות לחפר פרות ו,59.268133342,759.8885089235,0.23529411764705882,40.30233067256,516.72418606798,-0.48204435662614475,-0.25143100974094107,0.0,0.685112781756418,0.5992595523707499,0.7266815425440653,0.6008320478370451,False,1.0,1.0,False,31.56,2,2,True
Isa.2.21,לבוא בנקרות הצרים ובסעפי הסלעים מפני פחד יהוה ומהדר גאונו בקומו לערץ הארץ,17.3224250097,110484.7453792925,0.23076923076923078,11.852185532952632,75594.8257858317,-0.5719252503581481,0.34124885256268744,0.34124885256268744,0.7163136916437192,0.3664581245066807,0.7266815425440653,0.6008320478370451,False,0.9434372824370201,1.0,False,79.01,2,2,False
Isa.2.22,חדלו לכם מן האדם אשר נשמה באפו כי במה נחשב הוא,31.9101151837,10.0672328864,0.09090909090909091,27.000866693899997,8.518427826953845,-0.5240669004296773,-0.25544287621596057,0.0,0.6998839953299516,0.6008094707722531,0.7266815425440653,0.6008320478370451,False,1.0,1.0,False,31.56,2,2,False
Isa.3.1,כי הנה האדון יהוה צבאות מסיר מירושלם ומיהודה משען ומשענה כל משען לחם וכל משען מי,39.9768243253,658.7173655282,0.125,31.98145946024,526.9738924225601,-0.5083320025246901,-0.25135009673939407,0.0,0.694389734814176,0.5992282767975508,0.7266815425440653,0.6008320478370451,False,1.0,1.0,False,31.56,3,2,False
Isa.3.2,גבור ואיש מלחמה שופט ונביא וקסם וזקן,356.2790606688,564.6979421774,0.14285714285714285,277.1059360757334,439.2095105824223,0.2660755418191826,-0.25204292435005304,0.2660755418191826,0.3950905155193921,0.599496057157356,0.7266815425440653,0.6008320478370451,False,0.9652210881652018,1.0,False,76.45,3,2,False
Isa.3.3,שר חמשים ונשוא פנים ויועץ וחכם חרשים ונבון לחש,160.6190291152,1231.9226273276,0.1111111111111111,131.41556927607272,1007.936695086218,-0.1941955855103847,-0.24755329099202075,0.0,0.576988630335619,0.5977599728607645,0.7266815425440653,0.6008320478370451,False,1.0,1.0,False,31.56,3,2,False
Isa.3.4,ונתתי נערים שריהם ותעלולים ימשלו בם,134.4846622422,302221.9304928448,0.16666666666666666,100.86349668164999,226666.4478696336,-0.2907169767608217,1.5338350563525727,1.5338350563525727,0.614366106723302,0.06253511813002335,0.7266815425440653,0.6008320478370451,False,0.3084100685746858,1.0,False,92.87,3,2,False
Isa.3.5,ונגש העם איש באיש ואיש ברעהו ירהבו הנער בזקן והנקלה בנכבד,67.7716257503,31360.8141217962,0.36363636363636365,39.236204381752636,18156.260807355695,-0.4854125075926419,-0.11218137618550872,0.0,0.6863081190813852,0.5446602021995065,0.7266815425440653,0.6008320478370451,False,1.0,1.0,False,31.56,3,2,False
Isa.3.6,כי יתפש איש באחיו בית אביו שמלה לכה קצין תהיה לנו והמכשלה הזאת תחת ידך,262.0077692512,4712.0998314719,0.2,187.14840660800002,3365.7855939085002,-0.018122064442818008,-0.2289400132064893,0.0,0.5072292620195175,0.5905422298436432,0.7266815425440653,0.6008320478370451,False,1.0,1.0,False,31.56,3,2,False
Isa.3.7,ישא ביום ההוא לאמר לא אהיה חבש ובביתי אין לחם ואין שמלה לא תשימני קצין עם,171.7148753114,1521.4202240761,0.125,137.37190024912,1217.13617926088,-0.17537809447144478,-0.2459018331257097,0.0,0.5696087240493773,0.5971208876170243,0.7266815425440653,0.6008320478370451,False,1.0,1.0,False,31.56,3,2,False
Isa.3.8,כי כשלה ירושלם ויהודה נפל כי לשונם ומעלליהם אל יהוה למרות עני כבודו,484.6642682866,7677.0702877314,0.15384615384615385,370.6256169250471,5870.700808265188,0.5615268463738996,-0.20916576781811286,0.5615268463738996,0.28721921708066117,0.5828405826689994,0.7266815425440653,0.6008320478370451,False,0.85414338633341,1.0,False,83.58,3,2,False
Isa.3.9,הכרת פניהם ענתה בם וחטאתם כסדם הגידו לא כחדו אוי לנפשם כי גמלו להם רעה,47.7905179,4263.9940151826,0.2,34.13608421428572,3045.710010844715,-0.5015250214846841,-0.2314667466807624,0.0,0.6919991636066162,0.5915238918376016,0.7266815425440653,0.6008320478370451,False,1.0,1.0,False,31.56,3,2,False
Isa.3.10,אמרו צדיק כי טוב כי פרי מעלליהם יאכלו,24.0236614851,42.3339538251,0.0,24.0236614851,42.3339538251,-0.533472612199421,-0.25517593045061415,0.0,0.703146767599761,0.6007063897265791,0.7266815425440653,0.6008320478370451,False,1.0,1.0,False,31.56,3,2,False
Isa.3.11,אוי לרשע רע כי גמול ידיו יעשה לו,26.6166462133,26.2691362523,0.0,26.6166462133,26.2691362523,-0.5252807459133122,-0.2553027489724481,0.0,0.7003059799199349,0.6007553615454941,0.7266815425440653,0.6008320478370451,False,1.0,1.0,False,31.56,3,2,False
Isa.3.12,עמי נגשיו מעולל ונשים משלו בו עמי מאשריך מתעים ודרך ארחתיך בלעו,898.129642949,32827.8731243532,0.5,449.0648214745,16413.9365621766,0.8093352766626157,-0.12593559308387883,0.8093352766626157,0.2091611601043064,0.55010854612353,0.7266815425440653,0.6008320478370451,False,0.7207147903762373,1.0,False,86.68,3,2,False
Isa.3.13,נצב לריב יהוה ועמד לדין עמים,2378.3761877002,5589.762899403,0.0,2378.3761877002,5589.762899403,6.904496796322671,-0.21138354154430464,6.904496796322671,2.519084715955036e-12,0.5837060007331902,6.504276736595903e-10,0.6008320478370451,False,4.4477485206196274e-11,5.2200394001090355e-09,True,99.23,3,2,False
Isa.3.14,יהוה במשפט יבוא עם זקני עמו ושריו ואתם בערתם הכרם גזלת העני בבתיכם,82.4939118561,8877.632529887,0.23076923076923078,56.44320284891052,6074.1696257121575,-0.4310514351592973,-0.20755954885228953,0.0,0.6667845141648778,0.5822135541071155,0.7266815425440653,0.6008320478370451,False,1.0,1.0,False,31.56,3,2,False
Isa.3.15,מלכם מה לכם תדכאו עמי ופני עניים תטחנו נאם אדני יהוה צבאות,183.8050657168,6001.8343911626,0.16666666666666666,137.8537992876,4501.37579337195,-0.17385565878422304,-0.21997546257574369,0.0,0.569010549497881,0.5870548676571881,0.7266815425440653,0.6008320478370451,False,1.0,1.0,False,31.56,3,2,False
Isa.3.16,ויאמר יהוה יען כי גבהו בנות ציון ותלכנה נטוות נטויות גרון ומשקרות עינים הלוך וטפ,19.2380136421,45442.5553963609,0.3333333333333333,11.542808185260002,27265.53323781654,-0.5729026482720989,-0.040271162491603,0.0,0.7166446943084521,0.5160615279401211,0.7266815425440653,0.6008320478370451,False,1.0,1.0,False,31.56,3,2,False
Isa.3.17,ושפח אדני קדקד בנות ציון ויהוה פתהן יערה,419.8585823391,121401.9875177437,0.25,279.9057215594,80934.65834516248,0.2749207417397801,0.38340243874231666,0.47178262396182713,0.39168856566748844,0.35071069769204793,0.7266815425440653,0.6008320478370451,False,0.8946797713233232,1.0,False,82.18,3,2,False
Isa.3.18,ביום ההוא יסיר אדני את תפארת העכסים והשביסים והשהרנים,144.6753219889,17129.201560583,0.3333333333333333,86.80519319334002,10277.5209363498,-0.3351305597385035,-0.17437754740420905,0.0,0.6312366994361166,0.5692156207219943,0.7266815425440653,0.6008320478370451,False,1.0,1.0,False,31.56,3,2,False
Isa.3.19,הנטיפות והשירות והרעלות,955.8703254796,2771736.0034007146,1.0,318.62344182653334,923912.0011335715,0.3972393901613984,7.038015232660981,7.049216803891323,0.34559546879144276,9.749868784644074e-13,0.7266815425440653,2.09784676682925e-10,False,1.6204554452942007e-11,2.092007979874813e-09,True,99.3,3,2,False
Isa.3.20,הפארים והצעדות והקשרים ובתי הנפש והלחשים,550.6164639579,405988.7487558365,0.6666666666666666,235.97848455338575,173995.17803821567,0.13614396918189578,1.1180387018115532,1.1262973493234654,0.44585373435989056,0.13177523222442206,0.7266815425440653,0.6008320478370451,False,0.5303209659800692,1.0,False,90.09,3,2,False
Isa.3.21,הטבעות ונזמי האף,151.6156883856,171247.1556737095,0.6666666666666666,64.97815216525716,73391.6381458755,-0.40408746472096674,0.3238564982109573,0.3238564982109573,0.6569257987356087,0.37302333992548553,0.7266815425440653,0.6008320478370451,False,0.9489098157434618,1.0,False,78.16,3,2,False
Isa.3.22,המחלצות והמעטפות והמטפחות והחריטים,143.5317907616,5273825.70192027,1.0,47.84393025386667,1757941.90064009,-0.458218618401946,13.62199532091335,13.62199532091335,0.6766023075152655,1.4817931474199284e-42,0.7266815425440653,6.376649844397092e-40,False,5.086604681306239e-41,1.6417016608915886e-38,True,99.77,3,2,False
Isa.3.23,והגלינים והסדינים והצניפות והרדידים,84.7020936546,2045864.9597998399,1.0,28.234031218200002,681954.9865999466,-0.520171035258558,5.1279636064003995,5.1279636064003995,0.6985278143092843,1.464465214730875e-07,0.7266815425440653,2.1006939913528443e-05,False,1.9493679341148956e-06,0.00011983971442582525,True,98.45,3,2,False
Isa.3.24,והיה תחת בשם מק יהיה ותחת חגורה נקפה ותחת מעשה מקשה קרחה ותחת פתיגיל מחגרת שק כי,877.8538530782,11213.5566961903,0.29411764705882354,552.7227963825703,7060.387549453151,1.1368159057233196,-0.19977416948348006,1.1368159057233196,0.1278076263330037,0.5791713980719667,0.7266815425440653,0.6008320478370451,False,0.524046319931111,1.0,False,90.24,3,2,False
Isa.3.25,מתיך בחרב יפלו וגבורתך במלחמה,413.5718645014,11861.1961075242,0.2,295.4084746438572,8472.282933945857,0.32389769056376827,-0.18862841667090627,0.32389769056376827,0.3730077462422985,0.5748079703361952,0.7266815425440653,0.6008320478370451,False,0.948897156175778,1.0,False,78.23,3,2,False
Isa.3.26,ואנו ואבלו פתחיה ונקתה לארץ תשב,2166.6299702958,558360.3344425263,0.16666666666666666,1624.97247772185,418770.25083189475,4.524312144836014,3.050336580254113,5.456551441775933,3.0296121705808275e-06,0.001142925198307032,0.0002444518320137405,0.10539403078674131,False,3.425059461498035e-07,3.158394117709974e-05,True,98.99,3,2,False
Isa.4.1,והחזיקו שבע נשים באיש אחד ביום ההוא לאמר לחמנו נאכל ושמלתנו נלבש רק יקרא שמך עלי,51.1550238893,2102.0470568299,0.1875,37.203653737672724,1528.761495876291,-0.49183382697604044,-0.2434418075549176,0.0,0.6885815894643844,0.5961684200048994,0.7266815425440653,0.6008320478370451,False,1.0,1.0,False,31.56,4,2,False
Isa.4.2,ביום ההוא יהיה צמח יהוה לצבי ולכבוד ופרי הארץ לגאון ולתפארת לפליטת ישראל,60.5369162296,58.2861905778,0.3076923076923077,37.475233856419045,36.081927500542854,-0.49097583965566005,-0.25522528505631414,0.0,0.688278232136784,0.6007254485254968,0.7266815425440653,0.6008320478370451,False,1.0,1.0,False,31.56,4,3,True
Isa.4.3,והיה הנשאר בציון והנותר בירושלם קדוש יאמר לו כל הכתוב לחיים בירושלם,17.8725577339,640.6838766094,0.08333333333333333,15.319335200485712,549.1576085223429,-0.5609716854715265,-0.2511749745463278,0.0,0.7125915801914248,0.5991605840524946,0.7266815425440653,0.6008320478370451,False,1.0,1.0,False,31.56,4,3,False
Isa.4.4,אם רחץ אדני את צאת בנות ציון ואת דמי ירושלם ידיח מקרבה ברוח משפט וברוח בער,283.3369889447,2879.3294150743,0.125,226.66959115576,2303.46353205944,0.10673492208815237,-0.2373261721519466,0.10673492208815237,0.45749963851348835,0.5937981202172395,0.7266815425440653,0.6008320478370451,False,0.9943200206304489,1.0,False,70.1,4,3,False
Isa.4.5,וברא יהוה על כל מכון הר ציון ועל מקראה ענן יומם ועשן ונגה אש להבה לילה כי על כל ,162.9092880781,93.2707126704,0.15789473684210525,123.81105893935599,70.885741629504,-0.21822007403599195,-0.2549505375690167,0.0,0.5863711774304879,0.6006193488496516,0.7266815425440653,0.6008320478370451,False,1.0,1.0,False,31.56,4,3,False
Isa.4.6,וסכה תהיה לצל יומם מחרב ולמחסה ולמסתור מזרם וממטר,60.1646517175,487052.3417852905,0.5555555555555556,28.499045550394737,230709.00400355866,-0.519333790846884,1.565747712130445,1.565747712130445,0.6982360033487833,0.05870384581583489,0.7266815425440653,0.6008320478370451,False,0.2935277930342821,1.0,False,93.18,4,3,False
Isa.5.1,אשירה נא לידידי שירת דודי לכרמו כרם היה לידידי בקרן בן שמן,298.5578278231,1410.5152017109,0.3333333333333333,179.13469669386004,846.3091210265401,-0.043439313464130304,-0.24882920775465847,0.0,0.5173243301745512,0.5982535514938517,0.7266815425440653,0.6008320478370451,False,1.0,1.0,False,31.56,5,3,False
Isa.5.2,ויעזקהו ויסקלהו ויטעהו שרק ויבן מגדל בתוכו וגם יקב חצב בו ויקו לעשות ענבים ויעש ,62.4852253139,28899.3706906199,0.4,34.71401406327778,16055.205939233278,-0.4996992012265831,-0.128767476305215,0.0,0.6913565524930486,0.5512291793103663,0.7266815425440653,0.6008320478370451,False,1.0,1.0,False,31.56,5,3,False
Isa.5.3,ועתה יושב ירושלם ואיש יהודה שפטו נא ביני ובין כרמי,154.1788965414,30.944607351,0.0,154.1788965414,30.944607351,-0.1222807257132957,-0.25526583997357977,0.0,0.5486616519547677,0.6007411090527002,0.7266815425440653,0.6008320478370451,False,1.0,1.0,False,31.56,5,3,False
Isa.5.4,מה לעשות עוד לכרמי ולא עשיתי בו מדוע קויתי לעשות ענבים ויעש באשים,117.3900294793,16603.0524549269,0.15384615384615385,89.76884607240588,12696.45187729704,-0.3257676630581971,-0.1552820771345251,0.0,0.6276999268148753,0.5617005277006241,0.7266815425440653,0.6008320478370451,False,1.0,1.0,False,31.56,5,3,False
Isa.5.5,ועתה אודיעה נא אתכם את אשר אני עשה לכרמי הסר משוכתו והיה לבער פרץ גדרו והיה למרמ,97.9642712187,3365.8822134095,0.29411764705882354,61.681207804366665,2119.2591714059813,-0.41450330985242023,-0.23878031407591024,0.0,0.6607472282217813,0.594362032083089,0.7266815425440653,0.6008320478370451,False,1.0,1.0,False,31.56,5,3,False
Isa.5.6,ואשיתהו בתה לא יזמר ולא יעדר ועלה שמיר ושית ועל העבים אצוה מהמטיר עליו מטר,369.2242314703,22041.0132514354,0.4,205.12457303905558,12245.007361908556,0.03866899573526055,-0.1588458602819005,0.03866899573526055,0.4845771463659261,0.5631048418981682,0.7266815425440653,0.6008320478370451,False,0.9992526338017571,1.0,False,66.38,5,3,False
Isa.5.7,כי כרם יהוה צבאות בית ישראל ואיש יהודה נטע שעשועיו ויקו למשפט והנה משפח לצדקה וה,98.9111123677,649.0064107884,0.25,65.94074157846667,432.6709405256,-0.40104641180782047,-0.25209454098284434,0.0,0.6558070231250352,0.5995160053013308,0.7266815425440653,0.6008320478370451,False,1.0,1.0,False,31.56,5,3,False
Isa.5.8,הוי מגיעי בית בבית שדה בשדה יקריבו עד אפס מקום והושבתם לבדכם בקרב הארץ,427.8236388673,7784.3616507701,0.21428571428571427,299.47654720711,5449.05315553907,0.33674971630766404,-0.21249432924192957,0.33674971630766404,0.36815279089074165,0.584139299308898,0.7266815425440653,0.6008320478370451,False,0.9448773146188553,1.0,False,78.78,5,3,False
Isa.5.9,באזני יהוה צבאות אם לא בתים רבים לשמה יהיו גדלים וטובים מאין יושב,88.4741027276,467.4528475322,0.07692307692307693,76.67755569725334,405.12580119457334,-0.367126217584015,-0.2523119872026872,0.0,0.6432375640679779,0.5996000383179497,0.7266815425440653,0.6008320478370451,False,1.0,1.0,False,31.56,5,3,False
Isa.5.10,כי עשרת צמדי כרם יעשו בת אחת וזרע חמר יעשה איפה,350.61199188,1135.5576879501,0.09090909090909091,296.67168543692304,960.8565051885461,0.3278884791694337,-0.2479249503690057,0.3278884791694337,0.3714979924603865,0.5979037625739233,0.7266815425440653,0.6008320478370451,False,0.9476638507866496,1.0,False,78.39,5,3,False
Isa.5.11,הוי משכימי בבקר שכר ירדפו מאחרי בנשף יין ידליקם,227.0556671453,50903.1001815735,0.3333333333333333,136.23340028718002,30541.860108944104,-0.17897489138024356,-0.014407256539462177,0.0,0.5710212914380571,0.5057474649448626,0.7266815425440653,0.6008320478370451,False,1.0,1.0,False,31.56,5,3,False
Isa.5.12,והיה כנור ונבל תף וחליל ויין משתיהם ואת פעל יהוה לא יביטו ומעשה ידיו לא ראו,48.6833399421,783.499767973,0.1875,35.40606541243636,569.8180130712727,-0.49751284353084624,-0.2510118776450706,0.0,0.6905862759324525,0.599097536955285,0.7266815425440653,0.6008320478370451,False,1.0,1.0,False,31.56,5,3,False
Isa.5.13,לכן גלה עמי מבלי דעת וכבודו מתי רעב והמונו צחה צמא,305.7163405953,7137.5604836256,0.2727272727272727,197.81645567931176,4618.4214894048,0.015580884354145523,-0.21905148307266842,0.015580884354145523,0.4937843779542711,0.5866950281066542,0.7266815425440653,0.6008320478370451,False,0.9998786253878656,1.0,False,63.75,5,3,False
Isa.5.14,לכן הרחיבה שאול נפשה ופערה פיה לבלי חק וירד הדרה והמונה ושאונה ועלז בה,150.4341558791,14008.0753053762,0.42857142857142855,81.00300701182307,7542.809779817953,-0.3534610700763295,-0.19596584275474827,0.0,0.6381285954126197,0.5776815494327943,0.7266815425440653,0.6008320478370451,False,1.0,1.0,False,31.56,5,3,False
Isa.5.15,וישח אדם וישפל איש ועיני גבהים תשפלנה,432.2353378257,58482.5474765788,0.5714285714285714,201.70982431866003,27291.85548907011,0.027880978122229744,-0.04006336996733737,0.027880978122229744,0.48887853990263075,0.5159786975633973,0.7266815425440653,0.6008320478370451,False,0.9996114010536108,1.0,False,65.22,5,3,False
Isa.5.16,ויגבה יהוה צבאות במשפט והאל הקדוש נקדש בצדקה,179.9474067116,6046.8983996953,0.5,89.9737033558,3023.44919984765,-0.32512046932232613,-0.2316424774746341,0.0,0.6274550512414508,0.5915921437831697,0.7266815425440653,0.6008320478370451,False,1.0,1.0,False,31.56,5,3,False
Isa.5.17,ורעו כבשים כדברם וחרבות מחים גרים יאכלו,1829.1282611979,479050.6348528814,0.42857142857142855,984.9152175680999,257950.34184385923,2.5022163593847635,1.7807956690730162,3.071208218952592,0.006170923774858905,0.03747291860876567,0.2406306567969077,0.6008320478370451,False,0.008949478987464477,0.28179944811747903,False,96.9,5,3,False
Isa.5.18,הוי משכי העון בחבלי השוא וכעבות העגלה חטאה,77.4716949683,23860.7484091438,0.375,44.269539981885714,13634.713376653599,-0.4695109823113788,-0.14787527429329303,0.0,0.6806477816448405,0.5587793990471308,0.7266815425440653,0.6008320478370451,False,1.0,1.0,False,31.56,5,3,False
Isa.5.19,האמרים ימהר יחישה מעשהו למען נראה ותקרב ותבואה עצת קדוש ישראל ונדעה,431.8017026343,88293.0098807531,0.25,287.8678017562,58862.00658716873,0.30007487998907784,0.20915700730688938,0.36577532353349596,0.3820600198163825,0.41716283665026527,0.7266815425440653,0.6008320478370451,False,0.9352926596902253,1.0,False,79.78,5,3,False
Isa.5.20,הוי האמרים לרע טוב ולטוב רע שמים חשך לאור ואור לחשך שמים מר למתוק ומתוק למר,62.4754234366,32.8229603221,0.3125,38.44641442252308,20.1987448136,-0.4879076452113702,-0.2553506697201143,0.0,0.6871923704875487,0.6007738660494314,0.7266815425440653,0.6008320478370451,False,1.0,1.0,False,31.56,5,3,False
Isa.5.21,הוי חכמים בעיניהם ונגד פניהם נבנים,201.7970361316,1129.2251187837,0.16666666666666666,151.34777709870002,846.918839087775,-0.13122491719362914,-0.2488243945320426,0.0,0.5522013073385498,0.5982516898294624,0.7266815425440653,0.6008320478370451,False,1.0,1.0,False,31.56,5,3,False
Isa.5.22,הוי גבורים לשתות יין ואנשי חיל למסך שכר,83.6434219114,92.0909104373,0.0,83.6434219114,92.0909104373,-0.34511936040023794,-0.2547831402019905,0.0,0.6349976804365588,0.6005547010970405,0.7266815425440653,0.6008320478370451,False,1.0,1.0,False,31.56,5,3,False
Isa.5.23,מצדיקי רשע עקב שחד וצדקת צדיקים יסירו ממנו,180.886416447,19938.1187556048,0.375,103.36366654114285,11393.210717488457,-0.28281833510713855,-0.1655700942085504,0.0,0.6113419507395333,0.5657523581133793,0.7266815425440653,0.6008320478370451,False,1.0,1.0,False,31.56,5,3,False
Isa.5.24,לכן כאכל קש לשון אש וחשש להבה ירפה שרשם כמק יהיה ופרחם כאבק יעלה כי מאסו את תורת,233.4448146222,7496.2017810571,0.3333333333333333,140.06688877332002,4497.7210686342605,-0.16686397350777457,-0.2200043136216297,0.0,0.5662614596815807,0.5870661023878944,0.7266815425440653,0.6008320478370451,False,1.0,1.0,False,31.56,5,3,False
Isa.5.25,על כן חרה אף יהוה בעמו ויט ידו עליו ויכהו וירגזו ההרים ותהי נבלתם כסוחה בקרב חוצ,53.0816134971,392.2139191733,0.17647058823529413,39.234236063073915,289.89724460635216,-0.48541872598770186,-0.253221621884398,0.0,0.6863103241511568,0.5999515204849689,0.7266815425440653,0.6008320478370451,False,1.0,1.0,False,31.56,5,3,False
Isa.5.26,ונשא נס לגוים מרחוק ושרק לו מקצה הארץ והנה מהרה קל יבוא,356.9412155716,2363.5301757988,0.08333333333333333,305.94961334708574,2025.8830078275428,0.3571996987943059,-0.23951744208784553,0.3571996987943059,0.36047115568514165,0.5946478134087785,0.7266815425440653,0.6008320478370451,False,0.9381965480668327,1.0,False,79.4,5,3,False
Isa.5.27,אין עיף ואין כושל בו לא ינום ולא יישן ולא נפתח אזור חלציו ולא נתק שרוך נעליו,72.8937147968,232.3810523033,0.29411764705882354,45.896042649837035,146.31399589467037,-0.4643724667524747,-0.2543550935394114,0.0,0.6788095435505411,0.6003893797799744,0.7266815425440653,0.6008320478370451,False,1.0,1.0,False,31.56,5,3,False
Isa.5.28,אשר חציו שנונים וכל קשתתיו דרכות פרסות סוסיו כצר נחשבו וגלגליו כסופה,245.5232733914,38671.7257872994,0.4166666666666667,133.92178548621817,21093.668611254216,-0.18627784197170916,-0.08899295751683985,0.0,0.5738865585565646,0.5354562464994667,0.7266815425440653,0.6008320478370451,False,1.0,1.0,False,31.56,5,3,False
Isa.5.29,שאגה לו כלביא ושאג ישאג ככפירים וינהם ויאחז טרף ויפליט ואין מציל,192.5545161518,326213.4269085057,0.4166666666666667,105.02973608279999,177934.59649554853,-0.2775548182185959,1.1491371704608424,1.1491371704608424,0.6093229402040079,0.12524971169584692,0.7266815425440653,0.6008320478370451,False,0.5167179429368887,1.0,False,90.4,5,3,False
Isa.5.30,וינהם עליו ביום ההוא כנהמת ים ונבט לארץ והנה חשך צר ואור חשך בעריפיה,261.1250941373,30960.8732445001,0.2857142857142857,166.17051445100907,19702.3738828637,-0.08439630263849535,-0.09997608509300182,0.0,0.5336293265663774,0.5398183441824229,0.7266815425440653,0.6008320478370451,False,1.0,1.0,False,31.56,5,3,False
Isa.6.1,בשנת מות המלך עזיהו ואראה את אדני ישב על כסא רם ונשא ושוליו מלאים את ההיכל,29.991598476,176.4619191818,0.0625,26.659198645333333,156.8550392727111,-0.5251463124823803,-0.2542718806716815,0.0,0.7002592583481863,0.6003572389948669,0.7266815425440653,0.6008320478370451,False,1.0,1.0,False,31.56,6,3,False
Isa.6.2,שרפים עמדים ממעל לו שש כנפים שש כנפים לאחד בשתים יכסה פניו ובשתים יכסה רגליו ובש,29.5932925141,1298.0410338433,0.1875,21.52239455570909,944.0298427951274,-0.5413747197624146,-0.24805778302910045,0.0,0.7058753358525497,0.5979551504231619,0.7266815425440653,0.6008320478370451,False,1.0,1.0,False,31.56,6,3,False
Isa.6.3,וקרא זה אל זה ואמר קדוש קדוש קדוש יהוה צבאות מלא כל הארץ כבודו,14.7751352727,2.5591055705,0.0,14.7751352727,2.5591055705,-0.562690944745539,-0.2554899201637845,0.0,0.7131773242837032,0.6008276360535517,0.7266815425440653,0.6008320478370451,False,1.0,1.0,False,31.56,6,3,False
Isa.6.4,וינעו אמות הספים מקול הקורא והבית ימלא עשן,105.5956760578,6110.5771740349,0.0,105.5956760578,6110.5771740349,-0.27576687687411205,-0.20727214120256277,0.0,0.6086364370073822,0.5821013350994626,0.7266815425440653,0.6008320478370451,False,1.0,1.0,False,31.56,6,3,False
Isa.6.5,ואמר אוי לי כי נדמיתי כי איש טמא שפתים אנכי ובתוך עם טמא שפתים אנכי יושב כי את ה,19.6492518673,24.0795298165,0.10526315789473684,16.231990672986957,19.891785500586955,-0.5580883859616194,-0.25535309291142433,0.0,0.7116079845501462,0.6007748017540504,0.7266815425440653,0.6008320478370451,False,1.0,1.0,False,31.56,6,3,False
Isa.6.6,ויעף אלי אחד מן השרפים ובידו רצפה במלקחים לקח מעל המזבח,117.4955915382,49046.5349313766,0.2727272727272727,76.0265592306,31735.993190890742,-0.3691828729702021,-0.004980558001541652,0.0,0.6440042895095386,0.5019869469521161,0.7266815425440653,0.6008320478370451,False,1.0,1.0,False,31.56,6,3,False
Isa.6.7,ויגע על פי ויאמר הנה נגע זה על שפתיך וסר עונך וחטאתך תכפר,36.8025266438,1059.973919157,0.07692307692307693,31.895523091293338,918.6440632694,-0.5086034963117027,-0.2482581828792989,0.0,0.6944849111172573,0.5980326742160826,0.7266815425440653,0.6008320478370451,False,1.0,1.0,False,31.56,6,3,False
Isa.6.8,ואשמע את קול אדני אמר את מי אשלח ומי ילך לנו ואמר הנני שלחני,45.5924858073,109.8928328452,0.0,45.5924858073,109.8928328452,-0.4653314762820152,-0.2546426086662079,0.0,0.6791529513878324,0.6005004266211382,0.7266815425440653,0.6008320478370451,False,1.0,1.0,False,31.56,6,3,False
Isa.6.9,ויאמר לך ואמרת לעם הזה שמעו שמוע ואל תבינו וראו ראו ואל תדעו,55.9990560897,53.1713593763,0.07692307692307693,48.53251527774,46.08184479279334,-0.45604321166667255,-0.2551463439339691,0.0,0.6758205474239787,0.6006949644676192,0.7266815425440653,0.6008320478370451,False,1.0,1.0,False,31.56,6,3,False
Isa.6.10,השמן לב העם הזה ואזניו הכבד ועיניו השע פן יראה בעיניו ובאזניו ישמע ולבבו יבין וש,10.7794771456,586.1936747198,0.3125,6.633524397292307,360.7345690583385,-0.5884122638568812,-0.2526624194697449,0.0,0.7218721959928828,0.5997354546547795,0.7266815425440653,0.6008320478370451,False,1.0,1.0,False,31.56,6,3,False
Isa.6.11,ואמר עד מתי אדני ויאמר עד אשר אם שאו ערים מאין יושב ובתים מאין אדם והאדמה תשאה ש,47.5947469451,222.2656225035,0.1111111111111111,38.94115659144545,181.85369113922727,-0.4863446349669076,-0.25407453687594983,0.0,0.6866385811619404,0.6002810126741739,0.7266815425440653,0.6008320478370451,False,1.0,1.0,False,31.56,6,3,False
Isa.6.12,ורחק יהוה את האדם ורבה העזובה בקרב הארץ,115.4684360263,4893.3443538168,0.25,76.97895735086666,3262.2295692112,-0.366174016817863,-0.22975750284928154,0.0,0.6428823853189126,0.5908598954405209,0.7266815425440653,0.6008320478370451,False,1.0,1.0,False,31.56,6,3,False
Isa.6.13,ועוד בה עשריה ושבה והיתה לבער כאלה וכאלון אשר בשלכת מצבת בם זרע קדש מצבתה,189.8981914982,7952.3062415399,0.26666666666666666,123.84664662926087,5186.286679265152,-0.2181076439109851,-0.21456865445337744,0.0,0.5863273791022208,0.5849481825867864,0.7266815425440653,0.6008320478370451,False,1.0,1.0,False,31.56,6,3,False
Isa.7.1,ויהי בימי אחז בן יותם בן עזיהו מלך יהודה עלה רצין מלך ארם ופקח בן רמליהו מלך ישר,12.4442223489,342.003978041,0.05555555555555555,11.19980011401,307.80358023689996,-0.5739862937807583,-0.2530802660920998,0.0,0.717011461855381,0.5998969060170689,0.7266815425440653,0.6008320478370451,False,1.0,1.0,False,31.56,7,3,False
Isa.7.2,ויגד לבית דוד לאמר נחה ארם על אפרים וינע לבבו ולבב עמו כנוע עצי יער מפני רוח,96.3343851005,825.1054087416,0.11764705882352941,77.98497841469047,667.9424737431999,-0.36299575280950747,-0.25023726573293564,0.0,0.6416959714862394,0.5987980660553163,0.7266815425440653,0.6008320478370451,False,1.0,1.0,False,31.56,7,3,False
Isa.7.3,ויאמר יהוה אל ישעיהו צא נא לקראת אחז אתה ושאר ישוב בנך אל קצה תעלת הברכה העליונה,73.2286844145,614.4882610743,0.11764705882352941,59.28036357364285,497.4428780125285,-0.4220881578069695,-0.25158321980965404,0.0,0.6635196643315866,0.5993183849134581,0.7266815425440653,0.6008320478370451,False,1.0,1.0,False,31.56,7,3,False
Isa.7.4,ואמרת אליו השמר והשקט אל תירא ולבבך אל ירך משני זנבות האודים העשנים האלה בחרי אף,62.5201551383,2915.0140339394,0.3125,38.47394162356923,1793.8547901165539,-0.4878206801213916,-0.24134911402937392,0.0,0.6871615690143654,0.5953577259012971,0.7266815425440653,0.6008320478370451,False,1.0,1.0,False,31.56,7,3,False
Isa.7.5,יען כי יעץ עליך ארם רעה אפרים ובן רמליהו לאמר,69.9847378349,2755.2523668718,0.0,69.9847378349,2755.2523668718,-0.38827044894388835,-0.23375967088591365,0.0,0.6510920482330947,0.5924142199269954,0.7266815425440653,0.6008320478370451,False,1.0,1.0,False,31.56,7,3,False
Isa.7.6,נעלה ביהודה ונקיצנה ונבקענה אלינו ונמליך מלך בתוכה את בן טבאל,146.803467165,71361.0173636985,0.36363636363636365,84.99148099026316,41314.273210562285,-0.3408605155255564,0.07063208486238491,0.07063208486238491,0.6333957046748308,0.47184528707371415,0.7266815425440653,0.6008320478370451,False,0.9975086628384509,1.0,False,68.16,7,3,False
Isa.7.7,כה אמר אדני יהוה לא תקום ולא תהיה,32.3617326293,2.0646529051,0.0,32.3617326293,2.0646529051,-0.5071306275535012,-0.2554938234609031,0.0,0.6939684168250395,0.6008291432405969,0.7266815425440653,0.6008320478370451,False,1.0,1.0,False,31.56,7,3,False
Isa.7.8,כי ראש ארם דמשק וראש דמשק רצין ובעוד ששים וחמש שנה יחת אפרים מעם,144.568294441,100.3159116634,0.07142857142857142,126.49725763587502,87.776422705475,-0.20973372226519726,-0.25481719953407694,0.0,0.583062247855119,0.6005678548086254,0.7266815425440653,0.6008320478370451,False,1.0,1.0,False,31.56,7,3,False
Isa.7.9,וראש אפרים שמרון וראש שמרון בן רמליהו אם לא תאמינו כי לא תאמנו,111.5635478214,1277.2457790933,0.07692307692307693,96.68840811188001,1106.94634188086,-0.3039070919683105,-0.24677169126349,0.0,0.6194006627090167,0.5974575399265576,0.7266815425440653,0.6008320478370451,False,1.0,1.0,False,31.56,7,3,False
Isa.7.10,ויוסף יהוה דבר אל אחז לאמר,55.5940102511,53.0885896535,0.0,55.5940102511,53.0885896535,-0.43373424008936956,-0.255091031446163,0.0,0.6677592803010006,0.600673604523529,0.7266815425440653,0.6008320478370451,False,1.0,1.0,False,31.56,7,3,False
Isa.7.11,שאל לך אות מעם יהוה אלהיך העמק שאלה או הגבה למעלה,151.4926182843,168.7104457511,0.09090909090909091,128.1860616251769,142.75499255862306,-0.2043983817545681,-0.2543831889435599,0.0,0.5809789026674608,0.6004002314137418,0.7266815425440653,0.6008320478370451,False,1.0,1.0,False,31.56,7,3,False
Isa.7.12,ויאמר אחז לא אשאל ולא אנסה את יהוה,29.7031751711,47.2265986183,0.25,19.802116780733332,31.48439907886667,-0.5468094935789765,-0.25526157876185324,0.0,0.7077451899288858,0.6007394635675765,0.7266815425440653,0.6008320478370451,False,1.0,1.0,False,31.56,7,3,False
Isa.7.13,ויאמר שמעו נא בית דוד המעט מכם הלאות אנשים כי תלאו גם את אלהי,150.8844483723,863.7372645682,0.14285714285714285,117.35457095623335,671.7956502197112,-0.23861768211304557,-0.2502068480737931,0.0,0.5942989735992115,0.5987863051695431,0.7266815425440653,0.6008320478370451,False,1.0,1.0,False,31.56,7,3,False
Isa.7.14,לכן יתן אדני הוא לכם אות הנה העלמה הרה וילדת בן וקראת שמו עמנו אל,25.6830931176,640.830913537,0.0,25.6830931176,640.830913537,-0.5282300660723499,-0.2504512892021958,0.0,0.701330168085614,0.5988808149796202,0.7266815425440653,0.6008320478370451,False,1.0,1.0,False,31.56,7,3,False
Isa.7.15,חמאה ודבש יאכל לדעתו מאוס ברע ובחור בטוב,539.9333640933,1932.6124724867,0.375,308.53335091045716,1104.3499842781143,0.36536235104880954,-0.24679218737132566,0.36536235104880954,0.35742047051656667,0.5974654714554091,0.7266815425440653,0.6008320478370451,False,0.935433871361548,1.0,False,79.71,7,3,False
Isa.7.16,כי בטרם ידע הנער מאס ברע ובחר בטוב תעזב האדמה אשר אתה קץ מפני שני מלכיה,156.2360117337,808.9710051461,0.0,156.2360117337,808.9710051461,-0.11578180097718953,-0.24912396146988516,0.0,0.5460872628912681,0.5983675524616214,0.7266815425440653,0.6008320478370451,False,1.0,1.0,False,31.56,7,3,False
Isa.7.17,יביא יהוה עליך ועל עמך ועל בית אביך ימים אשר לא באו למיום סור אפרים מעל יהודה את,86.3712512712,66.597049967,0.05555555555555555,77.73412614408,59.9373449703,-0.3637882558412682,-0.2550369661558637,0.0,0.6419919334368976,0.600652725916643,0.7266815425440653,0.6008320478370451,False,1.0,1.0,False,31.56,7,3,False
Isa.7.18,והיה ביום ההוא ישרק יהוה לזבוב אשר בקצה יארי מצרים ולדבורה אשר בארץ אשור,270.5420739412,3814.6983354637,0.21428571428571427,189.37945175884,2670.28883482459,-0.01107365287479475,-0.23443038809108507,0.0,0.5044176580435935,0.5926745652207923,0.7266815425440653,0.6008320478370451,False,1.0,1.0,False,31.56,7,3,False
Isa.7.19,ובאו ונחו כלם בנחלי הבתות ובנקיקי הסלעים ובכל הנעצוצים ובכל הנהללים,142.2697027364,43202.0328164114,0.5454545454545454,68.04203174349566,20661.841781761977,-0.39440792764205285,-0.09240187516911141,0.0,0.653360054116229,0.5368106251826862,0.7266815425440653,0.6008320478370451,False,1.0,1.0,False,31.56,7,3,False
Isa.7.20,ביום ההוא יגלח אדני בתער השכירה בעברי נהר במלך אשור את הראש ושער הרגלים וגם את ה,104.7003086732,2488.1496151999,0.29411764705882354,65.92241657201481,1566.6127206814183,-0.4011043049380473,-0.2431430032667495,0.0,0.6558283342550839,0.5960526906091677,0.7266815425440653,0.6008320478370451,False,1.0,1.0,False,31.56,7,3,False
Isa.7.21,והיה ביום ההוא יחיה איש עגלת בקר ושתי צאן,35.9835430019,24.7777301783,0.0,35.9835430019,24.7777301783,-0.49568845207004714,-0.25531452239675884,0.0,0.689942882102575,0.6007599078514779,0.7266815425440653,0.6008320478370451,False,1.0,1.0,False,31.56,7,3,False
Isa.7.22,והיה מרב עשות חלב יאכל חמאה כי חמאה ודבש יאכל כל הנותר בקרב הארץ,133.7494081016,78.3005586496,0.0,133.7494081016,78.3005586496,-0.1868224238468679,-0.2548920036871412,0.0,0.5741000676187271,0.6005967437664029,0.7266815425440653,0.6008320478370451,False,1.0,1.0,False,31.56,7,3,False
Isa.7.23,והיה ביום ההוא יהיה כל מקום אשר יהיה שם אלף גפן באלף כסף לשמיר ולשית יהיה,75.087103162,464.6382211454,0.1875,54.608802299636366,337.9187062875636,-0.43684675043878607,-0.2528425319408541,0.0,0.6688887540539434,0.5998050502343772,0.7266815425440653,0.6008320478370451,False,1.0,1.0,False,31.56,7,3,False
Isa.7.24,בחצים ובקשת יבוא שמה כי שמיר ושית תהיה כל הארץ,287.6809009149,508.5542681047,0.2,205.48635779635717,363.2530486462143,0.03981196133931342,-0.25264253814478393,0.03981196133931342,0.4841215200114621,0.5997277723033486,0.7266815425440653,0.6008320478370451,False,0.9992078178092807,1.0,False,66.54,7,3,False
Isa.7.25,וכל ההרים אשר במעדר יעדרון לא תבוא שמה יראת שמיר ושית והיה למשלח שור ולמרמס שה,347.9503653008,7045.5904234155,0.25,231.96691020053333,4697.060282277,0.12347043495781923,-0.21843069448134683,0.12347043495781923,0.4508672923063892,0.586453223930083,0.7266815425440653,0.6008320478370451,False,0.9924065032285853,1.0,False,70.8,7,3,False
Isa.8.1,ויאמר יהוה אלי קח לך גליון גדול וכתב עליו בחרט אנוש למהר שלל חש בז,86.5242241941,457.8664458632,0.13333333333333333,68.30859804797369,361.47350989200004,-0.39356578017434213,-0.25265658613962316,0.0,0.6530491751190073,0.5997332005991486,0.7266815425440653,0.6008320478370451,False,1.0,1.0,False,31.56,8,3,False
Isa.8.2,ואעידה לי עדים נאמנים את אוריה הכהן ואת זכריהו בן יברכיהו,40.0956260366,1715.1723083489,0.09090909090909091,33.92706818481538,1451.2996455259922,-0.5021853537058704,-0.24405330515303406,0.0,0.6922314277358954,0.596405231878534,0.7266815425440653,0.6008320478370451,False,1.0,1.0,False,31.56,8,3,False
Isa.8.3,ואקרב אל הנביאה ותהר ותלד בן ויאמר יהוה אלי קרא שמו מהר שלל חש בז,29.0166099657,2864.0686019916,0.06666666666666667,25.60289114620588,2527.119354698471,-0.5284834435097092,-0.23556059338342955,0.0,0.7014180822785934,0.5931131725498774,0.7266815425440653,0.6008320478370451,False,1.0,1.0,False,31.56,8,3,False
Isa.8.4,כי בטרם ידע הנער קרא אבי ואמי ישא את חיל דמשק ואת שלל שמרון לפני מלך אשור,251.5471203211,175.6400373413,0.0,251.5471203211,175.6400373413,0.18532905734659902,-0.2541235885621125,0.18532905734659902,0.4264854741581466,0.6002999598116167,0.7266815425440653,0.6008320478370451,False,0.9829731930575374,1.0,False,73.59,8,3,False
Isa.8.5,ויסף יהוה דבר אלי עוד לאמר,48.4519255515,2490.0021341852,0.0,48.4519255515,2490.0021341852,-0.4562978141154308,-0.23585360331141325,0.0,0.6759120822031577,0.5932268640951074,0.7266815425440653,0.6008320478370451,False,1.0,1.0,False,31.56,8,3,False
Isa.8.6,יען כי מאס העם הזה את מי השלח ההלכים לאט ומשוש את רצין ובן רמליהו,144.2304232088,8553.6113979914,0.13333333333333333,113.86612358589474,6752.851103677422,-0.24963853159709912,-0.202201916781985,0.0,0.5985665510639157,0.5801205626471062,0.7266815425440653,0.6008320478370451,False,1.0,1.0,False,31.56,8,3,False
Isa.8.7,ולכן הנה אדני מעלה עליהם את מי הנהר העצומים והרבים את מלך אשור ואת כל כבודו ועלה,80.3084038701,168.8218887686,0.11764705882352941,65.0115650377,136.6653385269619,-0.4039819053706513,-0.2544312617535545,0.0,0.6568869873824887,0.6004187989869813,0.7266815425440653,0.6008320478370451,False,1.0,1.0,False,31.56,8,3,False
Isa.8.8,וחלף ביהודה שטף ועבר עד צואר יגיע והיה מטות כנפיו מלא רחב ארצך עמנו אל,422.435477972,8358.4633556152,0.13333333333333333,333.5016931357895,6598.786859696211,0.4442433867414928,-0.20341812727429964,0.4442433867414928,0.328433313573247,0.5805958837610375,0.7266815425440653,0.6008320478370451,False,0.9060361316447412,1.0,False,81.25,8,3,False
Isa.8.9,רעו עמים וחתו והאזינו כל מרחקי ארץ התאזרו וחתו התאזרו וחתו,101.7529306633,64892.1078692158,0.36363636363636365,58.90959143664737,37569.11508217757,-0.42325951671851636,0.04106714173596792,0.04106714173596792,0.6639470362554388,0.48362118479526167,0.7266815425440653,0.6008320478370451,False,0.9991571003744557,1.0,False,66.77,8,3,False
Isa.8.10,עצו עצה ותפר דברו דבר ולא יקום כי עמנו אל,52.7736241983,2045.680866924,0.2,37.695445855928575,1461.2006192314286,-0.49028013665557685,-0.24397514510892834,0.0,0.6880321595931341,0.59637496516433,0.7266815425440653,0.6008320478370451,False,1.0,1.0,False,31.56,8,3,False
Isa.8.11,כי כה אמר יהוה אלי כחזקת היד ויסרני מלכת בדרך העם הזה לאמר,134.4389472603,1808.4449836218,0.15384615384615385,102.80625378728824,1382.9285168872589,-0.2845793368963463,-0.2445930389801248,0.0,0.6120167781417264,0.5966142227668457,0.7266815425440653,0.6008320478370451,False,1.0,1.0,False,31.56,8,3,False
Isa.8.12,לא תאמרון קשר לכל אשר יאמר העם הזה קשר ואת מוראו לא תיראו ולא תעריצו,44.841731375,2776.4440109382,0.13333333333333333,35.401366875,2191.9294823196315,-0.4975276873477034,-0.23820664174072695,0.0,0.6905915083931538,0.5941395869956638,0.7266815425440653,0.6008320478370451,False,1.0,1.0,False,31.56,8,3,False
Isa.8.13,את יהוה צבאות אתו תקדישו והוא מוראכם והוא מערצכם,77.5338552985,46419.976180985,0.3333333333333333,46.52031317910001,27851.985708591004,-0.4624002450704632,-0.035641602577060276,0.0,0.6781028381951022,0.5142159323392719,0.7266815425440653,0.6008320478370451,False,1.0,1.0,False,31.56,8,3,False
Isa.8.14,והיה למקדש ולאבן נגף ולצור מכשול לשני בתי ישראל לפח ולמוקש ליושב ירושלם,54.0006341753,3496.4787026101,0.38461538461538464,30.52209757734348,1976.2705710404914,-0.5129424798937686,-0.23990909147131356,0.0,0.6960042214255123,0.5947996336572577,0.7266815425440653,0.6008320478370451,False,1.0,1.0,False,31.56,8,3,False
Isa.8.15,וכשלו בם רבים ונפלו ונשברו ונוקשו ונלכדו,54.0692873456,84952.1869308014,0.2857142857142857,34.40772831083637,54060.48259232817,-0.5006668320429366,0.17125292449882554,0.17125292449882554,0.6916971905642815,0.4320124471823374,0.7266815425440653,0.6008320478370451,False,0.9854432075815797,1.0,False,72.89,8,3,False
Isa.8.16,צור תעודה חתום תורה בלמדי,5638.997961419,131388.7405029987,0.6,2563.1808915540905,59722.15477409031,7.488339580489751,0.21594716979265743,7.491452653048731,3.487518534838461e-14,0.41451446412808796,1.500795476158818e-11,0.6008320478370451,False,6.505674411707785e-13,1.0498532081893438e-10,True,99.46,8,3,False
Isa.8.17,וחכיתי ליהוה המסתיר פניו מבית יעקב וקויתי לו,274.2134616923,5401.5937579937,0.375,156.69340668131426,3086.6250045678285,-0.1143367796432618,-0.23114375645685875,0.0,0.5455145861390935,0.5913984386779305,0.7266815425440653,0.6008320478370451,False,1.0,1.0,False,31.56,8,3,False
Isa.8.18,הנה אנכי והילדים אשר נתן לי יהוה לאתות ולמופתים בישראל מעם יהוה צבאות השכן בהר צ,61.1518677229,1019.1710417304,0.3125,37.63191859870769,627.1821795264,-0.4904808346354056,-0.25055903473147334,0.0,0.6881031557782826,0.5989224714740339,0.7266815425440653,0.6008320478370451,False,1.0,1.0,False,31.56,8,3,False
Isa.8.19,וכי יאמרו אליכם דרשו אל האבות ואל הידענים המצפצפים והמהגים הלוא עם אל אלהיו ידרש,60.5556822009,3488.5067581094,0.2,43.254058714928576,2491.7905415067144,-0.47271913339090166,-0.23583948530652937,0.0,0.6817932129110206,0.5932213863113492,0.7266815425440653,0.6008320478370451,False,1.0,1.0,False,31.56,8,3,False
Isa.8.20,לתורה ולתעודה אם לא יאמרו כדבר הזה אשר אין לו שחר,35.4913233448,71.5641733609,0.18181818181818182,26.02697045285333,52.48039379799333,-0.527143674348333,-0.25509583265221664,0.0,0.7009530901643528,0.600675458610331,0.7266815425440653,0.6008320478370451,False,1.0,1.0,False,31.56,8,3,False
Isa.8.21,ועבר בה נקשה ורעב והיה כי ירעב והתקצף וקלל במלכו ובאלהיו ופנה למעלה,120.4578404523,49069.8291684253,0.46153846153846156,62.638077035196,25516.311167581156,-0.4114803283797576,-0.0540798320455071,0.0,0.6596398185970778,0.5215642197869909,0.7266815425440653,0.6008320478370451,False,1.0,1.0,False,31.56,8,3,False
Isa.8.22,ואל ארץ יביט והנה צרה וחשכה מעוף צוקה ואפלה מנדח,172.8424466362,35663.1397100251,0.4,96.02358146455556,19812.855394458387,-0.3060074402422876,-0.09910392442719135,0.0,0.6202005095717134,0.5394721219061186,0.7266815425440653,0.6008320478370451,False,1.0,1.0,False,31.56,8,3,False
Isa.8.23,כי לא מועף לאשר מוצק לה כעת הראשון הקל ארצה זבלון וארצה נפתלי והאחרון הכביד דרך ,653.2321898225,4595.8511439029,0.25,435.48812654833336,3063.9007626019334,0.7664432116871099,-0.23132314565706918,0.7664432116871099,0.2217063147671719,0.5914681166869822,0.7266815425440653,0.6008320478370451,False,0.7454869884597577,1.0,False,86.06,8,4,True
Isa.9.1,העם ההלכים בחשך ראו אור גדול ישבי בארץ צלמות אור נגה עליהם,96.4215187868,5953.0572161046,0.0,96.4215187868,5953.0572161046,-0.3047502599362773,-0.20851563171426873,0.0,0.6197218163550922,0.5825868107358919,0.7266815425440653,0.6008320478370451,False,1.0,1.0,False,31.56,9,4,False
Isa.9.2,הרבית הגוי לא לו הגדלת השמחה שמחו לפניך כשמחת בקציר כאשר יגילו בחלקם שלל,269.3553915455,134788.689471962,0.2857142857142857,171.40797643804547,85774.62057306673,-0.06784989270026041,0.42160995978595056,0.42160995978595056,0.5270474366960851,0.3366548676606397,0.7266815425440653,0.6008320478370451,False,0.9149576681485605,1.0,False,80.87,9,4,False
Isa.9.3,כי את על סבלו ואת מטה שכמו שבט הנגש בו החתת כיום מדין,1302.4884153528,29111.2971931858,0.23076923076923078,891.1762841887579,19918.25597428502,2.2060723830262567,-0.09827187353875269,2.2060723830262567,0.01368946601527241,0.5391417941405711,0.4531564263004277,0.6008320478370451,False,0.08773997399987762,1.0,False,95.51,9,4,False
Isa.9.4,כי כל סאון סאן ברעש ושמלה מגוללה בדמים והיתה לשרפה מאכלת אש,285.0527349747,90847.082643997,0.5833333333333334,131.56280075755382,41929.42275876784,-0.19373044562881042,0.07548818460063074,0.07548818460063074,0.5768065243577931,0.46991314901818676,0.7266815425440653,0.6008320478370451,False,0.9971548222048862,1.0,False,68.78,9,4,False
Isa.9.5,כי ילד ילד לנו בן נתן לנו ותהי המשרה על שכמו ויקרא שמו פלא יועץ אל גבור אבי עד ש,35.2394171087,18.8001008653,0.1,29.36618092391667,15.666750721083334,-0.5165943003459978,-0.25538644608602495,0.0,0.697280302355848,0.6007876808762407,0.7266815425440653,0.6008320478370451,False,1.0,1.0,False,31.56,9,4,False
Isa.9.6,לםרבה למרבה המשרה ולשלום אין קץ על כסא דוד ועל ממלכתו להכין אתה ולסעדה במשפט ובצ,54.8246494448,334.2609661431,0.375,31.328371111314286,191.00626636748572,-0.5103952666732333,-0.25400228482228276,0.0,0.6951127138496558,0.6002531035278441,0.7266815425440653,0.6008320478370451,False,1.0,1.0,False,31.56,9,4,False
Isa.9.7,דבר שלח אדני ביעקב ונפל בישראל,319.2072346925,5182.6905163094,0.0,319.2072346925,5182.6905163094,0.3990837331090342,-0.21459704320216066,0.3990837331090342,0.3449157539223663,0.584959250292408,0.7266815425440653,0.6008320478370451,False,0.9234543491310812,1.0,False,80.4,9,4,False
Isa.9.8,וידעו העם כלו אפרים ויושב שמרון בגאוה ובגדל לבב לאמר,165.4792336906,12375.0714807021,0.2,118.19945263614288,8839.336771930071,-0.2359484964159102,-0.18573082851245468,0.0,0.5932636821319255,0.5736720743608292,0.7266815425440653,0.6008320478370451,False,1.0,1.0,False,31.56,9,4,False
Isa.9.9,לבנים נפלו וגזית נבנה שקמים גדעו וארזים נחליף,547.5899461476,131477.6078101993,0.625,243.37330939893334,58434.492360088574,0.1595060104947934,0.20578213410365553,0.2603621595013761,0.4366351116270219,0.41848054872427687,0.7266815425440653,0.6008320478370451,False,0.9666737471639832,1.0,False,75.83,9,4,False
Isa.9.10,וישגב יהוה את צרי רצין עליו ואת איביו יסכסך,245.5329907771,32706.6625324152,0.2222222222222222,169.9843782303,22643.074060902833,-0.07234738396434916,-0.0767616758383867,0.0,0.5288372717429689,0.5305934305021611,0.7266815425440653,0.6008320478370451,False,1.0,1.0,False,31.56,9,4,False
Isa.9.11,ארם מקדם ופלשתים מאחור ויאכלו את ישראל בכל פה בכל זאת לא שב אפו ועוד ידו נטויה,88.9270891194,82.0623427382,0.058823529411764705,79.56634289630526,73.42420139733684,-0.3579998397051589,-0.2549304985169682,0.0,0.63982828324681,0.6006116100460281,0.7266815425440653,0.6008320478370451,False,1.0,1.0,False,31.56,9,4,False
Isa.9.12,והעם לא שב עד המכהו ואת יהוה צבאות לא דרשו,128.5986874995,183.6118825059,0.1,107.16557291625,153.00990208825002,-0.2708071927666271,-0.25430223486722536,0.0,0.60673033624941,0.600368963314194,0.7266815425440653,0.6008320478370451,False,1.0,1.0,False,31.56,9,4,False
Isa.9.13,ויכרת יהוה מישראל ראש וזנב כפה ואגמון יום אחד,413.3713541815,5215.5625765855,0.2222222222222222,286.18016827950004,3610.7740914822693,0.29474323741103464,-0.22700603051494442,0.29474323741103464,0.38409501546317426,0.5897904735482798,0.7266815425440653,0.6008320478370451,False,0.9574930772306717,1.0,False,77.3,9,4,False
Isa.9.14,זקן ונשוא פנים הוא הראש ונביא מורה שקר הוא הזנב,790.1826324987,954.1416455893,0.1,658.48552708225,795.1180379910834,1.4709459677028764,-0.24923331925186135,1.4709459677028764,0.07065286492380914,0.5984098462986738,0.7266815425440653,0.6008320478370451,False,0.3389708986588615,1.0,False,92.56,9,4,False
Isa.9.15,ויהיו מאשרי העם הזה מתעים ומאשריו מבלעים,174.873771396,79943.1225704679,0.5714285714285714,81.6077599848,37306.79053288502,-0.35155050907808066,0.03899630517456426,0.03899630517456426,0.6374123066667411,0.48444666720912954,0.7266815425440653,0.6008320478370451,False,0.9992399330886684,1.0,False,66.46,9,4,False
Isa.9.16,על כן על בחוריו לא ישמח אדני ואת יתמיו ואת אלמנתיו לא ירחם כי כלו חנף ומרע וכל פ,54.230589156,166.33751694,0.15789473684210525,41.21524775856,126.41651287439998,-0.47916023061588187,-0.2545121678026834,0.0,0.6840876780040505,0.6004500475106952,0.7266815425440653,0.6008320478370451,False,1.0,1.0,False,31.56,9,4,False
Isa.9.17,כי בערה כאש רשעה שמיר ושית תאכל ותצת בסבכי היער ויתאבכו גאות עשן,122.7919625335,18284.5910038131,0.3076923076923077,76.01407204454762,11319.032526170015,-0.36922232301297264,-0.16615567001933623,0.0,0.6440189908888343,0.5659827776823873,0.7266815425440653,0.6008320478370451,False,1.0,1.0,False,31.56,9,4,False
Isa.9.18,בעברת יהוה צבאות נעתם ארץ ויהי העם כמאכלת אש איש אל אחיו לא יחמלו,154.4939495264,10641.8729333878,0.2857142857142857,98.31433151680001,6772.100957610418,-0.2987704064415101,-0.2020499550176986,0.0,0.6174423838022866,0.5800611645044571,0.7266815425440653,0.6008320478370451,False,1.0,1.0,False,31.56,9,4,False
Isa.9.19,ויגזר על ימין ורעב ויאכל על שמאול ולא שבעו איש בשר זרעו יאכלו,120.5570205849,48102.0811740132,0.15384615384615385,92.19066280021765,36783.944427186565,-0.3181165579097809,0.03486886519768127,0.03486886519768127,0.6248017379270371,0.4860921537408923,0.7266815425440653,0.6008320478370451,False,0.9993922658651567,1.0,False,66.0,9,4,False
Isa.9.20,מנשה את אפרים ואפרים את מנשה יחדו המה על יהודה בכל זאת לא שב אפו ועוד ידו נטויה,121.5062690367,17.7670592445,0.0,121.5062690367,17.7670592445,-0.22550146312201175,-0.2553698658776829,0.0,0.5892054063627874,0.6007812785449961,0.7266815425440653,0.6008320478370451,False,1.0,1.0,False,31.56,9,4,False
Isa.10.1,הוי החקקים חקקי און ומכתבים עמל כתבו,1221.8103975239,78279.793976873,0.2857142857142857,777.5157075152091,49814.414348919185,1.8469911142530018,0.1377337080001046,1.8521195292013426,0.032374214060939134,0.44522543907353995,0.7266815425440653,0.6008320478370451,False,0.17993252216723707,1.0,False,94.5,10,4,False
Isa.10.2,להטות מדין דלים ולגזל משפט עניי עמי להיות אלמנות שללם ואת יתומים יבזו,607.2895175057,20091.7747906069,0.3076923076923077,375.941129884481,12437.765346566177,0.5783198382230988,-0.1573241945315619,0.5783198382230988,0.2815241016086523,0.5625053233958202,0.7266815425440653,0.6008320478370451,False,0.8460076155018479,1.0,False,84.04,10,4,False
Isa.10.3,ומה תעשו ליום פקדה ולשואה ממרחק תבוא על מי תנוסו לעזרה ואנה תעזבו כבודכם,121.5627724068,7653.7881847223,0.35714285714285715,70.91161723729999,4464.7097744213415,-0.3853422125970896,-0.22026491063849193,0.0,0.6500080547332014,0.587167576839432,0.7266815425440653,0.6008320478370451,False,1.0,1.0,False,31.56,10,4,False
Isa.10.4,בלתי כרע תחת אסיר ותחת הרוגים יפלו בכל זאת לא שב אפו ועוד ידו נטויה,210.2594866557,211.6538226304,0.06666666666666667,185.52307646091177,186.75337290917648,-0.02325687572455323,-0.25403585791823957,0.0,0.5092773147065239,0.6002660720319027,0.7266815425440653,0.6008320478370451,False,1.0,1.0,False,31.56,10,4,False
Isa.10.5,הוי אשור שבט אפי ומטה הוא בידם זעמי,440.4717356816,13391.0897432869,0.125,352.37738854528004,10712.87179462952,0.5038762766579727,-0.17094081044308423,0.5038762766579727,0.3071741611675983,0.5678648465933767,0.7266815425440653,0.6008320478370451,False,0.8807815408136155,1.0,False,82.88,10,4,False
Isa.10.6,בגוי חנף אשלחנו ועל עם עברתי אצונו לשלל שלל ולבז בז ולשימו ולשומו מרמס כחמר חוצו,151.889648235,333579.2654759118,0.4375,81.007812392,177908.94158715295,-0.35344588871739774,1.1489346460595682,1.1489346460595682,0.6381229056696497,0.12529146506254468,0.7266815425440653,0.6008320478370451,False,0.5168382012294273,1.0,False,90.32,10,4,False
Isa.10.7,והוא לא כן ידמה ולבבו לא כן יחשב כי להשמיד בלבבו ולהכרית גוים לא מעט,59.0862691939,1743.7440324287,0.2,42.20447799564286,1245.5314517347858,-0.4760350128927586,-0.24567767580391664,0.0,0.6829752829906004,0.5970341226184684,0.7266815425440653,0.6008320478370451,False,1.0,1.0,False,31.56,10,4,False
Isa.10.8,כי יאמר הלא שרי יחדו מלכים,420.4676443627,1847.2698469894,0.0,420.4676443627,1847.2698469894,0.7189898733471638,-0.24092744608788674,0.7189898733471638,0.23607357959948955,0.5951943251532313,0.7266815425440653,0.6008320478370451,False,0.7722297118655259,1.0,False,85.59,10,4,False
Isa.10.9,הלא ככרכמיש כלנו אם לא כארפד חמת אם לא כדמשק שמרון,148.2700626291,8601.3226538072,0.2727272727272727,95.93945228941766,5565.561717169365,-0.30627322466669826,-0.21157458997318315,0.0,0.6203016880488992,0.5837805325956487,0.7266815425440653,0.6008320478370451,False,1.0,1.0,False,31.56,10,4,False
Isa.10.10,כאשר מצאה ידי לממלכת האליל ופסיליהם מירושלם ומשמרון,583.2559531493,551673.4142871973,0.5,291.62797657465,275836.70714359864,0.31195418224263133,1.921993812034523,1.9471455069710806,0.3775376720775746,0.027303268190322694,0.7266815425440653,0.6008320478370451,False,0.15021497974131895,1.0,False,94.81,10,4,False
Isa.10.11,הלא כאשר עשיתי לשמרון ולאליליה כן אעשה לירושלם ולעצביה,88.1565362818,11494.0025315359,0.3333333333333333,52.89392176908,6896.401518921541,-0.44226447305403677,-0.20106870432019336,0.0,0.6708510819246889,0.5796775737170612,0.7266815425440653,0.6008320478370451,False,1.0,1.0,False,31.56,10,4,False
Isa.10.12,והיה כי יבצע אדני את כל מעשהו בהר ציון ובירושלם אפקד על פרי גדל לבב מלך אשור ועל,45.4203141669,351.9816272509,0.05555555555555555,40.87828275021,316.78346452580996,-0.480224784626355,-0.253009377291365,0.0,0.6844662174183824,0.5998695165619906,0.7266815425440653,0.6008320478370451,False,1.0,1.0,False,31.56,10,4,False
Isa.10.13,כי אמר בכח ידי עשיתי ובחכמתי כי נבנותי ואסיר גבולת עמים ועתידתיהם ועתודותיהם שוש,200.977047131,112335.9773693602,0.5,100.4885235655,56167.9886846801,-0.29190160758219896,0.18788995172785625,0.18788995172785625,0.6148190728391894,0.42548145990792446,0.7266815425440653,0.6008320478370451,False,0.982503554945479,1.0,False,73.74,10,4,False
Isa.10.14,ותמצא כקן ידי לחיל העמים וכאסף ביצים עזבות כל הארץ אני אספתי ולא היה נדד כנף ופצ,542.6051819381,37237.0356944134,0.47058823529411764,279.5238816044758,19182.715357728113,0.2737144169128675,-0.10407836174304481,0.2737144169128675,0.3921520488158419,0.5414464187925362,0.7266815425440653,0.6008320478370451,False,0.9632331475713047,1.0,False,76.61,10,4,False
Isa.10.15,היתפאר הגרזן על החצב בו אם יתגדל המשור על מניפו כהניף שבט ואת מרימיו כהרים מטה ל,509.4827795229,52747.4673643201,0.5882352941176471,234.08668248349457,24235.32284306599,0.13016730860700282,-0.06419218128728112,0.13016730860700282,0.44821702921979556,0.5255913985073701,0.7266815425440653,0.6008320478370451,False,0.9915640201553485,1.0,False,71.34,10,4,False
Isa.10.16,לכן ישלח האדון יהוה צבאות במשמניו רזון ותחת כבדו יקד יקד כיקוד אש,112.1847040255,17288.2078179217,0.3076923076923077,69.44767392054762,10702.223887284861,-0.3899671638244742,-0.1710248669139377,0.0,0.6517195860151161,0.5678978936579957,0.7266815425440653,0.6008320478370451,False,1.0,1.0,False,31.56,10,4,False
Isa.10.17,והיה אור ישראל לאש וקדושו ללהבה ובערה ואכלה שיתו ושמירו ביום אחד,333.2044786307,11866.0476171853,0.4166666666666667,181.74789743492727,6472.389609373799,-0.03518357990088502,-0.20441592960707572,0.0,0.5140333222670915,0.5809857585147178,0.7266815425440653,0.6008320478370451,False,1.0,1.0,False,31.56,10,4,False
Isa.10.18,וכבוד יערו וכרמלו מנפש ועד בשר יכלה והיה כמסס נסס,212.0101476955,104780.3757587,0.4,117.78341538638888,58211.319865944446,-0.23726285877329711,0.2040203708160804,0.2040203708160804,0.5937735630493425,0.41916879004665875,0.7266815425440653,0.6008320478370451,False,0.9794029223967995,1.0,False,74.28,10,4,False
Isa.10.19,ושאר עץ יערו מספר יהיו ונער יכתבם,371.1629688712,56476.8481156625,0.14285714285714285,288.6823091220445,43926.43742329306,0.3026481058771766,0.09125297288335496,0.3161059649090681,0.3810790247391958,0.4636457921096083,0.7266815425440653,0.6008320478370451,False,0.9512660565512722,1.0,False,77.92,10,4,False
Isa.10.20,והיה ביום ההוא לא יוסיף עוד שאר ישראל ופליטת בית יעקב להשען על מכהו ונשען על יהו,68.2323632857,373.468027218,0.23529411764705882,46.398007034276,253.95825850823996,-0.4627866397813427,-0.2535053306207418,0.0,0.6782413457025368,0.6000611287819194,0.7266815425440653,0.6008320478370451,False,1.0,1.0,False,31.56,10,4,False
Isa.10.21,שאר ישוב שאר יעקב אל אל גבור,1238.4346584547,6111.9525660158,0.0,1238.4346584547,6111.9525660158,3.3031456275311926,-0.20726128361409843,3.3031456275311926,0.00047803361778401247,0.5820970955968463,0.02688547260342412,0.6008320478370451,False,0.004273229055950047,0.14910104624950027,False,97.21,10,4,False
Isa.10.22,כי אם יהיה עמך ישראל כחול הים שאר ישוב בו כליון חרוץ שוטף צדקה,166.3386204422,2130.2622053357,0.07142857142857142,145.54629288692502,1863.9794296687376,-0.14955320983915624,-0.24079553767583958,0.0,0.5594414369862787,0.5951432058504756,0.7266815425440653,0.6008320478370451,False,1.0,1.0,False,31.56,10,4,False
Isa.10.23,כי כלה ונחרצה אדני יהוה צבאות עשה בקרב כל הארץ,40.6812538555,563.120625143,0.1,33.90104487958334,469.2671876191667,-0.5022675676250135,-0.2518056437115218,0.0,0.6922603401303795,0.5994043525967884,0.7266815425440653,0.6008320478370451,False,1.0,1.0,False,31.56,10,4,False
Isa.10.24,לכן כה אמר אדני יהוה צבאות אל תירא עמי ישב ציון מאשור בשבט יככה ומטהו ישא עליך ב,57.8138063616,742.7515677719,0.1111111111111111,47.30220520494545,607.705828177009,-0.45993005893467875,-0.25071278450657386,0.0,0.6772167881765916,0.5989819121474805,0.7266815425440653,0.6008320478370451,False,1.0,1.0,False,31.56,10,4,False
Isa.10.25,כי עוד מעט מזער וכלה זעם ואפי על תבליתם,539.5311035788,12321.6407788591,0.2222222222222222,373.5215332468615,8530.366693056301,0.5706757468768855,-0.18816989316514193,0.5706757468768855,0.2841097309964269,0.5746282636690553,0.7266815425440653,0.6008320478370451,False,0.8497310392037418,1.0,False,83.97,10,4,False
Isa.10.26,ועורר עליו יהוה צבאות שוט כמכת מדין בצור עורב ומטהו על הים ונשאו בדרך מצרים,351.363623446,4679.8462312182,0.2,250.97401674714288,3342.7473080130003,0.183518484459343,-0.22912188152523086,0.183518484459343,0.4271956082810481,0.5906129066017971,0.7266815425440653,0.6008320478370451,False,0.9833014750758866,1.0,False,73.51,10,4,False
Isa.10.27,והיה ביום ההוא יסור סבלו מעל שכמך ועלו מעל צוארך וחבל על מפני שמן,104.8797429205,448.9982766167,0.21428571428571427,73.41582004435,314.29879363169,-0.3774308298860575,-0.2530289917244956,0.0,0.6470732703961558,0.5998770950809481,0.7266815425440653,0.6008320478370451,False,1.0,1.0,False,31.56,10,4,False
Isa.10.28,בא על עית עבר במגרון למכמש יפקיד כליו,882.3084856789,76204.3037455932,0.5,441.15424283945,38102.1518727966,0.7843438443108088,0.045275028788720105,0.785649472945841,0.21641918968501056,0.4819440455812706,0.7266815425440653,0.6008320478370451,False,0.7344579409417953,1.0,False,86.44,10,4,False
Isa.10.29,עברו מעברה גבע מלון לנו חרדה הרמה גבעת שאול נסה,1854.3765754631,30832.9304337576,0.2,1324.5546967593573,22023.521738398285,3.575219670495593,-0.08165253185855335,3.575219670495593,0.00017496697632715295,0.5325384868302878,0.011294118321917722,0.6008320478370451,False,0.0016764147452837004,0.06712803291245692,False,97.6,10,4,False
Isa.10.30,צהלי קולך בת גלים הקשיבי לישה עניה ענתות,373.475540884,54843.9434875907,0.375,213.41459479085714,31339.39627862326,0.0648591807221325,-0.008111364433033468,0.0648591807221325,0.4741430605959717,0.503235930739779,0.7266815425440653,0.6008320478370451,False,0.9978988538425525,1.0,False,67.78,10,4,False
Isa.10.31,נדדה מדמנה ישבי הגבים העיזו,711.7814826718,4891922.762381404,0.6,323.53703757809086,2223601.2556279106,0.41276262828270177,17.297992935581945,17.30291688088311,0.3398902673098761,2.435319294003256e-67,0.7266815425440653,3.1439972085582036e-64,False,9.729376794332207e-66,1.256062544148288e-62,True,100.0,10,4,False
Isa.10.32,עוד היום בנב לעמד ינפף ידו הר בית בת ציון גבעת ירושלם,1003.1775312234,10742.5768213509,0.16666666666666666,752.38314841755,8056.932616013175,1.7675912777184184,-0.1919072658159263,1.7675912777184184,0.038564628617007025,0.5760925770340125,0.7266815425440653,0.6008320478370451,False,0.20967648944812198,1.0,False,93.88,10,4,False
Isa.10.33,הנה האדון יהוה צבאות מסעף פארה במערצה ורמי הקומה גדועים והגבהים ישפלו,220.6933744051,67280.9927866422,0.6666666666666666,94.58287474504287,28834.71119427523,-0.31055898143548977,-0.027883793134267615,0.0,0.6219320428707348,0.5111225826882397,0.7266815425440653,0.6008320478370451,False,1.0,1.0,False,31.56,10,4,False
Isa.10.34,ונקף סבכי היער בברזל והלבנון באדיר יפול,353.6671539945,262856.2874377226,0.42857142857142855,190.43615984319229,141538.00092800448,-0.007735256301794765,0.8618159837280022,0.8618159837280022,0.5030858900148752,0.1943943939124213,0.7266815425440653,0.6008320478370451,False,0.6897932286631767,1.0,False,87.61,10,4,False
Isa.11.1,ויצא חטר מגזע ישי ונצר משרשיו יפרה,22.9647567124,51200.233803761,0.7142857142857143,9.456076293341175,21082.449213313354,-0.5794951393298555,-0.08908152543591388,0.0,0.7188724372906954,0.5354914402088569,0.7266815425440653,0.6008320478370451,False,1.0,1.0,False,31.56,11,5,True
Isa.11.2,ונחה עליו רוח יהוה רוח חכמה ובינה רוח עצה וגבורה רוח דעת ויראת יהוה,7.7243786051,8.6940324104,0.14285714285714285,6.00785002618889,6.76202520808889,-0.5903889206150112,-0.2554567415700401,0.0,0.7225350316103893,0.6008148246835683,0.7266815425440653,0.6008320478370451,False,1.0,1.0,False,31.56,11,5,False
Isa.11.3,והריחו ביראת יהוה ולא למראה עיניו ישפוט ולא למשמע אזניו יוכיח,10.4859312244,86.1608325177,0.36363636363636365,6.070802287810526,49.882587247089475,-0.5901900391854354,-0.2551163401983063,0.0,0.7224683753183373,0.6006833780054532,0.7266815425440653,0.6008320478370451,False,1.0,1.0,False,31.56,11,5,False
Isa.11.4,ושפט בצדק דלים והוכיח במישור לענוי ארץ והכה ארץ בשבט פיו וברוח שפתיו ימית רשע,20.1876478493,494.0905709792,0.13333333333333333,15.93761672313158,390.0715034046316,-0.5590183845108214,-0.25243082850196225,0.0,0.7119254133453384,0.5996459630954392,0.7266815425440653,0.6008320478370451,False,1.0,1.0,False,31.56,11,5,False
Isa.11.5,והיה צדק אזור מתניו והאמונה אזור חלציו,67.4361780766,293.9082069878,0.2857142857142857,42.91393150329091,187.03249535587273,-0.47379367756684715,-0.254033654476094,0.0,0.6821764782134667,0.6002652208969763,0.7266815425440653,0.6008320478370451,False,1.0,1.0,False,31.56,11,5,False
Isa.11.6,וגר זאב עם כבש ונמר עם גדי ירבץ ועגל וכפיר ומריא יחדו ונער קטן נהג בם,5.1141022808,572.0142214124,0.3125,3.1471398651076923,352.00875163840004,-0.5994265963359776,-0.25273130262151267,0.0,0.7255557771799381,0.5997620715249385,0.7266815425440653,0.6008320478370451,False,1.0,1.0,False,31.56,11,5,False
Isa.11.7,ופרה ודב תרעינה יחדו ירבצו ילדיהן ואריה כבקר יאכל תבן,24.52550771,1791.4386214253,0.3,15.32844231875,1119.6491383908124,-0.5609429138809107,-0.24667141313277055,0.0,0.7125817730250213,0.5974187339862064,0.7266815425440653,0.6008320478370451,False,1.0,1.0,False,31.56,11,5,False
Isa.11.8,ושעשע יונק על חר פתן ועל מאורת צפעוני גמול ידו הדה,50.311953497,21031.9372553282,0.5454545454545454,24.062238629,10058.752600374357,-0.5333507376657641,-0.17610454348535032,0.0,0.7031045942051914,0.5698940942366081,0.7266815425440653,0.6008320478370451,False,1.0,1.0,False,31.56,11,5,False
Isa.11.9,לא ירעו ולא ישחיתו בכל הר קדשי כי מלאה הארץ דעה את יהוה כמים לים מכסים,6.4608717874,67.0636992522,0.125,5.16869742992,53.65095940176,-0.5930400067504269,-0.2550865919995353,0.0,0.7234228107280241,0.6006718901357253,0.7266815425440653,0.6008320478370451,False,1.0,1.0,False,31.56,11,5,False
Isa.11.10,והיה ביום ההוא שרש ישי אשר עמד לנס עמים אליו גוים ידרשו והיתה מנחתו כבוד,81.9343730503,56.7700397316,0.13333333333333333,64.6850313555,44.81845241968421,-0.4050135042973253,-0.25515631737764677,0.0,0.6572662077446644,0.6006988158659853,0.7266815425440653,0.6008320478370451,False,1.0,1.0,False,31.56,11,5,False
Isa.11.11,והיה ביום ההוא יוסיף אדני שנית ידו לקנות את שאר עמו אשר ישאר מאשור וממצרים ומפתר,26.0973347151,17355.0888250082,0.1875,18.979879792800002,12621.882781824144,-0.5494071392139042,-0.1558707388121017,0.0,0.7086369621081972,0.5619325447970794,0.7266815425440653,0.6008320478370451,False,1.0,1.0,False,31.56,11,5,False
Isa.11.12,ונשא נס לגוים ואסף נדחי ישראל ונפצות יהודה יקבץ מארבע כנפות הארץ,11.1449015357,9217.4791687846,0.16666666666666666,8.358676151775,6913.10937658845,-0.5829620919595023,-0.2009368095257005,0.0,0.7200405901946286,0.5796260075899631,0.7266815425440653,0.6008320478370451,False,1.0,1.0,False,31.56,11,5,False
Isa.11.13,וסרה קנאת אפרים וצררי יהודה יכרתו אפרים לא יקנא את יהודה ויהודה לא יצר את אפרים,26.9314670956,1522.0375294816,0.125,21.545173676479997,1217.63002358528,-0.5413027550071112,-0.24589793463094295,0.0,0.7058505390642227,0.5971193786601329,0.7266815425440653,0.6008320478370451,False,1.0,1.0,False,31.56,11,5,False
Isa.11.14,ועפו בכתף פלשתים ימה יחדו יבזו את בני קדם אדום ומואב משלוח ידם ובני עמון משמעתם,282.5184877624,1499.8400796646,0.375,161.43913586422858,857.0514740940571,-0.09934387263778718,-0.24874440571250228,0.0,0.5395673773231654,0.5982207513253229,0.7266815425440653,0.6008320478370451,False,1.0,1.0,False,31.56,11,5,False
Isa.11.15,והחרים יהוה את לשון ים מצרים והניף ידו על הנהר בעים רוחו והכהו לשבעה נחלים והדרי,180.7105451359,6232.3337379972,0.1875,131.42585100792726,4532.606354907054,-0.19416310303116835,-0.21972892297876553,0.0,0.576975913719415,0.5869588610908522,0.7266815425440653,0.6008320478370451,False,1.0,1.0,False,31.56,11,5,False
Isa.11.16,והיתה מסלה לשאר עמו אשר ישאר מאשור כאשר היתה לישראל ביום עלתו מארץ מצרים,103.8823541207,3064.1739556584,0.21428571428571427,72.71764788448999,2144.92176896088,-0.3796365247041011,-0.23857772897504723,0.0,0.6478923778439813,0.5942834819014605,0.7266815425440653,0.6008320478370451,False,1.0,1.0,False,31.56,11,5,False
Isa.12.1,ואמרת ביום ההוא אודך יהוה כי אנפת בי ישב אפך ותנחמני,42.7514571533,13672.0084710948,0.18181818181818182,31.351068579086665,10026.13954546952,-0.5103235598795131,-0.17636199673041694,0.0,0.6950876001475851,0.5699952205651015,0.7266815425440653,0.6008320478370451,False,1.0,1.0,False,31.56,12,5,False
Isa.12.2,הנה אל ישועתי אבטח ולא אפחד כי עזי וזמרת יה יהוה ויהי לי לישועה,13.4806191129,565.5671504885,0.07142857142857142,11.7955417237875,494.87125667743754,-0.5721042018597017,-0.2516035206450015,0.0,0.7163743086733461,0.5993262314630295,0.7266815425440653,0.6008320478370451,False,1.0,1.0,False,31.56,12,5,False
Isa.12.3,ושאבתם מים בששון ממעיני הישועה,27.2526690351,72247.3588072892,0.6,12.387576834136363,32839.70854876782,-0.5702338196673521,0.0037323669711250146,0.0037323669711250146,0.7157404396032554,0.4985110044663363,0.7266815425440653,0.6008320478370451,False,0.999993034742654,1.0,False,63.21,12,5,False
Isa.12.4,ואמרתם ביום ההוא הודו ליהוה קראו בשמו הודיעו בעמים עלילתיו הזכירו כי נשגב שמו,51.3057479442,493.1189923989,0.14285714285714285,39.90447062326667,383.53699408803334,-0.4833012928082017,-0.2524824130785493,0.0,0.6855590888767747,0.5996658969001251,0.7266815425440653,0.6008320478370451,False,1.0,1.0,False,31.56,12,5,False
Isa.12.5,זמרו יהוה כי גאות עשה מידעת מודעת זאת בכל הארץ,227.1868182575,29983.6456283235,0.2,162.27629875535715,21416.889734516786,-0.09669907246243939,-0.08644139258982407,0.0,0.5385173117761164,0.5344422282383303,0.7266815425440653,0.6008320478370451,False,1.0,1.0,False,31.56,12,5,False
Isa.12.6,צהלי ורני יושבת ציון כי גדול בקרבך קדוש ישראל,252.9625039399,1995.4900197139,0.2222222222222222,175.1278873430077,1381.4930905711615,-0.0560977938937077,-0.2446043704902888,0.0,0.5223680493046371,0.5966186101570277,0.7266815425440653,0.6008320478370451,False,1.0,1.0,False,31.56,12,5,False
Isa.13.1,משא בבל אשר חזה ישעיהו בן אמוץ,109.9892058857,25.5401077155,0.0,109.9892058857,25.5401077155,-0.2618866528670961,-0.2553085040531387,0.0,0.6032955849665601,0.6007575838707235,0.7266815425440653,0.6008320478370451,False,1.0,1.0,False,31.56,13,5,False
Isa.13.2,על הר נשפה שאו נס הרימו קול להם הניפו יד ויבאו פתחי נדיבים,243.2036955265,622.6343688098,0.15384615384615385,185.97929657908824,476.13216438396466,-0.021815565961140624,-0.2517514503662323,0.0,0.5087024613496455,0.5993834071063727,0.7266815425440653,0.6008320478370451,False,1.0,1.0,False,31.56,13,5,False
Isa.13.3,אני צויתי למקדשי גם קראתי גבורי לאפי עליזי גאותי,283.2833570962,223046.9098344255,0.4444444444444444,149.97354199210588,118083.65814763703,-0.13556645847478835,0.676663238076612,0.676663238076612,0.5539179885687874,0.24930982303585814,0.7266815425440653,0.6008320478370451,False,0.7953789836830607,1.0,False,84.82,13,5,False
Isa.13.4,קול המון בהרים דמות עם רב קול שאון ממלכות גוים נאספים יהוה צבאות מפקד צבא מלחמה,210.2515663015,209.2551361569,0.125,168.2012530412,167.40410892552,-0.07798070797186832,-0.2541886044431137,0.0,0.5310783004684474,0.6003250730559357,0.7266815425440653,0.6008320478370451,False,1.0,1.0,False,31.56,13,5,False
Isa.13.5,באים מארץ מרחק מקצה השמים יהוה וכלי זעמו לחבל כל הארץ,296.9564205296,1624.3892453234,0.0,296.9564205296,1624.3892453234,0.3287880262361037,-0.24268690512442118,0.3287880262361037,0.37115795703312454,0.5958760237810212,0.7266815425440653,0.6008320478370451,False,0.9473839941858317,1.0,False,78.54,13,5,False
Isa.13.6,הילילו כי קרוב יום יהוה כשד משדי יבוא,162.7447647437,26136.0860232117,0.0,162.7447647437,26136.0860232117,-0.09521907503154116,-0.04918721930933852,0.0,0.5379295904294593,0.5196149517738277,0.7266815425440653,0.6008320478370451,False,1.0,1.0,False,31.56,13,5,False
Isa.13.7,על כן כל ידים תרפינה וכל לבב אנוש ימס,151.019697952,142.8891378205,0.1111111111111111,123.56157105163635,116.90929458040908,-0.21900826665200543,-0.2545872194716695,0.0,0.586678195885849,0.600479034308826,0.7266815425440653,0.6008320478370451,False,1.0,1.0,False,31.56,13,5,False
Isa.13.8,ונבהלו צירים וחבלים יאחזון כיולדה יחילון איש אל רעהו יתמהו פני להבים פניהם,178.6615068476,150073.5159173828,0.3076923076923077,110.59998042946667,92902.65271076078,-0.25995706826943865,0.47787991088814585,0.47787991088814585,0.6025515550548646,0.31636784025339026,0.7266815425440653,0.6008320478370451,False,0.892093256148409,1.0,False,82.42,13,5,False
Isa.13.9,הנה יום יהוה בא אכזרי ועברה וחרון אף לשום הארץ לשמה וחטאיה ישמיד ממנה,198.3033210317,20992.8747745725,0.21428571428571427,138.81232472219,14695.012342200751,-0.17082744496306165,-0.13950508602919415,0.0,0.5678202758480376,0.5554744814145282,0.7266815425440653,0.6008320478370451,False,1.0,1.0,False,31.56,13,5,False
Isa.13.10,כי כוכבי השמים וכסיליהם לא יהלו אורם חשך השמש בצאתו וירח לא יגיה אורו,55.8346507106,8243.7320511407,0.21428571428571427,39.08425549742,5770.61243579849,-0.48589255089148553,-0.2099558831986001,0.0,0.6864783249294721,0.5831489471792869,0.7266815425440653,0.6008320478370451,False,1.0,1.0,False,31.56,13,5,False
Isa.13.11,ופקדתי על תבל רעה ועל רשעים עונם והשבתי גאון זדים וגאות עריצים אשפיל,216.5162321053,98623.3204549116,0.15384615384615385,165.57123631581763,75417.83328905005,-0.08628956729921118,0.3398516423724174,0.3398516423724174,0.5343818841839518,0.36698412753270515,0.7266815425440653,0.6008320478370451,False,0.9438862958415647,1.0,False,78.93,13,5,False
Isa.13.12,אוקיר אנוש מפז ואדם מכתם אופיר,585.4212182104,220188.5573771489,0.3333333333333333,351.25273092624,132113.13442628935,0.5003232110603882,0.7874144144096301,0.9329227060940465,0.30842375651454357,0.21551965569812637,0.7266815425440653,0.6008320478370451,False,0.6471530961805932,1.0,False,88.23,13,5,False
Isa.13.13,על כן שמים ארגיז ותרעש הארץ ממקומה בעברת יהוה צבאות וביום חרון אפו,92.6212573904,4161.9453891992,0.23076923076923078,63.37243926711579,2847.6468452415575,-0.409160300365697,-0.2330302924712898,0.0,0.6587889868136791,0.592131058394303,0.7266815425440653,0.6008320478370451,False,1.0,1.0,False,31.56,13,5,False
Isa.13.14,והיה כצבי מדח וכצאן ואין מקבץ איש אל עמו יפנו ואיש אל ארצו ינוסו,124.1564250624,15522.8661362059,0.2857142857142857,79.00863413061819,9878.187541221936,-0.3597617766673834,-0.1775299561171961,0.0,0.6404873551686912,0.5704539313272643,0.7266815425440653,0.6008320478370451,False,1.0,1.0,False,31.56,13,5,False
Isa.13.15,כל הנמצא ידקר וכל הנספה יפול בחרב,429.0680225459,8156.6735698374,0.2857142857142857,273.0432870746637,5190.6104535328905,0.2532406504207827,-0.21453452181172789,0.2532406504207827,0.40004112776613454,0.5849348754640717,0.7266815425440653,0.6008320478370451,False,0.968443230733562,1.0,False,75.68,13,5,False
Isa.13.16,ועלליהם ירטשו לעיניהם ישסו בתיהם ונשיהם תשגלנה תשכבנה,181.7684304352,1089977.787330832,0.625,80.78596908231111,484434.5721470365,-0.3541467454211319,3.5687023898051886,3.5687023898051886,0.6383855442797421,0.0001793768320494524,0.7266815425440653,0.019297957514653588,False,0.0017158985949737244,0.06712803291245692,False,97.52,13,5,False
Isa.13.17,הנני מעיר עליהם את מדי אשר כסף לא יחשבו וזהב לא יחפצו בו,115.9878773018,304.0650710922,0.0,115.9878773018,304.0650710922,-0.24293539812171766,-0.2531097785469687,0.0,0.5959722784520293,0.5999083086614846,0.7266815425440653,0.6008320478370451,False,1.0,1.0,False,31.56,13,5,False
Isa.13.18,וקשתות נערים תרטשנה ופרי בטן לא ירחמו על בנים לא תחוס עינם,71.63983457,25757.9898438989,0.25,47.75988971333334,17171.993229265932,-0.45848412280819034,-0.11995135917951136,0.0,0.6766976666292092,0.5477391602978845,0.7266815425440653,0.6008320478370451,False,1.0,1.0,False,31.56,13,5,False
Isa.13.19,והיתה בבל צבי ממלכות תפארת גאון כשדים כמהפכת אלהים את סדם ואת עמרה,138.7183371859,15515.0689081724,0.0,138.7183371859,15515.0689081724,-0.17112437433617947,-0.1330314139164886,0.0,0.5679370146984096,0.5529157317100553,0.7266815425440653,0.6008320478370451,False,1.0,1.0,False,31.56,13,5,False
Isa.13.20,לא תשב לנצח ולא תשכן עד דור ודור ולא יהל שם ערבי ורעים לא ירבצו שם,150.0075941851,555.4381565991,0.125,120.00607534808,444.35052527928,-0.23024093804709952,-0.25200234026737506,0.0,0.5910477238659657,0.5994803725516883,0.7266815425440653,0.6008320478370451,False,1.0,1.0,False,31.56,13,5,False
Isa.13.21,ורבצו שם ציים ומלאו בתיהם אחים ושכנו שם בנות יענה ושעירים ירקדו שם,70.2467581738,27387.0905534099,0.23076923076923078,48.06357138207368,18738.53564180677,-0.45752471892246427,-0.10758479527373965,0.0,0.6763530303661286,0.5428374707036517,0.7266815425440653,0.6008320478370451,False,1.0,1.0,False,31.56,13,5,False
Isa.13.22,וענה איים באלמנותיו ותנים בהיכלי ענג וקרוב לבוא עתה וימיה לא ימשכו,445.2670868692,118325.0243142469,0.5833333333333334,205.50788624732306,54611.54968349856,0.039879974926027455,0.17560314594496765,0.18007464359501085,0.4840944080474791,0.4303028653275338,0.7266815425440653,0.6008320478370451,False,0.9839172916803404,1.0,False,73.35,13,5,False
Isa.14.1,כי ירחם יהוה את יעקב ובחר עוד בישראל והניחם על אדמתם ונלוה הגר עליהם ונספחו על ב,38.4886153207,418.2079808212,0.23529411764705882,26.172258418075998,284.381426958416,-0.5266846745049706,-0.25326516472810895,0.0,0.7007937100419999,0.5999683433794409,0.7266815425440653,0.6008320478370451,False,1.0,1.0,False,31.56,14,5,False
Isa.14.2,ולקחום עמים והביאום אל מקומם והתנחלום בית ישראל על אדמת יהוה לעבדים ולשפחות והיו,49.5086564226,13955.4691844967,0.2857142857142857,31.505508632563636,8880.753117406992,-0.5098356463744532,-0.18540388052880377,0.0,0.6949166949495849,0.5735438675169053,0.7266815425440653,0.6008320478370451,False,1.0,1.0,False,31.56,14,5,False
Isa.14.3,והיה ביום הניח יהוה לך מעצבך ומרגזך ומן העבדה הקשה אשר עבד בך,115.0565005632,1740.2900427156,0.15384615384615385,87.98438278362353,1330.8100326648707,-0.3314052144464471,-0.2450044715469346,0.0,0.6298307866609754,0.5967735154651762,0.7266815425440653,0.6008320478370451,False,1.0,1.0,False,31.56,14,5,False
Isa.14.4,ונשאת המשל הזה על מלך בבל ואמרת איך שבת נגש שבתה מדהבה,618.0600829203,5178.8452997256,0.16666666666666666,463.54506219022505,3884.1339747942,0.8550818614549729,-0.2248480790677389,0.8550818614549729,0.19625291521236643,0.5889512690542432,0.7266815425440653,0.6008320478370451,False,0.6937924026206619,1.0,False,87.53,14,5,False
Isa.14.5,שבר יהוה מטה רשעים שבט משלים,407.1819664788,11182.6794408963,0.0,407.1819664788,11182.6794408963,0.67701720163738,-0.16723206548063219,0.67701720163738,0.24919752020218283,0.5664062724671357,0.7266815425440653,0.6008320478370451,False,0.7951884521761838,1.0,False,84.9,14,5,False
Isa.14.6,מכה עמים בעברה מכת בלתי סרה רדה באף גוים מרדף בלי חשך,446.7536790144,1623.7881295441,0.16666666666666666,335.0652592608,1217.8410971580752,0.449183070529938,-0.24589626837868836,0.449183070529938,0.3266497994985753,0.5971187337177403,0.7266815425440653,0.6008320478370451,False,0.9040390565044827,1.0,False,81.56,14,5,False
Isa.14.7,נחה שקטה כל הארץ פצחו רנה,272.8388897494,4896.3850584267,0.16666666666666666,204.62916731205,3672.288793820025,0.03710388915022505,-0.22652042253426385,0.03710388915022505,0.48520108553597746,0.5896016614462648,0.7266815425440653,0.6008320478370451,False,0.9993118875629897,1.0,False,66.23,14,5,False
Isa.14.8,גם ברושים שמחו לך ארזי לבנון מאז שכבת לא יעלה הכרת עלינו,747.715110796,14361.81817285,0.16666666666666666,560.786333097,10771.3636296375,1.1622905696653596,-0.17047906551374087,1.1622905696653596,0.12255872794957329,0.5676833016664523,0.7266815425440653,0.6008320478370451,False,0.5089224232492783,1.0,False,90.47,14,5,False
Isa.14.9,שאול מתחת רגזה לך לקראת בואך עורר לך רפאים כל עתודי ארץ הקים מכסאותם כל מלכי גוי,647.1345332737,8201.5954665798,0.11764705882352941,523.8708126501381,6639.386806278885,1.0456655066273934,-0.2030976240884515,1.0456655066273934,0.14785774677253133,0.5804706356326006,0.7266815425440653,0.6008320478370451,False,0.5788521570626337,1.0,False,89.47,14,5,False
Isa.14.10,כלם יענו ויאמרו אליך גם אתה חלית כמונו אלינו נמשלת,59.8445081836,3201.3239545635,0.3,37.40281761475,2000.8274716021874,-0.49120462008858884,-0.23971523493880428,0.0,0.6883591342053886,0.5947244882582025,0.7266815425440653,0.6008320478370451,False,1.0,1.0,False,31.56,14,5,False
Isa.14.11,הורד שאול גאונך המית נבליך תחתיך יצע רמה ומכסיך תולעה,893.1133434352,224935.7740699144,0.5,446.5566717176,112467.8870349572,0.8014114245818039,0.6323313439707247,1.0208345605523255,0.21144675169352883,0.26358519311489176,0.7266815425440653,0.6008320478370451,False,0.5938956787703935,1.0,False,89.08,14,5,False
Isa.14.12,איך נפלת משמים הילל בן שחר נגדעת לארץ חולש על גוים,69.0885320809,204.4106151649,0.2727272727272727,44.70434428764118,132.26569216552355,-0.4681373302822573,-0.2544659933429809,0.0,0.6801568074610942,0.6004322135250004,0.7266815425440653,0.6008320478370451,False,1.0,1.0,False,31.56,14,5,False
Isa.14.13,ואתה אמרת בלבבך השמים אעלה ממעל לכוכבי אל ארים כסאי ואשב בהר מועד בירכתי צפון,33.4240650713,1362.0925523622,0.13333333333333333,26.38741979313158,1075.3362255491054,-0.526004927649842,-0.24702122713341354,0.0,0.7005576083796222,0.5975541019185022,0.7266815425440653,0.6008320478370451,False,1.0,1.0,False,31.56,14,5,False
Isa.14.14,אעלה על במתי עב אדמה לעליון,92.3249418644,2.002841491,0.16666666666666666,69.2437063983,1.50213111825,-0.3906115465895518,-0.25549826410775045,0.0,0.6519578052648525,0.600830857913619,0.7266815425440653,0.6008320478370451,False,1.0,1.0,False,31.56,14,5,False
Isa.14.15,אך אל שאול תורד אל ירכתי בור,45.1162390143,14543.539510181,0.14285714285714285,35.090408122233335,11311.64184125189,-0.4985100813029999,-0.16621401339811473,0.0,0.6909377173230201,0.5660057341255265,0.7266815425440653,0.6008320478370451,False,1.0,1.0,False,31.56,14,5,False
Isa.14.16,ראיך אליך ישגיחו אליך יתבוננו הזה האיש מרגיז הארץ מרעיש ממלכות,135.0232527536,11486.1783059723,0.45454545454545453,70.72646572807618,6016.5695888426335,-0.3859271510233509,-0.20801425376881102,0.0,0.6502246891003023,0.5823910810580816,0.7266815425440653,0.6008320478370451,False,1.0,1.0,False,31.56,14,5,False
Isa.14.17,שם תבל כמדבר ועריו הרס אסיריו לא פתח ביתה,995.4913049984,91480.1273776116,0.1111111111111111,814.4928859077818,74847.37694531858,1.9638109696633428,0.335348358724472,1.9922379492091993,0.024776008742328604,0.3686811592361867,0.710796161918805,0.6008320478370451,False,0.1374484937261752,1.0,False,95.04,14,6,True
Isa.14.18,כל מלכי גוים כלם שכבו בכבוד איש בביתו,292.4850022836,450.5461561762,0.0,292.4850022836,450.5461561762,0.314661733866489,-0.25195343085719246,0.314661733866489,0.37650925066264684,0.5994614702281218,0.7266815425440653,0.6008320478370451,False,0.951699444705964,1.0,False,77.85,14,6,False
Isa.14.19,ואתה השלכת מקברך כנצר נתעב לבוש הרגים מטעני חרב יורדי אל אבני בור כפגר מובס,471.0006823995,56634.9541790354,0.4,261.6670457775,31463.863432797443,0.2173003509923451,-0.007128798621892708,0.2173003509923451,0.41398714178889573,0.5028439550905296,0.7266815425440653,0.6008320478370451,False,0.9766668076665156,1.0,False,74.67,14,6,False
Isa.14.20,לא תחד אתם בקבורה כי ארצך שחת עמך הרגת לא יקרא לעולם זרע מרעים,138.0503541255,57872.5485147837,0.14285714285714285,107.37249765316669,45011.982178165104,-0.2701534674447328,0.09982245589015512,0.09982245589015512,0.6064789051704824,0.4602426399349321,0.7266815425440653,0.6008320478370451,False,0.9950301295273714,1.0,False,69.71,14,6,False
Isa.14.21,הכינו לבניו מטבח בעון אבותם בל יקמו וירשו ארץ ומלאו פני תבל ערים,121.6687798038,59305.7605056844,0.07692307692307693,105.44627582996002,51398.32577159315,-0.27623886835029365,0.15023738595530883,0.15023738595530883,0.6088176972117048,0.4402886654450302,0.7266815425440653,0.6008320478370451,False,0.9887778078288627,1.0,False,72.11,14,6,False
Isa.14.22,וקמתי עליהם נאם יהוה צבאות והכרתי לבבל שם ושאר ונין ונכד נאם יהוה,56.8881551902,2590.4643060182,0.23076923076923078,38.92347460382105,1772.422946222979,-0.48640049664504115,-0.24151830080976794,0.0,0.6866583807460349,0.5954232828795961,0.7266815425440653,0.6008320478370451,False,1.0,1.0,False,31.56,14,6,False
Isa.14.23,ושמתיה למורש קפד ואגמי מים וטאטאתיה במטאטא השמד נאם יהוה צבאות,113.2900002221,137605.8115932843,0.45454545454545453,59.34238106871905,72079.2346441013,-0.42189222953113414,0.3134961519829064,0.3134961519829064,0.6634481589827113,0.37695187186774576,0.7266815425440653,0.6008320478370451,False,0.9520479111165303,1.0,False,77.77,14,6,False
Isa.14.24,נשבע יהוה צבאות לאמר אם לא כאשר דמיתי כן היתה וכאשר יעצתי היא תקום,31.1274951332,695.9643233066,0.07142857142857142,27.23655824155,608.968782893275,-0.523322293790804,-0.250702814517837,0.0,0.6996250053141485,0.5989780577537716,0.7266815425440653,0.6008320478370451,False,1.0,1.0,False,31.56,14,6,False
Isa.14.25,לשבר אשור בארצי ועל הרי אבוסנו וסר מעליהם עלו וסבלו מעל שכמו יסור,389.206254675,43905.7909308351,0.23076923076923078,266.29901635657893,30040.804321097698,0.23193386703751862,-0.018362679878884743,0.23193386703751862,0.4082946897761917,0.5073252377191261,0.7266815425440653,0.6008320478370451,False,0.9734618345155356,1.0,False,75.21,14,6,False
Isa.14.26,זאת העצה היעוצה על כל הארץ וזאת היד הנטויה על כל הגוים,69.7900871313,709.3257839851,0.08333333333333333,59.82007468397142,607.9935291300857,-0.4203830797936454,-0.250710513344176,0.0,0.6628971866416945,0.5989810341178416,0.7266815425440653,0.6008320478370451,False,1.0,1.0,False,31.56,14,6,False
Isa.14.27,כי יהוה צבאות יעץ ומי יפר וידו הנטויה ומי ישיבנה,89.6884664961,1672.0859985764,0.1,74.74038874675001,1393.4049988136667,-0.37324619679554255,-0.2445103357719554,0.0,0.6455173918496949,0.5965822009612127,0.7266815425440653,0.6008320478370451,False,1.0,1.0,False,31.56,14,6,False
Isa.14.28,בשנת מות המלך אחז היה המשא הזה,407.8628700191,159.1066714626,0.0,407.8628700191,159.1066714626,0.6791683407070449,-0.25425410588745245,0.6791683407070449,0.24851560232210146,0.6003503734358321,0.7266815425440653,0.6008320478370451,False,0.7940293787226494,1.0,False,84.97,14,6,False
Isa.14.29,אל תשמחי פלשת כלך כי נשבר שבט מכך כי משרש נחש יצא צפע ופריו שרף מעופף,481.6903146635,4732.5882762207,0.3125,296.4248090236923,2912.3620161358153,0.32710853683333513,-0.23251941942365956,0.32710853683333513,0.37179289761553336,0.5919326970160204,0.7266815425440653,0.6008320478370451,False,0.9479059434355396,1.0,False,78.31,14,6,False
Isa.14.30,ורעו בכורי דלים ואביונים לבטח ירבצו והמתי ברעב שרשך ושאריתך יהרג,175.7475844159,291305.6715601108,0.2727272727272727,113.71902521028824,188491.90512713054,-0.2501032509650025,1.2324784389897023,1.2324784389897023,0.5987462490237807,0.1088852079467762,0.7266815425440653,0.6008320478370451,False,0.4678995928442278,1.0,False,91.32,14,6,False
Isa.14.31,הילילי שער זעקי עיר נמוג פלשת כלך כי מצפון עשן בא ואין בודד במועדיו,689.2516089688,50660.7789891412,0.21428571428571427,482.47612627816,35462.54529239884,0.9148896744264644,0.02443750584566768,0.9152159898429,0.18012477563183316,0.4902518159560154,0.7266815425440653,0.6008320478370451,False,0.6578290696104561,1.0,False,87.99,14,6,False
Isa.14.32,ומה יענה מלאכי גוי כי יהוה יסד ציון ובה יחסו עניי עמו,276.6311293105,538.0612830416,0.08333333333333333,237.11239655185713,461.1953854642285,0.13972627160376158,-0.2518693639506834,0.13972627160376158,0.4444381341442289,0.5994289798243131,0.7266815425440653,0.6008320478370451,False,0.9902857754000202,1.0,False,71.65,14,6,False
Isa.15.1,משא מואב כי בליל שדד ער מואב נדמה כי בליל שדד קיר מואב נדמה,239.0518033297,47.7035471752,0.0,239.0518033297,47.7035471752,0.1458533269719166,-0.2551335419274689,0.1458533269719166,0.44201858857421705,0.6006900207619373,0.7266815425440653,0.6008320478370451,False,0.9894197720645413,1.0,False,72.04,15,6,False
Isa.15.2,עלה הבית ודיבן הבמות לבכי על נבו ועל מידבא מואב ייליל בכל ראשיו קרחה כל זקן גרוע,1102.2794436465,72946.9334569705,0.35294117647058826,646.1638117927758,42761.9954747758,1.4320186871180256,0.08206066142365832,1.434367969667659,0.0760692366719318,0.4672992376070553,0.7266815425440653,0.6008320478370451,False,0.35746932089661265,1.0,False,92.41,15,6,False
Isa.15.3,בחוצתיו חגרו שק על גגותיה וברחבתיה כלה ייליל ירד בבכי,409.5874964555,138587.141829549,0.3,255.99218528468748,86616.96364346812,0.19937209331929953,0.4282595655210466,0.4723933605109148,0.4209858442829077,0.3342310768971519,0.7266815425440653,0.6008320478370451,False,0.8944218531903815,1.0,False,82.26,15,6,False
Isa.15.4,ותזעק חשבון ואלעלה עד יהץ נשמע קולם על כן חלצי מואב יריעו נפשו ירעה לו,319.2857846489,73980.5400717059,0.26666666666666666,208.22985955363046,48248.17830763428,0.0484793473469775,0.12536956264341598,0.1344164214543383,0.4806671117576249,0.4501154917300979,0.7266815425440653,0.6008320478370451,False,0.9910067957798901,1.0,False,71.57,15,6,False
Isa.15.5,לבי למואב יזעק בריחה עד צער עגלת שלשיה כי מעלה הלוחית בבכי יעלה בו כי דרך חורנים,284.0423059937,60638.8134149243,0.29411764705882354,178.84145192195925,38179.993631619,-0.044365744666900755,0.045889525451758735,0.045889525451758735,0.5176935667273243,0.4816991514309395,0.7266815425440653,0.6008320478370451,False,0.9989476298571658,1.0,False,67.0,15,6,False
Isa.15.6,כי מי נמרים משמות יהיו כי יבש חציר כלה דשא ירק לא היה,452.4921488787,356.2046970877,0.15384615384615385,346.0234079660647,272.39182718471176,0.4838025142777381,-0.25335981275718183,0.4838025142777381,0.3142630152681111,0.600004910259419,0.7266815425440653,0.6008320478370451,False,0.8895563386806765,1.0,False,82.65,15,6,False
Isa.15.7,על כן יתרה עשה ופקדתם על נחל הערבים ישאום,1367.7404047086,4994.4338322397,0.3333333333333333,820.6442428251601,2996.66029934382,1.9832445948587654,-0.2318539538109234,1.9832445948587654,0.023670057422093767,0.5916742752283931,0.6945010029982512,0.6008320478370451,False,0.13992767996531705,1.0,False,94.97,15,6,False
Isa.15.8,כי הקיפה הזעקה את גבול מואב עד אגלים יללתה ובאר אילים יללתה,271.6952449064,23198.4004554085,0.4166666666666667,148.1974063125818,12653.672975677362,-0.141177700930022,-0.15561978137825538,0.0,0.55613521914806,0.561833634187402,0.7266815425440653,0.6008320478370451,False,1.0,1.0,False,31.56,15,6,False
Isa.15.9,כי מי דימון מלאו דם כי אשית על דימון נוספות לפליטת מואב אריה ולשארית אדמה,806.7410208205,77146.2276530559,0.3333333333333333,484.0446124923001,46287.73659183355,0.9198449019671834,0.10989348771055266,0.9263861086589148,0.17882690749693186,0.4562469236586217,0.7266815425440653,0.6008320478370451,False,0.6510976740022854,1.0,False,88.15,15,6,False
Isa.16.1,שלחו כר משל ארץ מסלע מדברה אל הר בת ציון,476.5754137447,3578.5076800877,0.0,476.5754137447,3578.5076800877,0.8962478954984311,-0.2272607472946029,0.8962478954984311,0.18506019027245663,0.5898895031622047,0.7266815425440653,0.6008320478370451,False,0.6692282172635076,1.0,False,87.84,16,6,False
Isa.16.2,והיה כעוף נודד קן משלח תהיינה בנות מואב מעברת לארנון,177.1394194937,26864.2550903927,0.3,110.71213718356249,16790.15943149544,-0.25960273794012945,-0.12296562296433514,0.0,0.6024148879230473,0.5489328398862467,0.7266815425440653,0.6008320478370451,False,1.0,1.0,False,31.56,16,6,False
Isa.16.3,הביאו הביאי עצה עשו פלילה שיתי כליל צלך בתוך צהרים סתרי נדחים נדד אל תגלי,243.4714982976,106183.5522985638,0.4666666666666667,125.9335336022069,54922.52705098127,-0.2115146629147324,0.17805805649027873,0.17805805649027873,0.5837571541602724,0.4293386908277661,0.7266815425440653,0.6008320478370451,False,0.984272651217053,1.0,False,73.2,16,6,False
Isa.16.4,יגורו בך נדחי מואב הוי סתר למו מפני שודד כי אפס המץ כלה שד תמו רמס מן הארץ,714.020650584,9056.1205559931,0.1111111111111111,584.1987141141818,7409.553182176172,1.2362559473424286,-0.1970177939929723,1.2362559473424286,0.1081817201712964,0.5780931934524294,0.7266815425440653,0.6008320478370451,False,0.4657229341121011,1.0,False,91.4,16,6,False
Isa.16.5,והוכן בחסד כסא וישב עליו באמת באהל דוד שפט ודרש משפט ומהר צדק,194.9525313003,6891.7360196337,0.3076923076923077,120.68490032875714,4266.312774058957,-0.22809636565031657,-0.22183109177987284,0.0,0.5902143372890868,0.5877773126716347,0.7266815425440653,0.6008320478370451,False,1.0,1.0,False,31.56,16,6,False
Isa.16.6,שמענו גאון מואב גא מאד גאותו וגאונו ועברתו לא כן בדיו,407.3489778834,26032.0683609364,0.2727272727272727,263.5787503951412,16844.27952766473,0.22333988853220732,-0.12253838931747937,0.22333988853220732,0.41163549231454,0.5487636776084742,0.7266815425440653,0.6008320478370451,False,0.9753680881665169,1.0,False,74.83,16,6,False
Isa.16.7,לכן ייליל מואב למואב כלה ייליל לאשישי קיר חרשת תהגו אך נכאים,596.1708269418,381200.5790425189,0.3333333333333333,357.70249616508005,228720.34742551137,0.520699580361278,1.550048904066151,1.6351696113813656,0.30128803338822213,0.06056488929638313,0.7266815425440653,0.6008320478370451,False,0.26266132113914803,1.0,False,93.49,16,6,False
Isa.16.8,כי שדמות חשבון אמלל גפן שבמה בעלי גוים הלמו שרוקיה עד יעזר נגעו תעו מדבר שלחותיה,642.804003988,166772.7455576963,0.3125,395.5716947618461,102629.38188165925,0.6403375434749886,0.5546644377053628,0.8471627990171601,0.2609765888994571,0.2895621024671457,0.7266815425440653,0.6008320478370451,False,0.698484421015415,1.0,False,87.45,16,6,False
Isa.16.9,על כן אבכה בבכי יעזר גפן שבמה אריוך דמעתי חשבון ואלעלה כי על קיצך ועל קצירך הידד,316.0193939782,25383.0044112361,0.23529411764705882,214.893187905176,17260.442999640545,0.06953041420543557,-0.11925312099008732,0.06953041420543557,0.47228371209642594,0.5474625887945783,0.7266815425440653,0.6008320478370451,False,0.997585679920421,1.0,False,68.01,16,6,False
Isa.16.10,ונאסף שמחה וגיל מן הכרמל ובכרמים לא ירנן לא ירעע יין ביקבים לא ידרך הדרך הידד הש,379.3174925735,11929.2613169483,0.35294117647058826,222.35853012929306,6993.015254762796,0.09311523698318547,-0.20030601833806386,0.09311523698318547,0.4629060063329068,0.5793793720106262,0.7266815425440653,0.6008320478370451,False,0.9956741598381774,1.0,False,69.33,16,6,False
Isa.16.11,על כן מעי למואב ככנור יהמו וקרבי לקיר חרש,351.8845660684,30792.2381384513,0.3333333333333333,211.13073964104,18475.34288307078,0.057643929586762184,-0.10966248563461913,0.057643929586762184,0.477016128538314,0.5436614734754491,0.7266815425440653,0.6008320478370451,False,0.9983399680706557,1.0,False,67.39,16,7,True
Isa.16.12,והיה כי נראה כי נלאה מואב על הבמה ובא אל מקדשו להתפלל ולא יוכל,320.2101958096,423.9215217087,0.07142857142857142,280.1839213334,370.93133149511254,0.27579964215313346,-0.25258192441688393,0.27579964215313346,0.3913509792885122,0.5997043502882236,0.7266815425440653,0.6008320478370451,False,0.9626814401819435,1.0,False,76.68,16,7,False
Isa.16.13,זה הדבר אשר דבר יהוה אל מואב מאז,115.9461830709,22.1912265229,0.0,115.9461830709,22.1912265229,-0.24306712028757552,-0.25533494071578483,0.0,0.5960232991585428,0.6007677923498222,0.7266815425440653,0.6008320478370451,False,1.0,1.0,False,31.56,16,7,False
Isa.16.14,ועתה דבר יהוה לאמר בשלש שנים כשני שכיר ונקלה כבוד מואב בכל ההמון הרב ושאר מעט מז,162.3203664057,6250.4503354165,0.11764705882352941,131.40220137604285,5059.888366765737,-0.1942378179417522,-0.21556646517116734,0.0,0.5770051638557759,0.585337150943997,0.7266815425440653,0.6008320478370451,False,1.0,1.0,False,31.56,16,7,False
Isa.17.1,משא דמשק הנה דמשק מוסר מעיר והיתה מעי מפלה,4114.5694031984,4557.1073625169,0.1111111111111111,3366.4658753441454,3728.542387513827,10.02611124774334,-0.22607634667919946,10.02611124774334,5.851778213494106e-24,0.5894289795119869,3.777322836810445e-21,0.6008320478370451,False,1.485005787875377e-22,3.1952374535785195e-20,True,99.61,17,7,False
Isa.17.2,עזבות ערי ערער לעדרים תהיינה ורבצו ואין מחריד,258.9367650175,208631.656011502,0.5,129.46838250875,104315.828005751,-0.20034721974814632,0.5679775427960797,0.5679775427960797,0.5793954824677292,0.2850251084730263,0.7266815425440653,0.6008320478370451,False,0.8510373646972694,1.0,False,83.81,17,7,False
Isa.17.3,ונשבת מבצר מאפרים וממלכה מדמשק ושאר ארם ככבוד בני ישראל יהיו נאם יהוה צבאות,225.1722862035,5668.2833652399,0.2857142857142857,143.29145485677273,3607.089414243573,-0.1566767888710555,-0.22703511801119072,0.0,0.5622502095352698,0.5898017825689401,0.7266815425440653,0.6008320478370451,False,1.0,1.0,False,31.56,17,7,False
Isa.17.4,והיה ביום ההוא ידל כבוד יעקב ומשמן בשרו ירזה,125.3132679496,53022.0892763487,0.3333333333333333,75.18796076976001,31813.253565809224,-0.3718322084576913,-0.004370650886250971,0.0,0.644991109284285,0.5017436318800839,0.7266815425440653,0.6008320478370451,False,1.0,1.0,False,31.56,17,7,False
Isa.17.5,והיה כאסף קציר קמה וזרעו שבלים יקצור והיה כמלקט שבלים בעמק רפאים,219.3987992914,66313.0677364092,0.25,146.26586619426666,44208.711824272796,-0.14727990361691412,0.09348129711558405,0.09348129711558405,0.5585444529586634,0.46276060368239746,0.7266815425440653,0.6008320478370451,False,0.9956401553823153,1.0,False,69.4,17,7,False
Isa.17.6,ונשאר בו עוללת כנקף זית שנים שלשה גרגרים בראש אמיר ארבעה חמשה בסעפיה פריה נאם יה,334.1653636052,9529.1334667322,0.25,222.77690907013334,6352.755644488134,0.09443699730942796,-0.20536034136395873,0.09443699730942796,0.4623810137565564,0.5813546985450269,0.7266815425440653,0.6008320478370451,False,0.9955507541211306,1.0,False,69.48,17,7,False
Isa.17.7,ביום ההוא ישעה האדם על עשהו ועיניו אל קדוש ישראל תראינה,98.8079231545,2681.5296842677,0.09090909090909091,83.60670420765385,2268.9866559188226,-0.3452353605124446,-0.23759833873272418,0.0,0.635041281385709,0.5939036804388139,0.7266815425440653,0.6008320478370451,False,1.0,1.0,False,31.56,17,7,False
Isa.17.8,ולא ישעה אל המזבחות מעשה ידיו ואשר עשו אצבעתיו לא יראה והאשרים והחמנים,296.0963166195,28450.2473728982,0.38461538461538464,167.3587876545,16080.574602072897,-0.0806422600139863,-0.12856721157717532,0.0,0.532136771501161,0.5511499438481424,0.7266815425440653,0.6008320478370451,False,1.0,1.0,False,31.56,17,7,False
Isa.17.9,ביום ההוא יהיו ערי מעזו כעזובת החרש והאמיר אשר עזבו מפני בני ישראל והיתה שממה,219.5017670661,2147.8473043205,0.2,156.78697647578574,1534.1766459432142,-0.11404117001764665,-0.24339905939896225,0.0,0.5453974213199958,0.5961518638029477,0.7266815425440653,0.6008320478370451,False,1.0,1.0,False,31.56,17,7,False
Isa.17.10,כי שכחת אלהי ישעך וצור מעזך לא זכרת על כן תטעי נטעי נעמנים וזמרת זר תזרענו,104.1128976219,46498.8984277137,0.375,59.49308435537143,26570.799101550685,-0.4214161213768103,-0.04575551709628807,0.0,0.6632743754637752,0.5182474430674759,0.7266815425440653,0.6008320478370451,False,1.0,1.0,False,31.56,17,7,False
Isa.17.11,ביום נטעך תשגשגי ובבקר זרעך תפריחי נד קציר ביום נחלה וכאב אנוש,171.3762263485,107545.3492045989,0.3333333333333333,102.82573580910001,64527.209522759345,-0.28451778847458764,0.25387912499824195,0.25387912499824195,0.6119931980747599,0.39979447118701916,0.7266815425440653,0.6008320478370451,False,0.9682864606556556,1.0,False,75.76,17,7,False
Isa.17.12,הוי המון עמים רבים כהמות ימים יהמיון ושאון לאמים כשאון מים כבירים ישאון,68.5254872924,55504.1534216313,0.3076923076923077,42.420539752438096,34359.71402291462,-0.4753524215138125,0.0157315600237224,0.0157315600237224,0.68273209966089,0.49372427442576444,0.7266815425440653,0.6008320478370451,False,0.9998762666652106,1.0,False,63.83,17,7,False
Isa.17.13,לאמים כשאון מים רבים ישאון וגער בו ונס ממרחק ורדף כמץ הרים לפני רוח וכגלגל לפני ,131.5091565648,32881.3382982293,0.25,87.6727710432,21920.892198819532,-0.3323896713477815,-0.08246270766334504,0.0,0.6302024816494399,0.5328606138633043,0.7266815425440653,0.6008320478370451,False,1.0,1.0,False,31.56,17,7,False
Isa.17.14,לעת ערב והנה בלהה בטרם בקר איננו זה חלק שוסינו וגורל לבזזינו,551.9010634333,11374.3723164036,0.25,367.9340422888667,7582.9148776024,0.5530235107086804,-0.1956492459931616,0.5530235107086804,0.2901236556122464,0.5775576438205424,0.7266815425440653,0.6008320478370451,False,0.858200518976384,1.0,False,83.35,17,7,False
Isa.18.1,הוי ארץ צלצל כנפים אשר מעבר לנהרי כוש,127.6765585072,720.1218883707,0.25,85.11770567146667,480.0812589138,-0.34046174120992684,-0.25172027551294895,0.0,0.6332455851077228,0.5993713580327434,0.7266815425440653,0.6008320478370451,False,1.0,1.0,False,31.56,18,7,False
Isa.18.2,השלח בים צירים ובכלי גמא על פני מים לכו מלאכים קלים אל גוי ממשך ומורט אל עם נורא,399.6570421942,11200.0731464968,0.2222222222222222,276.6856445959846,7753.896793728553,0.2647477393196736,-0.19429948439361716,0.2647477393196736,0.39560189929032186,0.5770293053319746,0.7266815425440653,0.6008320478370451,False,0.9655613057664176,1.0,False,76.07,18,7,False
Isa.18.3,כל ישבי תבל ושכני ארץ כנשא נס הרים תראו וכתקע שופר תשמעו,125.4504186758,15391.2963557202,0.25,83.63361245053333,10260.8642371468,-0.34515035086110896,-0.17450903834470585,0.0,0.6350093289885044,0.5692672859090684,0.7266815425440653,0.6008320478370451,False,1.0,1.0,False,31.56,18,7,False
Isa.18.4,כי כה אמר יהוה אלי אשקוטה אשקטה ואביטה במכוני כחם צח עלי אור כעב טל בחם קציר,209.9251866243,28124.4416097768,0.29411764705882354,132.17511750418888,17707.98175430391,-0.19179598883906235,-0.11572017061124802,0.0,0.576048993460583,0.546062840093668,0.7266815425440653,0.6008320478370451,False,1.0,1.0,False,31.56,18,7,False
Isa.18.5,כי לפני קציר כתם פרח ובסר גמל יהיה נצה וכרת הזלזלים במזמרות ואת הנטישות הסיר התז,1583.9321987989,256559.5140483204,0.5,791.96609939945,128279.7570241602,1.8926433993629674,0.7571530526751067,2.0384748667392105,0.029202654078816788,0.22447908645620301,0.7266815425440653,0.6008320478370451,False,0.12521914819400395,1.0,False,95.2,18,7,False
Isa.18.6,יעזבו יחדו לעיט הרים ולבהמת הארץ וקץ עליו העיט וכל בהמת הארץ עליו תחרף,200.7514863236,46765.7587760559,0.2857142857142857,127.75094584229092,29760.028312035574,-0.20577301781532573,-0.020579175539313446,0.0,0.581515890594073,0.5082093237695356,0.7266815425440653,0.6008320478370451,False,1.0,1.0,False,31.56,18,7,False
Isa.18.7,בעת ההיא יובל שי ליהוה צבאות עם ממשך ומורט ומעם נורא מן הוא והלאה גוי קו קו ומבו,258.564768411,5226.2048795332,0.2222222222222222,179.0063781306923,3618.141839676831,-0.043844702859626446,-0.22694786820273358,0.0,0.5174859032020435,0.5897678602130347,0.7266815425440653,0.6008320478370451,False,1.0,1.0,False,31.56,18,7,False
Isa.19.1,משא מצרים הנה יהוה רכב על עב קל ובא מצרים ונעו אלילי מצרים מפניו ולבב מצרים ימס ,211.7492827913,1313.6294720619,0.0,211.7492827913,1313.6294720619,0.05959805709241696,-0.24514009794232153,0.05959805709241696,0.47623788291781266,0.5968260218756554,0.7266815425440653,0.6008320478370451,False,0.9982256118866673,1.0,False,67.54,19,7,False
Isa.19.2,וסכסכתי מצרים במצרים ונלחמו איש באחיו ואיש ברעהו עיר בעיר ממלכה בממלכה,95.2882228521,2162.6036181066,0.16666666666666666,71.46616713907501,1621.9527135799501,-0.38359025525044177,-0.24270613953855041,0.0,0.6493589181534802,0.5958834745090006,0.7266815425440653,0.6008320478370451,False,1.0,1.0,False,31.56,19,7,False
Isa.19.3,ונבקה רוח מצרים בקרבו ועצתו אבלע ודרשו אל האלילים ואל האטים ואל האבות ואל הידעני,113.7806509018,13641.9905868282,0.4,63.21147272322222,7578.883659349,-0.40966883263346265,-0.19568106914569786,0.0,0.6589755518660302,0.577570098708238,0.7266815425440653,0.6008320478370451,False,1.0,1.0,False,31.56,19,7,False
Isa.19.4,וסכרתי את מצרים ביד אדנים קשה ומלך עז ימשל בם נאם האדון יהוה צבאות,230.9229978798,3035.2627773009,0.07142857142857142,202.05762314482502,2655.8549301382877,0.028979758785078847,-0.23454433189706442,0.028979758785078847,0.4884403669816407,0.592718789533634,0.7266815425440653,0.6008320478370451,False,0.9995801749415921,1.0,False,65.45,19,7,False
Isa.19.5,ונשתו מים מהים ונהר יחרב ויבש,207.214214116,44123.3628612516,0.5,103.607107058,22061.6814306258,-0.28204924759920735,-0.08135129247379216,0.0,0.6110471257930822,0.5324187081835263,0.7266815425440653,0.6008320478370451,False,1.0,1.0,False,31.56,19,7,False
Isa.19.6,והאזניחו נהרות דללו וחרבו יארי מצור קנה וסוף קמלו,1358.2612221135,235434.0382312799,0.5555555555555556,643.3868946853421,111521.38653060627,1.4232457339323366,0.6248595009614337,1.5543737694320396,0.0773324660222881,0.2660316373735253,0.7266815425440653,0.6008320478370451,False,0.29878264565446905,1.0,False,93.11,19,7,False
Isa.19.7,ערות על יאור על פי יאור וכל מזרע יאור ייבש נדף ואיננו,164.9787769571,2643.51426337,0.0,164.9787769571,2643.51426337,-0.08816128979483023,-0.23464175131131593,0.0,0.5351257581282488,0.5927565993981491,0.7266815425440653,0.6008320478370451,False,1.0,1.0,False,31.56,19,7,False
Isa.19.8,ואנו הדיגים ואבלו כל משליכי ביאור חכה ופרשי מכמרת על פני מים אמללו,350.2752762445,141712.5003883405,0.38461538461538464,197.9816778773261,80098.3697847142,0.016102861263191947,0.3768006283836203,0.3771445554308755,0.4935761654268836,0.3531608868611491,0.7266815425440653,0.6008320478370451,False,0.9313510474503974,1.0,False,80.02,19,7,False
Isa.19.9,ובשו עבדי פשתים שריקות וארגים חורי,556.3307393049,295736.6533776892,0.3333333333333333,333.79844358294,177441.99202661353,0.4451808932207877,1.145248463333231,1.2287310814234274,0.32809451672407786,0.12605312397821378,0.7266815425440653,0.6008320478370451,False,0.47006230218247536,1.0,False,91.09,19,7,False
Isa.19.10,והיו שתתיה מדכאים כל עשי שכר אגמי נפש,1323.412898165,202549.93643815,0.375,756.2359418085714,115742.8208218,1.7797631844573987,0.6581842526682137,1.8975677861964129,0.03755736252232011,0.25520987118247096,0.7266815425440653,0.6008320478370451,False,0.1652357971489992,1.0,False,94.66,19,7,False
Isa.19.11,אך אולים שרי צען חכמי יעצי פרעה עצה נבערה איך תאמרו אל פרעה בן חכמים אני בן מלכי,353.9943013506,6110.3760620983,0.16666666666666666,265.49572601295,4582.782046573726,0.2293960784372369,-0.21933282716128566,0.2293960784372369,0.409280541930939,0.5868046039889335,0.7266815425440653,0.6008320478370451,False,0.9740318453906005,1.0,False,74.9,19,7,False
Isa.19.12,אים אפוא חכמיך ויגידו נא לך וידעו מה יעץ יהוה צבאות על מצרים,118.8701624986,214.7469054179,0.15384615384615385,90.90071249892941,164.21822179015882,-0.3221918230931646,-0.2542137544017363,0.0,0.6263463106434393,0.6003347874489173,0.7266815425440653,0.6008320478370451,False,1.0,1.0,False,31.56,19,7,False
Isa.19.13,נואלו שרי צען נשאו שרי נף התעו את מצרים פנת שבטיה,490.1047671555,113598.6128519646,0.2727272727272727,317.12661404179414,73504.98478656533,0.3925105489412545,0.3247512767144781,0.5094388312229924,0.34734050926057025,0.3726846614739252,0.7266815425440653,0.6008320478370451,False,0.878302719818379,1.0,False,82.96,19,7,False
Isa.19.14,יהוה מסך בקרבה רוח עועים והתעו את מצרים בכל מעשהו כהתעות שכור בקיאו,269.9202139496,114866.5586423778,0.3076923076923077,167.0934657783238,71107.86963575768,-0.08148047603152668,0.30582802416501453,0.30582802416501453,0.5324700744423677,0.37986779496574846,0.7266815425440653,0.6008320478370451,False,0.9543112621201345,1.0,False,77.54,19,7,False
Isa.19.15,ולא יהיה למצרים מעשה אשר יעשה ראש וזנב כפה ואגמון,559.5530969251,3387.9829695933,0.2,399.6807835179286,2419.987835423786,0.6533191492983857,-0.23640630861515702,0.6533191492983857,0.2567752748434229,0.5934412993244326,0.7266815425440653,0.6008320478370451,False,0.8078224736582612,1.0,False,84.66,19,7,False
Isa.19.16,ביום ההוא יהיה מצרים כנשים וחרד ופחד מפני תנופת יד יהוה צבאות אשר הוא מניף עליו,128.0135522286,72.4467164197,0.125,102.41084178288,57.957373135759994,-0.2858285391121585,-0.255052596405021,0.0,0.6124952757263774,0.6006587619413358,0.7266815425440653,0.6008320478370451,False,1.0,1.0,False,31.56,19,7,False
Isa.19.17,והיתה אדמת יהודה למצרים לחגא כל אשר יזכיר אתה אליו יפחד מפני עצת יהוה צבאות אשר ,109.5981241661,461.887720213,0.1875,79.70772666625454,335.91834197309095,-0.35755317415952165,-0.2528583231718681,0.0,0.6396611369363163,0.5998111518255447,0.7266815425440653,0.6008320478370451,False,1.0,1.0,False,31.56,19,7,False
Isa.19.18,ביום ההוא יהיו חמש ערים בארץ מצרים מדברות שפת כנען ונשבעות ליהוה צבאות עיר ההרס ,85.0974940775,595.1884716844,0.2,60.78392434107143,425.13462263171436,-0.41733804546505676,-0.252154034014187,0.0,0.6617844179376432,0.5995389970942784,0.7266815425440653,0.6008320478370451,False,1.0,1.0,False,31.56,19,7,False
Isa.19.19,ביום ההוא יהיה מזבח ליהוה בתוך ארץ מצרים ומצבה אצל גבולה ליהוה,83.332345952,64.2100372699,0.08333333333333333,71.42772510171427,55.037174802771425,-0.3837117029498439,-0.2550756489690712,0.0,0.649403931144701,0.6006676642408462,0.7266815425440653,0.6008320478370451,False,1.0,1.0,False,31.56,19,7,False
Isa.19.20,והיה לאות ולעד ליהוה צבאות בארץ מצרים כי יצעקו אל יהוה מפני לחצים וישלח להם מושי,132.0388527258,284.0569035165,0.125,105.63108218064,227.24552281319998,-0.27565502036340434,-0.2537162056985094,0.0,0.6085934769795425,0.6001425933488277,0.7266815425440653,0.6008320478370451,False,1.0,1.0,False,31.56,19,7,False
Isa.19.21,ונודע יהוה למצרים וידעו מצרים את יהוה ביום ההוא ועבדו זבח ומנחה ונדרו נדר ליהוה ,59.4575880355,182.2305495218,0.06666666666666667,52.46257767838236,160.7916613427647,-0.44362719342638207,-0.2542408042782098,0.0,0.6713439291083189,0.6003452356325752,0.7266815425440653,0.6008320478370451,False,1.0,1.0,False,31.56,19,7,False
Isa.19.22,ונגף יהוה את מצרים נגף ורפוא ושבו עד יהוה ונעתר להם ורפאם,124.5755735319,4934.9635269039,0.3333333333333333,74.74534411914001,2960.9781161423402,-0.37323054157491,-0.23213563529961215,0.0,0.6455115665381929,0.5917836661202592,0.7266815425440653,0.6008320478370451,False,1.0,1.0,False,31.56,19,7,False
Isa.19.23,ביום ההוא תהיה מסלה ממצרים אשורה ובא אשור במצרים ומצרים באשור ועבדו מצרים את אשו,394.6411216023,1656.952407564,0.2,281.88651543021433,1183.5374339742857,0.2811785489507463,-0.24616706758563506,0.2811785489507463,0.3892867283423924,0.5972235462435234,0.7266815425440653,0.6008320478370451,False,0.9612404548034206,1.0,False,76.92,19,7,False
Isa.19.24,ביום ההוא יהיה ישראל שלישיה למצרים ולאשור ברכה בקרב הארץ,176.8142682469,726.6791913446,0.2,126.29590589064287,519.0565652461429,-0.21036984115763724,-0.2514125975256519,0.0,0.5833104853823399,0.5992524354914849,0.7266815425440653,0.6008320478370451,False,1.0,1.0,False,31.56,19,7,False
Isa.19.25,אשר ברכו יהוה צבאות לאמר ברוך עמי מצרים ומעשה ידי אשור ונחלתי ישראל,42.2729457358,309.3015364088,0.07692307692307693,36.63655297102667,268.06133155429336,-0.49362543554225785,-0.2533939984584616,0.0,0.6892146330379716,0.600018117550134,0.7266815425440653,0.6008320478370451,False,1.0,1.0,False,31.56,19,7,False
Isa.20.1,בשנת בא תרתן אשדודה בשלח אתו סרגון מלך אשור וילחם באשדוד וילכדה,97.4177178696,11778.7239510733,0.25,64.9451452464,7852.482634048866,-0.40419174156565985,-0.1935212302686312,0.0,0.6569641369202515,0.5767246095207119,0.7266815425440653,0.6008320478370451,False,1.0,1.0,False,31.56,20,7,False
Isa.20.2,בעת ההיא דבר יהוה ביד ישעיהו בן אמוץ לאמר לך ופתחת השק מעל מתניך ונעלך תחלץ מעל ,44.7740543665,360.1382201639,0.17647058823529413,33.093866270891304,266.18911925157823,-0.5048176401956308,-0.2534087780347446,0.0,0.6931565376049171,0.6000238274505421,0.7266815425440653,0.6008320478370451,False,1.0,1.0,False,31.56,20,7,False
Isa.20.3,ויאמר יהוה כאשר הלך עבדי ישעיהו ערום ויחף שלש שנים אות ומופת על מצרים ועל כוש,46.4131611754,107.8295547158,0.0625,41.256143267022225,95.84849308071111,-0.47903103180750417,-0.25475347717753677,0.0,0.6840417236995397,0.600543245146149,0.7266815425440653,0.6008320478370451,False,1.0,1.0,False,31.56,20,7,False
Isa.20.4,כן ינהג מלך אשור את שבי מצרים ואת גלות כוש נערים וזקנים ערום ויחף וחשופי שת ערות,132.7410287525,886.0245413327,0.11764705882352941,107.45702327583332,717.2579620312333,-0.26988643054663436,-0.2498479605136348,0.0,0.6063761866001655,0.5986475357439858,0.7266815425440653,0.6008320478370451,False,1.0,1.0,False,31.56,20,7,False
Isa.20.5,וחתו ובשו מכוש מבטם ומן מצרים תפארתם,1214.1609583634,404717.7771160229,0.42857142857142855,653.7789775802922,217924.9569086277,1.4560768387914407,1.4648281748691216,2.0654010124804523,0.07268568971876015,0.07148390141215946,0.7266815425440653,0.6008320478370451,False,0.11848834576979578,1.0,False,95.27,20,7,False
Isa.20.6,ואמר ישב האי הזה ביום ההוא הנה כה מבטנו אשר נסנו שם לעזרה להנצל מפני מלך אשור וא,269.0175530378,276.0950084844,0.2222222222222222,186.24292133386152,191.1426981815077,-0.020982711560833364,-0.25400120780532276,0.0,0.5083702765917946,0.6002526874994771,0.7266815425440653,0.6008320478370451,False,1.0,1.0,False,31.56,20,7,False
Isa.21.1,משא מדבר ים כסופות בנגב לחלף ממדבר בא מארץ נוראה,800.9642288805,54170.5158830153,0.3,500.60264305031245,33856.57242688456,0.9721557277184405,0.011759670944214012,0.9722268504811451,0.16548654085663378,0.49530867818403407,0.7266815425440653,0.6008320478370451,False,0.6233715656605489,1.0,False,88.54,21,7,False
Isa.21.2,חזות קשה הגד לי הבוגד בוגד והשודד שודד עלי עילם צורי מדי כל אנחתה השבתי,913.9877887646,22253.3396013938,0.3333333333333333,548.39267325876,13352.003760836282,1.123135998839616,-0.15010703418871169,1.123135998839616,0.13068986960401358,0.5596599148063649,0.7266815425440653,0.6008320478370451,False,0.5322099439805084,1.0,False,89.93,21,7,False
Isa.21.3,על כן מלאו מתני חלחלה צירים אחזוני כצירי יולדה נעויתי משמע נבהלתי מראות,129.1619209267,13070.6461314243,0.38461538461538464,73.00456400204783,7387.756509065909,-0.3787300872520013,-0.1971898607999693,0.0,0.6475558457648807,0.5781605176231048,0.7266815425440653,0.6008320478370451,False,1.0,1.0,False,31.56,21,7,False
Isa.21.4,תעה לבבי פלצות בעתתני את נשף חשקי שם לי לחרדה,139.8850719466,31713.7282314579,0.3,87.42816996662499,19821.080144661184,-0.3331624253447291,-0.09903899678898785,0.0,0.630494160172939,0.5394463463325947,0.7266815425440653,0.6008320478370451,False,1.0,1.0,False,31.56,21,7,False
Isa.21.5,ערך השלחן צפה הצפית אכול שתה קומו השרים משחו מגן,763.2419995952,72032.4300045159,0.2,545.1728568537143,51451.735717511365,1.1129638195864568,0.15065901355001288,1.1231146878535327,0.13286198431596447,0.4401223532730259,0.7266815425440653,0.6008320478370451,False,0.5322226825293006,1.0,False,89.85,21,7,False
Isa.21.6,כי כה אמר אלי אדני לך העמד המצפה אשר יראה יגיד,135.492008225,1477.9921416253,0.0,135.492008225,1477.9921416253,-0.18131712832938948,-0.24384258985022825,0.0,0.5719406688051966,0.5963236331148363,0.7266815425440653,0.6008320478370451,False,1.0,1.0,False,31.56,21,7,False
Isa.21.7,וראה רכב צמד פרשים רכב חמור רכב גמל והקשיב קשב רב קשב,534.6495270292,160.8334820773,0.25,356.4330180194667,107.22232138486667,0.5166889916721494,-0.2546636901577596,0.5166889916721494,0.3026866409340526,0.6005085685965603,0.7266815425440653,0.6008320478370451,False,0.8750416821138327,1.0,False,83.04,21,7,False
Isa.21.8,ויקרא אריה על מצפה אדני אנכי עמד תמיד יומם ועל משמרתי אנכי נצב כל הלילות,213.4560543099,718.5819832943,0.06666666666666667,188.34357733226472,634.0429264361471,-0.014346230880911639,-0.2505048747774105,0.0,0.5057231217453684,0.5989015323344096,0.7266815425440653,0.6008320478370451,False,1.0,1.0,False,31.56,21,7,False
Isa.21.9,והנה זה בא רכב איש צמד פרשים ויען ויאמר נפלה נפלה בבל וכל פסילי אלהיה שבר לארץ,237.3476191681,2412.5426836141,0.0,237.3476191681,2412.5426836141,0.14046939677483344,-0.2364650819652467,0.14046939677483344,0.4441445652807439,0.5934641002030268,0.7266815425440653,0.6008320478370451,False,0.9901826818897872,1.0,False,71.73,21,7,False
Isa.21.10,מדשתי ובן גרני אשר שמעתי מאת יהוה צבאות אלהי ישראל הגדתי לכם,118.5965917586,926.5839458253,0.16666666666666666,88.94744381895,694.937959368975,-0.32836267156489585,-0.2500241585770196,0.0,0.6286812682804681,0.5987156670061945,0.7266815425440653,0.6008320478370451,False,1.0,1.0,False,31.56,21,7,False
Isa.21.11,משא דומה אלי קרא משעיר שמר מה מלילה שמר מה מליל,420.1341536766,1107.1727435585,0.18181818181818182,308.09837936284,811.9266786095667,0.3639881706621725,-0.24910062885885725,0.3639881706621725,0.3579334214147585,0.5983585284859756,0.7266815425440653,0.6008320478370451,False,0.9359027624326555,1.0,False,79.63,21,7,False
Isa.21.12,אמר שמר אתה בקר וגם לילה אם תבעיון בעיו שבו אתיו,316.0207501893,12443.1787692626,0.18181818181818182,231.74855013881995,9124.997764125907,0.12278058267742256,-0.18347576992795953,0.12278058267742256,0.4511404253430047,0.5727876355741532,0.7266815425440653,0.6008320478370451,False,0.9924908002420295,1.0,False,70.72,21,7,False
Isa.21.13,משא בערב ביער בערב תלינו ארחות דדנים,999.7702868042,262163.7597319677,0.14285714285714285,777.5991119588224,203905.14645819712,1.8472546090751336,1.3541533023000167,2.2904324388375583,0.03235512407773014,0.08784373687146235,0.7266815425440653,0.6008320478370451,False,0.07258185072341701,1.0,False,95.74,21,7,False
Isa.21.14,לקראת צמא התיו מים ישבי ארץ תימא בלחמו קדמו נדד,454.2111697582,69290.2991288025,0.2,324.4365498272858,49493.0708062875,0.4156044051693851,0.1351969650279074,0.43704146364956686,0.33884975133883977,0.44622807331046377,0.7266815425440653,0.6008320478370451,False,0.9089159798594227,1.0,False,81.02,21,7,False
Isa.21.15,כי מפני חרבות נדדו מפני חרב נטושה ומפני קשת דרוכה ומפני כבד מלחמה,111.2348990179,162.4749752497,0.15384615384615385,85.06198160192353,124.24556930859413,-0.3406377870314277,-0.2545293056165896,0.0,0.6333118605022687,0.6004566666041864,0.7266815425440653,0.6008320478370451,False,1.0,1.0,False,31.56,21,7,False
Isa.21.16,כי כה אמר אדני אלי בעוד שנה כשני שכיר וכלה כל כבוד קדר,506.1079047279,653.7855796385,0.07692307692307693,438.62685076418006,566.6141690200334,0.7763592010894219,-0.251037169358775,0.7763592010894219,0.21876846352951096,0.5991073139449514,0.7266815425440653,0.6008320478370451,False,0.7398063586273249,1.0,False,86.21,21,7,False
Isa.21.17,ושאר מספר קשת גבורי בני קדר ימעטו כי יהוה אלהי ישראל דבר,247.096624707,6248.6081460712,0.08333333333333333,211.79710689171426,5355.9498394896,0.05974914499956365,-0.2132293033470338,0.05974914499956365,0.4761777147865892,0.5844259434833624,0.7266815425440653,0.6008320478370451,False,0.9982166119655561,1.0,False,67.62,21,7,False
Isa.22.1,משא גיא חזיון מה לך אפוא כי עלית כלך לגגות,103.2118917651,356.8459147087,0.1,86.00990980425001,297.37159559058335,-0.33764305243162906,-0.25316261803084084,0.0,0.6321839028194293,0.5999287238918963,0.7266815425440653,0.6008320478370451,False,1.0,1.0,False,31.56,22,7,False
Isa.22.2,תשאות מלאה עיר הומיה קריה עליזה חלליך לא חללי חרב ולא מתי מלחמה,447.3296536769,3832.8836919311,0.15384615384615385,342.07561751762944,2931.028705594371,0.47133048884409473,-0.23237206126326096,0.47133048884409473,0.3187023731864139,0.5918754765264483,0.7266815425440653,0.6008320478370451,False,0.8948705438994029,1.0,False,82.11,22,7,False
Isa.22.3,כל קציניך נדדו יחד מקשת אסרו כל נמצאיך אסרו יחדו מרחוק ברחו,428.5656255731,15091.6370030466,0.25,285.71041704873335,10061.091335364401,0.29325917958827724,-0.17608608109615387,0.29325917958827724,0.3846620262992277,0.5698868421275323,0.7266815425440653,0.6008320478370451,False,0.9579109367773426,1.0,False,77.15,22,7,False
Isa.22.4,על כן אמרתי שעו מני אמרר בבכי אל תאיצו לנחמני על שד בת עמי,250.7738135442,5073.3124996594,0.2857142857142857,159.58333589176365,3228.471590692345,-0.10520679387402228,-0.2300239943246103,0.0,0.5418941400444918,0.5909634375972775,0.7266815425440653,0.6008320478370451,False,1.0,1.0,False,31.56,22,7,False
Isa.22.5,כי יום מהומה ומבוסה ומבוכה לאדני יהוה צבאות בגיא חזיון מקרקר קר ושוע אל ההר,161.5640744326,15924.360409369,0.26666666666666666,105.36787462995653,10385.452440892826,-0.27648655671502415,-0.17352551694675558,0.0,0.6089128082137567,0.5688808137562573,0.7266815425440653,0.6008320478370451,False,1.0,1.0,False,31.56,22,7,False
Isa.22.6,ועילם נשא אשפה ברכב אדם פרשים וקיר ערה מגן,7564.027152478,1301594.499370259,0.3333333333333333,4538.4162914868,780956.6996221555,13.728586236732054,5.909500704323115,14.946447023750634,3.422814012547827e-43,1.7157310566355748e-09,4.4188528901992446e-40,3.1642982773093246e-07,True,3.0911099694312868e-49,1.3302076568452637e-46,True,99.85,22,7,False
Isa.22.7,ויהי מבחר עמקיך מלאו רכב והפרשים שת שתו השערה,1446.1407950728,131323.3415114507,0.2222222222222222,1001.1743965888616,90916.15950792741,2.553583040804613,0.46219818089184445,2.5950748553181784,0.005331042547526363,0.3219696038270275,0.2150742477767667,0.6008320478370451,False,0.03448583040005765,0.9085960621729475,False,96.28,22,7,False
Isa.22.8,ויגל את מסך יהודה ותבט ביום ההוא אל נשק בית היער,646.297286641,6142.7971682212,0.0,646.297286641,6142.7971682212,1.4324403664658905,-0.20701779084858657,1.4324403664658905,0.07600891653752627,0.5820020178160203,0.7266815425440653,0.6008320478370451,False,0.35845838673225416,1.0,False,92.33,22,7,False
Isa.22.9,ואת בקיעי עיר דוד ראיתם כי רבו ותקבצו את מי הברכה התחתונה,266.5774309728,2795.2276593071,0.25,177.7182873152,1863.4851062047335,-0.047914093477365506,-0.24079943995301942,0.0,0.5191076463395005,0.595144718147989,0.7266815425440653,0.6008320478370451,False,1.0,1.0,False,31.56,22,7,False
Isa.22.10,ואת בתי ירושלם ספרתם ותתצו הבתים לבצר החומה,319.5217028735,8193.1748964568,0.375,182.58383021342857,4681.814226546742,-0.03254266594902703,-0.21855104955184462,0.0,0.5129803542367802,0.5865001061562318,0.7266815425440653,0.6008320478370451,False,1.0,1.0,False,31.56,22,7,False
Isa.22.11,ומקוה עשיתם בין החמתים למי הברכה הישנה ולא הבטתם אל עשיה ויצרה מרחוק לא ראיתם,191.9124100208,9815.631903612,0.2,137.080292872,7011.165645437143,-0.1762993527478358,-0.20016273593192394,0.0,0.5699706147490032,0.5793233451004618,0.7266815425440653,0.6008320478370451,False,1.0,1.0,False,31.56,22,7,False
Isa.22.12,ויקרא אדני יהוה צבאות ביום ההוא לבכי ולמספד ולקרחה ולחגר שק,20.5332518257,1468.0446828799,0.36363636363636365,11.887672109615789,849.9206058778368,-0.5718131396743424,-0.24880069805211183,0.0,0.7162757127373558,0.5982425244421884,0.7266815425440653,0.6008320478370451,False,1.0,1.0,False,31.56,22,7,False
Isa.22.13,והנה ששון ושמחה הרג בקר ושחט צאן אכל בשר ושתות יין אכול ושתו כי מחר נמות,62.9771648334,69.5757709231,0.0625,55.979702074133336,61.84512970942222,-0.4325157462789074,-0.2550219057644527,0.0,0.6673166948390764,0.600646909934486,0.7266815425440653,0.6008320478370451,False,1.0,1.0,False,31.56,22,7,False
Isa.22.14,ונגלה באזני יהוה צבאות אם יכפר העון הזה לכם עד תמתון אמר אדני יהוה צבאות,13.0559305318,921.3127653458,0.0,13.0559305318,921.3127653458,-0.56812232858777,-0.24823711567134524,0.0,0.7150240464228692,0.5980245246415179,0.7266815425440653,0.6008320478370451,False,1.0,1.0,False,31.56,22,7,False
Isa.22.15,כה אמר אדני יהוה צבאות לך בא אל הסכן הזה על שבנא אשר על הבית,52.6402454285,385.5815813939,0.13333333333333333,41.55808849618421,304.4065116267632,-0.47807711375464296,-0.2531070831547745,0.0,0.6837023397005944,0.5999072672538963,0.7266815425440653,0.6008320478370451,False,1.0,1.0,False,31.56,22,7,False
Isa.22.16,מה לך פה ומי לך פה כי חצבת לך פה קבר חצבי מרום קברו חקקי בסלע משכן לו,177.9091423165,283.7199691598,0.1111111111111111,145.56202553168183,232.1345202216545,-0.1495035066069031,-0.25367761108504544,0.0,0.5594218287034946,0.6001276839303591,0.7266815425440653,0.6008320478370451,False,1.0,1.0,False,31.56,22,7,False
Isa.22.17,הנה יהוה מטלטלך טלטלה גבר ועטך עטה,177.6816790607,10315.9300650431,0.42857142857142855,95.67475026345384,5554.731573484746,-0.3071094824274075,-0.21166008505005582,0.0,0.6206199798383638,0.5838138849815672,0.7266815425440653,0.6008320478370451,False,1.0,1.0,False,31.56,22,7,False
Isa.22.18,צנוף יצנפך צנפה כדור אל ארץ רחבת ידים שמה תמות ושמה מרכבות כבודך קלון בית אדניך,137.8757583393,11943.0378491115,0.25,91.91717222620001,7962.025232741001,-0.3189805808207137,-0.19265648154795442,0.0,0.6251293807724103,0.5763859962194422,0.7266815425440653,0.6008320478370451,False,1.0,1.0,False,31.56,22,7,False
Isa.22.19,והדפתיך ממצבך וממעמדך יהרסך,321.2054335333,1886074.618163095,1.0,107.06847784443333,628691.5393876984,-0.2711139395965302,4.707492498488539,4.707492498488539,0.6068482996483674,1.2539125332979091e-06,0.7266815425440653,0.00016188010804876006,False,1.5413869890135683e-05,0.0008651872186158767,True,98.3,22,7,False
Isa.22.20,והיה ביום ההוא וקראתי לעבדי לאליקים בן חלקיהו,139.2516370226,9116.0603698478,0.125,111.40130961807999,7292.848295878241,-0.2574254754324715,-0.1979390830834977,0.0,0.6015748305867045,0.578453637393232,0.7266815425440653,0.6008320478370451,False,1.0,1.0,False,31.56,22,7,False
Isa.22.21,והלבשתיו כתנתך ואבנטך אחזקנו וממשלתך אתן בידו והיה לאב ליושב ירושלם ולבית יהודה,79.5551157875,97219.3289486244,0.38461538461538464,44.96593501032609,54950.055492700754,-0.46731090188157437,0.17827537089621184,0.17827537089621184,0.6798612711220225,0.429253360071431,0.7266815425440653,0.6008320478370451,False,0.9842345426957951,1.0,False,73.28,22,7,False
Isa.22.22,ונתתי מפתח בית דוד על שכמו ופתח ואין סגר וסגר ואין פתח,182.5224063603,130.1041643139,0.0,182.5224063603,130.1041643139,-0.03273671876628216,-0.25448305682756794,0.0,0.5130577288835925,0.6004388039879796,0.7266815425440653,0.6008320478370451,False,1.0,1.0,False,31.56,22,7,False
Isa.22.23,ותקעתיו יתד במקום נאמן והיה לכסא כבוד לבית אביו,392.8827491064,1444.0547578326,0.1111111111111111,321.44952199614545,1181.4993473175816,0.4061676613584899,-0.24618315660351534,0.4061676613584899,0.342309706749622,0.5972297732598256,0.7266815425440653,0.6008320478370451,False,0.9208242514360915,1.0,False,80.48,22,8,True
Isa.22.24,ותלו עליו כל כבוד בית אביו הצאצאים והצפעות כל כלי הקטן מכלי האגנות ועד כל כלי הנ,338.1840515949,2225.6057642783,0.35294117647058826,198.24582334873446,1304.66544802521,0.0169373607333684,-0.2452108615394097,0.0169373607333684,0.49324329374069714,0.5968534166057263,0.7266815425440653,0.6008320478370451,False,0.999856573192302,1.0,False,63.98,22,8,False
Isa.22.25,ביום ההוא נאם יהוה צבאות תמוש היתד התקועה במקום נאמן ונגדעה ונפלה ונכרת המשא אשר,66.3748501575,3091.4155371021,0.2,47.41060725535715,2208.153955072929,-0.4595875906229856,-0.23807856287255533,0.0,0.6770938659922817,0.5940899194483438,0.7266815425440653,0.6008320478370451,False,1.0,1.0,False,31.56,22,8,False
Isa.23.1,משא צר הילילו אניות תרשיש כי שדד מבית מבוא מארץ כתים נגלה למו,764.7998038192,10569.8565836913,0.07692307692307693,662.8264966433067,9160.542372532462,1.484660141106794,-0.18319517447912495,1.484660141106794,0.06881693768028287,0.5726775597472195,0.7266815425440653,0.6008320478370451,False,0.33217017459829595,1.0,False,92.64,23,8,False
Isa.23.2,דמו ישבי אי סחר צידון עבר ים מלאוך,983.7677539655,48358.3998549796,0.25,655.8451693103333,32238.93323665307,1.462604438506889,-0.001010259995627039,1.462604438506889,0.07178782402170725,0.5004030353578958,0.7266815425440653,0.6008320478370451,False,0.34314373340301074,1.0,False,92.49,23,8,False
Isa.23.3,ובמים רבים זרע שחר קציר יאור תבואתה ותהי סחר גוים,278.7876131443,8367.333313559,0.1,232.32301095358335,6972.777761299167,0.12459544341685223,-0.2004657767041362,0.12459544341685223,0.45042191795677233,0.579441839526367,0.7266815425440653,0.6008320478370451,False,0.9922680343660226,1.0,False,70.95,23,8,False
Isa.23.4,בושי צידון כי אמר ים מעוז הים לאמר לא חלתי ולא ילדתי ולא גדלתי בחורים רוממתי בתו,209.1046719858,8435.0802689294,0.17647058823529413,154.55562711993912,6234.624546599991,-0.12109054264290672,-0.2062928892219661,0.0,0.5481903400340868,0.5817189336699796,0.7266815425440653,0.6008320478370451,False,1.0,1.0,False,31.56,23,8,False
Isa.23.5,כאשר שמע למצרים יחילו כשמע צר,1339.5703893839,58883.7821086219,0.0,1339.5703893839,58883.7821086219,3.622657877452929,0.20932890713895028,3.628700688736362,0.000145795689527468,0.41709574349079537,0.009906433430524273,0.6008320478370451,False,0.001382676252817898,0.057581775560900196,False,97.68,23,8,False
Isa.23.6,עברו תרשישה הילילו ישבי אי,223.5574539312,1088168.9829031676,0.0,223.5574539312,1088168.9829031676,0.09690292742564817,8.33468900654767,8.335252306511798,0.4614017420005593,3.8851078178287076e-17,0.7266815425440653,1.0031348385633722e-14,False,8.191900983914528e-16,1.5108205957476654e-13,True,99.54,23,8,False
Isa.23.7,הזאת לכם עליזה מימי קדם קדמתה יבלוה רגליה מרחוק לגור,928.5585363967,27066.5036290768,0.2,663.2560974262143,19333.216877912,1.4860173539479316,-0.10289027602486046,1.4860173539479316,0.06863726541259328,0.5409749723259252,0.7266815425440653,0.6008320478370451,False,0.3315012203329792,1.0,False,92.72,23,8,False
Isa.23.8,מי יעץ זאת על צר המעטירה אשר סחריה שרים כנעניה נכבדי ארץ,316.3548566857,14172.6313235474,0.3333333333333333,189.81291401142002,8503.578794128442,-0.009704240716445458,-0.18838136159481275,0.0,0.5038713711582413,0.5747111452893091,0.7266815425440653,0.6008320478370451,False,1.0,1.0,False,31.56,23,8,False
Isa.23.9,יהוה צבאות יעצה לחלל גאון כל צבי להקל כל נכבדי ארץ,731.2672694341,12377.3137776417,0.36363636363636365,423.365261251321,7165.813239687301,0.7281441463522468,-0.19894192036902672,0.7281441463522468,0.2332626761057952,0.5788459114253919,0.7266815425440653,0.6008320478370451,False,0.7671315737826192,1.0,False,85.82,23,8,False
Isa.23.10,עברי ארצך כיאר בת תרשיש אין מזח עוד,864.0565037463,32208.3462386298,0.125,691.24520299704,25766.67699090384,1.5744417121057026,-0.05210339978988796,1.5744417121057026,0.05769268346811418,0.5207768479963732,0.7266815425440653,0.6008320478370451,False,0.28954824327686285,1.0,False,93.26,23,8,False
Isa.23.11,ידו נטה על הים הרגיז ממלכות יהוה צוה אל כנען לשמד מעזניה,516.7045972331,22780.1270944724,0.25,344.4697314887333,15186.751396314932,0.4788940742797106,-0.13562321063981128,0.4788940742797106,0.31600699338420934,0.5539404222239274,0.7266815425440653,0.6008320478370451,False,0.8916605508619166,1.0,False,82.49,23,8,False
Isa.23.12,ויאמר לא תוסיפי עוד לעלוז המעשקה בתולת בת צידון כתיים כתים קומי עברי גם שם לא ינ,175.9239104742,21180.9204120808,0.23529411764705882,119.62825912245599,14403.025880214942,-0.2314345509393678,-0.1418100789951433,0.0,0.5915113870578129,0.5563849886772977,0.7266815425440653,0.6008320478370451,False,1.0,1.0,False,31.56,23,8,False
Isa.23.13,הן ארץ כשדים זה העם לא היה אשור יסדה לציים הקימו בחיניו בחוניו עררו ארמנותיה שמה,613.4561998074,61955.0008983743,0.25,408.97079987160004,41303.33393224954,0.6826685592418332,0.07054572825738357,0.6863039134033005,0.24740815059989657,0.47187965264959925,0.7266815425440653,0.6008320478370451,False,0.7901705025651337,1.0,False,85.05,23,8,False
Isa.23.14,הילילו אניות תרשיש כי שדד מעזכן,276.3068258709,32302.2546641864,0.16666666666666666,207.23011940317502,24226.690998139802,0.045320926264000125,-0.06426032260350076,0.045320926264000125,0.4819257539138474,0.5256185269491398,0.7266815425440653,0.6008320478370451,False,0.9989735339982966,1.0,False,66.92,23,8,False
Isa.23.15,והיה ביום ההוא ונשכחת צר שבעים שנה כימי מלך אחד מקץ שבעים שנה יהיה לצר כשירת הזו,119.0037796491,1018.1323773634,0.23529411764705882,80.922570161388,692.3300166071119,-0.3537151895534223,-0.250044746140158,0.0,0.6382238310029886,0.5987236274918932,0.7266815425440653,0.6008320478370451,False,1.0,1.0,False,31.56,23,8,False
Isa.23.16,קחי כנור סבי עיר זונה נשכחה היטיבי נגן הרבי שיר למען תזכרי,346.6506925207,16022.2961830791,0.5,173.32534626035,8011.14809153955,-0.06179245740782726,-0.19226869698004023,0.0,0.5246359449364105,0.5762341314447473,0.7266815425440653,0.6008320478370451,False,1.0,1.0,False,31.56,23,8,False
Isa.23.17,והיה מקץ שבעים שנה יפקד יהוה את צר ושבה לאתננה וזנתה את כל ממלכות הארץ על פני הא,66.4284235578,644.5988773755,0.16666666666666666,49.821317668350005,483.449158031625,-0.45197157301092805,-0.251693688719425,0.0,0.674355269258031,0.5993610821684522,0.7266815425440653,0.6008320478370451,False,1.0,1.0,False,31.56,23,8,False
Isa.23.18,והיה סחרה ואתננה קדש ליהוה לא יאצר ולא יחסן כי לישבים לפני יהוה יהיה סחרה לאכל ל,74.3494931253,8529.4698590367,0.4117647058823529,40.77230268161613,4677.4512130201265,-0.4805596013113403,-0.21858549195516977,0.0,0.6845852332242517,0.586513522368982,0.7266815425440653,0.6008320478370451,False,1.0,1.0,False,31.56,23,8,False
Isa.24.1,הנה יהוה בוקק הארץ ובולקה ועוה פניה והפיץ ישביה,853.5636937737,336938.1749044367,0.3333333333333333,512.1382162642201,202162.90494266202,1.008599395231881,1.3403997384841428,1.677481504813235,0.1565833987456397,0.09005771035483345,0.7266815425440653,0.6008320478370451,False,0.2448836450291327,1.0,False,93.65,24,8,False
Isa.24.2,והיה כעם ככהן כעבד כאדניו כשפחה כגברתה כקונה כמוכר כמלוה כלוה כנשה כאשר נשא בו,204.0363858284,182481.8744015132,0.6666666666666666,87.44416535502859,78206.51760064853,-0.33311189204170905,0.3618660113906622,0.3618660113906622,0.630475088505223,0.3587260800376429,0.7266815425440653,0.6008320478370451,False,0.9366238621865514,1.0,False,79.47,24,8,False
Isa.24.3,הבוק תבוק הארץ והבוז תבוז כי יהוה דבר את הדבר הזה,105.5257100477,9954.0442835304,0.36363636363636365,61.09383213287895,5762.867743096547,-0.41635897174977393,-0.21001702117766943,0.0,0.6614263269783253,0.5831728058469028,0.7266815425440653,0.6008320478370451,False,1.0,1.0,False,31.56,24,8,False
Isa.24.4,אבלה נבלה הארץ אמללה נבלה תבל אמללו מרום עם הארץ,981.9296747351,6780.0615682351,0.0,981.9296747351,6780.0615682351,2.492784307042379,-0.20198711254421622,2.492784307042379,0.006337290728965811,0.5800366003831013,0.2406306567969077,0.6008320478370451,False,0.04473554958466991,1.0,False,96.05,24,8,False
Isa.24.5,והארץ חנפה תחת ישביה כי עברו תורת חלפו חק הפרו ברית עולם,431.3829012001,5478.3627024976,0.16666666666666666,323.537175900075,4108.772026873201,0.412763065275325,-0.22307474640565203,0.412763065275325,0.3398901072110645,0.5882613337023554,0.7266815425440653,0.6008320478370451,False,0.9183408380165898,1.0,False,80.71,24,8,False
Isa.24.6,על כן אלה אכלה ארץ ויאשמו ישבי בה על כן חרו ישבי ארץ ונשאר אנוש מזער,98.2710008682,9838.4540406977,0.125,78.61680069456,7870.76323255816,-0.36099967331972643,-0.19337691997872702,0.0,0.6409501543600303,0.5766681052645298,0.7266815425440653,0.6008320478370451,False,1.0,1.0,False,31.56,24,8,False
Isa.24.7,אבל תירוש אמללה גפן נאנחו כל שמחי לב,1102.4665759052,353441.1960142446,0.25,734.9777172701333,235627.46400949638,1.7126033084253292,1.60457490856923,2.346842715061948,0.043392772116087254,0.05429369349931486,0.7266815425440653,0.6008320478370451,False,0.06368314413919832,1.0,False,95.89,24,8,False
Isa.24.8,שבת משוש תפים חדל שאון עליזים שבת משוש כנור,294.2630194539,1329.6113435479,0.2222222222222222,203.72055192962307,920.5001609177771,0.03423335326260728,-0.248243530514958,0.03423335326260728,0.486345535031435,0.5980270061445978,0.7266815425440653,0.6008320478370451,False,0.9994142104039581,1.0,False,65.92,24,8,False
Isa.24.9,בשיר לא ישתו יין ימר שכר לשתיו,606.6773683276,12764.4290329985,0.2857142857142857,386.0674162084727,8122.8184755445,0.6103112273889645,-0.191387151144368,0.6103112273889645,0.2708278304890426,0.5758888570468156,0.7266815425440653,0.6008320478370451,False,0.8300744386117911,1.0,False,84.2,24,8,False
Isa.24.10,נשברה קרית תהו סגר כל בית מבוא,1002.8795619871,68133.2358294308,0.0,1002.8795619871,68133.2358294308,2.558970070965707,0.2823457368246127,2.5744993570015255,0.005249138962309878,0.38883920930877625,0.2150742477767667,0.6008320478370451,False,0.03636954721023389,0.9206487342825872,False,96.13,24,8,False
Isa.24.11,צוחה על היין בחוצות ערבה כל שמחה גלה משוש הארץ,568.6768027315,3913.2015711985,0.1,473.8973356095833,3261.0013093320836,0.8877871985463682,-0.22976719895081466,0.8877871985463682,0.18732761511647333,0.590863662858945,0.7266815425440653,0.6008320478370451,False,0.6742980501228988,1.0,False,87.76,24,8,False
Isa.24.12,נשאר בעיר שמה ושאיה יכת שער,1670.6061935264,119908.2073220027,0.3333333333333333,1002.36371611584,71944.92439320163,2.557340389018241,0.3124358830188142,2.576355186363424,0.005273797498602812,0.3773546417774027,0.2150742477767667,0.6008320478370451,False,0.03619613176607309,0.9206487342825872,False,96.2,24,8,False
Isa.24.13,כי כה יהיה בקרב הארץ בתוך העמים כנקף זית כעוללת אם כלה בציר,1509.194956074,15634.4147442773,0.15384615384615385,1154.0902605271765,11955.728922094406,3.0366812622419066,-0.1611294756400837,3.0366812622419066,0.0011959912136004296,0.5640042873219624,0.059385563721467485,0.6008320478370451,False,0.009944689944105141,0.3056808266152318,False,96.82,24,8,False
Isa.24.14,המה ישאו קולם ירנו בגאון יהוה צהלו מים,226.9981838075,17858.8765958063,0.125,181.598547046,14287.10127664504,-0.03565541392387978,-0.14272520839529357,0.0,0.5142214387695254,0.5567463964436625,0.7266815425440653,0.6008320478370451,False,1.0,1.0,False,31.56,24,8,False
Isa.24.15,על כן בארים כבדו יהוה באיי הים שם יהוה אלהי ישראל,171.188131819,175.7564868032,0.18181818181818182,125.53796333393332,128.88809032234667,-0.21276436512439667,-0.25449265673154137,0.0,0.5842446200838263,0.6004425117650617,0.7266815425440653,0.6008320478370451,False,1.0,1.0,False,31.56,24,9,True
Isa.24.16,מכנף הארץ זמרת שמענו צבי לצדיק ואמר רזי לי רזי לי אוי לי בגדים בגדו ובגד בוגדים ,68.892037648,165.2200255368,0.29411764705882354,43.376468148740734,104.02742348613332,-0.4723324123651116,-0.25468891124894794,0.0,0.6816552307059016,0.6005183092875056,0.7266815425440653,0.6008320478370451,False,1.0,1.0,False,31.56,24,9,False
Isa.24.17,פחד ופחת ופח עליך יושב הארץ,1035.8428816883,28153.3360728987,0.16666666666666666,776.882161266225,21115.002054674027,1.8449895883275687,-0.08882454752725434,1.8449895883275687,0.03251952659228715,0.5353893256544628,0.7266815425440653,0.6008320478370451,False,0.18231974539506413,1.0,False,94.42,24,9,False
Isa.24.18,והיה הנס מקול הפחד יפל אל הפחת והעולה מתוך הפחת ילכד בפח כי ארבות ממרום נפתחו וי,99.8769151687,6162.607556486,0.47058823529411764,51.45174417781515,3174.6766200079396,-0.4468206610870705,-0.2304486613731703,0.0,0.6724977238907568,0.5911284239109614,0.7266815425440653,0.6008320478370451,False,1.0,1.0,False,31.56,24,9,False
Isa.24.19,רעה התרעעה הארץ פור התפוררה ארץ מוט התמוטטה ארץ,251.6625358181,10094.191989434,0.4444444444444444,133.23310719781765,5343.983994406236,-0.18845354335219497,-0.21332376385236412,0.0,0.5747394350024276,0.5844627803752765,0.7266815425440653,0.6008320478370451,False,1.0,1.0,False,31.56,24,9,False
Isa.24.20,נוע תנוע ארץ כשכור והתנודדה כמלונה וכבד עליה פשעה ונפלה ולא תסיף קום,122.3052519812,36377.5978501229,0.38461538461538464,69.12905546763479,20561.250958765115,-0.3909737566262609,-0.09319595698328154,0.0,0.6520916829076503,0.537126056864082,0.7266815425440653,0.6008320478370451,False,1.0,1.0,False,31.56,24,9,False
Isa.24.21,והיה ביום ההוא יפקד יהוה על צבא המרום במרום ועל מלכי האדמה על האדמה,18.0700845549,350.5442739944,0.07142857142857142,15.8113239855375,306.72623974510003,-0.5594173738330591,-0.2530887708091975,0.0,0.7120615465427622,0.5999001919694967,0.7266815425440653,0.6008320478370451,False,1.0,1.0,False,31.56,24,9,False
Isa.24.22,ואספו אספה אסיר על בור וסגרו על מסגר ומרב ימים יפקדו,219.7928283488,7993.9447209547,0.36363636363636365,127.24847957035789,4628.073259500089,-0.20736043037051355,-0.21897529028610124,0.0,0.5821358085291087,0.5866653519229531,0.7266815425440653,0.6008320478370451,False,1.0,1.0,False,31.56,24,9,False
Isa.24.23,וחפרה הלבנה ובושה החמה כי מלך יהוה צבאות בהר ציון ובירושלם ונגד זקניו כבוד,75.3932438303,2399.480695313,0.21428571428571427,52.775270681209996,1679.6364867191,-0.44263932055543614,-0.24225077359305117,0.0,0.670986680504478,0.5957070726064001,0.7266815425440653,0.6008320478370451,False,1.0,1.0,False,31.56,24,9,False
Isa.25.1,יהוה אלהי אתה ארוממך אודה שמך כי עשית פלא עצות מרחוק אמונה אמן,54.1506657263,399.0876926021,0.0,54.1506657263,399.0876926021,-0.4382941147478512,-0.25235965310383424,0.0,0.6694134541836827,0.5996184583922639,0.7266815425440653,0.6008320478370451,False,1.0,1.0,False,31.56,25,9,False
Isa.25.2,כי שמת מעיר לגל קריה בצורה למפלה ארמון זרים מעיר לעולם לא יבנה,2935.2435430216,11605.4510790304,0.23076923076923078,2008.3245294358314,7940.5717909155355,5.73541405145094,-0.19282583882625695,5.73541405145094,4.863720586305815e-09,0.5764523166129606,8.970090395601154e-07,0.6008320478370451,False,7.193613173830124e-08,7.143811236472838e-06,True,99.07,25,9,False
Isa.25.3,על כן יכבדוך עם עז קרית גוים עריצים ייראוך,135.8390718739,5617.5582682277,0.2222222222222222,94.04243437423845,3889.0788010807155,-0.3122663633591458,-0.22480904373120056,0.0,0.6225809495198392,0.5889360848631537,0.7266815425440653,0.6008320478370451,False,1.0,1.0,False,31.56,25,9,False
Isa.25.4,כי היית מעוז לדל מעוז לאביון בצר לו מחסה מזרם צל מחרב כי רוח עריצים כזרם קיר,253.3234207113,5430.6044838778,0.058823529411764705,226.65779747853156,4858.961906627505,0.10669766300759312,-0.21715261431706237,0.10669766300759312,0.4575144183369599,0.5859552941023517,0.7266815425440653,0.6008320478370451,False,0.9943239742047946,1.0,False,70.02,25,9,False
Isa.25.5,כחרב בציון שאון זרים תכניע חרב בצל עב זמיר עריצים יענה,826.4916288845,46204.1564743273,0.18181818181818182,606.0938611819665,33883.04808117335,1.305428015786692,0.011968674459272643,1.3054828813772672,0.09587357191127366,0.4952253037133195,0.7266815425440653,0.6008320478370451,False,0.42650005769089205,1.0,False,91.71,25,9,False
Isa.25.6,ועשה יהוה צבאות לכל העמים בהר הזה משתה שמנים משתה שמרים שמנים ממחים שמרים מזקקים,350.6201840322,328.4956027974,0.13333333333333333,276.8054084464737,259.3386337874211,0.26512610230748684,-0.2534628569831343,0.26512610230748684,0.39545615994861877,0.6000447199788113,0.7266815425440653,0.6008320478370451,False,0.9654645205073252,1.0,False,76.37,25,9,False
Isa.25.7,ובלע בהר הזה פני הלוט הלוט על כל העמים והמסכה הנסוכה על כל הגוים,78.6017676154,601.1211296446,0.35714285714285715,45.85103110898333,350.6539922926833,-0.4645146691033004,-0.2527419973322921,0.0,0.6788604738795705,0.5997662039848888,0.7266815425440653,0.6008320478370451,False,1.0,1.0,False,31.56,25,9,False
Isa.25.8,בלע המות לנצח ומחה אדני יהוה דמעה מעל כל פנים וחרפת עמו יסיר מעל כל הארץ כי יהוה,19.3026936901,28.1778110157,0.05555555555555555,17.372424321089998,25.36002991413,-0.554485480070259,-0.2553099256192711,0.0,0.7103766799851393,0.6007581328081855,0.7266815425440653,0.6008320478370451,False,1.0,1.0,False,31.56,25,9,False
Isa.25.9,ואמר ביום ההוא הנה אלהינו זה קוינו לו ויושיענו זה יהוה קוינו לו נגילה ונשמחה ביש,9.1089427342,2212.7968841478,0.1875,6.624685624872726,1609.3068248347636,-0.588440187678031,-0.24280596842927224,0.0,0.7218815651101592,0.5959221441121528,0.7266815425440653,0.6008320478370451,False,1.0,1.0,False,31.56,25,9,False
Isa.25.10,כי תנוח יד יהוה בהר הזה ונדוש מואב תחתיו כהדוש מתבן במי במו מדמנה,1452.419853734,56732.6688189126,0.2857142857142857,924.2671796489092,36102.60743021711,2.3106145301315113,0.029490269988935416,2.310802713967353,0.010427077974427426,0.48823678949602506,0.38316480634879047,0.6008320478370451,False,0.06925883287968254,1.0,False,95.82,25,9,False
Isa.25.11,ופרש ידיו בקרבו כאשר יפרש השחה לשחות והשפיל גאותו עם ארבות ידיו,404.1743375532,28552.1961181958,0.4166666666666667,220.45872957447273,15573.925155379526,0.08711330725868341,-0.13256679225255275,0.08711330725868341,0.4652907239678391,0.5527320017436949,0.7266815425440653,0.6008320478370451,False,0.9962128253528088,1.0,False,69.02,25,9,False
Isa.25.12,ומבצר משגב חומתיך השח השפיל הגיע לארץ עד עפר,1846.0314245316,53374.6467041873,0.3333333333333333,1107.61885471896,32024.78802251238,2.88986684472211,-0.0027007603322829073,2.88986684472211,0.0019270251817642698,0.501077446175944,0.09214035220954342,0.6008320478370451,False,0.015364967630398487,0.46130635374056855,False,96.75,25,9,False
Isa.26.1,ביום ההוא יושר השיר הזה בארץ יהודה עיר עז לנו ישועה ישית חומות וחל,219.7344594995,2244.0073625129,0.2857142857142857,139.8310196815,1428.0046852354817,-0.1676091410516485,-0.24423719970501606,0.0,0.5665546102890033,0.5964764409714391,0.7266815425440653,0.6008320478370451,False,1.0,1.0,False,31.56,26,9,False
Isa.26.2,פתחו שערים ויבא גוי צדיק שמר אמנים,469.718894276,590.308878182,0.14285714285714285,365.33691777022227,459.1291274748889,0.5448185658226845,-0.25188567535806466,0.5448185658226845,0.29293915419184907,0.5994352839546444,0.7266815425440653,0.6008320478370451,False,0.8620744571603622,1.0,False,83.27,26,9,False
Isa.26.3,יצר סמוך תצר שלום שלום כי בך בטוח,2308.4010530727,17889.5240317792,0.25,1538.9340353818,11926.349354519467,4.252495883270894,-0.16136140316214173,4.252495883270894,1.0570055200993965e-05,0.5640956179627341,0.0008027024273225417,0.6008320478370451,False,0.00011835042646154048,0.005876553867763414,True,98.06,26,9,False
Isa.26.4,בטחו ביהוה עדי עד כי ביה יהוה צור עולמים,59.1288844417,108.8349465575,0.1111111111111111,48.37817817957273,89.04677445613636,-0.4565307999109929,-0.25480717115183743,0.0,0.6759958360367284,0.6005639818599882,0.7266815425440653,0.6008320478370451,False,1.0,1.0,False,31.56,26,9,False
Isa.26.5,כי השח ישבי מרום קריה נשגבה ישפילנה ישפילה עד ארץ יגיענה עד עפר,213.9160011123,18303.4511680539,0.3076923076923077,132.42419116475713,11330.707865938128,-0.19100910486686742,-0.16606350281453663,0.0,0.5757407700800663,0.565946512082151,0.7266815425440653,0.6008320478370451,False,1.0,1.0,False,31.56,26,9,False
Isa.26.6,תרמסנה רגל רגלי עני פעמי דלים,2525.7296221771,30135.9185260503,0.16666666666666666,1894.297216632825,22601.938894537725,5.375174174490707,-0.0770864041442125,5.375174174490707,3.82543436079955e-08,0.5307225956316199,6.173294699740273e-06,0.6008320478370451,False,5.321988160409354e-07,4.294179196930297e-05,True,98.84,26,9,False
Isa.26.7,ארח לצדיק מישרים ישר מעגל צדיק תפלס,542.5844835878,15491.8014253287,0.2857142857142857,345.28103501041824,9858.419088845536,0.481457178448745,-0.17768601178965912,0.481457178448745,0.31509580350129096,0.5705152142970107,0.7266815425440653,0.6008320478370451,False,0.8905638234536393,1.0,False,82.57,26,9,False
Isa.26.8,אף ארח משפטיך יהוה קוינוך לשמך ולזכרך תאות נפש,89.4655440998,77284.3876470186,0.2222222222222222,61.93768437678462,53504.576063320565,-0.4136930382901092,0.166864499671273,0.166864499671273,0.6604505369085731,0.4337383333116223,0.7266815425440653,0.6008320478370451,False,0.9861745805954163,1.0,False,72.73,26,9,False
Isa.26.9,נפשי אויתיך בלילה אף רוחי בקרבי אשחרך כי כאשר משפטיך לארץ צדק למדו ישבי תבל,102.4629086169,13809.9137651327,0.13333333333333333,80.89176996071052,10902.563498788973,-0.35381249484133676,-0.169443350455341,0.0,0.6382602955463115,0.5672760361439724,0.7266815425440653,0.6008320478370451,False,1.0,1.0,False,31.56,26,9,False
Isa.26.10,יחן רשע בל למד צדק בארץ נכחות יעול ובל יראה גאות יהוה,305.5062025432,17594.1194918909,0.25,203.67080169546668,11729.412994593933,0.03407618023282446,-0.16291605374861332,0.03407618023282446,0.4864082014359405,0.5647077346814808,0.7266815425440653,0.6008320478370451,False,0.9994195754818893,1.0,False,65.84,26,9,False
Isa.26.11,יהוה רמה ידך בל יחזיון יחזו ויבשו קנאת עם אף אש צריך תאכלם,429.2591573737,55422.8300558838,0.15384615384615385,328.2570026975353,42382.16416038173,0.42767414037649926,0.07906220559809984,0.43492068552876834,0.33444418977485707,0.46849157246902906,0.7266815425440653,0.6008320478370451,False,0.9097567696018113,1.0,False,80.95,26,9,False
Isa.26.12,יהוה תשפת שלום לנו כי גם כל מעשינו פעלת לנו,100.8880299673,1749.8629657249,0.2,72.06287854807144,1249.9021183749287,-0.3817050994989509,-0.24564317298555474,0.0,0.6486599414305466,0.5970207671228488,0.7266815425440653,0.6008320478370451,False,1.0,1.0,False,31.56,26,9,False
Isa.26.13,יהוה אלהינו בעלונו אדנים זולתך לבד בך נזכיר שמך,108.0452319136,7346.0510288481,0.2222222222222222,74.80054517095385,5085.727635356377,-0.3730561480929918,-0.21536248539778463,0.0,0.6454466723788943,0.5852576419749155,0.7266815425440653,0.6008320478370451,False,1.0,1.0,False,31.56,26,9,False
Isa.26.14,מתים בל יחיו רפאים בל יקמו לכן פקדת ותשמידם ותאבד כל זכר למו,152.5172869195,9555.5450150095,0.15384615384615385,116.63086646785294,7307.181482066088,-0.24090403973597863,-0.19782593436722523,0.0,0.5951852544598972,0.5784093727715967,0.7266815425440653,0.6008320478370451,False,1.0,1.0,False,31.56,26,9,False
Isa.26.15,יספת לגוי יהוה יספת לגוי נכבדת רחקת כל קצוי ארץ,119.3706356605,132082.7227878375,0.4,66.31701981138889,73379.2904376875,-0.3998576578067077,0.32375902321048844,0.32375902321048844,0.6553693197386516,0.37306024066799937,0.7266815425440653,0.6008320478370451,False,0.9489397668100183,1.0,False,78.08,26,9,False
Isa.26.16,יהוה בצר פקדוך צקון לחש מוסרך למו,512.6080355489,44439.300412771,0.42857142857142855,276.0197114494077,23928.854068415152,0.26264389534677335,-0.06661150020038738,0.26264389534677335,0.39641253191981984,0.526554504877026,0.7266815425440653,0.6008320478370451,False,0.9660971235161245,1.0,False,75.99,26,9,False
Isa.26.17,כמו הרה תקריב ללדת תחיל תזעק בחבליה כן היינו מפניך יהוה,87.8912666989,30060.3028427153,0.18181818181818182,64.45359557919332,22044.222084657886,-0.40574466592458336,-0.08148911965034142,0.0,0.657534890110695,0.5324735113183705,0.7266815425440653,0.6008320478370451,False,1.0,1.0,False,31.56,26,9,False
Isa.26.18,הרינו חלנו כמו ילדנו רוח ישועת בל נעשה ארץ ובל יפלו ישבי תבל,495.7495699685,18211.5216317193,0.23076923076923078,339.19707418897366,12460.514800650048,0.462236473830945,-0.1571446063024163,0.462236473830945,0.32195587490699207,0.5624345582384809,0.7266815425440653,0.6008320478370451,False,0.89867728604714,1.0,False,81.87,26,9,False
Isa.26.19,יחיו מתיך נבלתי יקומון הקיצו ורננו שכני עפר כי טל אורת טלך וארץ רפאים תפיל,70.317638509,19327.4372674602,0.4,39.06535472722222,10737.465148588999,-0.48595226299872657,-0.17074666614098144,0.0,0.6864994938898379,0.5677885163387517,0.7266815425440653,0.6008320478370451,False,1.0,1.0,False,31.56,26,9,False
Isa.26.20,לך עמי בא בחדריך וסגר דלתיך דלתך בעדך חבי כמעט רגע עד יעבור יעבר זעם,191.6223566417,5401.5491254563,0.26666666666666666,124.97110215763045,3522.7494296454133,-0.21455521676673664,-0.22770091282210378,0.0,0.5849429437145661,0.5900606186250825,0.7266815425440653,0.6008320478370451,False,1.0,1.0,False,31.56,26,9,False
Isa.26.21,כי הנה יהוה יצא ממקומו לפקד עון ישב הארץ עליו וגלתה הארץ את דמיה ולא תכסה עוד על,53.0558149126,1344.2499276743,0.1111111111111111,43.40930311030909,1099.840849915336,-0.47222867877510927,-0.2468277832784716,0.0,0.6816182142344656,0.5974792461687641,0.7266815425440653,0.6008320478370451,False,1.0,1.0,False,31.56,26,9,False
Isa.27.1,ביום ההוא יפקד יהוה בחרבו הקשה והגדולה והחזקה על לויתן נחש ברח ועל לויתן נחש עקל,34.7722626531,119.2210329484,0.25,23.1815084354,79.48068863226666,-0.5361331774933671,-0.2548826875315549,0.0,0.7040667440606829,0.6005931459477208,0.7266815425440653,0.6008320478370451,False,1.0,1.0,False,31.56,27,9,False
Isa.27.2,ביום ההוא כרם חמד ענו לה,203.640596646,476.6976893181,0.0,203.640596646,476.6976893181,0.03398075517161785,-0.2517469860120072,0.03398075517161785,0.4864462484930331,0.5993816816402918,0.7266815425440653,0.6008320478370451,False,0.9994228207710353,1.0,False,65.76,27,9,False
Isa.27.3,אני יהוה נצרה לרגעים אשקנה פן יפקד עליה לילה ויום אצרנה,332.2476240809,18942.035503142,0.36363636363636365,192.3538876257842,10966.44160708221,-0.0016766901261835406,-0.16893908532848317,0.0,0.5006689022690531,0.5670777223096886,0.7266815425440653,0.6008320478370451,False,1.0,1.0,False,31.56,27,9,False
Isa.27.4,חמה אין לי מי יתנני שמיר שית במלחמה אפשעה בה אציתנה יחד,2507.9654246451,43557.914227744,0.25,1671.9769497634,29038.609485162666,4.672810647594576,-0.02627418382886277,4.672810647594576,1.4855282774720688e-06,0.5104806769394372,0.00013698692901546007,0.6008320478370451,False,1.8136579828476977e-05,0.0009755968566068241,True,98.22,27,9,False
Isa.27.5,או יחזק במעוזי יעשה שלום לי שלום יעשה לי,77.1761380606,695.6707112912,0.1111111111111111,63.14411295867272,569.1851274200726,-0.4098816384314498,-0.2510168737567545,0.0,0.6590536123215054,0.5990994683015475,0.7266815425440653,0.6008320478370451,False,1.0,1.0,False,31.56,27,9,False
Isa.27.6,הבאים ישרש יעקב יציץ ופרח ישראל ומלאו פני תבל תנובה,65.5605940742,4672.3553194077,0.2,46.82899576728572,3337.3966567197863,-0.46142504206993384,-0.22916412051641638,0.0,0.6777531557491095,0.5906293208863569,0.7266815425440653,0.6008320478370451,False,1.0,1.0,False,31.56,27,9,False
Isa.27.7,הכמכת מכהו הכהו אם כהרג הרגיו הרג,3465.7798102217,149184.3185816581,0.42857142857142855,1866.1891285809152,80330.0176978159,5.286373921880172,0.3786292981330492,5.299915979271698,6.23823679967225e-08,0.3524815812480474,8.053563708376875e-06,0.6008320478370451,False,7.952934318938138e-07,5.751978312847154e-05,True,98.76,27,9,False
Isa.27.8,בסאסאה בשלחה תריבנה הגה ברוחו הקשה ביום קדים,1140.9783559464,302237.0184535258,0.375,651.9876319693714,172706.867687729,1.4504175444819603,1.1078685511969142,1.8251256888423406,0.07347105876802593,0.13395929462162764,0.7266815425440653,0.6008320478370451,False,0.18908816522190644,1.0,False,94.19,27,9,False
Isa.27.9,לכן בזאת יכפר עון יעקב וזה כל פרי הסר חטאתו בשומו כל אבני מזבח כאבני גר מנפצות ל,151.7295973446,24975.3495584406,0.2222222222222222,105.04356739241538,17290.626617381953,-0.2775111217641977,-0.11901484615327579,0.0,0.6093061664373796,0.5473682030741188,0.7266815425440653,0.6008320478370451,False,1.0,1.0,False,31.56,27,9,False
Isa.27.10,כי עיר בצורה בדד נוה משלח ונעזב כמדבר שם ירעה עגל ושם ירבץ וכלה סעפיה,390.3811261444,54169.686783647,0.2,278.8436615317143,38692.63341689071,0.2715654370825631,0.04993639492331123,0.27611850744884964,0.3929780890936071,0.48008653725762135,0.7266815425440653,0.6008320478370451,False,0.9625967339376608,1.0,False,76.76,27,9,False
Isa.27.11,ביבש קצירה תשברנה נשים באות מאירות אותה כי לא עם בינות הוא על כן לא ירחמנו עשהו ,172.1108116417,12725.7177431873,0.23529411764705882,117.03535191635599,8653.488065367364,-0.2396261723144015,-0.1871979511949392,0.0,0.5946899633786473,0.5742472844224699,0.7266815425440653,0.6008320478370451,False,1.0,1.0,False,31.56,27,9,False
Isa.27.12,והיה ביום ההוא יחבט יהוה משבלת הנהר עד נחל מצרים ואתם תלקטו לאחד אחד בני ישראל,152.8231875515,983.0470894272,0.1875,111.14413640109092,714.9433377652364,-0.2582379478635781,-0.24986623256849533,0.0,0.6018883636526546,0.5986546012173722,0.7266815425440653,0.6008320478370451,False,1.0,1.0,False,31.56,27,9,False
Isa.27.13,והיה ביום ההוא יתקע בשופר גדול ובאו האבדים בארץ אשור והנדחים בארץ מצרים והשתחוו ,13.6920559287,428.6070382548,0.14285714285714285,10.649376833433335,333.36102975373336,-0.5757252141323546,-0.2528785110485158,0.0,0.7175995351116013,0.5998189522059847,0.7266815425440653,0.6008320478370451,False,1.0,1.0,False,31.56,27,9,False
Isa.28.1,הוי עטרת גאות שכרי אפרים וציץ נבל צבי תפארתו אשר על ראש גיא שמנים הלומי יין,225.0265242455,1263.2083088054,0.125,180.0212193964,1010.56664704432,-0.040638573698937586,-0.24753252968438003,0.0,0.5162079839104959,0.5977519402165531,0.7266815425440653,0.6008320478370451,False,1.0,1.0,False,31.56,28,9,False
Isa.28.2,הנה חזק ואמץ לאדני כזרם ברד שער קטב כזרם מים כבירים שטפים הניח לארץ ביד,594.0340640366,39069.5934793048,0.13333333333333333,468.97426108152627,30844.41590471432,0.8722340146761388,-0.012018827376292979,0.8722340146761388,0.1915403633735147,0.5047947029667305,0.7266815425440653,0.6008320478370451,False,0.6835905934290796,1.0,False,87.68,28,9,False
Isa.28.3,ברגלים תרמסנה עטרת גאות שכורי אפרים,374.2742234951,303837.6593727136,0.5,187.13711174755,151918.8296863568,-0.0181577476404553,0.943764088807915,0.943764088807915,0.5072434952138012,0.17264510774684566,0.7266815425440653,0.6008320478370451,False,0.6406030198886371,1.0,False,88.3,28,9,False
Isa.28.4,והיתה ציצת נבל צבי תפארתו אשר על ראש גיא שמנים כבכורה בטרם קיץ אשר יראה הראה אות,70.116946254,5107.244735637,0.11764705882352941,56.76133744371428,4134.436214563286,-0.4300463709823759,-0.22287214875197955,0.0,0.6664190449933427,0.5881824933543244,0.7266815425440653,0.6008320478370451,False,1.0,1.0,False,31.56,28,9,False
Isa.28.5,ביום ההוא יהיה יהוה צבאות לעטרת צבי ולצפירת תפארה לשאר עמו,43.0210249137,5826.1589391218,0.36363636363636365,24.90690916056316,3373.039385807358,-0.5306822190373551,-0.22888275048550694,0.0,0.7021804951540949,0.5905199760816067,0.7266815425440653,0.6008320478370451,False,1.0,1.0,False,31.56,28,9,False
Isa.28.6,ולרוח משפט ליושב על המשפט ולגבורה משיבי מלחמה שערה,118.2285064762,5452.7424133297,0.4444444444444444,62.59156225210588,2886.745983527488,-0.4116272798366087,-0.23272163693256787,0.0,0.6596936833056476,0.5920112166890306,0.7266815425440653,0.6008320478370451,False,1.0,1.0,False,31.56,28,9,False
Isa.28.7,וגם אלה ביין שגו ובשכר תעו כהן ונביא שגו בשכר נבלעו מן היין תעו מן השכר שגו בראה,608.9528117379,1506.2963617938,0.2222222222222222,421.58271581854615,1042.8205581649386,0.722512653935266,-0.2472779115841032,0.722512653935266,0.23498967418426636,0.5976534239606359,0.7266815425440653,0.6008320478370451,False,0.770271470214661,1.0,False,85.67,28,9,False
Isa.28.8,כי כל שלחנות מלאו קיא צאה בלי מקום,74.7699042834,4426.4267768702,0.375,42.72565959051428,2529.3867296401145,-0.47438847410310236,-0.23554269432312344,0.0,0.6823885446642114,0.5931062272344511,0.7266815425440653,0.6008320478370451,False,1.0,1.0,False,31.56,28,9,False
Isa.28.9,את מי יורה דעה ואת מי יבין שמועה גמולי מחלב עתיקי משדים,124.2658793101,1902.2640272432,0.25,82.84391954006666,1268.1760181621332,-0.34764518187930854,-0.24549891557655196,0.0,0.6359466649892606,0.5969649261341963,0.7266815425440653,0.6008320478370451,False,1.0,1.0,False,31.56,28,9,False
Isa.28.10,כי צו לצו צו לצו קו לקו קו לקו זעיר שם זעיר שם,53.9974542045,5.9620095042,0.0,53.9974542045,5.9620095042,-0.4387781470240258,-0.2554630570360298,0.0,0.6695888519036257,0.6008172633055806,0.7266815425440653,0.6008320478370451,False,1.0,1.0,False,31.56,28,9,False
Isa.28.11,כי בלעגי שפה ובלשון אחרת ידבר אל העם הזה,58.4749111829,291.2497123616,0.2222222222222222,40.48263081893077,201.6344162503385,-0.48147474482921737,-0.25391838432034025,0.0,0.6849104375185527,0.6002206942369774,0.7266815425440653,0.6008320478370451,False,1.0,1.0,False,31.56,28,9,False
Isa.28.12,אשר אמר אליהם זאת המנוחה הניחו לעיף וזאת המרגעה ולא אבוא שמוע,430.0561276219,11053.6108079154,0.16666666666666666,322.542095716425,8290.20810593655,0.40961936615524736,-0.19006574768613074,0.40961936615524736,0.34104259417759786,0.5753711949098952,0.7266815425440653,0.6008320478370451,False,0.9195287094202034,1.0,False,80.56,28,9,False
Isa.28.13,והיה להם דבר יהוה צו לצו צו לצו קו לקו קו לקו זעיר שם זעיר שם למען ילכו וכשלו אח,35.6188086354,316.9739570155,0.0,35.6188086354,316.9739570155,-0.49684073620339436,-0.25300787350983417,0.0,0.690349316936413,0.5998689355374354,0.7266815425440653,0.6008320478370451,False,1.0,1.0,False,31.56,28,9,False
Isa.28.14,לכן שמעו דבר יהוה אנשי לצון משלי העם הזה אשר בירושלם,88.1448929923,1191.9903541273,0.18181818181818182,64.63958819435332,874.1262596933532,-0.40515707024111314,-0.24860961432377213,0.0,0.6573189706761696,0.5981686145972901,0.7266815425440653,0.6008320478370451,False,1.0,1.0,False,31.56,28,9,False
Isa.28.15,כי אמרתם כרתנו ברית את מות ועם שאול עשינו חזה שיט שוט שוטף כי עבר יעבר לא יבואנו,124.6578728384,6263.5978451299,0.16666666666666666,93.49340462880001,4697.698383847425,-0.31400088119599023,-0.2184256571942706,0.0,0.6232398152533397,0.5864512617155653,0.7266815425440653,0.6008320478370451,False,1.0,1.0,False,31.56,28,9,False
Isa.28.16,לכן כה אמר אדני יהוה הנני יסד בציון אבן אבן בחן פנת יקרת מוסד מוסד המאמין לא יחי,91.7480567258,996.8046002731,0.2222222222222222,63.51788542555384,690.0954924967616,-0.40870080075168275,-0.25006238587017,0.0,0.6586203769641008,0.5987304481217289,0.7266815425440653,0.6008320478370451,False,1.0,1.0,False,31.56,28,9,False
Isa.28.17,ושמתי משפט לקו וצדקה למשקלת ויעה ברד מחסה כזב וסתר מים ישטפו,537.4197269753,87066.0038850492,0.25,358.27981798353335,58044.0025900328,0.5225234797037571,0.20269953853695621,0.5604622108267583,0.30065295143177545,0.41968494194196143,0.7266815425440653,0.6008320478370451,False,0.8546536798722488,1.0,False,83.5,28,9,False
Isa.28.18,וכפר בריתכם את מות וחזותכם את שאול לא תקום שוט שוטף כי יעבר והייתם לו למרמס,118.0616956842,10851.6557892776,0.125,94.44935654736,8681.32463142208,-0.31098079773478576,-0.1869782044008039,0.0,0.6220923902219925,0.5741611390335062,0.7266815425440653,0.6008320478370451,False,1.0,1.0,False,31.56,28,9,False
Isa.28.19,מדי עברו יקח אתכם כי בבקר בבקר יעבר ביום ובלילה והיה רק זועה הבין שמועה,120.4847247983,5068.0706389313,0.06666666666666667,106.31005129261764,4471.827034351147,-0.2735099926209618,-0.22020872572511116,0.0,0.6077693939590016,0.5871456993634342,0.7266815425440653,0.6008320478370451,False,1.0,1.0,False,31.56,28,9,False
Isa.28.20,כי קצר המצע מהשתרע והמסכה צרה כהתכנס,123.4896492733,35057.4399470362,0.5714285714285714,57.62850299420667,16360.138641950225,-0.4273067851451371,-0.1263602834166468,0.0,0.6654220542943592,0.5502766303299972,0.7266815425440653,0.6008320478370451,False,1.0,1.0,False,31.56,28,9,False
Isa.28.21,כי כהר פרצים יקום יהוה כעמק בגבעון ירגז לעשות מעשהו זר מעשהו ולעבד עבדתו נכריה ע,169.9919779498,112336.4968315286,0.25,113.32798529986667,74890.99788768573,-0.2513386406778178,0.33569271018734653,0.33569271018734653,0.5992238485963319,0.36855130179037643,0.7266815425440653,0.6008320478370451,False,0.9452131722410602,1.0,False,78.7,28,9,False
Isa.28.22,ועתה אל תתלוצצו פן יחזקו מוסריכם כי כלה ונחרצה שמעתי מאת אדני יהוה צבאות על כל ה,35.1920380154,942.8143795684,0.23529411764705882,23.930585850472,641.113778106512,-0.5337666606544987,-0.2504490562190684,0.0,0.7032485086714533,0.598879951653494,0.7266815425440653,0.6008320478370451,False,1.0,1.0,False,31.56,28,9,False
Isa.28.23,האזינו ושמעו קולי הקשיבו ושמעו אמרתי,68.191478132,91.5355969454,0.0,68.191478132,91.5355969454,-0.39393579033316123,-0.2547875239452778,0.0,0.6531857771865902,0.6005563941047811,0.7266815425440653,0.6008320478370451,False,1.0,1.0,False,31.56,28,9,False
Isa.28.24,הכל היום יחרש החרש לזרע יפתח וישדד אדמתו,275.9957996164,83925.3394942591,0.25,183.99719974426668,55950.22632950606,-0.028077489550736613,0.18617089703774845,0.18617089703774845,0.5111998261347154,0.42615537287802635,0.7266815425440653,0.6008320478370451,False,0.9828194958821702,1.0,False,73.66,28,9,False
Isa.28.25,הלוא אם שוה פניה והפיץ קצח וכמן יזרק ושם חטה שורה ושערה נסמן וכסמת גבלתו,695.2801523834,185085.6444509992,0.4,386.2667513241111,102825.35802833289,0.6109409752604722,0.5562115081979615,0.8262082770730803,0.27061932843891234,0.28903313647445483,0.7266815425440653,0.6008320478370451,False,0.7108384724866765,1.0,False,86.99,28,9,False
Isa.28.26,ויסרו למשפט אלהיו יורנו,1302.2077197598,617677.1326780175,0.25,868.1384798398667,411784.7551186783,2.133290383695832,2.9951918369905894,3.6772410855890554,0.016450456291185106,0.0013713614259254952,0.5309384767979993,0.11802850672465429,False,0.0011580114631673443,0.05080484657917766,False,97.83,28,9,False
Isa.28.27,כי לא בחרוץ יודש קצח ואופן עגלה על כמן יוסב כי במטה יחבט קצח וכמן בשבט,372.2148584005,57230.275410675,0.4375,198.51459114693336,30522.81355236,0.017786463252528088,-0.014557613438385958,0.017786463252528088,0.49290460190638286,0.5058074423787458,0.7266815425440653,0.6008320478370451,False,0.9998418333721434,1.0,False,64.06,28,9,False
Isa.28.28,לחם יודק כי לא לנצח אדוש ידושנו והמם גלגל עגלתו ופרשיו לא ידקנו,499.3741134647,152200.6674994282,0.5384615384615384,240.4393879644852,73281.80287009507,0.1502370426433584,0.3229894390453878,0.3562209240304064,0.4402888008696761,0.3733516201040166,0.7266815425440653,0.6008320478370451,False,0.9385241663079527,1.0,False,79.32,28,9,False
Isa.28.29,גם זאת מעם יהוה צבאות יצאה הפליא עצה הגדיל תושיה,196.6217727636,393.0931426332,0.1,163.85147730300002,327.577618861,-0.09172270222056952,-0.2529241663208058,0.0,0.536540820170496,0.5998365927698865,0.7266815425440653,0.6008320478370451,False,1.0,1.0,False,31.56,28,9,False
Isa.29.1,הוי אריאל אריאל קרית חנה דוד ספו שנה על שנה חגים ינקפו,324.8056381126,5928.0442107697,0.16666666666666666,243.60422858445,4446.033158077275,0.1602355400867254,-0.22041234716348704,0.1602355400867254,0.43634776706947875,0.587224984896148,0.7266815425440653,0.6008320478370451,False,0.9872443378037337,1.0,False,72.35,29,9,False
Isa.29.2,והציקותי לאריאל והיתה תאניה ואניה והיתה לי כאריאל,138.6445378235,189902.0616333888,0.625,61.61979458822222,84400.91628150613,-0.4146973290648683,0.4107656942408745,0.4107656942408745,0.6608182560637406,0.3406221752716704,0.7266815425440653,0.6008320478370451,False,0.9190964346668045,1.0,False,80.64,29,9,False
Isa.29.3,וחניתי כדור עליך וצרתי עליך מצב והקימתי עליך מצרת,458.7676412911,47076.3026043873,0.4444444444444444,242.87698656587648,24922.748437616807,0.15793800654979256,-0.05876552160834686,0.15793800654979256,0.43725282450193154,0.5234305646245438,0.7266815425440653,0.6008320478370451,False,0.9876052486681209,1.0,False,72.27,29,9,False
Isa.29.4,ושפלת מארץ תדברי ומעפר תשח אמרתך והיה כאוב מארץ קולך ומעפר אמרתך תצפצף,124.8060891146,73719.7347057113,0.38461538461538464,70.54257210825217,41667.676138010735,-0.3865081154725756,0.07342191030968291,0.07342191030968291,0.6504398032875783,0.47073519137110564,0.7266815425440653,0.6008320478370451,False,0.9973082408411833,1.0,False,68.47,29,9,False
Isa.29.5,והיה כאבק דק המון זריך וכמץ עבר המון עריצים והיה לפתע פתאם,325.6953976806,28284.1691574717,0.3333333333333333,195.41723860836004,16970.50149448302,0.008001176991106177,-0.1215419707038021,0.008001176991106177,0.49680802626304804,0.54836911336005,0.7266815425440653,0.6008320478370451,False,0.9999679910956744,1.0,False,63.44,29,9,False
Isa.29.6,מעם יהוה צבאות תפקד ברעם וברעש וקול גדול סופה וסערה ולהב אש אוכלה,102.6580380902,2558.4792762221,0.23076923076923078,70.23971027224209,1750.538452151963,-0.3874649293082985,-0.24169106089101958,0.0,0.6507939782352828,0.5954902216865582,0.7266815425440653,0.6008320478370451,False,1.0,1.0,False,31.56,29,9,False
Isa.29.7,והיה כחלום חזון לילה המון כל הגוים הצבאים על אריאל וכל צביה ומצדתה והמציקים לה,378.6221326616,10217.5439227284,0.26666666666666666,246.92747782278263,6663.615601779392,0.17073448869207716,-0.20290635767554227,0.17073448869207716,0.43221627146158076,0.5803958875284556,0.7266815425440653,0.6008320478370451,False,0.9855305702651896,1.0,False,72.81,29,9,False
Isa.29.8,והיה כאשר יחלם הרעב והנה אוכל והקיץ וריקה נפשו וכאשר יחלם הצמא והנה שתה והקיץ וה,31.4475807885,202.9039116068,0.4375,16.7720430872,108.21541952362666,-0.5563822296867251,-0.254655850464752,0.0,0.7110252078374,0.6005055407994043,0.7266815425440653,0.6008320478370451,False,1.0,1.0,False,31.56,29,9,False
Isa.29.9,התמהמהו ותמהו השתעשעו ושעו שכרו ולא יין נעו ולא שכר,227.8816310524,64099.2800931046,0.4,126.60090614022222,35610.71116283589,-0.2094062715559303,0.02560715353011318,0.02560715353011318,0.5829344513482962,0.48978534012517966,0.7266815425440653,0.6008320478370451,False,0.9996721905852937,1.0,False,64.99,29,9,False
Isa.29.10,כי נסך עליכם יהוה רוח תרדמה ויעצם את עיניכם את הנביאים ואת ראשיכם החזים כסה,214.7190450147,1303.1803260606,0.06666666666666667,189.45798089532352,1149.8649935828823,-0.010825560327761823,-0.24643288380780048,0.0,0.5043186893704306,0.597326423315643,0.7266815425440653,0.6008320478370451,False,1.0,1.0,False,31.56,29,9,False
Isa.29.11,ותהי לכם חזות הכל כדברי הספר החתום אשר יתנו אתו אל יודע הספר ספר לאמר קרא נא זה ,81.5283578381,127.5781485053,0.1111111111111111,66.70502004935454,104.38212150433635,-0.3986318711548135,-0.2546861111998243,0.0,0.6549177628767646,0.6005172278777018,0.7266815425440653,0.6008320478370451,False,1.0,1.0,False,31.56,29,9,False
Isa.29.12,ונתן הספר על אשר לא ידע ספר לאמר קרא נא זה ואמר לא ידעתי ספר,23.4560505079,84.8943187608,0.0,23.4560505079,84.8943187608,-0.5352658326442548,-0.2548399513742631,0.0,0.7037669753802167,0.6005766415040579,0.7266815425440653,0.6008320478370451,False,1.0,1.0,False,31.56,29,9,False
Isa.29.13,ויאמר אדני יען כי נגש העם הזה בפיו ובשפתיו כבדוני ולבו רחק ממני ותהי יראתם אתי מ,15.642161975,1616.442901654,0.29411764705882354,9.848768650925926,1017.7603454858518,-0.5782545291365421,-0.2474757413518179,0.0,0.718453855622365,0.5977299683419112,0.7266815425440653,0.6008320478370451,False,1.0,1.0,False,31.56,29,9,False
Isa.29.14,לכן הנני יוסף להפליא את העם הזה הפלא ופלא ואבדה חכמת חכמיו ובינת נבניו תסתתר,27.2043896258,12608.265936017,0.5333333333333333,13.163414335064518,6100.773840008226,-0.5677827612410403,-0.20734953046171078,0.0,0.7149087566509909,0.5821315525797834,0.7266815425440653,0.6008320478370451,False,1.0,1.0,False,31.56,29,9,False
Isa.29.15,הוי המעמיקים מיהוה לסתר עצה והיה במחשך מעשיהם ויאמרו מי ראנו ומי יודענו,186.2706986833,19343.3148155245,0.38461538461538464,105.28343838621305,10933.1779392095,-0.2767533112434737,-0.16920167462781852,0.0,0.609015233235584,0.5671809936895661,0.7266815425440653,0.6008320478370451,False,1.0,1.0,False,31.56,29,9,False
Isa.29.16,הפככם אם כחמר היצר יחשב כי יאמר מעשה לעשהו לא עשני ויצר אמר ליוצרו לא הבין,681.3996155632,15391.7195720163,0.25,454.26641037546665,10261.1463813442,0.8257683548402902,-0.17450681104832377,0.8257683548402902,0.20446775424295083,0.5692664107735932,0.7266815425440653,0.6008320478370451,False,0.7110968172407441,1.0,False,86.83,29,9,False
Isa.29.17,הלוא עוד מעט מזער ושב לבנון לכרמל והכרמל ליער יחשב,299.7492183004,20809.6313216174,0.2,214.10658450028572,14864.022372583857,0.06704534368304485,-0.13817089084576525,0.06704534368304485,0.4732728026724133,0.5549473199263798,0.7266815425440653,0.6008320478370451,False,0.9977549847699603,1.0,False,67.93,29,9,False
Isa.29.18,ושמעו ביום ההוא החרשים דברי ספר ומאפל ומחשך עיני עורים תראינה,130.1074953716,100884.8939365359,0.18181818181818182,95.41216327250666,73982.25555345965,-0.3079390582806383,0.32851893687605793,0.32851893687605793,0.6209356476407561,0.37125966426664136,0.7266815425440653,0.6008320478370451,False,0.9474677818359134,1.0,False,78.47,29,9,False
Isa.29.19,ויספו ענוים ביהוה שמחה ואביוני אדם בקדוש ישראל יגילו,93.3124483449,233469.9160809195,0.2222222222222222,64.60092577723847,161633.01882525196,-0.4052792141734928,1.0204496223863226,1.0204496223863226,0.6573638582371398,0.15375763498716738,0.7266815425440653,0.6008320478370451,False,0.5941290567788258,1.0,False,89.0,29,9,False
Isa.29.20,כי אפס עריץ וכלה לץ ונכרתו כל שקדי און,298.774583664,28419.4275230376,0.2222222222222222,206.84394253661537,19674.98828517988,0.04410090008365267,-0.10019227186275893,0.04410090008365267,0.48241198766067167,0.5399041593485574,0.7266815425440653,0.6008320478370451,False,0.9990280279770195,1.0,False,66.85,29,9,False
Isa.29.21,מחטיאי אדם בדבר ולמוכיח בשער יקשון ויטו בתהו צדיק,1086.8048220346,638867.2942638859,0.3333333333333333,652.0828932207601,383320.3765583316,1.4507184978293275,2.770488979483098,3.127330066587388,0.07342913122595837,0.00279860971474015,0.7266815425440653,0.21252971421938432,False,0.007520695393989424,0.24273044384100867,False,96.98,29,9,False
Isa.29.22,לכן כה אמר יהוה אל בית יעקב אשר פדה את אברהם לא עתה יבוש יעקב ולא עתה פניו יחורו,27.0679619055,22.3745133401,0.10526315789473684,22.36049026976087,18.48329362877826,-0.5387269725736994,-0.25536421179630353,0.0,0.704962370216288,0.6007790952549011,0.7266815425440653,0.6008320478370451,False,1.0,1.0,False,31.56,29,9,False
Isa.29.23,כי בראתו ילדיו מעשה ידי בקרבו יקדישו שמי והקדישו את קדוש יעקב ואת אלהי ישראל יער,91.3696675919,3863.0069376331,0.125,73.09573407351999,3090.40555010648,-0.3784420589320993,-0.23111391215923352,0.0,0.6474488855903254,0.5913868463327159,0.7266815425440653,0.6008320478370451,False,1.0,1.0,False,31.56,29,9,False
Isa.29.24,וידעו תעי רוח בינה ורוגנים ילמדו לקח,853.2251278803,78229.5641941025,0.2857142857142857,542.9614450147363,49782.44994170159,1.1059774344020747,0.13748137529503257,1.114489665254734,0.13436814328634455,0.44532515665662936,0.7266815425440653,0.6008320478370451,False,0.537383327864795,1.0,False,89.7,29,9,False
Isa.30.1,הוי בנים סוררים נאם יהוה לעשות עצה ולא מני ולנסך מסכה ולא רוחי למען ספות חטאת על,31.1867145806,1313.3585153669,0.11764705882352941,25.246387993819045,1063.1949886303476,-0.529609723245632,-0.24711707221302898,0.0,0.7018087242616662,0.5975911891600929,0.7266815425440653,0.6008320478370451,False,1.0,1.0,False,31.56,30,9,False
Isa.30.2,ההלכים לרדת מצרים ופי לא שאלו לעוז במעוז פרעה ולחסות בצל מצרים,554.1903504887,10566.2094524109,0.25,369.46023365913334,7044.1396349405995,0.5578451186018037,-0.19990243340506075,0.5578451186018037,0.2884750751062549,0.5792215563627912,0.7266815425440653,0.6008320478370451,False,0.8559052585978324,1.0,False,83.42,30,9,False
Isa.30.3,והיה לכם מעוז פרעה לבשת והחסות בצל מצרים לכלמה,83.0099971494,50451.2272961775,0.2222222222222222,57.46845956496923,34927.7727435075,-0.42781240107030044,0.020215916408972617,0.020215916408972617,0.6656061462138193,0.4919355655110588,0.7266815425440653,0.6008320478370451,False,0.9997956792382032,1.0,False,64.21,30,9,False
Isa.30.4,כי היו בצען שריו ומלאכיו חנס יגיעו,354.3773414758,290201.0545203717,0.42857142857142855,190.8185684869692,156262.10628020015,-0.006527134849167693,0.9780506852819226,0.9780506852819226,0.502603931571773,0.16402462822630792,0.7266815425440653,0.6008320478370451,False,0.6198414425387526,1.0,False,88.61,30,9,False
Isa.30.5,כל הבאיש הביש על עם לא יועילו למו לא לעזר ולא להועיל כי לבשת וגם לחרפה,89.3267918928,3748.6175117072,0.125,71.46143351424,2998.8940093657598,-0.38360520991688285,-0.23183632050746983,0.0,0.6493644610169789,0.5916674271044444,0.7266815425440653,0.6008320478370451,False,1.0,1.0,False,31.56,30,9,False
Isa.30.6,משא בהמות נגב בארץ צרה וצוקה לביא וליש מהם אפעה ושרף מעופף ישאו על כתף עירים חיל,205.376687061,23162.9199977628,0.17647058823529413,151.8001600016087,17120.4191287812,-0.12979573012189416,-0.12035849428445415,0.0,0.5516359793965111,0.54790041545549,0.7266815425440653,0.6008320478370451,False,1.0,1.0,False,31.56,30,9,False
Isa.30.7,ומצרים הבל וריק יעזרו לכן קראתי לזאת רהב הם שבת,480.8799692832,3007.4590290587,0.2,343.48569234514287,2148.1850207562143,0.4757852564772294,-0.2385519682860646,0.4757852564772294,0.317113687285864,0.5942734932007981,0.7266815425440653,0.6008320478370451,False,0.89298472354849,1.0,False,82.34,30,9,False
Isa.30.8,עתה בוא כתבה על לוח אתם ועל ספר חקה ותהי ליום אחרון לעד עד עולם,258.0387186229,720.4477643604,0.2,184.31337044492858,514.6055459717144,-0.02707862979069261,-0.25144773466197357,0.0,0.5108014902666482,0.5992660170310884,0.7266815425440653,0.6008320478370451,False,1.0,1.0,False,31.56,30,9,False
Isa.30.9,כי עם מרי הוא בנים כחשים בנים לא אבו שמוע תורת יהוה,246.7675235998,623.1055300384,0.08333333333333333,211.51502022839998,534.0904543186285,0.05885796496219823,-0.25129391733641554,0.05885796496219823,0.4765326195378619,0.5992065612108088,0.7266815425440653,0.6008320478370451,False,0.9982693692516876,1.0,False,67.47,30,9,False
Isa.30.10,אשר אמרו לראים לא תראו ולחזים לא תחזו לנו נכחות דברו לנו חלקות חזו מהתלות,209.7801916337,25095.8027195449,0.3333333333333333,125.86811498022001,15057.481631726941,-0.21172133617358727,-0.1366436891101443,0.0,0.5838377792157151,0.5543437792743819,0.7266815425440653,0.6008320478370451,False,1.0,1.0,False,31.56,30,9,False
Isa.30.11,סורו מני דרך הטו מני ארח השביתו מפנינו את קדוש ישראל,84.6268418094,1851.5377655903,0.18181818181818182,62.05968399356,1357.7943614328865,-0.4133076119755184,-0.24479145246523432,0.0,0.6603093732050915,0.5966910437237692,0.7266815425440653,0.6008320478370451,False,1.0,1.0,False,31.56,30,9,False
Isa.30.12,לכן כה אמר קדוש ישראל יען מאסכם בדבר הזה ותבטחו בעשק ונלוז ותשענו עליו,105.3019293446,6438.2248965375,0.35714285714285715,61.42612545101666,3755.6311896468746,-0.41530917673927986,-0.2258625028662089,0.0,0.661042207887772,0.5893458186958301,0.7266815425440653,0.6008320478370451,False,1.0,1.0,False,31.56,30,9,False
Isa.30.13,לכן יהיה לכם העון הזה כפרץ נפל נבעה בחומה נשגבה אשר פתאם לפתע יבוא שברה,100.2309665299,7489.2143417439,0.2,71.59354752135715,5349.438815531357,-0.38318782979541294,-0.21328070252603273,0.0,0.6492097494718808,0.584445987783243,0.7266815425440653,0.6008320478370451,False,1.0,1.0,False,31.56,30,9,False
Isa.30.14,ושברה כשבר נבל יוצרים כתות לא יחמל ולא ימצא במכתתו חרש לחתות אש מיקוד ולחשף מים ,288.1386125766,138173.5899669013,0.5,144.0693062883,69086.79498345064,-0.15421936795058866,0.28987330206748,0.28987330206748,0.5612816142703622,0.38595658349660394,0.7266815425440653,0.6008320478370451,False,0.9588570606491994,1.0,False,77.07,30,9,False
Isa.30.15,כי כה אמר אדני יהוה קדוש ישראל בשובה ונחת תושעון בהשקט ובבטחה תהיה גבורתכם ולא א,27.8435545545,2193.1307333796,0.375,15.910602602571428,1253.2175619312,-0.5591037286553738,-0.24561700028554587,0.0,0.7119545349019175,0.5970106360088734,0.7266815425440653,0.6008320478370451,False,1.0,1.0,False,31.56,30,9,False
Isa.30.16,ותאמרו לא כי על סוס ננוס על כן תנוסון ועל קל נרכב על כן יקלו רדפיכם,88.8611757428,11976.4993577711,0.3125,54.683800457107694,7370.153450936061,-0.43660981310898694,-0.19732882246583747,0.0,0.6688028276343599,0.5782148871566616,0.7266815425440653,0.6008320478370451,False,1.0,1.0,False,31.56,30,9,False
Isa.30.17,אלף אחד מפני גערת אחד מפני גערת חמשה תנסו עד אם נותרתם כתרן על ראש ההר וכנס על ה,270.4452088963,1556.7195854684,0.2631578947368421,177.188240311369,1019.9197284103311,-0.04958864023944785,-0.2474586947996666,0.0,0.5197749003643024,0.5977233728299081,0.7266815425440653,0.6008320478370451,False,1.0,1.0,False,31.56,30,9,False
Isa.30.18,ולכן יחכה יהוה לחננכם ולכן ירום לרחמכם כי אלהי משפט יהוה אשרי כל חוכי לו,50.2620298347,11063.5638691109,0.26666666666666666,32.779584674804354,7215.3677407245,-0.5058105318171392,-0.1985507283406531,0.0,0.6935051678144947,0.5786929004014761,0.7266815425440653,0.6008320478370451,False,1.0,1.0,False,31.56,30,9,False
Isa.30.19,כי עם בציון ישב בירושלם בכו לא תבכה חנון יחנך לקול זעקך כשמעתו ענך,262.7394089964,10673.5692574758,0.2857142857142857,167.19780572498183,6792.271345666418,-0.08115084088866349,-0.20189072639362698,0.0,0.5323390031018258,0.5799989239671156,0.7266815425440653,0.6008320478370451,False,1.0,1.0,False,31.56,30,9,False
Isa.30.20,ונתן לכם אדני לחם צר ומים לחץ ולא יכנף עוד מוריך והיו עיניך ראות את מוריך,30.1193067849,255.6133914548,0.1875,21.904950389018182,185.90064833076363,-0.540166133302434,-0.2540425894774419,0.0,0.7054587669678238,0.6002686722629345,0.7266815425440653,0.6008320478370451,False,1.0,1.0,False,31.56,30,9,False
Isa.30.21,ואזניך תשמענה דבר מאחריך לאמר זה הדרך לכו בו כי תאמינו וכי תשמאילו,36.6734276353,3025.8341156305,0.23076923076923078,25.09234522415263,2070.3075527998158,-0.5300963816349875,-0.2391667468433463,0.0,0.7019774461534755,0.5945118566697299,0.7266815425440653,0.6008320478370451,False,1.0,1.0,False,31.56,30,9,False
Isa.30.22,וטמאתם את צפוי פסילי כספך ואת אפדת מסכת זהבך תזרם כמו דוה צא תאמר לו,376.6031276802,78125.1743265044,0.4,209.2239598223333,43402.87462583578,0.051619950678587434,0.08711987521449675,0.10126446546271443,0.4794157610945079,0.4652881136566047,0.7266815425440653,0.6008320478370451,False,0.9948858759069947,1.0,False,69.79,30,9,False
Isa.30.23,ונתן מטר זרעך אשר תזרע את האדמה ולחם תבואת האדמה והיה דשן ושמן ירעה מקניך ביום ה,138.3768492314,3954.6718228648,0.11764705882352941,112.01935413970476,3201.400999461981,-0.2554729232153488,-0.23023769437750213,0.0,0.6008210729741584,0.5910464636770081,0.7266815425440653,0.6008320478370451,False,1.0,1.0,False,31.56,30,9,False
Isa.30.24,והאלפים והעירים עבדי האדמה בליל חמיץ יאכלו אשר זרה ברחת ובמזרה,541.6267557748,1209953.8265715782,0.36363636363636365,313.5733849222526,700499.5838045978,0.3812850382336005,5.274357948872207,5.2881215996998625,0.3514958772126328,6.661083021228474e-08,0.7266815425440653,1.0749322725507449e-05,False,8.465343760193333e-07,5.751978312847154e-05,True,98.61,30,9,False
Isa.30.25,והיה על כל הר גבה ועל כל גבעה נשאה פלגים יבלי מים ביום הרג רב בנפל מגדלים,351.5030470696,1355.445148825,0.23529411764705882,239.02207200732798,921.7027012009999,0.145759398529249,-0.24823403744848072,0.145759398529249,0.4420556643926515,0.598023333867591,0.7266815425440653,0.6008320478370451,False,0.9894333226218363,1.0,False,71.96,30,9,False
Isa.30.26,והיה אור הלבנה כאור החמה ואור החמה יהיה שבעתים כאור שבעת הימים ביום חבש יהוה את ,12.7848750375,187.4210890192,0.0,12.7848750375,187.4210890192,-0.5689786584925597,-0.2540305868487304,0.0,0.7153146884373129,0.6002640359479894,0.7266815425440653,0.6008320478370451,False,1.0,1.0,False,31.56,30,9,False
Isa.30.27,הנה שם יהוה בא ממרחק בער אפו וכבד משאה שפתיו מלאו זעם ולשונו כאש אכלת,160.2969123445,827.8051911134,0.06666666666666667,141.43845206867647,730.4163451000588,-0.1625308731249218,-0.24974408590174135,0.0,0.564556090877685,0.5986073686960396,0.7266815425440653,0.6008320478370451,False,1.0,1.0,False,31.56,30,9,False
Isa.30.28,ורוחו כנחל שוטף עד צואר יחצה להנפה גוים בנפת שוא ורסן מתעה על לחיי עמים,784.6785498011,33603.1697404812,0.26666666666666666,511.74688030506525,21915.110700313828,1.0073630702294705,-0.0825083478389123,1.0073630702294705,0.1568801656317722,0.5328787598225955,0.7266815425440653,0.6008320478370451,False,0.6020648124260926,1.0,False,88.85,30,9,False
Isa.30.29,השיר יהיה לכם כליל התקדש חג ושמחת לבב כהולך בחליל לבוא בהר יהוה אל צור ישראל,30.0901014552,1162.6203446008,0.25,20.0600676368,775.0802297338668,-0.5459945643978269,-0.2493915012674651,0.0,0.7074651631958011,0.598471020741067,0.7266815425440653,0.6008320478370451,False,1.0,1.0,False,31.56,30,9,False
Isa.30.30,והשמיע יהוה את הוד קולו ונחת זרועו יראה בזעף אף ולהב אש אוכלה נפץ וזרם ואבן ברד,89.0509942821,2097.4246782128,0.29411764705882354,56.06914454798889,1320.6007233191701,-0.4322331758579732,-0.245085065647322,0.0,0.6672140253049248,0.596804716880224,0.7266815425440653,0.6008320478370451,False,1.0,1.0,False,31.56,30,9,False
Isa.30.31,כי מקול יהוה יחת אשור בשבט יכה,230.1356063194,1760.1095247169,0.0,230.1356063194,1760.1095247169,0.11768490280241382,-0.24161550514508282,0.11768490280241382,0.4531586647319532,0.5954609466823697,0.7266815425440653,0.6008320478370451,False,0.9930990534758652,1.0,False,70.49,30,9,False
Isa.30.32,והיה כל מעבר מטה מוסדה אשר יניח יהוה עליו בתפים ובכנרות ובמלחמות תנופה נלחם בה ב,302.9228305381,44752.9500782963,0.1875,220.3075131186182,32547.600056942763,0.08663557787865754,0.0014264106799614165,0.08664731964577349,0.4654805925755485,0.4994309446635184,0.7266815425440653,0.6008320478370451,False,0.996253157994781,1.0,False,68.94,30,9,False
Isa.30.33,כי ערוך מאתמול תפתה גם הוא היא למלך הוכן העמיק הרחב מדרתה אש ועצים הרבה נשמת יהו,285.5563690352,29821.1672312705,0.47058823529411764,147.1047961696485,15362.419482775713,-0.14462952079475722,-0.13423645557973068,0.0,0.5574983059681324,0.5533922003052848,0.7266815425440653,0.6008320478370451,False,1.0,1.0,False,31.56,30,9,False
Isa.31.1,הוי הירדים מצרים לעזרה על סוסים ישענו ויבטחו על רכב כי רב ועל פרשים כי עצמו מאד ,165.7954777066,751.6949781957,0.058823529411764705,148.34332215853684,672.5691910172052,-0.14071671745947223,-0.2502007416054145,0.0,0.5559531310569729,0.5987839441132597,0.7266815425440653,0.6008320478370451,False,1.0,1.0,False,31.56,31,9,False
Isa.31.2,וגם הוא חכם ויבא רע ואת דבריו לא הסיר וקם על בית מרעים ועל עזרת פעלי און,265.6756873129,700.4823790985,0.0,265.6756873129,700.4823790985,0.22996461973631654,-0.249980389943399,0.22996461973631654,0.4090596311577182,0.598698743080681,0.7266815425440653,0.6008320478370451,False,0.9739046619241286,1.0,False,75.06,31,9,False
Isa.31.3,ומצרים אדם ולא אל וסוסיהם בשר ולא רוח ויהוה יטה ידו וכשל עוזר ונפל עזר ויחדו כלם,246.6941097374,4576.4829695072,0.11764705882352941,199.70475550170474,3704.771927696305,0.021546480481610713,-0.22626399490886098,0.021546480481610713,0.49140486299708835,0.5895019499268829,0.7266815425440653,0.6008320478370451,False,0.9997679015284464,1.0,False,64.45,31,9,False
Isa.31.4,כי כה אמר יהוה אלי כאשר יהגה האריה והכפיר על טרפו אשר יקרא עליו מלא רעים מקולם ל,69.9277628188,443.8425306441,0.2222222222222222,48.41152810532308,307.2755981382231,-0.4564254394245128,-0.2530844340765171,0.0,0.6759579621070431,0.5998985163946833,0.7266815425440653,0.6008320478370451,False,1.0,1.0,False,31.56,31,9,False
Isa.31.5,כצפרים עפות כן יגן יהוה צבאות על ירושלם גנון והציל פסח והמליט,85.3123801103,4139.0464354606,0.4166666666666667,46.534025514709086,2257.661692069418,-0.46235692448374394,-0.2376877400078209,0.0,0.6780873079028616,0.5939383533700995,0.7266815425440653,0.6008320478370451,False,1.0,1.0,False,31.56,31,9,False
Isa.31.6,שובו לאשר העמיקו סרה בני ישראל,811.3414459266,4722.7736946489,0.0,811.3414459266,4722.7736946489,1.9538548080809877,-0.2182277082392975,1.9538548080809877,0.025359195184993816,0.5863741513750858,0.7117113257353699,0.6008320478370451,False,0.14826199918437571,1.0,False,94.89,31,9,False
Isa.31.7,כי ביום ההוא ימאסון איש אלילי כספו ואלילי זהבו אשר עשו לכם ידיכם חטא,91.1344833064,1343.771773605,0.21428571428571427,63.79413831448,940.6402415234999,-0.4078280510194446,-0.2480845411432792,0.0,0.6583000409916883,0.5979655019039125,0.7266815425440653,0.6008320478370451,False,1.0,1.0,False,31.56,31,9,False
Isa.31.8,ונפל אשור בחרב לא איש וחרב לא אדם תאכלנו ונס לו מפני חרב ובחוריו למס יהיו,320.1995078196,1249.2119435607,0.0625,284.6217847285333,1110.4106164984,0.2898199266282316,-0.24674434366466214,0.2898199266282316,0.38597700128779033,0.5974469569636208,0.7266815425440653,0.6008320478370451,False,0.958871894944628,1.0,False,76.99,31,9,False
Isa.31.9,וסלעו ממגור יעבור וחתו מנס שריו נאם יהוה אשר אור לו בציון ותנור לו בירושלם,251.0867057637,13231.6600404633,0.26666666666666666,163.7521994111087,8629.34350464998,-0.0920363451073539,-0.18738855264351667,0.0,0.5366654185467689,0.5743220013501654,0.7266815425440653,0.6008320478370451,False,1.0,1.0,False,31.56,31,9,False
Isa.32.1,הן לצדק ימלך מלך ולשרים למשפט ישרו,621.498610123,22334.8319985948,0.2857142857142857,395.4991155328182,14213.074908196691,0.6401082481255486,-0.14330958568939053,0.6401082481255486,0.26105111353099825,0.5569771571547051,0.7266815425440653,0.6008320478370451,False,0.8147538102730669,1.0,False,84.59,32,10,True
Isa.32.2,והיה איש כמחבא רוח וסתר זרם כפלגי מים בציון כצל סלע כבד בארץ עיפה,317.2673025161,70448.1907903751,0.21428571428571427,222.08711176127,49313.733553262566,0.0922577606724853,0.1337812449155989,0.1625082025482684,0.46324662364513,0.44678777912753254,0.7266815425440653,0.6008320478370451,False,0.9868823384539589,1.0,False,72.58,32,10,False
Isa.32.3,ולא תשעינה עיני ראים ואזני שמעים תקשבנה,159.7666409105,416972.4039779234,0.2857142857142857,101.66968057940909,265346.0752586785,-0.2881700467227721,1.8391789015806326,1.8391789015806326,0.6133917120287193,0.0329444384248835,0.7266815425440653,0.6008320478370451,False,0.18428173646106855,1.0,False,94.35,32,10,False
Isa.32.4,ולבב נמהרים יבין לדעת ולשון עלגים תמהר לדבר צחות,397.782798583,72149.3875308436,0.5555555555555556,188.42343090773684,34176.02567250486,-0.014093954110585468,0.014281491576227481,0.014281491576227481,0.5056224880507248,0.49430270285477634,0.7266815425440653,0.6008320478370451,False,0.9998980246990136,1.0,False,63.67,32,10,False
Isa.32.5,לא יקרא עוד לנבל נדיב ולכילי לא יאמר שוע,159.2360735306,3006.0689495729,0.2222222222222222,110.2403585981077,2081.1246573966228,-0.2610932006669878,-0.23908135469934755,0.0,0.6029896825196126,0.5944787503094765,0.7266815425440653,0.6008320478370451,False,1.0,1.0,False,31.56,32,10,False
Isa.32.6,כי נבל נבלה ידבר ולבו יעשה און לעשות חנף ולדבר אל יהוה תועה להריק נפש רעב ומשקה ,165.7851215049,9649.5550267246,0.29411764705882354,104.38322465123332,6075.64575756734,-0.27959730429351826,-0.2075478960053737,0.0,0.6101067622438264,0.5822090043551721,0.7266815425440653,0.6008320478370451,False,1.0,1.0,False,31.56,32,10,False
Isa.32.7,וכלי כליו רעים הוא זמות יעץ לחבל ענוים עניים באמרי שקר ובדבר אביון משפט,416.5751269001,48765.2715942376,0.14285714285714285,324.0028764778556,37928.54457329592,0.4142343261049985,0.04390454194674468,0.4165545411194262,0.3393512525840874,0.4824902474219541,0.7266815425440653,0.6008320478370451,False,0.9168981855141612,1.0,False,80.79,32,10,False
Isa.32.8,ונדיב נדיבות יעץ והוא על נדיבות יקום,310.5466646858,11023.5464337245,0.42857142857142855,167.2174348308154,5935.755772005499,-0.08108882779288408,-0.208652212385434,0.0,0.5323143447209451,0.5826401260323196,0.7266815425440653,0.6008320478370451,False,1.0,1.0,False,31.56,32,10,False
Isa.32.9,נשים שאננות קמנה שמענה קולי בנות בטחות האזנה אמרתי,376.4774438015,14785.4335095821,0.2222222222222222,260.6382303241154,10236.069352787608,0.21405007399088372,-0.1747047735635607,0.21405007399088372,0.415254004290164,0.5693441916479167,0.7266815425440653,0.6008320478370451,False,0.9773516952105051,1.0,False,74.52,32,10,False
Isa.32.10,ימים על שנה תרגזנה בטחות כי כלה בציר אסף בלי יבוא,2035.0499487078,48372.8974987655,0.09090909090909091,1721.9653412142923,40930.91326818619,4.830736073907303,0.06760577342111496,4.831209119500957,6.801461062096229e-07,0.47304972969582554,6.754374023974025e-05,0.6008320478370451,False,8.543918811639458e-06,0.0005013726902648427,True,98.37,32,10,False
Isa.32.11,חרדו שאננות רגזה בטחות פשטה וערה וחגורה על חלצים,417.003015194,437866.8020599105,0.4444444444444444,220.7663021615294,231811.8363846585,0.0880850034970141,1.5744536667276814,1.576915760753665,0.4649045577606514,0.05769130256642531,0.7266815425440653,0.6008320478370451,False,0.28842169291256536,1.0,False,93.34,32,10,False
Isa.32.12,על שדים ספדים על שדי חמד על גפן פריה,251.1605884814,790.358899659,0.1111111111111111,205.49502693932726,646.6572815391818,0.039839349259980214,-0.25040529481885787,0.039839349259980214,0.4841106024734299,0.5988630323238083,0.7266815425440653,0.6008320478370451,False,0.9992067279320536,1.0,False,66.62,32,10,False
Isa.32.13,על אדמת עמי קוץ שמיר תעלה כי על כל בתי משוש קריה עליזה,632.4104994436,611.0390684713,0.07692307692307693,548.0890995177867,529.5671926751266,1.1221769359238256,-0.25132962476682347,1.1221769359238256,0.13089360852665705,0.599220363596666,0.7266815425440653,0.6008320478370451,False,0.532783282061899,1.0,False,89.78,32,10,False
Isa.32.14,כי ארמון נטש המון עיר עזב עפל ובחן היה בעד מערות עד עולם משוש פראים מרעה עדרים,534.6765514328,17531.6437603549,0.29411764705882354,336.64819905028145,11038.442367630862,0.45418396041307846,-0.16837069854274342,0.45418396041307846,0.3248482132761845,0.5668541709096951,0.7266815425440653,0.6008320478370451,False,0.9019993000223472,1.0,False,81.8,32,10,False
Isa.32.15,עד יערה עלינו רוח ממרום והיה מדבר לכרמל וכרמל והכרמל ליער יחשב,178.7435660114,1007.3449078372,0.16666666666666666,134.05767450855,755.5086808779,-0.18584853566358245,-0.24954600254858245,0.0,0.5737182292240018,0.5985307693868059,0.7266815425440653,0.6008320478370451,False,1.0,1.0,False,31.56,32,10,False
Isa.32.16,ושכן במדבר משפט וצדקה בכרמל תשב,756.696342308,17183.9416378092,0.0,756.696342308,17183.9416378092,1.7812177010568835,-0.119857036321324,1.7812177010568835,0.03743844651297485,0.5477018004509253,0.7266815425440653,0.6008320478370451,False,0.20466756520113466,1.0,False,93.96,32,10,False
Isa.32.17,והיה מעשה הצדקה שלום ועבדת הצדקה השקט ובטח עד עולם,269.1115969275,757.9084649653,0.2,192.22256923392857,541.3631892609286,-0.002091556706495037,-0.25123650507568535,0.0,0.5008344097937085,0.5991843687584869,0.7266815425440653,0.6008320478370451,False,1.0,1.0,False,31.56,32,10,False
Isa.32.18,וישב עמי בנוה שלום ובמשכנות מבטחים ובמנוחת שאננות,66.0160579079,49472.6007644635,0.375,37.72346166165715,28270.05757969343,-0.49019162794515897,-0.0323412690081733,0.0,0.6880008477366768,0.5129000507521431,0.7266815425440653,0.6008320478370451,False,1.0,1.0,False,31.56,32,10,False
Isa.32.19,וברד ברדת היער ובשפלה תשפל העיר,2465.7921702718,202097.0411014543,0.5,1232.8960851359,101048.52055072715,3.28564793402379,0.5421848377158377,3.330082092772451,0.0005087404885974067,0.29384558968360175,0.02736599878246884,0.6008320478370451,False,0.003908024122203383,0.14415026119327337,False,97.37,32,10,False
Isa.32.20,אשריכם זרעי על כל מים משלחי רגל השור והחמור,308.8643086961,8272.7297319202,0.3333333333333333,185.31858521766003,4963.637839152121,-0.02390291305102883,-0.21632628392306916,0.0,0.5095349746653954,0.5856332887616131,0.7266815425440653,0.6008320478370451,False,1.0,1.0,False,31.56,32,10,False
Isa.33.1,הוי שודד ואתה לא שדוד ובוגד ולא בגדו בו כהתמך שודד תושד כנלתך לבגד יבגדו בך,757.1399211984,26786.0760410635,0.375,432.65138354194283,15306.329166322,0.7574812540081162,-0.13467924249527594,0.7574812540081162,0.22438079628152635,0.5535672571333888,0.7266815425440653,0.6008320478370451,False,0.7505950964921053,1.0,False,85.98,33,10,False
Isa.33.2,יהוה חננו לך קוינו היה זרעם לבקרים אף ישועתנו בעת צרה,428.8867891513,21079.5324518184,0.09090909090909091,362.9042062049461,17836.52745923095,0.5371330412460524,-0.11470540799641758,0.5371330412460524,0.2955878594807638,0.5456606863678085,0.7266815425440653,0.6008320478370451,False,0.8656661507194294,1.0,False,83.19,33,10,False
Isa.33.3,מקול המון נדדו עמים מרוממתך נפצו גוים,420.2201064298,152159.159693507,0.14285714285714285,326.83786055651115,118346.01309494991,0.4231907269055984,0.6787343146053846,0.7998566503828858,0.33607805595308793,0.24865310985279232,0.7266815425440653,0.6008320478370451,False,0.7262323089362545,1.0,False,86.6,33,10,False
Isa.33.4,ואסף שללכם אסף החסיל כמשק גבים שוקק בו,1073.2712544972,229938.2080749364,0.625,477.00944644320003,102194.75914441618,0.8976191098334957,0.5512334486609612,1.0533652648824785,0.18469432374070138,0.2907368267065019,0.7266815425440653,0.6008320478370451,False,0.5741932937648367,1.0,False,89.54,33,10,False
Isa.33.5,נשגב יהוה כי שכן מרום מלא ציון משפט וצדקה,678.4751609755,788.8961045857,0.0,678.4751609755,788.8961045857,1.5340980588744455,-0.24928243629871508,1.5340980588744455,0.06250276540051242,0.5984288418133734,0.7266815425440653,0.6008320478370451,False,0.3082856696145624,1.0,False,92.95,33,10,False
Isa.33.6,והיה אמונת עתיך חסן ישועת חכמת ודעת יראת יהוה היא אוצרו,70.4231360868,2440.1974167923,0.2727272727272727,45.567911585576475,1578.9512696891352,-0.46540911219566133,-0.24304560057047592,0.0,0.6791807450172297,0.5960149639139679,0.7266815425440653,0.6008320478370451,False,1.0,1.0,False,31.56,33,10,False
Isa.33.7,הן אראלם צעקו חצה מלאכי שלום מר יבכיון,209.2505969673,150764.9122055655,0.5,104.62529848365,75382.45610278274,-0.2788325344724866,0.33957236858367174,0.33957236858367174,0.6098133273289025,0.367089294785108,0.7266815425440653,0.6008320478370451,False,0.9439758490921156,1.0,False,78.85,33,10,False
Isa.33.8,נשמו מסלות שבת עבר ארח הפר ברית מאס ערים לא חשב אנוש,2181.0142492358,15799.4172018013,0.08333333333333333,1869.440785059257,13542.35760154397,5.296646691630508,-0.1486043471775106,5.296646691630508,5.897429591212087e-08,0.559067078724489,8.053563708376875e-06,0.6008320478370451,False,8.091891921320568e-07,5.751978312847154e-05,True,98.68,33,10,False
Isa.33.9,אבל אמללה ארץ החפיר לבנון קמל היה השרון כערבה ונער בשן וכרמל,952.5615279932,107099.1644069642,0.3333333333333333,571.5369167959201,64259.49864417853,1.1962542653251906,0.25176576779722604,1.2224607433955654,0.1157986751263903,0.40061105924152585,0.7266815425440653,0.6008320478370451,False,0.4736886003007309,1.0,False,90.94,33,10,False
Isa.33.10,עתה אקום יאמר יהוה עתה ארומם עתה אנשא,288.1900029626,9034.0302077793,0.25,192.12666864173332,6022.6868051862,-0.0023945298861972894,-0.20796596337703324,0.0,0.5009552783003973,0.5823722282073115,0.7266815425440653,0.6008320478370451,False,1.0,1.0,False,31.56,33,10,False
Isa.33.11,תהרו חשש תלדו קש רוחכם אש תאכלכם,1837.6116664949,101550.1828633472,0.7142857142857143,756.6636273802528,41814.78117902532,1.7811143466827715,0.07458318361834324,1.7826752276390232,0.03744688623079139,0.4702731771905729,0.7266815425440653,0.6008320478370451,False,0.20413668528077003,1.0,False,94.04,33,10,False
Isa.33.12,והיו עמים משרפות שיד קוצים כסוחים באש יצתו,169.3852865848,376069.4109926617,0.5,84.6926432924,188034.70549633086,-0.3418046161349892,1.2288692239395915,1.2288692239395915,0.6337510322858986,0.10956042101412555,0.7266815425440653,0.6008320478370451,False,0.4699825160925972,1.0,False,91.17,33,10,False
Isa.33.13,שמעו רחוקים אשר עשיתי ודעו קרובים גברתי,1024.2842386329,60668.6049615881,0.42857142857142855,551.537666956177,32667.710363932052,1.133071795051489,0.0023745827659732753,1.1330742832597147,0.12859205234878945,0.4990526794266079,0.7266815425440653,0.6008320478370451,False,0.5262764333031871,1.0,False,90.16,33,10,False
Isa.33.14,פחדו בציון חטאים אחזה רעדה חנפים מי יגור לנו אש אוכלה מי יגור לנו מוקדי עולם,126.0863502188,633.093421434,0.1875,91.69916379549092,460.4315792247273,-0.3196693222136694,-0.25187539357273303,0.0,0.6253904911186461,0.5994313101917413,0.7266815425440653,0.6008320478370451,False,1.0,1.0,False,31.56,33,10,False
Isa.33.15,הלך צדקות ודבר מישרים מאס בבצע מעשקות נער כפיו מתמך בשחד אטם אזנו משמע דמים ועצם,177.8439171684,3239.1932106434,0.25,118.5626114456,2159.4621404289333,-0.23480118984856288,-0.2384629447013922,0.0,0.5928184779042144,0.5942389738557119,0.7266815425440653,0.6008320478370451,False,1.0,1.0,False,31.56,33,10,False
Isa.33.16,הוא מרומים ישכן מצדות סלעים משגבו לחמו נתן מימיו נאמנים,137.6680971963,68866.8729019259,0.4,76.48227622016667,38259.37383440328,-0.36774315271183033,0.04651616686454548,0.04651616686454548,0.6434676197110872,0.4814494243696626,0.7266815425440653,0.6008320478370451,False,0.9989187081279258,1.0,False,67.08,33,10,False
Isa.33.17,מלך ביפיו תחזינה עיניך תראינה ארץ מרחקים,26.2669501474,66109.0873404332,0.42857142857142855,14.143742387061538,35597.20087561787,-0.5646856676750263,0.025500500924394064,0.025500500924394064,0.7138562077841318,0.4898278744692059,0.7266815425440653,0.6008320478370451,False,0.9996749150778602,1.0,False,64.91,33,10,False
Isa.33.18,לבך יהגה אימה איה ספר איה שקל איה ספר את המגדלים,1059.4756997193,8806.0502757954,0.09090909090909091,896.4794382240232,7451.273310288415,2.2228263300430164,-0.196688447895269,2.2228263300430164,0.013113756454482485,0.5779643246239716,0.4455226205983392,0.6008320478370451,False,0.08454439932897305,1.0,False,95.58,33,10,False
Isa.33.19,את עם נועז לא תראה עם עמקי שפה משמוע נלעג לשון אין בינה,229.1343537013,7254.9174646148,0.23076923076923078,156.7761367429947,4963.890896841705,-0.11407541535686347,-0.2163242862407434,0.0,0.5454109946561835,0.5856325102327212,0.7266815425440653,0.6008320478370451,False,1.0,1.0,False,31.56,33,10,False
Isa.33.20,חזה ציון קרית מועדנו עיניך תראינה ירושלם נוה שאנן אהל בל יצען בל יסע יתדתיו לנצח,122.3711126363,8656.2838966749,0.25,81.58074175753333,5770.8559311166,-0.3516358661967128,-0.20995396100333233,0.0,0.6374443182057771,0.5831481970510963,0.7266815425440653,0.6008320478370451,False,1.0,1.0,False,31.56,33,10,False
Isa.33.21,כי אם שם אדיר יהוה לנו מקום נהרים יארים רחבי ידים בל תלך בו אני שיט וצי אדיר לא ,330.9371639023,5055.2351341619,0.21052631578947367,232.88170793124814,3557.3876870028184,0.12636050237987212,-0.22742747226935162,0.12636050237987212,0.4497232830109239,0.5899543199337902,0.7266815425440653,0.6008320478370451,False,0.9920482951246624,1.0,False,71.19,33,10,False
Isa.33.22,כי יהוה שפטנו יהוה מחקקנו יהוה מלכנו הוא יושיענו,45.1336034261,3537.7483830103,0.2222222222222222,31.24634083345385,2449.210419007131,-0.5106544201731892,-0.23617562035259726,0.0,0.6952034689076364,0.5933518017036821,0.7266815425440653,0.6008320478370451,False,1.0,1.0,False,31.56,33,10,False
Isa.33.23,נטשו חבליך בל יחזקו כן תרנם בל פרשו נס אז חלק עד שלל מרבה פסחים בזזו בז,1317.3340905388,19936.8322929608,0.29411764705882354,829.4325755244296,12552.820332604948,2.011009064725208,-0.15641593004658164,2.011009064725208,0.022162249628297857,0.5621474093205963,0.6653828900030822,0.6008320478370451,False,0.13237999670213393,1.0,False,95.12,33,10,False
Isa.33.24,ובל יאמר שכן חליתי העם הישב בה נשא עון,226.7506630607,236.9590077659,0.0,226.7506630607,236.9590077659,0.10699104785611611,-0.25363952572390175,0.10699104785611611,0.4573980408822526,0.6001129710971784,0.7266815425440653,0.6008320478370451,False,0.9942928061018969,1.0,False,70.18,33,10,False
Isa.34.1,קרבו גוים לשמע ולאמים הקשיבו תשמע הארץ ומלאה תבל וכל צאצאיה,228.6815920693,1954.5322525085,0.09090909090909091,193.49980867402306,1653.8349828918076,0.0019435517902147514,-0.24245445524468784,0.0019435517902147514,0.4992246355048763,0.5957859782153017,0.7266815425440653,0.6008320478370451,False,0.9999981113050029,1.0,False,63.13,34,10,False
Isa.34.2,כי קצף ליהוה על כל הגוים וחמה על כל צבאם החרימם נתנם לטבח,177.830434068,3645.4025462259,0.15384615384615385,135.98797899317645,2787.660770643335,-0.1797502366425493,-0.23350383319322413,0.0,0.5713256737169462,0.5923149033200787,0.7266815425440653,0.6008320478370451,False,1.0,1.0,False,31.56,34,10,False
Isa.34.3,וחלליהם ישלכו ופגריהם יעלה באשם ונמסו הרים מדמם,485.0762740788,289718.7426140567,0.75,194.03050963152,115887.49704562267,0.0036201645501914774,0.659326352462784,0.6593362910103233,0.49855576645350796,0.25484311182404124,0.7266815425440653,0.6008320478370451,False,0.8046384987337456,1.0,False,84.74,34,10,False
Isa.34.4,ונמקו כל צבא השמים ונגלו כספר השמים וכל צבאם יבול כנבל עלה מגפן וכנבלת מתאנה,263.377376263,45289.9771352901,0.4,146.32076459055554,25161.0984084945,-0.14710646629704513,-0.05688394462504831,0.0,0.5584760069791387,0.5226811780322024,0.7266815425440653,0.6008320478370451,False,1.0,1.0,False,31.56,34,10,False
Isa.34.5,כי רותה בשמים חרבי הנה על אדום תרד ועל עם חרמי למשפט,1028.2426712095,24478.2490284899,0.16666666666666666,771.1820034071251,18358.686771367426,1.8269814101521913,-0.1105833896898362,1.8269814101521913,0.03385128225981998,0.5440266401008795,0.7266815425440653,0.6008320478370451,False,0.18844849669288463,1.0,False,94.27,34,10,False
Isa.34.6,חרב ליהוה מלאה דם הדשנה מחלב מדם כרים ועתודים מחלב כליות אילים כי זבח ליהוה בבצר,72.7994761407,3231.845048618,0.125,58.239580912559994,2585.4760388944,-0.4253762421137405,-0.23509991535858926,0.0,0.6647187888543498,0.5929344078052791,0.7266815425440653,0.6008320478370451,False,1.0,1.0,False,31.56,34,10,False
Isa.34.7,וירדו ראמים עמם ופרים עם אבירים ורותה ארצם מדם ועפרם מחלב ידשן,256.3749119513,42243.5643472259,0.4166666666666667,139.84086106434546,23041.944189395945,-0.167578049741521,-0.07361292423445599,0.0,0.566542379627667,0.5293408065046964,0.7266815425440653,0.6008320478370451,False,1.0,1.0,False,31.56,34,10,False
Isa.34.8,כי יום נקם ליהוה שנת שלומים לריב ציון,117.3460406437,1421.572738734,0.125,93.87683251496,1137.2581909872001,-0.3127895397100076,-0.24653240414551936,0.0,0.6227797184896222,0.5973649382719737,0.7266815425440653,0.6008320478370451,False,1.0,1.0,False,31.56,34,10,False
Isa.34.9,ונהפכו נחליה לזפת ועפרה לגפרית והיתה ארצה לזפת בערה,164.0405853269,50406.6242594858,0.5555555555555556,77.70343515484736,23876.822017651168,-0.3638852161037981,-0.06702225044613241,0.0,0.6420281375998593,0.5267180051349061,0.7266815425440653,0.6008320478370451,False,1.0,1.0,False,31.56,34,10,False
Isa.34.10,לילה ויומם לא תכבה לעולם יעלה עשנה מדור לדור תחרב לנצח נצחים אין עבר בה,230.102797233,1360.6682777482,0.26666666666666666,150.06704167369566,887.3923550531739,-0.13527107035273453,-0.2485048894119319,0.0,0.5538012213345866,0.5981281062468061,0.7266815425440653,0.6008320478370451,False,1.0,1.0,False,31.56,34,10,False
Isa.34.11,וירשוה קאת וקפוד וינשוף וערב ישכנו בה ונטה עליה קו תהו ואבני בהו,126.9658716928,40086.0574087677,0.38461538461538464,71.76331878288696,22657.336796260006,-0.38265148129379967,-0.07664908327347841,0.0,0.6490109032315066,0.5305486445155712,0.7266815425440653,0.6008320478370451,False,1.0,1.0,False,31.56,34,10,False
Isa.34.12,חריה ואין שם מלוכה יקראו וכל שריה יהיו אפס,710.1826524403,2436.5731935945,0.1111111111111111,581.0585338147908,1993.559885668227,1.2263353578198128,-0.23977260655234856,1.2263353578198128,0.11003625043765447,0.5947467278148961,0.7266815425440653,0.6008320478370451,False,0.4714467103045321,1.0,False,91.01,34,10,False
Isa.34.13,ועלתה ארמנתיה סירים קמוש וחוח במבצריה והיתה נוה תנים חציר לבנות יענה,433.5231470076,253470.3873663292,0.3333333333333333,260.11388820456006,152082.23241979754,0.21239355033887056,0.9450540189938428,0.9686269245906625,0.4159000085429425,0.17231564917844738,0.7266815425440653,0.6008320478370451,False,0.6255531006699593,1.0,False,88.46,34,10,False
Isa.34.14,ופגשו ציים את איים ושעיר על רעהו יקרא אך שם הרגיעה לילית ומצאה לה מנוח,452.5281830801,15460.5548572085,0.26666666666666666,295.12707592180436,10082.970559049023,0.3230086838993369,-0.17591336262026808,0.3230086838993369,0.3733443327467342,0.5698189963958252,0.7266815425440653,0.6008320478370451,False,0.9491700527220126,1.0,False,78.0,34,10,False
Isa.34.15,שמה קננה קפוז ותמלט ובקעה ודגרה בצלה אך שם נקבצו דיות אשה רעותה,269.7022706533,285831.8753216199,0.5384615384615384,129.85664883307038,137622.75478448367,-0.19912059246506186,0.8309083356151465,0.8309083356151465,0.5789157933485113,0.20301270716893927,0.7266815425440653,0.6008320478370451,False,0.7080756568093156,1.0,False,87.06,34,10,False
Isa.34.16,דרשו מעל ספר יהוה וקראו אחת מהנה לא נעדרה אשה רעותה לא פקדו כי פי הוא צוה ורוחו ,195.7561542798,2692.346820301,0.05555555555555555,176.18053885182,2423.1121382709002,-0.05277221302457277,-0.23638164481383855,0.0,0.5210432992827899,0.5934317310101331,0.7266815425440653,0.6008320478370451,False,1.0,1.0,False,31.56,34,10,False
Isa.34.17,והוא הפיל להן גורל וידו חלקתה להם בקו עד עולם יירשוה לדור ודור ישכנו בה,375.837466596,2625.437550489,0.2,268.45533328285717,1875.3125360635715,0.23874619405913075,-0.24070607212204373,0.23874619405913075,0.4056511973183633,0.5951085337733628,0.7266815425440653,0.6008320478370451,False,0.9719024179773237,1.0,False,75.45,34,10,False
Isa.35.1,יששום מדבר וציה ותגל ערבה ותפרח כחבצלת,307.2599200737,388756.9645938537,0.5714285714285714,143.38796270106002,181419.91681046505,-0.15637189723503306,1.176650907759912,1.176650907759912,0.5621300562926663,0.11966743488565729,0.7266815425440653,0.6008320478370451,False,0.5004469502424691,1.0,False,90.63,35,10,False
Isa.35.2,פרח תפרח ותגל אף גילת ורנן כבוד הלבנון נתן לה הדר הכרמל והשרון המה יראו כבוד יהו,86.4220885437,1541.3165049536,0.23529411764705882,58.767020209715994,1048.095223368448,-0.4237099337281371,-0.24723627244059931,0.0,0.6641113151640026,0.5976373124476873,0.7266815425440653,0.6008320478370451,False,1.0,1.0,False,31.56,35,10,False
Isa.35.3,חזקו ידים רפות וברכים כשלות אמצו,54.3279586235,78832.5966255455,0.5,27.16397931175,39416.29831277275,-0.5235515881949108,0.05564913408035307,0.05564913408035307,0.6997047695422803,0.4778106608924293,0.7266815425440653,0.6008320478370451,False,0.9984527851110566,1.0,False,67.31,35,10,False
Isa.35.4,אמרו לנמהרי לב חזקו אל תיראו הנה אלהיכם נקם יבוא גמול אלהים הוא יבוא וישעכם,105.2863648145,5132.7727858093,0.13333333333333333,83.12081432723684,4052.1890414283953,-0.34677040423517125,-0.22352142253767426,0.0,0.6356180934643553,0.5884351439610203,0.7266815425440653,0.6008320478370451,False,1.0,1.0,False,31.56,35,10,False
Isa.35.5,אז תפקחנה עיני עורים ואזני חרשים תפתחנה,24.1921048669,26180.7851964763,0.2857142857142857,15.39497582439091,16660.499670484918,-0.5607327184347791,-0.12398918013566189,0.0,0.7125101204042317,0.5493380790220594,0.7266815425440653,0.6008320478370451,False,1.0,1.0,False,31.56,35,11,True
Isa.35.6,אז ידלג כאיל פסח ותרן לשון אלם כי נבקעו במדבר מים ונחלים בערבה,146.6734622586,28243.1453524314,0.38461538461538464,82.90239171138262,15963.516938330791,-0.3474604541392376,-0.129491285555472,0.0,0.6358772884991644,0.5515155399911792,0.7266815425440653,0.6008320478370451,False,1.0,1.0,False,31.56,35,11,False
Isa.35.7,והיה השרב לאגם וצמאון למבועי מים בנוה תנים רבצה חציר לקנה וגמא,334.6052787702,74206.8784506655,0.5,167.3026393851,37103.43922533275,-0.0808196459854958,0.03739101385271072,0.03739101385271072,0.532207308029673,0.4850866187843682,0.7266815425440653,0.6008320478370451,False,0.9993012003158384,1.0,False,66.31,35,11,False
Isa.35.8,והיה שם מסלול ודרך ודרך הקדש יקרא לה לא יעברנו טמא והוא למו הלך דרך ואוילים לא י,258.6349318106,6345.4779024921,0.2222222222222222,179.05495279195384,4393.0231632637615,-0.04369124374911954,-0.22083081747316904,0.0,0.5174247404854093,0.5873879164929762,0.7266815425440653,0.6008320478370451,False,1.0,1.0,False,31.56,35,11,False
Isa.35.9,לא יהיה שם אריה ופריץ חיות בל יעלנה לא תמצא שם והלכו גאולים,398.7146364113,3613.4897843276,0.23076923076923078,272.80475122878414,2472.3877471715155,0.252487057955452,-0.23599265440950157,0.252487057955452,0.4003323081949268,0.5932808149254414,0.7266815425440653,0.6008320478370451,False,0.9686277912718183,1.0,False,75.6,35,11,False
Isa.35.10,ופדויי יהוה ישבון ובאו ציון ברנה ושמחת עולם על ראשם ששון ושמחה ישיגו ונסו יגון ו,13.7689724608,300.2370459229,0.1875,10.013798153309091,218.35421521665455,-0.5777331609996289,-0.25378639525911,0.0,0.7182778564300727,0.6001697077825543,0.7266815425440653,0.6008320478370451,False,1.0,1.0,False,31.56,35,11,False
Isa.36.1,ויהי בארבע עשרה שנה למלך חזקיהו עלה סנחריב מלך אשור על כל ערי יהודה הבצרות ויתפש,20.9110448494,147.8959915623,0.0625,18.58759542168889,131.46310361093333,-0.5506464604792104,-0.2544723291195108,0.0,0.7090619734367279,0.6004346606076842,0.7266815425440653,0.6008320478370451,False,1.0,1.0,False,31.56,36,11,False
Isa.36.2,וישלח מלך אשור את רב שקה מלכיש ירושלמה אל המלך חזקיהו בחיל כבד ויעמד בתעלת הברכה,101.4448135924,6140.8112886367,0.1875,73.77804624901817,4466.044573553963,-0.3762864696429386,-0.22025437349717816,0.0,0.6466480314576346,0.5871634738715088,0.7266815425440653,0.6008320478370451,False,1.0,1.0,False,31.56,36,11,False
Isa.36.3,ויצא אליו אליקים בן חלקיהו אשר על הבית ושבנא הספר ויואח בן אסף המזכיר,201.9746481286,3721.701462211,0.07142857142857142,176.727817112525,3256.488779434625,-0.05104322855187908,-0.2298028216629142,0.0,0.5203544629897531,0.5908775039849555,0.7266815425440653,0.6008320478370451,False,1.0,1.0,False,31.56,36,11,False
Isa.36.4,ויאמר אליהם רב שקה אמרו נא אל חזקיהו כה אמר המלך הגדול מלך אשור מה הבטחון הזה אש,41.8325807578,176.7659592746,0.05555555555555555,37.64932268202,159.08936334714,-0.49042585092424984,-0.25425424252078854,0.0,0.6880837061840739,0.6003504262109502,0.7266815425440653,0.6008320478370451,False,1.0,1.0,False,31.56,36,11,False
Isa.36.5,אמרתי אך דבר שפתים עצה וגבורה למלחמה עתה על מי בטחת כי מרדת בי,106.2561349339,613.9033404175,0.07142857142857142,92.97411806716251,537.1654228653125,-0.31564143311704246,-0.2512696429888228,0.0,0.623862657447439,0.5991971781094994,0.7266815425440653,0.6008320478370451,False,1.0,1.0,False,31.56,36,11,False
Isa.36.6,הנה בטחת על משענת הקנה הרצוץ הזה על מצרים אשר יסמך איש עליו ובא בכפו ונקבה כן פר,65.920117017,2149.0743786287,0.2222222222222222,45.63700408869231,1487.820723666023,-0.4651908322572019,-0.24376500127877518,0.0,0.6791025983200384,0.5962935861556984,0.7266815425440653,0.6008320478370451,False,1.0,1.0,False,31.56,36,11,False
Isa.36.7,וכי תאמר אלי אל יהוה אלהינו בטחנו הלוא הוא אשר הסיר חזקיהו את במתיו ואת מזבחתיו ,41.3686739975,5924.6478279858,0.1875,30.08630836181818,4308.834783989673,-0.5143192434912117,-0.22149541548474008,0.0,0.6964855951210118,0.587646647063305,0.7266815425440653,0.6008320478370451,False,1.0,1.0,False,31.56,36,11,False
Isa.36.8,ועתה התערב נא את אדני המלך אשור ואתנה לך אלפים סוסים אם תוכל לתת לך רכבים עליהם,196.2994209445,350.3670808668,0.058823529411764705,175.63632400297368,313.4863355124,-0.05449151943782675,-0.25303540541312125,0.0,0.5217282174696014,0.5998795731592315,0.7266815425440653,0.6008320478370451,False,1.0,1.0,False,31.56,36,11,False
Isa.36.9,ואיך תשיב את פני פחת אחד עבדי אדני הקטנים ותבטח לך על מצרים לרכב ולפרשים,153.1595689683,10406.1864314558,0.2,109.39969212021428,7432.990308182715,-0.2637490695208308,-0.1968327771595899,0.0,0.6040133590824686,0.5780207998092918,0.7266815425440653,0.6008320478370451,False,1.0,1.0,False,31.56,36,11,False
Isa.36.10,ועתה המבלעדי יהוה עליתי על הארץ הזאת להשחיתה יהוה אמר אלי עלה אל הארץ הזאת והשחי,75.0872105751,992.0501760077,0.1875,54.60888041825455,721.4910370965091,-0.43684650364316563,-0.2498145438675909,0.0,0.6688886645569952,0.5986346140474592,0.7266815425440653,0.6008320478370451,False,1.0,1.0,False,31.56,36,11,False
Isa.36.11,ויאמר אליקים ושבנא ויואח אל רב שקה דבר נא אל עבדיך ארמית כי שמעים אנחנו ואל תדבר,35.3343161947,265.7470410743,0.0,35.3343161947,265.7470410743,-0.49773951667374483,-0.2534122678783562,0.0,0.6906661742374364,0.6000251757038989,0.7266815425440653,0.6008320478370451,False,1.0,1.0,False,31.56,36,11,False
Isa.36.12,ויאמר רב שקה האל אדניך ואליך שלחני אדני לדבר את הדברים האלה הלא על האנשים הישבים,47.7551180074,1429.2146509503,0.0,47.7551180074,1429.2146509503,-0.458499197782037,-0.24422764802086355,0.0,0.67670308063994,0.5964727423719989,0.7266815425440653,0.6008320478370451,False,1.0,1.0,False,31.56,36,11,False
Isa.36.13,ויעמד רב שקה ויקרא בקול גדול יהודית ויאמר שמעו את דברי המלך הגדול מלך אשור,58.9147666495,508.1093462312,0.0,58.9147666495,508.1093462312,-0.4232431669686586,-0.2514990168159661,0.0,0.6639410724831478,0.5992858388808703,0.7266815425440653,0.6008320478370451,False,1.0,1.0,False,31.56,36,11,False
Isa.36.14,כה אמר המלך אל ישא לכם חזקיהו כי לא יוכל להציל אתכם,63.3578279438,80.3587637639,0.0,63.3578279438,80.3587637639,-0.40920646107214637,-0.25487575585058514,0.0,0.6588059233783314,0.6005904689869617,0.7266815425440653,0.6008320478370451,False,1.0,1.0,False,31.56,36,11,False
Isa.36.15,ואל יבטח אתכם חזקיהו אל יהוה לאמר הצל יצילנו יהוה לא תנתן העיר הזאת ביד מלך אשור,48.2178978156,4342.2468137224,0.058823529411764705,43.142329624484205,3885.1682017516205,-0.47307211262723686,-0.2248399146965354,0.0,0.6819191340162994,0.5889480932409097,0.7266815425440653,0.6008320478370451,False,1.0,1.0,False,31.56,36,11,False
Isa.36.16,אל תשמעו אל חזקיהו כי כה אמר המלך אשור עשו אתי ברכה וצאו אלי ואכלו איש גפנו ואיש,18.1234000234,513.2176555438,0.1111111111111111,14.828236382781816,419.9053545358363,-0.5625231854877604,-0.2521953147848641,0.0,0.7131201943579334,0.5995549503387553,0.7266815425440653,0.6008320478370451,False,1.0,1.0,False,31.56,36,11,False
Isa.36.17,עד באי ולקחתי אתכם אל ארץ כארצכם ארץ דגן ותירוש ארץ לחם וכרמים,18.8643560389,1907.9408356767,0.07692307692307693,16.349108567046667,1653.5487242531403,-0.557718382190516,-0.24245671502119967,0.0,0.7114816483551754,0.5957868536235178,0.7266815425440653,0.6008320478370451,False,1.0,1.0,False,31.56,36,11,False
Isa.36.18,פן יסית אתכם חזקיהו לאמר יהוה יצילנו ההצילו אלהי הגוים איש את ארצו מיד מלך אשור,80.0268248332,2497.7822762896,0.125,64.02145986656,1998.22582103168,-0.4071098872222043,-0.23973577283026712,0.0,0.6580363590418609,0.5947324496103422,0.7266815425440653,0.6008320478370451,False,1.0,1.0,False,31.56,36,11,False
Isa.36.19,איה אלהי חמת וארפד איה אלהי ספרוים וכי הצילו את שמרון מידי,339.5052382095,973.1518002724,0.16666666666666666,254.62892865712502,729.8638502043001,0.1950652357103094,-0.24974844739453042,0.1950652357103094,0.4226709388216696,0.5986090552531691,0.7266815425440653,0.6008320478370451,False,0.981154614178225,1.0,False,73.97,36,11,False
Isa.36.20,מי בכל אלהי הארצות האלה אשר הצילו את ארצם מידי כי יציל יהוה את ירושלם מידי,20.3470438998,35.3680377102,0.0,20.3470438998,35.3680377102,-0.5450879369317195,-0.2552309206290527,0.0,0.7071534805689594,0.6007276247457787,0.7266815425440653,0.6008320478370451,False,1.0,1.0,False,31.56,36,11,False
Isa.36.21,ויחרישו ולא ענו אתו דבר כי מצות המלך היא לאמר לא תענהו,107.0629620062,253.8003521744,0.16666666666666666,80.29722150465,190.3502641308,-0.3556908173010456,-0.25400746342039626,0.0,0.6389639386821833,0.6002551039067467,0.7266815425440653,0.6008320478370451,False,1.0,1.0,False,31.56,36,11,False
Isa.36.22,ויבא אליקים בן חלקיהו אשר על הבית ושבנא הסופר ויואח בן אסף המזכיר אל חזקיהו קרוע,127.9228155145,2079.0248041987,0.125,102.3382524116,1663.2198433589601,-0.2860578665034275,-0.24238036949010838,0.0,0.6125830993341672,0.5957572780858404,0.7266815425440653,0.6008320478370451,False,1.0,1.0,False,31.56,36,11,False
Isa.37.1,ויהי כשמע המלך חזקיהו ויקרע את בגדיו ויתכס בשק ויבא בית יהוה,24.567275678,597.4041191111,0.16666666666666666,18.4254567585,448.05308933332503,-0.5511586957554951,-0.251973111569433,0.0,0.7092375541211188,0.5994690763832424,0.7266815425440653,0.6008320478370451,False,1.0,1.0,False,31.56,37,11,False
Isa.37.2,וישלח את אליקים אשר על הבית ואת שבנא הסופר ואת זקני הכהנים מתכסים בשקים אל ישעיה,18.1740214445,746.8080124909,0.1875,13.217470141454545,543.1330999933817,-0.5676119858665775,-0.25122253308615916,0.0,0.7148507666612286,0.5991789679000622,0.7266815425440653,0.6008320478370451,False,1.0,1.0,False,31.56,37,11,False
Isa.37.3,ויאמרו אליו כה אמר חזקיהו יום צרה ותוכחה ונאצה היום הזה כי באו בנים עד משבר וכח ,46.109331512,1091.2614876938,0.23529411764705882,31.354345428159995,742.057811631784,-0.5103132075202583,-0.24965218609828313,0.0,0.6950839743891805,0.5985718312919681,0.7266815425440653,0.6008320478370451,False,1.0,1.0,False,31.56,37,11,False
Isa.37.4,אולי ישמע יהוה אלהיך את דברי רב שקה אשר שלחו מלך אשור אדניו לחרף אלהים חי והוכיח,21.7165407525,2009.628896315,0.0,21.7165407525,2009.628896315,-0.5407613649413194,-0.2396457549296443,0.0,0.7056639621353852,0.5946975545883854,0.7266815425440653,0.6008320478370451,False,1.0,1.0,False,31.56,37,11,False
Isa.37.5,ויבאו עבדי המלך חזקיהו אל ישעיהו,37.8403728838,14.289240417,0.0,37.8403728838,14.289240417,-0.4898222771006576,-0.25539732039690854,0.0,0.6878701672846006,0.6007918799004522,0.7266815425440653,0.6008320478370451,False,1.0,1.0,False,31.56,37,11,False
Isa.37.6,ויאמר אליהם ישעיהו כה תאמרון אל אדניכם כה אמר יהוה אל תירא מפני הדברים אשר שמעת ,11.8521003028,180.5168578893,0.0,11.8521003028,180.5168578893,-0.5719255196208268,-0.25408509007494673,0.0,0.7163137828569122,0.6002850890659455,0.7266815425440653,0.6008320478370451,False,1.0,1.0,False,31.56,37,11,False
Isa.37.7,הנני נותן בו רוח ושמע שמועה ושב אל ארצו והפלתיו בחרב בארצו,142.8182220411,428.6558806076,0.08333333333333333,122.41561889237143,367.4193262350857,-0.2226286068556643,-0.25260964880987696,0.0,0.5880877149495519,0.5997150634364168,0.7266815425440653,0.6008320478370451,False,1.0,1.0,False,31.56,37,11,False
Isa.37.8,וישב רב שקה וימצא את מלך אשור נלחם על לבנה כי שמע כי נסע מלכיש,131.8418688196,1010.1120677125,0.06666666666666667,116.33106072317646,891.2753538639706,-0.24185119863957225,-0.2484742363299883,0.0,0.5955522672617968,0.5981162492143772,0.7266815425440653,0.6008320478370451,False,1.0,1.0,False,31.56,37,11,False
Isa.37.9,וישמע על תרהקה מלך כוש לאמר יצא להלחם אתך וישמע וישלח מלאכים אל חזקיהו לאמר,47.5409789744,397.7021770951,0.06666666666666667,41.947922624470586,350.9136856721471,-0.4768455333994048,-0.2527399472666524,0.0,0.6832639403626066,0.599765411835847,0.7266815425440653,0.6008320478370451,False,1.0,1.0,False,31.56,37,11,False
Isa.37.10,כה תאמרון אל חזקיהו מלך יהודה לאמר אל ישאך אלהיך אשר אתה בוטח בו לאמר לא תנתן יר,16.5519554608,196.3155254301,0.1111111111111111,13.542509013381816,160.62179353371818,-0.5665851094073149,-0.2542421452448503,0.0,0.7145019529623803,0.6003457535874425,0.7266815425440653,0.6008320478370451,False,1.0,1.0,False,31.56,37,11,False
Isa.37.11,הנה אתה שמעת אשר עשו מלכי אשור לכל הארצות להחרימם ואתה תנצל,92.6752430617,206.8453858161,0.16666666666666666,69.50643229627501,155.13403936207501,-0.3897815318954031,-0.2542854665504974,0.0,0.6516509493890991,0.600362486556804,0.7266815425440653,0.6008320478370451,False,1.0,1.0,False,31.56,37,11,False
Isa.37.12,ההצילו אותם אלהי הגוים אשר השחיתו אבותי את גוזן ואת חרן ורצף ובני עדן אשר בתלשר,186.1811000615,13944.180834503,0.3125,114.57298465323076,8581.034359694155,-0.2474053864175313,-0.1877699136099015,0.0,0.5977027470088262,0.5744714891557549,0.7266815425440653,0.6008320478370451,False,1.0,1.0,False,31.56,37,11,False
Isa.37.13,איה מלך חמת ומלך ארפד ומלך לעיר ספרוים הנע ועוה,4453.9748461063,30070.4922198934,0.4,2474.4304700590556,16705.82901105189,7.2079555204464,-0.12363134227411383,7.2079555204464,2.839908765786745e-13,0.5491964123449091,9.165805541576718e-11,0.6008320478370451,False,5.226332156632257e-12,7.496883126902493e-10,True,99.38,37,11,False
Isa.37.14,ויקח חזקיהו את הספרים מיד המלאכים ויקראהו ויעל בית יהוה ויפרשהו חזקיהו לפני יהוה,45.6982656586,797.0486660393,0.14285714285714285,35.54309551224445,619.9267402527889,-0.49707993228281916,-0.2506163104571245,0.0,0.6904336572789483,0.5989446149136707,0.7266815425440653,0.6008320478370451,False,1.0,1.0,False,31.56,37,11,False
Isa.37.15,ויתפלל חזקיהו אל יהוה לאמר,115.701297496,25.0458600968,0.0,115.701297496,25.0458600968,-0.24384077308358343,-0.25531240573158226,0.0,0.5963229295600746,0.6007590905025537,0.7266815425440653,0.6008320478370451,False,1.0,1.0,False,31.56,37,11,False
Isa.37.16,יהוה צבאות אלהי ישראל ישב הכרבים אתה הוא האלהים לבדך לכל ממלכות הארץ אתה עשית את,12.7179579081,35.6057386874,0.0,12.7179579081,35.6057386874,-0.5691900658989872,-0.2552290441753407,0.0,0.7153864192261828,0.6007269001389186,0.7266815425440653,0.6008320478370451,False,1.0,1.0,False,31.56,37,11,False
Isa.37.17,הטה יהוה אזנך ושמע פקח יהוה עינך וראה ושמע את כל דברי סנחריב אשר שלח לחרף אלהים ,16.7840629449,424.475677322,0.0,16.7840629449,424.475677322,-0.5563442560473182,-0.2521592358454415,0.0,0.7110122307712538,0.5995410073877364,0.7266815425440653,0.6008320478370451,False,1.0,1.0,False,31.56,37,11,False
Isa.37.18,אמנם יהוה החריבו מלכי אשור את כל הארצות ואת ארצם,51.3583368283,90.2436087854,0.1,42.79861402358333,75.20300732116667,-0.47415799339329295,-0.2549164563072221,0.0,0.6823063770624324,0.6006061871160668,0.7266815425440653,0.6008320478370451,False,1.0,1.0,False,31.56,37,11,False
Isa.37.19,ונתן את אלהיהם באש כי לא אלהים המה כי אם מעשה ידי אדם עץ ואבן ויאבדום,37.5137920176,76.8932661163,0.0625,33.34559290453333,68.34956988115556,-0.5040223748394482,-0.2549705585590332,0.0,0.6928771730672837,0.6006270806384852,0.7266815425440653,0.6008320478370451,False,1.0,1.0,False,31.56,37,11,False
Isa.37.20,ועתה יהוה אלהינו הושיענו מידו וידעו כל ממלכות הארץ כי אתה יהוה לבדך,13.3278510461,312.6027516374,0.0,13.3278510461,312.6027516374,-0.5672632658754563,-0.25304238058108913,0.0,0.7147323347725549,0.5998822681735975,0.7266815425440653,0.6008320478370451,False,1.0,1.0,False,31.56,37,11,False
Isa.37.21,וישלח ישעיהו בן אמוץ אל חזקיהו לאמר כה אמר יהוה אלהי ישראל אשר התפללת אלי אל סנח,14.8590111266,9.6026740773,0.11764705882352941,12.028723292961905,7.773593300671428,-0.5713675248502741,-0.2554487560719382,0.0,0.7161247310334972,0.6008117411981923,0.7266815425440653,0.6008320478370451,False,1.0,1.0,False,31.56,37,11,False
Isa.37.22,זה הדבר אשר דבר יהוה עליו בזה לך לעגה לך בתולת בת ציון אחריך ראש הניעה בת ירושלם,38.1125892072,435.9842943621,0.1111111111111111,31.183027533163635,356.7144226599,-0.5108544422112942,-0.2526941552190925,0.0,0.6952735080296665,0.5997477175995307,0.7266815425440653,0.6008320478370451,False,1.0,1.0,False,31.56,37,11,False
Isa.37.23,את מי חרפת וגדפת ועל מי הרימותה קול ותשא מרום עיניך אל קדוש ישראל,92.8466414863,960.6860074756,0.14285714285714285,72.21405448934445,747.2002280365779,-0.38122749811429296,-0.24961159095027383,0.0,0.648482776758363,0.5985561329989865,0.7266815425440653,0.6008320478370451,False,1.0,1.0,False,31.56,37,11,False
Isa.37.24,ביד עבדיך חרפת אדני ותאמר ברב רכבי אני עליתי מרום הרים ירכתי לבנון ואכרת קומת אר,108.0827449707,39978.6864504897,0.25,72.05516331380001,26652.4576336598,-0.3817294737911826,-0.04511089014734962,0.0,0.6486689821287213,0.5179905394109564,0.7266815425440653,0.6008320478370451,False,1.0,1.0,False,31.56,37,11,False
Isa.37.25,אני קרתי ושתיתי מים ואחרב בכף פעמי כל יארי מצור,1450.9800269458,190952.6768290417,0.3,906.8625168411251,119345.42301815106,2.255628988209268,0.6866238339598485,2.3578198450712233,0.012046938100166096,0.24615990259386655,0.42034046181930895,0.6008320478370451,False,0.062059777146419165,1.0,False,95.97,37,11,False
Isa.37.26,הלוא שמעת למרחוק אותה עשיתי מימי קדם ויצרתיה עתה הבאתיה ותהי להשאות גלים נצים ער,273.4297911334,27483.8315628521,0.26666666666666666,178.32377682613043,17924.23797577311,-0.0460012055774716,-0.11401300560798332,0.0,0.5183453554917281,0.5453862581553119,0.7266815425440653,0.6008320478370451,False,1.0,1.0,False,31.56,37,11,False
Isa.37.27,וישביהן קצרי יד חתו ובשו היו עשב שדה וירק דשא חציר גגות ושדמה לפני קמה,269.5739543314,14462.4803343179,0.26666666666666666,175.80910065091305,9432.052391946456,-0.053945676193210355,-0.18105182618592772,0.0,0.5215107773581433,0.5718365516354591,0.7266815425440653,0.6008320478370451,False,1.0,1.0,False,31.56,37,11,False
Isa.37.28,ושבתך וצאתך ובואך ידעתי ואת התרגזך אלי,236.2361237197,128169.1208632184,0.5714285714285714,110.24352440252667,59812.25640283526,-0.26108319912467015,0.2166584480453038,0.2166584480453038,0.6029858261845932,0.414237266225378,0.7266815425440653,0.6008320478370451,False,0.9768028470156535,1.0,False,74.59,37,11,False
Isa.37.29,יען התרגזך אלי ושאננך עלה באזני ושמתי חחי באפך ומתגי בשפתיך והשיבתיך בדרך אשר בא,94.8385072921,10738.8218485966,0.4,52.68805960672222,5966.012138109222,-0.44291484144574533,-0.20841336326013568,0.0,0.6710863340021024,0.5825468884783227,0.7266815425440653,0.6008320478370451,False,1.0,1.0,False,31.56,37,11,False
Isa.37.30,וזה לך האות אכול השנה ספיח ובשנה השנית שחיס ובשנה השלישית זרעו וקצרו ונטעו כרמים,112.3225352529,3945.0299878934,0.26666666666666666,73.25382733884783,2572.8456442783045,-0.3779426040466866,-0.23519962193590543,0.0,0.6472633838965993,0.5929731002906773,0.7266815425440653,0.6008320478370451,False,1.0,1.0,False,31.56,37,11,False
Isa.37.31,ויספה פליטת בית יהודה הנשארה שרש למטה ועשה פרי למעלה,700.8806715319,9083.6192710494,0.3,438.05041970743747,5677.262044405875,0.7745381158787605,-0.2106928077603253,0.7745381158787605,0.21930631851100485,0.5834365063954773,0.7266815425440653,0.6008320478370451,False,0.7408518201616947,1.0,False,86.13,37,11,False
Isa.37.32,כי מירושלם תצא שארית ופליטה מהר ציון קנאת יהוה צבאות תעשה זאת,79.433362359,3840.1116845265,0.0,79.433362359,3840.1116845265,-0.35841995740520255,-0.22519559884218981,0.0,0.6399854707223824,0.589086443429875,0.7266815425440653,0.6008320478370451,False,1.0,1.0,False,31.56,37,11,False
Isa.37.33,לכן כה אמר יהוה אל מלך אשור לא יבוא אל העיר הזאת ולא יורה שם חץ ולא יקדמנה מגן ו,25.6980628887,178.7688429138,0.1,21.415052407250002,148.9740357615,-0.5417138395873319,-0.2543340947124778,0.0,0.7059921728606923,0.6003812690939349,0.7266815425440653,0.6008320478370451,False,1.0,1.0,False,31.56,37,11,False
Isa.37.34,בדרך אשר בא בה ישוב ואל העיר הזאת לא יבוא נאם יהוה,50.7558553223,41.2168912424,0.0,50.7558553223,41.2168912424,-0.449019142394105,-0.25518474874094904,0.0,0.6732910761013734,0.6007097950195441,0.7266815425440653,0.6008320478370451,False,1.0,1.0,False,31.56,37,11,False
Isa.37.35,וגנותי על העיר הזאת להושיעה למעני ולמען דוד עבדי,37.6365249463,387.9066020871,0.2222222222222222,26.056055732053846,268.55072452183845,-0.5270517869123935,-0.2533901351034961,0.0,0.7009211868544454,0.6000166249887928,0.7266815425440653,0.6008320478370451,False,1.0,1.0,False,31.56,37,11,False
Isa.37.36,ויצא מלאך יהוה ויכה במחנה אשור מאה ושמנים וחמשה אלף וישכימו בבקר והנה כלם פגרים ,21.306220271,50.2881127788,0.06666666666666667,18.79960612147059,44.371864216588236,-0.5499766673697686,-0.2551598428242028,0.0,0.7088323113781516,0.6007001772689431,0.7266815425440653,0.6008320478370451,False,1.0,1.0,False,31.56,37,11,False
Isa.37.37,ויסע וילך וישב סנחריב מלך אשור וישב בנינוה,20.9176019171,2741.0133426441,0.125,16.73408153368,2192.8106741152797,-0.5565021594213921,-0.23819968545625814,0.0,0.7110661906812021,0.5941368894655429,0.7266815425440653,0.6008320478370451,False,1.0,1.0,False,31.56,37,11,False
Isa.37.38,ויהי הוא משתחוה בית נסרך אלהיו ואדרמלך ושראצר בניו הכהו בחרב והמה נמלטו ארץ אררט,63.0009229268,37012.6518021351,0.3333333333333333,37.80055375608001,22207.59108128106,-0.4899480753617751,-0.08019945578884055,0.0,0.6879146787695634,0.5319606885065536,0.7266815425440653,0.6008320478370451,False,1.0,1.0,False,31.56,37,11,False
Isa.38.1,בימים ההם חלה חזקיהו למות ויבוא אליו ישעיהו בן אמוץ הנביא ויאמר אליו כה אמר יהוה,5.7535470156,3.5356338051,0.0,5.7535470156,3.5356338051,-0.5911923253694793,-0.25548221127654197,0.0,0.7228042178038122,0.6008246594028211,0.7266815425440653,0.6008320478370451,False,1.0,1.0,False,31.56,38,11,False
Isa.38.2,ויסב חזקיהו פניו אל הקיר ויתפלל אל יהוה,15.5831702476,66.9404778331,0.0,15.5831702476,66.9404778331,-0.560138166706821,-0.25498168218181033,0.0,0.7123074005013986,0.6006313763881376,0.7266815425440653,0.6008320478370451,False,1.0,1.0,False,31.56,38,11,False
Isa.38.3,ויאמר אנה יהוה זכר נא את אשר התהלכתי לפניך באמת ובלב שלם והטוב בעיניך עשיתי ויבך,9.5134154152,155.3820880895,0.0625,8.456369257955556,138.11741163511113,-0.5826534557943132,-0.2544197988306588,0.0,0.7199366940139602,0.6004143715846878,0.7266815425440653,0.6008320478370451,False,1.0,1.0,False,31.56,38,11,False
Isa.38.4,ויהי דבר יהוה אל ישעיהו לאמר,10.0995194212,11.2257883594,0.0,10.0995194212,11.2257883594,-0.5774623467689082,-0.25542150383129203,0.0,0.7181864162514947,0.6008012180895999,0.7266815425440653,0.6008320478370451,False,1.0,1.0,False,31.56,38,11,False
Isa.38.5,הלוך ואמרת אל חזקיהו כה אמר יהוה אלהי דוד אביך שמעתי את תפלתך ראיתי את דמעתך הננ,16.9720117306,39.4600755646,0.17647058823529413,12.54453040957391,29.166142808617387,-0.5697379653381198,-0.2552798794884001,0.0,0.715572281993389,0.6007465304587001,0.7266815425440653,0.6008320478370451,False,1.0,1.0,False,31.56,38,11,False
Isa.38.6,ומכף מלך אשור אצילך ואת העיר הזאת וגנותי על העיר הזאת,293.5153874011,737.6223266791,0.2727272727272727,189.9217212595353,477.2850349100059,-0.0093604922871446,-0.25174234940163587,0.0,0.5037342416069959,0.599379889595421,0.7266815425440653,0.6008320478370451,False,1.0,1.0,False,31.56,38,11,False
Isa.38.7,וזה לך האות מאת יהוה אשר יעשה יהוה את הדבר הזה אשר דבר,14.5457801867,4.259249069,0.0,14.5457801867,4.259249069,-0.5634155329685693,-0.25547649892918856,0.0,0.7134240187277587,0.600822453676944,0.7266815425440653,0.6008320478370451,False,1.0,1.0,False,31.56,38,11,False
Isa.38.8,הנני משיב את צל המעלות אשר ירדה במעלות אחז בשמש אחרנית עשר מעלות ותשב השמש עשר מ,80.6563290553,111.5243448205,0.17647058823529413,59.615547562613045,82.43103747602174,-0.42102923046774277,-0.25485939695402027,0.0,0.6631331313135426,0.6005841512908159,0.7266815425440653,0.6008320478370451,False,1.0,1.0,False,31.56,38,11,False
Isa.38.9,מכתב לחזקיהו מלך יהודה בחלתו ויחי מחליו,234.2355981053,10861.7615412061,0.42857142857142855,126.12686051823846,5848.640829880208,-0.21090389639983056,-0.20933991320369189,0.0,0.5835188681866577,0.5829085521359971,0.7266815425440653,0.6008320478370451,False,1.0,1.0,False,31.56,38,11,False
Isa.38.10,אני אמרתי בדמי ימי אלכה בשערי שאול פקדתי יתר שנותי,123.7174475346,11106.0289765771,0.0,123.7174475346,11106.0289765771,-0.218515815118566,-0.1678371578533775,0.0,0.5864863813226954,0.5666443053095561,0.7266815425440653,0.6008320478370451,False,1.0,1.0,False,31.56,38,11,False
Isa.38.11,אמרתי לא אראה יה יה בארץ החיים לא אביט אדם עוד עם יושבי חדל,202.7156573814,797.3291497316,0.0,202.7156573814,797.3291497316,0.0310586481896632,-0.24921586434325307,0.0310586481896632,0.48761138385538755,0.5984030957355787,0.7266815425440653,0.6008320478370451,False,0.9995177964838184,1.0,False,65.53,38,11,False
Isa.38.12,דורי נסע ונגלה מני כאהל רעי קפדתי כארג חיי מדלה יבצעני מיום עד לילה תשלימני,881.354393967,94989.7283605237,0.4666666666666667,455.8729623967241,49132.61811751226,0.830843841478021,0.13235148751318357,0.8413194429994515,0.20303092604589384,0.44735314219068295,0.7266815425440653,0.6008320478370451,False,0.7019386986817426,1.0,False,87.3,38,11,False
Isa.38.13,שויתי עד בקר כארי כן ישבר כל עצמותי מיום עד לילה תשלימני,103.3898597769,8301.8960281547,0.16666666666666666,77.542394832675,6226.4220211160255,-0.3643939814550015,-0.20635764141429372,0.0,0.6422180854467434,0.5817442220238246,0.7266815425440653,0.6008320478370451,False,1.0,1.0,False,31.56,38,11,False
Isa.38.14,כסוס עגור כן אצפצף אהגה כיונה דלו עיני למרום אדני עשקה לי ערבני,227.4241873208,51477.3479064424,0.46153846153846156,118.260577406816,26768.22091135005,-0.23575538847251293,-0.04419703428233278,0.0,0.5931887563746155,0.5176263269774283,0.7266815425440653,0.6008320478370451,False,1.0,1.0,False,31.56,38,11,False
Isa.38.15,מה אדבר ואמר לי והוא עשה אדדה כל שנותי על מר נפשי,396.4790095308,2214.5395627943,0.08333333333333333,339.8391510264,1898.1767681093997,0.46426494994975936,-0.2405255778152905,0.46426494994975936,0.32122896624638886,0.5950385815340501,0.7266815425440653,0.6008320478370451,False,0.8978332019387854,1.0,False,81.95,38,11,False
Isa.38.16,אדני עליהם יחיו ולכל בהן חיי רוחי ותחלימני והחיני,420.540029142,36936.2282450303,0.2222222222222222,291.1430970983077,25571.234938867132,0.31042233063090513,-0.053646254044607426,0.31042233063090513,0.37811990745785434,0.5213914979264441,0.7266815425440653,0.6008320478370451,False,0.9529612743460271,1.0,False,77.61,38,11,False
Isa.38.17,הנה לשלום מר לי מר ואתה חשקת נפשי משחת בלי כי השלכת אחרי גוך כל חטאי,183.2411476179,2882.2194988278,0.125,146.59291809432,2305.77559906224,-0.14624666751462725,-0.2373079202845757,0.0,0.5581366668901162,0.5937910409587221,0.7266815425440653,0.6008320478370451,False,1.0,1.0,False,31.56,38,11,False
Isa.38.18,כי לא שאול תודך מות יהללך לא ישברו יורדי בור אל אמתך,224.797767548,4569.8862742868,0.16666666666666666,168.59832566100002,3427.4147057151,-0.07672625947014704,-0.22845350205715115,0.0,0.5305793429618424,0.5903531498499095,0.7266815425440653,0.6008320478370451,False,1.0,1.0,False,31.56,38,11,False
Isa.38.19,חי חי הוא יודך כמוני היום אב לבנים יודיע אל אמתך,332.8759091683,2211.0594299884,0.18181818181818182,244.1090000567533,1621.4435819914931,0.16183023532776578,-0.2427101587136935,0.16183023532776578,0.43571977126000383,0.5958850313901194,0.7266815425440653,0.6008320478370451,False,0.9869908476067686,1.0,False,72.42,38,11,False
Isa.38.20,יהוה להושיעני ונגנותי ננגן כל ימי חיינו על בית יהוה,104.242998831,7947.1082406563,0.3,65.15187426937499,4966.9426504101875,-0.4035386345514722,-0.21630019515630983,0.0,0.6567239904803442,0.5856231215236416,0.7266815425440653,0.6008320478370451,False,1.0,1.0,False,31.56,38,11,False
Isa.38.21,ויאמר ישעיהו ישאו דבלת תאנים וימרחו על השחין ויחי,176.5599146106,56713.2388664107,0.2222222222222222,122.23378703810769,39263.01152289972,-0.22320305768851503,0.05443906094878629,0.05443906094878629,0.588311263860426,0.4782926794216647,0.7266815425440653,0.6008320478370451,False,0.9985192916534638,1.0,False,67.23,38,11,False
Isa.38.22,ויאמר חזקיהו מה אות כי אעלה בית יהוה,232.2261003936,86.0951457613,0.0,232.2261003936,86.0951457613,0.12428927950448451,-0.2548304718327437,0.12428927950448451,0.45054311760026566,0.6005729805384994,0.7266815425440653,0.6008320478370451,False,0.9923058402604279,1.0,False,70.88,38,11,False
Isa.39.1,בעת ההוא שלח מרדך בלאדן בן בלאדן מלך בבל ספרים ומנחה אל חזקיהו וישמע כי חלה ויחז,299.5831778259,1305.8007131132,0.17647058823529413,221.43104448001304,965.1570488227999,0.09018508535577462,-0.24789100111410087,0.09018508535577462,0.4640700680945092,0.5978906286408581,0.7266815425440653,0.6008320478370451,False,0.9959415829140732,1.0,False,69.17,39,11,False
Isa.39.2,וישמח עליהם חזקיהו ויראם את בית נכתה נכתו את הכסף ואת הזהב ואת הבשמים ואת השמן ה,51.0332304186,339.927030328,0.29411764705882354,32.132033967266665,214.0281302065185,-0.5078563012163698,-0.2538205461421703,0.0,0.6942229387689516,0.6001829001944755,0.7266815425440653,0.6008320478370451,False,1.0,1.0,False,31.56,39,11,False
Isa.39.3,ויבא ישעיהו הנביא אל המלך חזקיהו ויאמר אליו מה אמרו האנשים האלה ומאין יבאו אליך ,18.2108634458,10.9375832521,0.0,18.2108634458,10.9375832521,-0.5518366479641655,-0.25542377897357277,0.0,0.7094698619658896,0.6008020966098642,0.7266815425440653,0.6008320478370451,False,1.0,1.0,False,31.56,39,11,False
Isa.39.4,ויאמר מה ראו בביתך ויאמר חזקיהו את כל אשר בביתי ראו לא היה דבר אשר לא הראיתים בא,53.4917519817,220.3220689862,0.05555555555555555,48.14257678353,198.28986208758,-0.4572751217391212,-0.2539447868246446,0.0,0.6762633454610214,0.6002308931353051,0.7266815425440653,0.6008320478370451,False,1.0,1.0,False,31.56,39,11,False
Isa.39.5,ויאמר ישעיהו אל חזקיהו שמע דבר יהוה צבאות,48.7914747188,26.9261329582,0.0,48.7914747188,26.9261329582,-0.4552250961214408,-0.2552975625238181,0.0,0.6755263462544139,0.6007533587948188,0.7266815425440653,0.6008320478370451,False,1.0,1.0,False,31.56,39,11,False
Isa.39.6,הנה ימים באים ונשא כל אשר בביתך ואשר אצרו אבתיך עד היום הזה בבל לא יותר דבר אמר ,31.1452446951,369.2398938573,0.05555555555555555,28.03072022559,332.31590447157,-0.5208133438876233,-0.2528867614530296,0.0,0.6987515967455874,0.5998221400629205,0.7266815425440653,0.6008320478370451,False,1.0,1.0,False,31.56,39,11,False
Isa.39.7,ומבניך אשר יצאו ממך אשר תוליד יקחו והיו סריסים בהיכל מלך בבל,41.2727389249,2597.9614570462,0.16666666666666666,30.954554193674998,1948.47109278465,-0.511576244783703,-0.24012854548778056,0.0,0.6955261927490399,0.5948846972959351,0.7266815425440653,0.6008320478370451,False,1.0,1.0,False,31.56,39,11,False
Isa.39.8,ויאמר חזקיהו אל ישעיהו טוב דבר יהוה אשר דברת ויאמר כי יהיה שלום ואמת בימי,36.4927325475,44.3368938848,0.0,36.4927325475,44.3368938848,-0.494079799066242,-0.25516011888621004,0.0,0.6893750880890475,0.6007002838742894,0.7266815425440653,0.6008320478370451,False,1.0,1.0,False,31.56,39,11,False
Isa.40.1,נחמו נחמו עמי יאמר אלהיכם,73.6966098307,4.9571850339,0.4,40.94256101705555,2.7539916855,-0.48002171402536953,-0.2554883816981955,0.0,0.6843940234858886,0.60082704200269,0.7266815425440653,0.6008320478370451,False,1.0,1.0,False,31.56,40,11,False
Isa.40.2,דברו על לב ירושלם וקראו אליה כי מלאה צבאה כי נרצה עונה כי לקחה מיד יהוה כפלים בכ,49.8033379236,403.3530275026,0.2222222222222222,34.479233947107694,279.2444036556462,-0.5004409284328353,-0.25330571730201346,0.0,0.6916176797710782,0.5999840108083057,0.7266815425440653,0.6008320478370451,False,1.0,1.0,False,31.56,40,11,False
Isa.40.3,קול קורא במדבר פנו דרך יהוה ישרו בערבה מסלה לאלהינו,39.3684530402,6208.3455945336,0.0,39.3684530402,6208.3455945336,-0.4849947020750328,-0.20650033993476147,0.0,0.6861599481946863,0.5817999503829684,0.7266815425440653,0.6008320478370451,False,1.0,1.0,False,31.56,40,11,False
Isa.40.4,כל גיא ינשא וכל הר וגבעה ישפלו והיה העקב למישור והרכסים לבקעה,37.5464159644,13739.9436855308,0.5833333333333334,17.329115060492303,6341.512470244984,-0.5546223045057862,-0.20544909697738392,0.0,0.7104234852207196,0.5813893677765288,0.7266815425440653,0.6008320478370451,False,1.0,1.0,False,31.56,40,11,False
Isa.40.5,ונגלה כבוד יהוה וראו כל בשר יחדו כי פי יהוה דבר,20.7760243895,1.5590504185,0.0,20.7760243895,1.5590504185,-0.5437326837469422,-0.25549781477668965,0.0,0.7066872810531369,0.6008306844128923,0.7266815425440653,0.6008320478370451,False,1.0,1.0,False,31.56,40,11,False
Isa.40.6,קול אמר קרא ואמר מה אקרא כל הבשר חציר וכל חסדו כציץ השדה,83.5372774491,621.2015376786,0.0,83.5372774491,621.2015376786,-0.345454696444726,-0.2506062469799361,0.0,0.635123718385488,0.5989407242832351,0.7266815425440653,0.6008320478370451,False,1.0,1.0,False,31.56,40,11,False
Isa.40.7,יבש חציר נבל ציץ כי רוח יהוה נשבה בו אכן חציר העם,75.9084021154,66.0976486873,0.0,75.9084021154,66.0976486873,-0.3695561598923903,-0.2549883356247109,0.0,0.644143389341971,0.6006339458262443,0.7266815425440653,0.6008320478370451,False,1.0,1.0,False,31.56,40,11,False
Isa.40.8,יבש חציר נבל ציץ ודבר אלהינו יקום לעולם,21.5030261004,39.4173025554,0.0,21.5030261004,39.4173025554,-0.541435909400107,-0.255198955013517,0.0,0.7058964191147659,0.6007152809330353,0.7266815425440653,0.6008320478370451,False,1.0,1.0,False,31.56,40,11,False
Isa.40.9,על הר גבה עלי לך מבשרת ציון הרימי בכח קולך מבשרת ירושלם הרימי אל תיראי אמרי לערי,45.0933871357,1366.3849038215,0.29411764705882354,28.392132640996294,860.3164209246481,-0.5196715546017283,-0.24871863164261035,0.0,0.6983537419179189,0.5982107821613503,0.7266815425440653,0.6008320478370451,False,1.0,1.0,False,31.56,40,11,False
Isa.40.10,הנה אדני יהוה בחזק יבוא וזרעו משלה לו הנה שכרו אתו ופעלתו לפניו,159.4958888272,5089.0936658323,0.07692307692307693,138.22977031690667,4410.547843721327,-0.1726678753136783,-0.22069247453455992,0.0,0.5685437518744182,0.5873340542743638,0.7266815425440653,0.6008320478370451,False,1.0,1.0,False,31.56,40,11,False
Isa.40.11,כרעה עדרו ירעה בזרעו יקבץ טלאים ובחיקו ישא עלות ינהל,189.5384133502,241549.9037000294,0.5,94.7692066751,120774.9518500147,-0.3099703137741418,0.6979087883363543,0.6979087883363543,0.6217082342846385,0.24261711898580712,0.7266815425440653,0.6008320478370451,False,0.7838494239089,1.0,False,85.21,40,11,False
Isa.40.12,מי מדד בשעלו מים ושמים בזרת תכן וכל בשלש עפר הארץ ושקל בפלס הרים וגבעות במאזנים,111.6502936899,5785.883194645,0.3125,68.70787303993846,3560.5435043969233,-0.39230437384595507,-0.22740255968660458,0.0,0.6525833338579747,0.5899446349591435,0.7266815425440653,0.6008320478370451,False,1.0,1.0,False,31.56,40,11,False
Isa.40.13,מי תכן את רוח יהוה ואיש עצתו יודיענו,79.190791832,546.0756295075,0.125,63.3526334656,436.860503606,-0.4092228716858988,-0.2520614678281335,0.0,0.658811944427055,0.5995032236363073,0.7266815425440653,0.6008320478370451,False,1.0,1.0,False,31.56,40,11,False
Isa.40.14,את מי נועץ ויבינהו וילמדהו בארח משפט וילמדהו דעת ודרך תבונות יודיענו,59.1826200318,33918.2759380828,0.5,29.5913100159,16959.1379690414,-0.5158830630608015,-0.12163167639095343,0.0,0.6970319579858494,0.5484046371978195,0.7266815425440653,0.6008320478370451,False,1.0,1.0,False,31.56,40,11,False
Isa.40.15,הן גוים כמר מדלי וכשחק מאזנים נחשבו הן איים כדק יטול,261.0398158742,10338.5693234716,0.5454545454545454,124.84512933113912,4944.533154703809,-0.21495319541237892,-0.21647709969367218,0.0,0.5850980949146202,0.5856920631183277,0.7266815425440653,0.6008320478370451,False,1.0,1.0,False,31.56,40,12,True
Isa.40.16,ולבנון אין די בער וחיתו אין די עולה,2816.2593885286,1670.8056379569,0.125,2253.0075108228802,1336.64451036552,6.508426805521641,-0.2449584131441973,6.508426805521641,3.797094792054407e-11,0.596755684015588,8.170082294237067e-09,0.6008320478370451,False,6.334691966536973e-10,6.815072773999361e-08,True,99.15,40,12,False
Isa.40.17,כל הגוים כאין נגדו מאפס ותהו נחשבו לו,45.0202100735,1726.8901504595,0.25,30.013473382333334,1151.2601003063335,-0.5145493468182396,-0.24642187058765863,0.0,0.6965660155792203,0.5973221610765839,0.7266815425440653,0.6008320478370451,False,1.0,1.0,False,31.56,40,12,False
Isa.40.18,ואל מי תדמיון אל ומה דמות תערכו לו,161.6297256381,752.2483369924,0.375,92.35984322177144,429.8561925670857,-0.3175820760146414,-0.25211676110291825,0.0,0.6245990139734012,0.5995245925726285,0.7266815425440653,0.6008320478370451,False,1.0,1.0,False,31.56,40,12,False
Isa.40.19,הפסל נסך חרש וצרף בזהב ירקענו ורתקות כסף צורף,666.7560521507,270654.8841018116,0.3333333333333333,400.05363129042007,162392.93046108697,0.65449706564479,1.0264484997432728,1.2173589986371547,0.2563958085116208,0.15234011353233662,0.7266815425440653,0.6008320478370451,False,0.47664587425991944,1.0,False,90.86,40,12,False
Isa.40.20,המסכן תרומה עץ לא ירקב יבחר חרש חכם יבקש לו להכין פסל לא ימוט,196.1096861024,11435.703648623,0.14285714285714285,152.52975585742223,8894.436171151223,-0.12749076024346667,-0.1852958640734563,0.0,0.5507240071170898,0.5735015090741211,0.7266815425440653,0.6008320478370451,False,1.0,1.0,False,31.56,40,12,False
Isa.40.21,הלוא תדעו הלוא תשמעו הלוא הגד מראש לכם הלוא הבינתם מוסדות הארץ,157.4609354609,707.3488775296,0.16666666666666666,118.09570159567501,530.5116581472,-0.23627627106159715,-0.2513221689887203,0.0,0.5933908506664368,0.5992174816429733,0.7266815425440653,0.6008320478370451,False,1.0,1.0,False,31.56,40,12,False
Isa.40.22,הישב על חוג הארץ וישביה כחגבים הנוטה כדק שמים וימתחם כאהל לשבת,447.1767412797,70492.9966731583,0.5,223.58837063985,35246.49833657915,0.09700060079044398,0.022731992822590166,0.09962861060655906,0.4613629586694535,0.49093202792128016,0.7266815425440653,0.6008320478370451,False,0.9950493649633905,1.0,False,69.64,40,12,False
Isa.40.23,הנותן רוזנים לאין שפטי ארץ כתהו עשה,1000.4150303552,249579.2945792242,0.2857142857142857,636.6277465896727,158823.1874595063,1.4018919493128,0.9982683147684993,1.7209999029107415,0.08047375745741187,0.159074633864269,0.7266815425440653,0.6008320478370451,False,0.22742828230420956,1.0,False,93.8,40,12,False
Isa.40.24,אף בל נטעו אף בל זרעו אף בל שרש בארץ גזעם וגם נשף בהם ויבשו וסערה כקש תשאם,270.7758020192,2003.8116150034,0.16666666666666666,203.0818515144,1502.8587112525502,0.03221554407866287,-0.24364628873514135,0.03221554407866287,0.48715008011553906,0.5962476124224679,0.7266815425440653,0.6008320478370451,False,0.9994812139758872,1.0,False,65.69,40,12,False
Isa.40.25,ואל מי תדמיוני ואשוה יאמר קדוש,387.6923957289,18811.37092276,0.3333333333333333,232.61543743734003,11286.822553656002,0.12551928944934107,-0.1664099412604523,0.12551928944934107,0.450056227515886,0.5660828244801454,0.7266815425440653,0.6008320478370451,False,0.9921534005393741,1.0,False,71.11,40,12,False
Isa.40.26,שאו מרום עיניכם וראו מי ברא אלה המוציא במספר צבאם לכלם בשם יקרא מרב אונים ואמיץ ,26.4624008025,14.6353006729,0.0,26.4624008025,14.6353006729,-0.52576804449505,-0.255394588535814,0.0,0.7004753101028748,0.6007908250162325,0.7266815425440653,0.6008320478370451,False,1.0,1.0,False,31.56,40,12,False
Isa.40.27,למה תאמר יעקב ותדבר ישראל נסתרה דרכי מיהוה ומאלהי משפטי יעבור,491.6496178848,37324.3297055072,0.09090909090909091,416.0112151332923,31582.12513542917,0.7049109349084647,-0.006195219746853791,0.7049109349084647,0.24043283236226404,0.5024715192835947,0.7266815425440653,0.6008320478370451,False,0.7800090841058523,1.0,False,85.52,40,12,False
Isa.40.28,הלוא ידעת אם לא שמעת אלהי עולם יהוה בורא קצות הארץ לא ייעף ולא ייגע אין חקר לתבו,20.8794452053,182.799347857,0.16666666666666666,15.659583903975001,137.09951089275,-0.5598967574734195,-0.2544278343198223,0.0,0.7122250697042583,0.6004174751874065,0.7266815425440653,0.6008320478370451,False,1.0,1.0,False,31.56,40,12,False
Isa.40.29,נתן ליעף כח ולאין אונים עצמה ירבה,236.8776118344,26263.9536954671,0.42857142857142855,127.54948329544615,14142.128912943821,-0.20640948675687515,-0.14386964597063767,0.0,0.5817644694864796,0.5571982973543976,0.7266815425440653,0.6008320478370451,False,1.0,1.0,False,31.56,40,12,False
Isa.40.30,ויעפו נערים ויגעו ובחורים כשול יכשלו,798.5632066441,611450.2053327595,0.5,399.28160332205,305725.10266637977,0.6520580424537765,2.1579381122427486,2.254301795900107,0.25718186483647326,0.01546632190633705,0.7266815425440653,0.6008320478370451,False,0.07879243466636836,1.0,False,95.66,40,12,False
Isa.40.31,וקוי יהוה יחליפו כח יעלו אבר כנשרים ירוצו ולא ייגעו ילכו ולא ייעפו,28.117721391,4578.7176332868,0.5384615384615384,13.538162151222224,2204.5677493603116,-0.5665988421968637,-0.23810687301709357,0.0,0.7145066191137041,0.5941008979350106,0.7266815425440653,0.6008320478370451,False,1.0,1.0,False,31.56,40,12,False
Isa.41.1,החרישו אלי איים ולאמים יחליפו כח יגשו אז ידברו יחדו למשפט נקרבה,324.879369073,45815.9108506674,0.25,216.58624604866668,30543.9405671116,0.0748791946186974,-0.01439083303335365,0.0748791946186974,0.4701554151827639,0.5057409135930727,0.7266815425440653,0.6008320478370451,False,0.9972004790942467,1.0,False,68.71,41,12,False
Isa.41.2,מי העיר ממזרח צדק יקראהו לרגלו יתן לפניו גוים ומלכים ירד יתן כעפר חרבו כקש נדף ק,61.2266491645,10113.7964811053,0.11764705882352941,49.56443027602381,8187.359056132862,-0.452783142452752,-0.1908776563436067,0.0,0.6746475482399117,0.575689277017266,0.7266815425440653,0.6008320478370451,False,1.0,1.0,False,31.56,41,12,False
Isa.41.3,ירדפם יעבור שלום ארח ברגליו לא יבוא,689.5027515468,21523.1612457418,0.14285714285714285,536.2799178697334,16740.236524465847,1.0848688731507843,-0.12335972325501415,1.0848688731507843,0.13898986795568885,0.5490888752012999,0.7266815425440653,0.6008320478370451,False,0.5551759236210367,1.0,False,89.62,41,12,False
Isa.41.4,מי פעל ועשה קרא הדרות מראש אני יהוה ראשון ואת אחרנים אני הוא,507.5766004704,5982.3291583567,0.07692307692307693,439.89972040768004,5184.6852705758065,0.7803805043411526,-0.21458129625786196,0.7803805043411526,0.21758346986343935,0.5849531111592999,0.7266815425440653,0.6008320478370451,False,0.7374943397020576,1.0,False,86.29,41,12,False
Isa.41.5,ראו איים וייראו קצות הארץ יחרדו קרבו ויאתיון,335.2129260868,197950.9678530958,0.125,268.17034086944,158360.77428247663,0.23784583405396806,0.9946179430589116,1.022660986559851,0.40600033405076397,0.15996105865892069,0.7266815425440653,0.6008320478370451,False,0.5927884157842254,1.0,False,89.23,41,12,False
Isa.41.6,איש את רעהו יעזרו ולאחיו יאמר חזק,17.9715232177,98.8673073152,0.14285714285714285,13.977851391544446,76.8967945784889,-0.5652097574772399,-0.25490308524992245,0.0,0.7140344496719173,0.6006010233589438,0.7266815425440653,0.6008320478370451,False,1.0,1.0,False,31.56,41,12,False
Isa.41.7,ויחזק חרש את צרף מחליק פטיש את הולם פעם אמר לדבק טוב הוא ויחזקהו במסמרים לא ימוט,228.3197439249,7276.1860675449,0.35294117647058826,133.8426085077,4265.350453388389,-0.1865279812085142,-0.22183868851008273,0.0,0.5739846309732544,0.5877802696680444,0.7266815425440653,0.6008320478370451,False,1.0,1.0,False,31.56,41,12,False
Isa.41.8,ואתה ישראל עבדי יעקב אשר בחרתיך זרע אברהם אהבי,113.0334758156,1087.820914632,0.0,113.0334758156,1087.820914632,-0.25226906741302585,-0.2469226707814429,0.0,0.5995834521477326,0.5975159646347259,0.7266815425440653,0.6008320478370451,False,1.0,1.0,False,31.56,41,12,False
Isa.41.9,אשר החזקתיך מקצות הארץ ומאציליה קראתיך ואמר לך עבדי אתה בחרתיך ולא מאסתיך,39.5838898138,22130.9620260891,0.3076923076923077,24.504312741876188,13700.119349483728,-0.5319541185565779,-0.14735894793254609,0.0,0.7026211133214038,0.5585756467354357,0.7266815425440653,0.6008320478370451,False,1.0,1.0,False,31.56,41,12,False
Isa.41.10,אל תירא כי עמך אני אל תשתע כי אני אלהיך אמצתיך אף עזרתיך אף תמכתיך בימין צדקי,29.4836054685,1358.241265616,0.23529411764705882,20.048851718579996,923.6040606188799,-0.5460299981978547,-0.24821902777969626,0.0,0.7074773415840853,0.5980175275425939,0.7266815425440653,0.6008320478370451,False,1.0,1.0,False,31.56,41,12,False
Isa.41.11,הן יבשו ויכלמו כל הנחרים בך יהיו כאין ויאבדו אנשי ריבך,93.690349794,14032.1720076802,0.09090909090909091,79.2764498256923,11873.376314190937,-0.358915682072414,-0.1617795817465589,0.0,0.6401709161821858,0.5642602836901278,0.7266815425440653,0.6008320478370451,False,1.0,1.0,False,31.56,41,12,False
Isa.41.12,תבקשם ולא תמצאם אנשי מצתך יהיו כאין וכאפס אנשי מלחמתך,116.1975707905,1530.9357629411,0.5,58.09878539525,765.46788147055,-0.42582104922692693,-0.24946738285109232,0.0,0.6648808761563205,0.5985003659108071,0.7266815425440653,0.6008320478370451,False,1.0,1.0,False,31.56,41,12,False
Isa.41.13,כי אני יהוה אלהיך מחזיק ימינך האמר לך אל תירא אני עזרתיך,57.6179940237,1292.7580665549,0.0,57.6179940237,1292.7580665549,-0.42733998552624963,-0.2453048605225998,0.0,0.6654341435873501,0.5968898057218498,0.7266815425440653,0.6008320478370451,False,1.0,1.0,False,31.56,41,12,False
Isa.41.14,אל תיראי תולעת יעקב מתי ישראל אני עזרתיך נאם יהוה וגאלך קדוש ישראל,59.7851255359,3792.6085922004,0.0,59.7851255359,3792.6085922004,-0.4204934926104665,-0.22557059668602072,0.0,0.6629375088951559,0.5892322940527595,0.7266815425440653,0.6008320478370451,False,1.0,1.0,False,31.56,41,12,False
Isa.41.15,הנה שמתיך למורג חרוץ חדש בעל פיפיות תדוש הרים ותדק וגבעות כמץ תשים,362.65195927,116388.5862023385,0.38461538461538464,204.97719437,65784.85307088698,0.03820339085251757,0.26380718643092044,0.26655905665579743,0.4847627586809502,0.3959642483591348,0.7266815425440653,0.6008320478370451,False,0.9650968062253644,1.0,False,76.53,41,12,False
Isa.41.16,תזרם ורוח תשאם וסערה תפיץ אותם ואתה תגיל ביהוה בקדוש ישראל תתהלל,48.3001991677,75883.6944449073,0.4166666666666667,26.345563182381817,41391.106060858525,-0.5261371628129429,0.07123861702241109,0.07123861702241109,0.7006035452453745,0.4716039237677197,0.7266815425440653,0.6008320478370451,False,0.9974657463787735,1.0,False,68.32,41,12,False
Isa.41.17,העניים והאביונים מבקשים מים ואין לשונם בצמא נשתה אני יהוה אענם אלהי ישראל לא אעז,93.515075067,7260.0696359263,0.26666666666666666,60.988092435000006,4734.8280234301965,-0.41669302904549865,-0.21813254922794756,0.0,0.6615485230660403,0.5863370813209257,0.7266815425440653,0.6008320478370451,False,1.0,1.0,False,31.56,41,12,False
Isa.41.18,אפתח על שפיים נהרות ובתוך בקעות מעינות אשים מדבר לאגם מים וארץ ציה למוצאי מים,217.6236512475,2340.2671950586,0.2,155.44546517678572,1671.6194250418573,-0.11827932887110854,-0.24231406170116396,0.0,0.5470768322062352,0.5957315906305749,0.7266815425440653,0.6008320478370451,False,1.0,1.0,False,31.56,41,12,False
Isa.41.19,אתן במדבר ארז שטה והדס ועץ שמן אשים בערבה ברוש תדהר ותאשור יחדו,31.3876639382,172.628405841,0.3076923076923077,19.43045862840952,106.86520361585714,-0.5479836516273706,-0.2546665093088256,0.0,0.7081484358241775,0.6005096573899591,0.7266815425440653,0.6008320478370451,False,1.0,1.0,False,31.56,41,12,False
Isa.41.20,למען יראו וידעו וישימו וישכילו יחדו כי יד יהוה עשתה זאת וקדוש ישראל בראה,95.3103532237,785.8135729045,0.07142857142857142,83.39655907073751,687.5868762914375,-0.34589925985730874,-0.2500821893318381,0.0,0.6352907875487903,0.5987381053505563,0.7266815425440653,0.6008320478370451,False,1.0,1.0,False,31.56,41,12,False
Isa.41.21,קרבו ריבכם יאמר יהוה הגישו עצמותיכם יאמר מלך יעקב,397.8463456609,16448.6667827596,0.2222222222222222,275.4320854575462,11387.538541910491,0.26078744262677866,-0.16561487136951847,0.26078744262677866,0.3971282143915411,0.5657699783709969,0.7266815425440653,0.6008320478370451,False,0.9665666281845339,1.0,False,75.91,41,12,False
Isa.41.22,יגישו ויגידו לנו את אשר תקרינה הראשנות מה הנה הגידו ונשימה לבנו ונדעה אחריתן או ,228.2782677129,56788.6240825482,0.26666666666666666,148.87713111710872,37036.05918427057,-0.13903028577193066,0.03685910384689254,0.03685910384689254,0.5552868915668999,0.4852986739875328,0.7266815425440653,0.6008320478370451,False,0.9993209339016176,1.0,False,66.15,41,12,False
Isa.41.23,הגידו האתיות לאחור ונדעה כי אלהים אתם אף תיטיבו ותרעו ונשתעה ונרא ונראה יחדו,181.2550070888,190584.3466897676,0.35714285714285715,105.73208746846666,111174.20223569777,-0.2753359202148122,0.6221187665033717,0.6221187665033717,0.6084709149108652,0.2669318879468592,0.7266815425440653,0.6008320478370451,False,0.8240567502201277,1.0,False,84.28,41,12,False
Isa.41.24,הן אתם מאין ופעלכם מאפע תועבה יבחר בכם,180.8701152956,33744.7714015366,0.25,120.58007686373332,22496.514267691065,-0.22842752834471383,-0.0779186448640962,0.0,0.5903430547121424,0.5310536159780995,0.7266815425440653,0.6008320478370451,False,1.0,1.0,False,31.56,41,12,False
Isa.41.25,העירותי מצפון ויאת ממזרח שמש יקרא בשמי ויבא סגנים כמו חמר וכמו יוצר ירמס טיט,1006.5296722596,23916.5327730565,0.3333333333333333,603.91780335576,14349.919663833902,1.2985533224847,-0.14222930889496113,1.2985533224847,0.09704863285873977,0.5565505590172349,0.7266815425440653,0.6008320478370451,False,0.4303655282629314,1.0,False,91.63,41,12,False
Isa.41.26,מי הגיד מראש ונדעה ומלפנים ונאמר צדיק אף אין מגיד אף אין משמיע אף אין שמע אמריכם,243.7617957719,1906.0612878642,0.11764705882352941,197.33097752963334,1543.0019949376856,0.014047141388465266,-0.2433293905272757,0.014047141388465266,0.49439618567478133,0.5961248809386899,0.7266815425440653,0.6008320478370451,False,0.9999013437762516,1.0,False,63.59,41,12,False
Isa.41.27,ראשון לציון הנה הנם ולירושלם מבשר אתן,334.8339952491,27638.8787986817,0.0,334.8339952491,27638.8787986817,0.44845245154864116,-0.03732390635578815,0.44845245154864116,0.32691334732399807,0.5148866278725103,0.7266815425440653,0.6008320478370451,False,0.9043355528787258,1.0,False,81.33,41,12,False
Isa.41.28,וארא ואין איש ומאלה ואין יועץ ואשאלם וישיבו דבר,749.8613371701,27771.70344169,0.2222222222222222,519.1347718869923,19226.56392117,1.0307032076846678,-0.10373221339899784,1.0307032076846678,0.1513400100391349,0.5413090690235425,0.7266815425440653,0.6008320478370451,False,0.5879140288771592,1.0,False,89.39,41,12,False
Isa.41.29,הן כלם און אפס מעשיהם רוח ותהו נסכיהם,936.3876732333,35309.3602905872,0.25,624.2584488222,23539.573527058135,1.3628143441644884,-0.0696845499010698,1.3628143441644884,0.08647051462434502,0.5277776303609812,0.7266815425440653,0.6008320478370451,False,0.39509403926393494,1.0,False,92.02,41,12,False
Isa.42.1,הן עבדי אתמך בו בחירי רצתה נפשי נתתי רוחי עליו משפט לגוים יוציא,228.3112521184,12333.1666435704,0.15384615384615385,174.59095750230588,9431.245080377365,-0.057794085203184214,-0.1810581992467725,0.0,0.5230436751850774,0.571839052786073,0.7266815425440653,0.6008320478370451,False,1.0,1.0,False,31.56,42,12,False
Isa.42.2,לא יצעק ולא ישא ולא ישמיע בחוץ קולו,237.0108197388,107.4229507737,0.125,189.60865579104,85.93836061895999,-0.010349541867275278,-0.25483170952249073,0.0,0.5041287961255412,0.600573458530424,0.7266815425440653,0.6008320478370451,False,1.0,1.0,False,31.56,42,12,False
Isa.42.3,קנה רצוץ לא ישבור ופשתה כהה לא יכבנה לאמת יוציא משפט,535.4378746246,5997.0568886791,0.45454545454545453,280.4674581366952,3141.3155131176236,0.2766954035336478,-0.23071201987340856,0.2766954035336478,0.39100700079034517,0.5912307325420811,0.7266815425440653,0.6008320478370451,False,0.9624432523378758,1.0,False,76.84,42,12,False
Isa.42.4,לא יכהה ולא ירוץ עד ישים בארץ משפט ולתורתו איים ייחילו,357.2655992808,18432.388330638,0.2727272727272727,231.1718583581647,11926.839508059884,0.12095867377682325,-0.16135753380307896,0.12095867377682325,0.4518618841653508,0.5640940942774885,0.7266815425440653,0.6008320478370451,False,0.9927111927610955,1.0,False,70.64,42,12,False
Isa.42.5,כה אמר האל יהוה בורא השמים ונוטיהם רקע הארץ וצאצאיה נתן נשמה לעם עליה ורוח להלכי,110.2493877237,6292.0148962295,0.25,73.4995918158,4194.676597486333,-0.37716617458639234,-0.2223966004749829,0.0,0.6469749420245959,0.5879974210040478,0.7266815425440653,0.6008320478370451,False,1.0,1.0,False,31.56,42,12,False
Isa.42.6,אני יהוה קראתיך בצדק ואחזק בידך ואצרך ואתנך לברית עם לאור גוים,41.5168055811,5375.3966899598,0.25,27.677870387400002,3583.5977933065333,-0.5219280819198577,-0.2272205650372287,0.0,0.6991397974272058,0.5898738813548074,0.7266815425440653,0.6008320478370451,False,1.0,1.0,False,31.56,42,12,False
Isa.42.7,לפקח עינים עורות להוציא ממסגר אסיר מבית כלא ישבי חשך,108.114445408,20321.4501049673,0.3,67.57152837999999,12700.906315604563,-0.3958943616341252,-0.1552469130077493,0.0,0.6539085196344132,0.5616866673211525,0.7266815425440653,0.6008320478370451,False,1.0,1.0,False,31.56,42,12,False
Isa.42.8,אני יהוה הוא שמי וכבודי לאחר לא אתן ותהלתי לפסילים,61.3308476032,10384.5213322377,0.2,43.807748288,7417.515237312644,-0.4709698940308371,-0.19695494011625744,0.0,0.6811688829163702,0.5780686001962234,0.7266815425440653,0.6008320478370451,False,1.0,1.0,False,31.56,42,12,False
Isa.42.9,הראשנות הנה באו וחדשות אני מגיד בטרם תצמחנה אשמיע אתכם,397.9916884704,13849.8594821455,0.3,248.74480529399997,8656.162176340937,0.176475865986119,-0.187176841288191,0.176475865986119,0.4299600536330783,0.574239009046534,0.7266815425440653,0.6008320478370451,False,0.9845487489854707,1.0,False,73.12,42,12,False
Isa.42.10,שירו ליהוה שיר חדש תהלתו מקצה הארץ יורדי הים ומלאו איים וישביהם,110.9564649327,3425.8268408792,0.08333333333333333,95.1055413708857,2936.4230064678854,-0.30890775107360163,-0.23232947769453965,0.0,0.6213041497589037,0.5918589405814734,0.7266815425440653,0.6008320478370451,False,1.0,1.0,False,31.56,42,12,False
Isa.42.11,ישאו מדבר ועריו חצרים תשב קדר ירנו ישבי סלע מראש הרים יצוחו,751.3208926063,50043.7802165453,0.08333333333333333,643.9893365196857,42894.66875703883,1.4251489934843227,0.08310800786672916,1.4275701715155562,0.07705706844049214,0.46688282925989233,0.7266815425440653,0.6008320478370451,False,0.36096354926927643,1.0,False,92.1,42,12,False
Isa.42.12,ישימו ליהוה כבוד ותהלתו באיים יגידו,152.5545998747,78515.0936945616,0.16666666666666666,114.41594990602499,58886.3202709212,-0.2479014971880238,0.20934894384272942,0.20934894384272942,0.5978946892640881,0.4170879232460257,0.7266815425440653,0.6008320478370451,False,0.978324866133704,1.0,False,74.44,42,12,False
Isa.42.13,יהוה כגבור יצא כאיש מלחמות יעיר קנאה יריע אף יצריח על איביו יתגבר,42.1285139337,17355.7951850627,0.23076923076923078,28.824772691478945,11875.017758200793,-0.5183047399787862,-0.161766623896147,0.0,0.6978771668360144,0.5642551814585297,0.7266815425440653,0.6008320478370451,False,1.0,1.0,False,31.56,42,12,False
Isa.42.14,החשיתי מעולם אחריש אתאפק כיולדה אפעה אשם ואשאף יחד,1283.7757575534,744156.7717437259,0.3333333333333333,770.26545453204,446494.06304623553,1.8240858104412776,3.2691932755568462,3.7436497855434228,0.034069550185077166,0.0005392730089463664,0.7266815425440653,0.05355395804228915,False,0.0009051074804393847,0.04173191990168735,True,97.91,42,12,False
Isa.42.15,אחריב הרים וגבעות וכל עשבם אוביש ושמתי נהרות לאיים ואגמים אוביש,2101.3210211162,91160.4213876443,0.36363636363636365,1216.5542753830632,52777.08606653091,3.234020202123804,0.1611215644886136,3.23803131953478,0.0006103041059423242,0.43599882806725176,0.03151610403086162,0.6008320478370451,False,0.005287427675244363,0.1796333981247493,False,97.13,42,12,False
Isa.42.16,והולכתי עורים בדרך לא ידעו בנתיבות לא ידעו אדריכם אשים מחשך לפניהם לאור ומעקשים ,112.9657994905,15408.397935223,0.2857142857142857,71.8873269485,9805.344140596455,-0.38225970948734056,-0.1781049948532924,0.0,0.6488656316648865,0.5706797402872077,0.7266815425440653,0.6008320478370451,False,1.0,1.0,False,31.56,42,12,False
Isa.42.17,נסגו אחור יבשו בשת הבטחים בפסל האמרים למסכה אתם אלהינו,386.3137179888,384904.9882989426,0.3,241.446073743,240565.61768683913,0.15341740664629075,1.6435575703462144,1.6507023922271467,0.4390345594309288,0.05013381217178625,0.7266815425440653,0.6008320478370451,False,0.25604317564697504,1.0,False,93.57,42,12,False
Isa.42.18,החרשים שמעו והעורים הביטו לראות,99.3821301718,78884.9735175442,0.2,70.987235837,56346.40965538872,-0.3851033151401365,0.18929843854489634,0.18929843854489634,0.6499195640222657,0.4249294595307551,0.7266815425440653,0.6008320478370451,False,0.9822426047911559,1.0,False,73.82,42,12,False
Isa.42.19,מי עור כי אם עבדי וחרש כמלאכי אשלח מי עור כמשלם ועור כעבד יהוה,317.1543128659,4145.2205872739,0.2857142857142857,201.82547182375455,2637.8676464470273,0.028246336578742565,-0.23468632670772419,0.028246336578742565,0.48873284035314796,0.5927738994572527,0.7266815425440653,0.6008320478370451,False,0.999601151796041,1.0,False,65.3,42,12,False
Isa.42.20,ראית ראות רבות ולא תשמר פקוח אזנים ולא ישמע,223.9010779622,3469.6636412163,0.1111111111111111,183.1917910599818,2838.8157064497,-0.030621970501811344,-0.2331000070486648,0.0,0.5122144897810375,0.5921581252847181,0.7266815425440653,0.6008320478370451,False,1.0,1.0,False,31.56,42,12,False
Isa.42.21,יהוה חפץ למען צדקו יגדיל תורה ויאדיר,110.4244829212,46.7632801583,0.2857142857142857,70.27012549530909,29.758451009827272,-0.38736884025782425,-0.25527520370230994,0.0,0.6507584157635946,0.600744724890289,0.7266815425440653,0.6008320478370451,False,1.0,1.0,False,31.56,42,12,False
Isa.42.22,והוא עם בזוז ושסוי הפח בחורים כלם ובבתי כלאים החבאו היו לבז ואין מציל משסה ואין ,255.0973023065,50395.2836822369,0.375,145.7698870322857,28797.304961278227,-0.14884682182181413,-0.028179084578104967,0.0,0.5591627481686771,0.5112403406558677,0.7266815425440653,0.6008320478370451,False,1.0,1.0,False,31.56,42,12,False
Isa.42.23,מי בכם יאזין זאת יקשב וישמע לאחור,543.4355776455,276367.1873686379,0.2857142857142857,345.82264031986364,175870.02832549682,0.4831682406954954,1.1328391028130245,1.2315745944436327,0.31448814183823437,0.12864091357482288,0.7266815425440653,0.6008320478370451,False,0.4684209175337426,1.0,False,91.25,42,12,False
Isa.42.24,מי נתן למשוסה למשסה יעקב וישראל לבזזים הלוא יהוה זו חטאנו לו ולא אבו בדרכיו הלוך,100.6880065097,3073.577586811,0.1875,73.22764109796364,2235.329154044364,-0.378025332718987,-0.2378640370275849,0.0,0.6472941124337238,0.5940067253413706,0.7266815425440653,0.6008320478370451,False,1.0,1.0,False,31.56,42,12,False
Isa.42.25,וישפך עליו חמה אפו ועזוז מלחמה ותלהטהו מסביב ולא ידע ותבער בו ולא ישים על לב,103.9545020743,5834.146117485,0.125,83.16360165943999,4667.316893988,-0.34663522869775465,-0.21866549406870908,0.0,0.6355673118556526,0.5865446848851292,0.7266815425440653,0.6008320478370451,False,1.0,1.0,False,31.56,42,12,False
Isa.43.1,ועתה כה אמר יהוה בראך יעקב ויצרך ישראל אל תירא כי גאלתיך קראתי בשמך לי אתה,134.6165725888,394.3400395498,0.125,107.69325807104,315.47203163984,-0.2691401076572578,-0.2530197299753796,0.0,0.6060890663614349,0.5998735165809294,0.7266815425440653,0.6008320478370451,False,1.0,1.0,False,31.56,43,12,False
Isa.43.2,כי תעבר במים אתך אני ובנהרות לא ישטפוך כי תלך במו אש לא תכוה ולהבה לא תבער בך,21.8044375062,12720.5544826822,0.2222222222222222,15.095379811984616,8806.537718779986,-0.5616792147433738,-0.18598975006068869,0.0,0.712832700815796,0.5737736003233114,0.7266815425440653,0.6008320478370451,False,1.0,1.0,False,31.56,43,12,False
Isa.43.3,כי אני יהוה אלהיך קדוש ישראל מושיעך נתתי כפרך מצרים כוש וסבא תחתיך,54.3616333691,3235.5987721377,0.07692307692307693,47.11341558655334,2804.18560251934,-0.4605264910282635,-0.23337338323681642,0.0,0.6774308193803162,0.5922642601512423,0.7266815425440653,0.6008320478370451,False,1.0,1.0,False,31.56,43,12,False
Isa.43.4,מאשר יקרת בעיני נכבדת ואני אהבתיך ואתן אדם תחתיך ולאמים תחת נפשך,172.822749928,7274.4165036044,0.16666666666666666,129.617062446,5455.8123777033,-0.19987750384425648,-0.21244097074223106,0.0,0.5792118076257028,0.5841184874388325,0.7266815425440653,0.6008320478370451,False,1.0,1.0,False,31.56,43,12,False
Isa.43.5,אל תירא כי אתך אני ממזרח אביא זרעך וממערב אקבצך,26.9247644454,353.2789734059,0.1,22.437303704500003,294.39914450491665,-0.538484300343695,-0.2531860830873968,0.0,0.7048786295150666,0.5999377898379341,0.7266815425440653,0.6008320478370451,False,1.0,1.0,False,31.56,43,12,False
Isa.43.6,אמר לצפון תני ולתימן אל תכלאי הביאי בני מרחוק ובנותי מקצה הארץ,191.9132336212,23142.1612138835,0.4166666666666667,104.67994561156362,12622.997025754636,-0.27865989097022464,-0.15586194277270773,0.0,0.6097470769934754,0.5619290780529578,0.7266815425440653,0.6008320478370451,False,1.0,1.0,False,31.56,43,12,False
Isa.43.7,כל הנקרא בשמי ולכבודי בראתיו יצרתיו אף עשיתיו,8.0202817542,5691.4886190919,0.625,3.564569668533333,2529.5504973741777,-0.5981078345645293,-0.2355414015115578,0.0,0.725116008502943,0.5931057255877583,0.7266815425440653,0.6008320478370451,False,1.0,1.0,False,31.56,43,12,False
Isa.43.8,הוציא עם עור ועינים יש וחרשים ואזנים למו,1857.3880720842,185661.8621108715,0.25,1238.2587147228,123774.574740581,3.302589778701877,0.721588343943941,3.38050129189472,0.00047898208356216487,0.2352738037899414,0.02688547260342412,0.6008320478370451,False,0.0032997964565314518,0.12529521251123837,False,97.44,43,12,False
Isa.43.9,כל הגוים נקבצו יחדו ויאספו לאמים מי בהם יגיד זאת וראשנות ישמיענו יתנו עדיהם ויצד,146.4497571473,32508.4511888361,0.26666666666666666,95.51071118302175,21201.163818806155,-0.3076277215816846,-0.08814437126528785,0.0,0.6208171881424832,0.5351190347855925,0.7266815425440653,0.6008320478370451,False,1.0,1.0,False,31.56,43,12,False
Isa.43.10,אתם עדי נאם יהוה ועבדי אשר בחרתי למען תדעו ותאמינו לי ותבינו כי אני הוא לפני לא ,32.0910720378,70.7082993694,0.11764705882352941,25.978486887742854,57.24005187046666,-0.5272968456640524,-0.25505825906643204,0.0,0.7010062677970745,0.6006609487184594,0.7266815425440653,0.6008320478370451,False,1.0,1.0,False,31.56,43,12,False
Isa.43.11,אנכי אנכי יהוה ואין מבלעדי מושיע,75.3559366522,2480.6376894317,0.0,75.3559366522,2480.6376894317,-0.3713015319931235,-0.23592752790072483,0.0,0.6447935214871329,0.5932555465267475,0.7266815425440653,0.6008320478370451,False,1.0,1.0,False,31.56,43,12,False
Isa.43.12,אנכי הגדתי והושעתי והשמעתי ואין בכם זר ואתם עדי נאם יהוה ואני אל,29.9472549501,3079.0574624765,0.15384615384615385,22.900842020664705,2354.5733536585,-0.5370198706217563,-0.23692270214694863,0.0,0.7043730557625634,0.5936416212189994,0.7266815425440653,0.6008320478370451,False,1.0,1.0,False,31.56,43,12,False
Isa.43.13,גם מיום אני הוא ואין מידי מציל אפעל ומי ישיבנה,615.6833751734,22384.8618894521,0.1,513.0694793111667,18654.051574543417,1.0115414805726908,-0.10825172749879013,1.0115414805726908,0.15587866910709997,0.5431019933063391,0.7266815425440653,0.6008320478370451,False,0.5995307078088925,1.0,False,88.92,43,12,False
Isa.43.14,כה אמר יהוה גאלכם קדוש ישראל למענכם שלחתי בבלה והורדתי בריחים כלם וכשדים באניות ,86.271682139,33771.584762648,0.35714285714285715,50.32514791441667,19700.091111544665,-0.45037985133135583,-0.09999410569504433,0.0,0.6737817146517773,0.5398254975169716,0.7266815425440653,0.6008320478370451,False,1.0,1.0,False,31.56,43,12,False
Isa.43.15,אני יהוה קדושכם בורא ישראל מלככם,130.1432974276,3912.4858024935,0.16666666666666666,97.60747307070001,2934.364351870125,-0.301003543339959,-0.232345729079398,0.0,0.6182941037183461,0.5918652512979291,0.7266815425440653,0.6008320478370451,False,1.0,1.0,False,31.56,43,12,False
Isa.43.16,כה אמר יהוה הנותן בים דרך ובמים עזים נתיבה,103.6262772767,379.1429152585,0.1111111111111111,84.78513595366363,310.2078397569545,-0.3415124094338553,-0.25306128644063125,0.0,0.6336410677815025,0.599889572857364,0.7266815425440653,0.6008320478370451,False,1.0,1.0,False,31.56,43,12,False
Isa.43.17,המוציא רכב וסוס חיל ועזוז יחדו ישכבו בל יקומו דעכו כפשתה כבו,450.5202656869,150351.2209828403,0.25,300.3468437912667,100234.14732189354,0.33949919383799176,0.535756030875437,0.6342666846335605,0.36711685214234535,0.29606358691372914,0.7266815425440653,0.6008320478370451,False,0.8177921143471933,1.0,False,84.43,43,12,False
Isa.43.18,אל תזכרו ראשנות וקדמניות אל תתבננו,839.1727874588,213319.0301720212,0.6666666666666666,359.6454803394858,91422.44150229481,0.5268379375909429,0.4661948608333285,0.7034883515400129,0.29915306759366833,0.32053801378865726,0.7266815425440653,0.6008320478370451,False,0.7807908752395933,1.0,False,85.36,43,12,False
Isa.43.19,הנני עשה חדשה עתה תצמח הלוא תדעוה אף אשים במדבר דרך בישמון נהרות,739.1978028167,18983.2028781903,0.15384615384615385,565.2689080363,14516.566906851405,1.1764521087291466,-0.1409137659744512,1.1764521087291466,0.11970712964452124,0.5560309665056866,0.7266815425440653,0.6008320478370451,False,0.500564017122946,1.0,False,90.55,43,12,False
Isa.43.20,תכבדני חית השדה תנים ובנות יענה כי נתתי במדבר מים נהרות בישימן להשקות עמי בחירי,395.7276578934,5136.8066749694,0.13333333333333333,312.4165720211053,4055.373690765316,0.37763038631792084,-0.22349628235045227,0.37763038631792084,0.3528525941521613,0.5884253618920432,0.7266815425440653,0.6008320478370451,False,0.9311803031582983,1.0,False,80.09,43,12,False
Isa.43.21,עם זו יצרתי לי תהלתי יספרו,70.7711469946,5182.4275061166,0.16666666666666666,53.07836024595,3886.82062958745,-0.44168178726954266,-0.22482687013785133,0.0,0.6706402546047611,0.5889430190984999,0.7266815425440653,0.6008320478370451,False,1.0,1.0,False,31.56,43,12,False
Isa.43.22,ולא אתי קראת יעקב כי יגעת בי ישראל,276.7989671832,519.8808739064,0.0,276.7989671832,519.8808739064,0.2651057527979514,-0.2514060902867521,0.2651057527979514,0.39546399788081743,0.599249920238543,0.7266815425440653,0.6008320478370451,False,0.9654697291822814,1.0,False,76.3,43,12,False
Isa.43.23,לא הביאת לי שה עלתיך וזבחיך לא כבדתני לא העבדתיך במנחה ולא הוגעתיך בלבונה,196.0744351017,50767.776872185,0.42857142857142855,105.57854197783846,27336.495238868847,-0.27582100757933914,-0.03971097585773367,0.0,0.6086572261717377,0.5158382244443188,0.7266815425440653,0.6008320478370451,False,1.0,1.0,False,31.56,43,12,False
Isa.43.24,לא קנית לי בכסף קנה וחלב זבחיך לא הרויתני אך העבדתני בחטאותיך הוגעתני בעונתיך,111.5721661728,59937.2230303002,0.35714285714285715,65.0837636008,34963.38010100845,-0.40375381263700266,0.020497007210297912,0.020497007210297912,0.65680311812616,0.49182344973813136,0.7266815425440653,0.6008320478370451,False,0.9997899584095347,1.0,False,64.29,43,12,False
Isa.43.25,אנכי אנכי הוא מחה פשעיך למעני וחטאתיך לא אזכר,65.3159596875,4502.4489622822,0.1111111111111111,53.440330653409085,3683.821878230891,-0.4405382351517129,-0.2264293783185083,0.0,0.6702263369751231,0.5895662596945586,0.7266815425440653,0.6008320478370451,False,1.0,1.0,False,31.56,43,12,False
Isa.43.26,הזכירני נשפטה יחד ספר אתה למען תצדק,890.7048969904,517632.7454130893,0.2857142857142857,566.8122071757091,329402.65617196594,1.1813277642052522,2.3448529229846033,2.6256181209215512,0.11873627093953892,0.009517293258415396,0.7266815425440653,0.6008320478370451,False,0.031843077788823095,0.8564461130285546,False,96.36,43,12,False
Isa.43.27,אביך הראשון חטא ומליציך פשעו בי,1399.4225205983,10229.3779836621,0.16666666666666666,1049.5668904487252,7672.033487746575,2.7064666404031863,-0.19494572786386055,2.7064666404031863,0.003400170718173115,0.5772822823868302,0.15677215704148184,0.6008320478370451,False,0.025668753656558616,0.7203991515351559,False,96.51,43,12,False
Isa.43.28,ואחלל שרי קדש ואתנה לחרם יעקב וישראל לגדופים,1166.8829770875,162486.6104884199,0.25,777.921984725,108324.40699227992,1.8482746422821124,0.5996219769405982,1.9431072200301305,0.03228131106966537,0.2743790986174882,0.7266815425440653,0.6008320478370451,False,0.1513995615026587,1.0,False,94.73,43,12,False
Isa.44.1,ועתה שמע יעקב עבדי וישראל בחרתי בו,225.6187453378,81.7433432319,0.0,225.6187453378,81.7433432319,0.10341504583341607,-0.2548648257344666,0.10341504583341607,0.4588167856613059,0.6005862478523375,0.7266815425440653,0.6008320478370451,False,0.9946669356984054,1.0,False,69.87,44,12,False
Isa.44.2,כה אמר יהוה עשך ויצרך מבטן יעזרך אל תירא עבדי יעקב וישרון בחרתי בו,57.2114675651,4182.8629189976,0.14285714285714285,44.49780810618889,3253.3378258870225,-0.468789828063405,-0.22982769584959348,0.0,0.680390064292939,0.5908871687280027,0.7266815425440653,0.6008320478370451,False,1.0,1.0,False,31.56,44,12,False
Isa.44.3,כי אצק מים על צמא ונזלים על יבשה אצק רוחי על זרעך וברכתי על צאצאיך,43.6239847947,6945.2064453959,0.3333333333333333,26.174390876820002,4167.12386723754,-0.5266779375517208,-0.22261410661887818,0.0,0.7007913704591355,0.5880820717775905,0.7266815425440653,0.6008320478370451,False,1.0,1.0,False,31.56,44,12,False
Isa.44.4,וצמחו בבין חציר כערבים על יבלי מים,253.6384055931,191422.6060824387,0.5714285714285714,118.36458927678001,89330.54950513806,-0.23542678980332415,0.44968109404366813,0.44968109404366813,0.5930612524637533,0.32647020273195293,0.7266815425440653,0.6008320478370451,False,0.9038367301252244,1.0,False,81.64,44,12,False
Isa.44.5,זה יאמר ליהוה אני וזה יקרא בשם יעקב וזה יכתב ידו ליהוה ובשם ישראל יכנה,104.3852576471,513.7212158802,0.06666666666666667,92.10463910038236,453.2834257766471,-0.31838832759620567,-0.2519318223650315,0.0,0.6249048043972433,0.5994531189857382,0.7266815425440653,0.6008320478370451,False,1.0,1.0,False,31.56,44,12,False
Isa.44.6,כה אמר יהוה מלך ישראל וגאלו יהוה צבאות אני ראשון ואני אחרון ומבלעדי אין אלהים,28.1323595674,177.5346782311,0.13333333333333333,22.20975755321053,140.15895649823685,-0.5392031737041934,-0.2544036825130831,0.0,0.7051266646413642,0.6004081468484337,0.7266815425440653,0.6008320478370451,False,1.0,1.0,False,31.56,44,12,False
Isa.44.7,ומי כמוני יקרא ויגידה ויערכה לי משומי עם עולם ואתיות ואשר תבאנה יגידו למו,269.0415420121,47002.2862501013,0.35714285714285715,156.94089950705833,27418.00031255909,-0.11355488991085522,-0.03906756033679659,0.0,0.545204675703445,0.5155817378421016,0.7266815425440653,0.6008320478370451,False,1.0,1.0,False,31.56,44,12,False
Isa.44.8,אל תפחדו ואל תרהו הלא מאז השמעתיך והגדתי ואתם עדי היש אלוה מבלעדי ואין צור בל יד,89.5450559153,9465.6460710389,0.11764705882352941,72.48885478857619,7662.66586703149,-0.38035933746444145,-0.1950196775247767,0.0,0.6481606528099494,0.5773112285291876,0.7266815425440653,0.6008320478370451,False,1.0,1.0,False,31.56,44,12,False
Isa.44.9,יצרי פסל כלם תהו וחמודיהם בל יועילו ועדיהם המה בל יראו ובל ידעו למען יבשו,269.9451844541,2283.4369547034,0.2,192.81798889578573,1631.0263962167141,-0.00021048189683353042,-0.24263451027700603,0.0,0.500083970127286,0.5958557277041078,0.7266815425440653,0.6008320478370451,False,1.0,1.0,False,31.56,44,12,False
Isa.44.10,מי יצר אל ופסל נסך לבלתי הועיל,449.7512055766,8754.3869684864,0.0,449.7512055766,8754.3869684864,0.811503730153361,-0.1864014373415926,0.811503730153361,0.20853822582086468,0.5739350173258886,0.7266815425440653,0.6008320478370451,False,0.7194493494349705,1.0,False,86.75,44,12,False
Isa.44.11,הן כל חבריו יבשו וחרשים המה מאדם יתקבצו כלם יעמדו יפחדו יבשו יחד,148.5942255652,21490.2614623867,0.3076923076923077,91.9869015403619,13303.495191001291,-0.3187602890420449,-0.15048996945049561,0.0,0.625045853330612,0.5598109680809794,0.7266815425440653,0.6008320478370451,False,1.0,1.0,False,31.56,44,12,False
Isa.44.12,חרש ברזל מעצד ופעל בפחם ובמקבות יצרהו ויפעלהו בזרוע כחו גם רעב ואין כח לא שתה מי,406.7468935012,30604.9480145282,0.29411764705882354,256.099895908163,19269.782083221457,0.19971237724596855,-0.10339104155543921,0.19971237724596855,0.42085276657096626,0.5411736890766146,0.7266815425440653,0.6008320478370451,False,0.9802550198702391,1.0,False,74.21,44,12,False
Isa.44.13,חרש עצים נטה קו יתארהו בשרד יעשהו במקצעות ובמחוגה יתארהו ויעשהו כתבנית איש כתפאר,86.4647918872,16914.5952470536,0.5714285714285714,40.350236214026665,7893.477781958347,-0.4818930114270039,-0.19319760729335095,0.0,0.6850590245422763,0.5765978937298003,0.7266815425440653,0.6008320478370451,False,1.0,1.0,False,31.56,44,12,False
Isa.44.14,לכרת לו ארזים ויקח תרזה ואלון ויאמץ לו בעצי יער נטע אר וגשם יגדל,369.2418378734,9609.6484613189,0.2857142857142857,234.9720786467091,6115.230839021118,0.13296448936183206,-0.2072354043450175,0.13296448936183206,0.44711073223318537,0.5820869906230739,0.7266815425440653,0.6008320478370451,False,0.9911991782475448,1.0,False,71.49,44,12,False
Isa.44.15,והיה לאדם לבער ויקח מהם ויחם אף ישיק ואפה לחם אף יפעל אל וישתחו עשהו פסל ויסגד ל,216.8493434727,36221.6438420894,0.2777777777777778,139.40314937530715,23285.342469914613,-0.16896088689805056,-0.07169149499864806,0.0,0.5670862966270646,0.5285762876225543,0.7266815425440653,0.6008320478370451,False,1.0,1.0,False,31.56,44,12,False
Isa.44.16,חציו שרף במו אש על חציו בשר יאכל יצלה צלי וישבע אף יחם ויאמר האח חמותי ראיתי אור,108.4504216414,5321.5473575984,0.1111111111111111,88.73216316114545,4353.993292580509,-0.3290427952630962,-0.22113892620113867,0.0,0.6289383292768834,0.5875078691379657,0.7266815425440653,0.6008320478370451,False,1.0,1.0,False,31.56,44,12,False
Isa.44.17,ושאריתו לאל עשה לפסלו יסגוד יסגד לו וישתחו ויתפלל אליו ויאמר הצילני כי אלי אתה,140.5103997468,27619.4811586714,0.26666666666666666,91.63721722617392,18012.70510348135,-0.3198650264178667,-0.11331463039668627,0.0,0.6254646745107862,0.5451094407159293,0.7266815425440653,0.6008320478370451,False,1.0,1.0,False,31.56,44,12,False
Isa.44.18,לא ידעו ולא יבינו כי טח מראות עיניהם מהשכיל לבתם,102.5567591662,198.0202301945,0.3,64.09797447887499,123.76264387156249,-0.406868159044556,-0.2545331179157211,0.0,0.6579475884613735,0.6004581390146835,0.7266815425440653,0.6008320478370451,False,1.0,1.0,False,31.56,44,12,False
Isa.44.19,ולא ישיב אל לבו ולא דעת ולא תבונה לאמר חציו שרפתי במו אש ואף אפיתי על גחליו לחם ,62.9532055699,4708.9834948107,0.16666666666666666,47.214904177425005,3531.737621108025,-0.46020586400838764,-0.22762995844306502,0.0,0.6773157688448781,0.5900330360892412,0.7266815425440653,0.6008320478370451,False,1.0,1.0,False,31.56,44,12,False
Isa.44.20,רעה אפר לב הותל הטהו ולא יציל את נפשו ולא יאמר הלוא שקר בימיני,210.3800331609,5280.4450318653,0.21428571428571427,147.26602321263002,3696.31152230571,-0.1441201655473292,-0.22633078285095173,0.0,0.5572972094236143,0.5895279208811282,0.7266815425440653,0.6008320478370451,False,1.0,1.0,False,31.56,44,12,False
Isa.44.21,זכר אלה יעקב וישראל כי עבדי אתה יצרתיך עבד לי אתה ישראל לא תנשני,204.9357849234,2745.7244122656,0.14285714285714285,159.3944993848667,2135.563431762134,-0.10580337409974139,-0.23865160535023733,0.0,0.5421308201627192,0.5943121271068366,0.7266815425440653,0.6008320478370451,False,1.0,1.0,False,31.56,44,12,False
Isa.44.22,מחיתי כעב פשעיך וכענן חטאותיך שובה אלי כי גאלתיך,56.7273606337,24845.2348999537,0.4444444444444444,30.03213210019412,13153.359652916664,-0.5144903994129103,-0.15167516604101727,0.0,0.696545414535758,0.5602784274236737,0.7266815425440653,0.6008320478370451,False,1.0,1.0,False,31.56,44,12,False
Isa.44.23,רנו שמים כי עשה יהוה הריעו תחתיות ארץ פצחו הרים רנה יער וכל עץ בו כי גאל יהוה יע,221.0963702523,4825.5475354847,0.05263157894736842,200.0395730854143,4365.971579724253,0.02260425025794518,-0.22104436747597495,0.02260425025794518,0.49098297673974206,0.5874710564789842,0.7266815425440653,0.6008320478370451,False,0.9997445565663691,1.0,False,64.68,44,12,False
Isa.44.24,כה אמר יהוה גאלך ויצרך מבטן אנכי יהוה עשה כל נטה שמים לבדי רקע הארץ מי אתי מאתי,202.1482715609,1910.3914879493,0.05555555555555555,181.93344440481002,1719.35233915437,-0.03459739211869654,-0.24193724960335186,0.0,0.5137996094778342,0.5955856068251848,0.7266815425440653,0.6008320478370451,False,1.0,1.0,False,31.56,44,12,False
Isa.44.25,מפר אתות בדים וקסמים יהולל משיב חכמים אחור ודעתם ישכל,418.2484324747,92049.493608835,0.6,190.11292385213633,41840.678913106814,-0.00875643702406857,0.07478762492868991,0.07478762492868991,0.5034932683133482,0.4701918440591935,0.7266815425440653,0.6008320478370451,False,0.9972073124061555,1.0,False,68.63,44,12,False
Isa.44.26,מקים דבר עבדו ועצת מלאכיו ישלים האמר לירושלם תושב ולערי יהודה תבנינה וחרבותיה אק,237.0423531791,139161.4399413934,0.35714285714285715,138.27470602114164,81177.50663247948,-0.1725259125490844,0.38531952623415283,0.38531952623415283,0.5684879542428134,0.3500003482393599,0.7266815425440653,0.6008320478370451,False,0.9284529536704987,1.0,False,80.25,44,12,False
Isa.44.27,האמר לצולה חרבי ונהרתיך אוביש,436.9606058698,3543422.030931395,0.4,242.7558921498889,1968567.794961886,0.15755543998355853,15.284713522149987,15.285525544477137,0.4374035593189129,4.834360770818935e-53,0.7266815425440653,3.1205798775636226e-50,False,1.8371108681908893e-51,1.185855065417219e-48,True,99.92,44,12,False
Isa.44.28,האמר לכורש רעי וכל חפצי ישלם ולאמר לירושלם תבנה והיכל תוסד,103.0819469042,117671.8604619329,0.2727272727272727,66.70008329095295,76140.6155930154,-0.3986474675693519,0.3455574141921864,0.3455574141921864,0.6549235096913971,0.36483767748858537,0.7266815425440653,0.6008320478370451,False,0.9420424297227712,1.0,False,79.09,44,12,False
Isa.45.1,כה אמר יהוה למשיחו לכורש אשר החזקתי בימינו לרד לפניו גוים ומתני מלכים אפתח לפתח ,118.1524237114,6449.9417594351,0.2,84.39458836528573,4607.101256739357,-0.3427462437821875,-0.21914084699895903,0.0,0.634105314962746,0.5867298336614081,0.7266815425440653,0.6008320478370451,False,1.0,1.0,False,31.56,45,12,False
Isa.45.2,אני לפניך אלך והדורים אושר אישר דלתות נחושה אשבר ובריחי ברזל אגדע,221.7198994864,67576.3969616086,0.4166666666666667,120.93812699258181,36859.85288815014,-0.2272963613357639,0.03546810006421277,0.03546810006421277,0.5899033488477461,0.4858532414120404,0.7266815425440653,0.6008320478370451,False,0.9993712047135844,1.0,False,66.07,45,12,False
Isa.45.3,ונתתי לך אוצרות חשך ומטמני מסתרים למען תדע כי אני יהוה הקורא בשמך אלהי ישראל,97.5764820043,197.5686704258,0.13333333333333333,77.03406474023684,155.9752661256316,-0.36599991923827163,-0.25427882575708666,0.0,0.6428174320821931,0.6003599215446738,0.7266815425440653,0.6008320478370451,False,1.0,1.0,False,31.56,45,12,False
Isa.45.4,למען עבדי יעקב וישראל בחירי ואקרא לך בשמך אכנך ולא ידעתני,63.015945308,13089.6972227572,0.09090909090909091,53.321184491384614,11075.897650025323,-0.4409146467121795,-0.16807501989425502,0.0,0.6703626051317972,0.5667378694959282,0.7266815425440653,0.6008320478370451,False,1.0,1.0,False,31.56,45,12,False
Isa.45.5,אני יהוה ואין עוד זולתי אין אלהים אאזרך ולא ידעתני,36.7228361473,1766.2174337537,0.1,30.602363456083335,1471.8478614614169,-0.5126889005576379,-0.24389109388860816,0.0,0.695915522459168,0.5963424165055837,0.7266815425440653,0.6008320478370451,False,1.0,1.0,False,31.56,45,12,False
Isa.45.6,למען ידעו ממזרח שמש וממערבה כי אפס בלעדי אני יהוה ואין עוד,79.0626965685,75.0659708338,0.08333333333333333,67.76802563014286,64.34226071468571,-0.3952735792665114,-0.2550021929689928,0.0,0.6536795020747894,0.6006392972654735,0.7266815425440653,0.6008320478370451,False,1.0,1.0,False,31.56,45,12,False
Isa.45.7,יוצר אור ובורא חשך עשה שלום ובורא רע אני יהוה עשה כל אלה,11.5117301385,2.3518092259,0.15384615384615385,8.803087752970589,1.798442349217647,-0.5815580881590183,-0.2554959249742904,0.0,0.7195678096586208,0.6008299547010691,0.7266815425440653,0.6008320478370451,False,1.0,1.0,False,31.56,45,12,False
Isa.45.8,הרעיפו שמים ממעל ושחקים יזלו צדק תפתח ארץ ויפרו ישע וצדקה תצמיח יחד אני יהוה ברא,75.7460200492,57780.2491954846,0.1875,55.088014581236365,42021.99941489789,-0.4353328028667718,0.07621900115883551,0.07621900115883551,0.668339560988362,0.4696224329608656,0.7266815425440653,0.6008320478370451,False,0.9970995463979399,1.0,False,68.86,45,12,False
Isa.45.9,הוי רב את יצרו חרש את חרשי אדמה היאמר חמר ליצרו מה תעשה ופעלך אין ידים לו,213.3120788409,1379.2799708381,0.17647058823529413,157.66544957805652,1019.4678045325087,-0.11126586088779264,-0.24746226236698612,0.0,0.5442972368323259,0.5977247531660671,0.7266815425440653,0.6008320478370451,False,1.0,1.0,False,31.56,45,12,False
Isa.45.10,הוי אמר לאב מה תוליד ולאשה מה תחילין,883.5765971355,26111.2299325074,0.25,589.0510647570001,17407.4866216716,1.2515856973432606,-0.11809233253378641,1.2515856973432606,0.10536043446620003,0.5470027506535109,0.7266815425440653,0.6008320478370451,False,0.4569262046590017,1.0,False,91.48,45,12,False
Isa.45.11,כה אמר יהוה קדוש ישראל ויצרו האתיות שאלוני על בני ועל פעל ידי תצוני,651.9622540132,1808.6032584504,0.21428571428571427,456.37357780924,1266.02228091528,0.8324254067203825,-0.2455159175607218,0.8324254067203825,0.20258443307566765,0.5969715075808286,0.7266815425440653,0.6008320478370451,False,0.7071828426746939,1.0,False,87.14,45,12,False
Isa.45.12,אנכי עשיתי ארץ ואדם עליה בראתי אני ידי נטו שמים וכל צבאם צויתי,113.4347605511,1172.5074907692,0.07692307692307693,98.31012581095334,1016.1731586666402,-0.29878369328410503,-0.24748827088633485,0.0,0.6174474530978763,0.5977348161487953,0.7266815425440653,0.6008320478370451,False,1.0,1.0,False,31.56,45,12,False
Isa.45.13,אנכי העירתהו בצדק וכל דרכיו אישר הוא יבנה עירי וגלותי ישלח לא במחיר ולא בשחד אמר,201.6740989066,3979.4188226515,0.25,134.44939927106665,2652.9458817676664,-0.18461098233725737,-0.23456729644133228,0.0,0.573232914323877,0.5927277024787264,0.7266815425440653,0.6008320478370451,False,1.0,1.0,False,31.56,45,12,False
Isa.45.14,כה אמר יהוה יגיע מצרים וסחר כוש וסבאים אנשי מדה עליך יעברו ולך יהיו אחריך ילכו ב,54.0536011252,5950.9810756575,0.17647058823529413,39.95266170123478,4398.5512298338035,-0.48314904553015,-0.22078717793429253,0.0,0.6855050440292134,0.5873709261222728,0.7266815425440653,0.6008320478370451,False,1.0,1.0,False,31.56,45,12,False
Isa.45.15,אכן אתה אל מסתתר אלהי ישראל מושיע,151.2811828902,234.6146608463,0.0,151.2811828902,234.6146608463,-0.1314353044147834,-0.2536580324146664,0.0,0.5522845189924589,0.6001201204722111,0.7266815425440653,0.6008320478370451,False,1.0,1.0,False,31.56,45,12,False
Isa.45.16,בושו וגם נכלמו כלם יחדו הלכו בכלמה חרשי צירים,380.5929758656,26110.6836629077,0.3333333333333333,228.35578551936004,15666.410197744623,0.11206201815963236,-0.13183669890967228,0.11206201815963236,0.45538711639921237,0.5524432708221347,0.7266815425440653,0.6008320478370451,False,0.9937407234432849,1.0,False,70.26,45,12,False
Isa.45.17,ישראל נושע ביהוה תשועת עולמים לא תבשו ולא תכלמו עד עולמי עד,54.679307531,10647.3105216598,0.16666666666666666,41.009480648250005,7985.48289124485,-0.4798102987151678,-0.19247130262739323,0.0,0.6843188554359758,0.576313477586494,0.7266815425440653,0.6008320478370451,False,1.0,1.0,False,31.56,45,12,False
Isa.45.18,כי כה אמר יהוה בורא השמים הוא האלהים יצר הארץ ועשה הוא כוננה לא תהו בראה לשבת יצ,19.9486018009,8.0405417957,0.1111111111111111,16.321583291645453,6.578625105572726,-0.557805341196916,-0.25545818936300757,0.0,0.7115113424778416,0.6008153837273508,0.7266815425440653,0.6008320478370451,False,1.0,1.0,False,31.56,45,12,False
Isa.45.19,לא בסתר דברתי במקום ארץ חשך לא אמרתי לזרע יעקב תהו בקשוני אני יהוה דבר צדק מגיד ,103.6814367033,566.2240533557,0.058823529411764705,92.76760126084736,506.621521423521,-0.31629386968744305,-0.2515107619691247,0.0,0.6241102681083367,0.5992903786436996,0.7266815425440653,0.6008320478370451,False,1.0,1.0,False,31.56,45,12,False
Isa.45.20,הקבצו ובאו התנגשו יחדו פליטי הגוים לא ידעו הנשאים את עץ פסלם ומתפללים אל אל לא י,184.5363371821,11981.9500239524,0.23529411764705882,125.484709283828,8147.726016287632,-0.21293260755672266,-0.1911905265960189,0.0,0.584310235798182,0.575811837301653,0.7266815425440653,0.6008320478370451,False,1.0,1.0,False,31.56,45,12,False
Isa.45.21,הגידו והגישו אף יועצו יחדו מי השמיע זאת מקדם מאז הגידה הלוא אני יהוה ואין עוד אל,108.1309436219,5711.8174120472,0.11764705882352941,87.53457340820476,4623.852190704876,-0.33282627112202057,-0.21900861215251785,0.0,0.6303672868799485,0.5866783304543332,0.7266815425440653,0.6008320478370451,False,1.0,1.0,False,31.56,45,12,False
Isa.45.22,פנו אלי והושעו כל אפסי ארץ כי אני אל ואין עוד,72.56581355,297.6466527209,0.09090909090909091,61.40184223461538,251.8548599946077,-0.41538589329668674,-0.2535219352220152,0.0,0.6610702840876092,0.6000675435749092,0.7266815425440653,0.6008320478370451,False,1.0,1.0,False,31.56,45,12,False
Isa.45.23,בי נשבעתי יצא מפי צדקה דבר ולא ישוב כי לי תכרע כל ברך תשבע כל לשון,54.5698709546,402.784548544,0.0625,48.50655195964444,358.03070981688893,-0.456125236071934,-0.25268376421460076,0.0,0.6758500380333143,0.5997437024439731,0.7266815425440653,0.6008320478370451,False,1.0,1.0,False,31.56,45,12,False
Isa.45.24,אך ביהוה לי אמר צדקות ועז עדיו יבוא ויבשו כל הנחרים בו,457.6347848841,35043.8135568979,0.08333333333333333,392.25838704351423,30037.554477341055,0.6298700025372722,-0.018388334722429713,0.6298700025372722,0.2643898203140165,0.507335470793121,0.7266815425440653,0.6008320478370451,False,0.8200679223269823,1.0,False,84.35,45,12,False
Isa.45.25,ביהוה יצדקו ויתהללו כל זרע ישראל,49.1751006536,127036.6242553645,0.3333333333333333,29.50506039216,76221.97455321871,-0.5161555464955172,0.34619967626731873,0.34619967626731873,0.6971271124324605,0.36459632899879413,0.7266815425440653,0.6008320478370451,False,0.9418331832583732,1.0,False,79.24,45,12,False
Isa.46.1,כרע בל קרס נבו היו עצביהם לחיה ולבהמה נשאתיכם עמוסות משא לעיפה,607.2006235026,217786.0565466878,0.5,303.6003117513,108893.0282733439,0.3497776864973888,0.6041107742780759,0.6980646514258704,0.3632527730651045,0.2728849983817924,0.7266815425440653,0.6008320478370451,False,0.7837641532811079,1.0,False,85.28,46,12,False
Isa.46.2,קרסו כרעו יחדו לא יכלו מלט משא ונפשם בשבי הלכה,269.9187981654,10265.4723168135,0.4,149.95488786966666,5703.0401760075,-0.13562539136206872,-0.2104893106131872,0.0,0.5539412842417125,0.583357103157035,0.7266815425440653,0.6008320478370451,False,1.0,1.0,False,31.56,46,12,False
Isa.46.3,שמעו אלי בית יעקב וכל שארית בית ישראל העמסים מני בטן הנשאים מני רחם,282.7858894101,167.8513355227,0.07142857142857142,247.43765323383752,146.86991858236252,0.17234625628344413,-0.25435070498702433,0.17234625628344413,0.4315826605571519,0.6003876847283649,0.7266815425440653,0.6008320478370451,False,0.9852581252715951,1.0,False,72.97,46,12,False
Isa.46.4,ועד זקנה אני הוא ועד שיבה אני אסבל אני עשיתי ואני אשא ואני אסבל ואמלט,102.9728843082,2540.7641667562,0.2,73.55206022014286,1814.8315476830003,-0.3770004141991645,-0.24118351978123573,0.0,0.6469133514496012,0.5952935583753878,0.7266815425440653,0.6008320478370451,False,1.0,1.0,False,31.56,46,12,False
Isa.46.5,למי תדמיוני ותשוו ותמשלוני ונדמה,1789.2170919849,3472890.1718089203,0.8,688.1604199941922,1335726.989157277,1.5646961360495983,10.28895585576843,10.407251635283929,0.0588270874637074,3.951433958760052e-25,0.7266815425440653,1.2753253101898066e-22,False,3.0240558643189206e-24,7.808112241671452e-22,True,99.69,46,12,False
Isa.46.6,הזלים זהב מכיס וכסף בקנה ישקלו ישכרו צורף ויעשהו אל יסגדו אף ישתחוו,220.4384326123,73921.8036629881,0.38461538461538464,124.59563582434349,41781.88902690632,-0.21574140578041337,0.07432352713032117,0.07432352713032117,0.5854053379961858,0.47037647842959757,0.7266815425440653,0.6008320478370451,False,0.9972418174517961,1.0,False,68.55,46,12,False
Isa.46.7,ישאהו על כתף יסבלהו ויניחהו תחתיו ויעמד ממקומו לא ימיש אף יצעק אליו ולא יענה מצר,62.230756898,15947.1460280114,0.0625,55.31622835377778,14175.240913787911,-0.4346118203291672,-0.14360825395775098,0.0,0.668077893149035,0.5570950887457473,0.7266815425440653,0.6008320478370451,False,1.0,1.0,False,31.56,46,12,False
Isa.46.8,זכרו זאת והתאששו השיבו פושעים על לב,573.3674224957,97506.906277779,0.2857142857142857,364.87017795180907,62049.84944949573,0.5433440217803455,0.23432240478539348,0.5917175976670377,0.2934464799270501,0.4073673467697721,0.7266815425440653,0.6008320478370451,False,0.8394025772878296,1.0,False,84.12,46,12,False
Isa.46.9,זכרו ראשנות מעולם כי אנכי אל ואין עוד אלהים ואפס כמוני,162.8984130728,5157.3082730271,0.18181818181818182,119.45883625338665,3782.0260668865394,-0.23196979878488377,-0.22565413701951606,0.0,0.591719264442431,0.5892647843191106,0.7266815425440653,0.6008320478370451,False,1.0,1.0,False,31.56,46,12,False
Isa.46.10,מגיד מראשית אחרית ומקדם אשר לא נעשו אמר עצתי תקום וכל חפצי אעשה,176.8293606697,301.613408058,0.07692307692307693,153.25211258040667,261.39828698360003,-0.12520866053759291,-0.25344659771516276,0.0,0.5498208194569263,0.6000384385033416,0.7266815425440653,0.6008320478370451,False,1.0,1.0,False,31.56,46,12,False
Isa.46.11,קרא ממזרח עיט מארץ מרחק איש עצתו עצתי אף דברתי אף אביאנה יצרתי אף אעשנה,409.5443359848,11444.7258642693,0.26666666666666666,267.09413216400003,7463.951650610414,0.2344458302995956,-0.19658836282603884,0.2344458302995956,0.4073194412200083,0.5779251609884173,0.7266815425440653,0.6008320478370451,False,0.9728917822678305,1.0,False,75.29,46,12,False
Isa.46.12,שמעו אלי אבירי לב הרחוקים מצדקה,986.1202692857,6445.1541431303,0.3333333333333333,591.67216157142,3867.0924858781805,1.2598663765131604,-0.22498260760654026,1.2598663765131604,0.1038587849740572,0.5890035977225031,0.7266815425440653,0.6008320478370451,False,0.4521995820787924,1.0,False,91.56,46,12,False
Isa.46.13,קרבתי צדקתי לא תרחק ותשועתי לא תאחר ונתתי בציון תשועה לישראל תפארתי,57.9361435448,156166.9378378052,0.25,38.62409569653333,104111.29189187013,-0.4873463070660245,0.5663628984027349,0.5663628984027349,0.6869935315970334,0.2855735553288911,0.7266815425440653,0.6008320478370451,False,0.8518170831476041,1.0,False,83.66,46,12,False
Isa.47.1,רדי ושבי על עפר בתולת בת בבל שבי לארץ אין כסא בת כשדים כי לא תוסיפי יקראו לך רכה,210.85858721,4863.5632342755,0.05263157894736842,190.77681699952382,4400.366735773072,-0.006659037902309181,-0.22077284600810942,0.0,0.5026565521328586,0.5873653461756593,0.7266815425440653,0.6008320478370451,False,1.0,1.0,False,31.56,47,12,False
Isa.47.2,קחי רחים וטחני קמח גלי צמתך חשפי שבל גלי שוק עברי נהרות,550.5164398215,45096.7251430025,0.5833333333333334,254.0845106868461,20813.87314292423,0.1933452875872923,-0.09120171261465812,0.1933452875872923,0.42334428051310635,0.5363338429214621,0.7266815425440653,0.6008320478370451,False,0.981482397102102,1.0,False,73.9,47,12,False
Isa.47.3,תגל ערותך גם תראה חרפתך נקם אקח ולא אפגע אדם,120.5286258122,11342.0347519244,0.2,86.09187558014287,8101.453394231715,-0.337384102708999,-0.19155581088909718,0.0,0.6320863164644082,0.5759549203976151,0.7266815425440653,0.6008320478370451,False,1.0,1.0,False,31.56,47,12,False
Isa.47.4,גאלנו יהוה צבאות שמו קדוש ישראל,356.1903906411,889.3220781861,0.16666666666666666,267.14279298082505,666.991558639575,0.2345995615963781,-0.2502447724255753,0.2345995615963781,0.4072597749260436,0.5988009684790482,0.7266815425440653,0.6008320478370451,False,0.9728567067674945,1.0,False,75.37,47,12,False
Isa.47.5,שבי דומם ובאי בחשך בת כשדים כי לא תוסיפי יקראו לך גברת ממלכות,630.6317095904,20771.7375190684,0.23076923076923078,431.48485393027363,14212.24146041522,0.7537959046523511,-0.14331616507413567,0.7537959046523511,0.22548589173966815,0.5569797551326108,0.7266815425440653,0.6008320478370451,False,0.7526882609871,1.0,False,85.9,47,12,False
Isa.47.6,קצפתי על עמי חללתי נחלתי ואתנם בידך לא שמת להם רחמים על זקן הכבדת עלך מאד,354.6246458833,7982.1802603024,0.1875,257.9088333696727,5805.2220074926545,0.205427248468873,-0.20968266909556596,0.205427248468873,0.41861916650953096,0.5830423235502942,0.7266815425440653,0.6008320478370451,False,0.9791208740620948,1.0,False,74.36,47,12,False
Isa.47.7,ותאמרי לעולם אהיה גברת עד לא שמת אלה על לבך לא זכרת אחריתה,260.8416049044,8172.0590582841,0.15384615384615385,199.46710963277647,6249.221632805487,0.020795699668852932,-0.20617765723210535,0.020795699668852932,0.49170431408281734,0.5816739300751456,0.7266815425440653,0.6008320478370451,False,0.9997837928137846,1.0,False,64.37,47,12,False
Isa.47.8,ועתה שמעי זאת עדינה היושבת לבטח האמרה בלבבה אני ואפסי עוד לא אשב אלמנה ולא אדע ש,129.6699814572,748.1849792392,0.35294117647058826,76.01343740594483,438.5911947264275,-0.3692243279899081,-0.25204780544518707,0.0,0.6440197380540784,0.5994979435524332,0.7266815425440653,0.6008320478370451,False,1.0,1.0,False,31.56,47,12,False
Isa.47.9,ותבאנה לך שתי אלה רגע ביום אחד שכול ואלמן כתמם באו עליך ברב כשפיך בעצמת חבריך מא,708.9588418838,50356.1286042972,0.35294117647058826,415.5965624836069,29519.10987148456,0.7036009468377823,-0.022481028478181956,0.7036009468377823,0.2408406607735757,0.5089678773713094,0.7266815425440653,0.6008320478370451,False,0.7807290267004567,1.0,False,85.44,47,12,False
Isa.47.10,ותבטחי ברעתך אמרת אין ראני חכמתך ודעתך היא שובבתך ותאמרי בלבך אני ואפסי עוד,68.8633653188,24040.4804704421,0.5714285714285714,32.13623714877334,11218.890886206314,-0.5078430223487759,-0.16694620590290116,0.0,0.6942182821962947,0.5662938118852346,0.7266815425440653,0.6008320478370451,False,1.0,1.0,False,31.56,47,12,False
Isa.47.11,ובא עליך רעה לא תדעי שחרה ותפל עליך הוה לא תוכלי כפרה ותבא עליך פתאם שואה לא תדע,61.8305019024,683.3380958985,0.2222222222222222,42.805732086276926,473.0802202374231,-0.4741355057105974,-0.25177554295512294,0.0,0.6822983596027787,0.5993927188216622,0.7266815425440653,0.6008320478370451,False,1.0,1.0,False,31.56,47,12,False
Isa.47.12,עמדי נא בחבריך וברב כשפיך באשר יגעת מנעוריך אולי תוכלי הועיל אולי תערוצי,170.3926351407,58822.1715958465,0.3076923076923077,105.4811550871,36413.72527361926,-0.2761286763358393,0.03194628947609261,0.03194628947609261,0.6087753819779083,0.4872574418985752,0.7266815425440653,0.6008320478370451,False,0.9994898474664322,1.0,False,65.61,47,12,False
Isa.47.13,נלאית ברב עצתיך יעמדו נא ויושיעך הברו הברי שמים החזים בכוכבים מודיעם לחדשים מאשר,286.3900897603,82367.5471428082,0.5,143.19504488015,41183.7735714041,-0.1569813713194406,0.0696018975438607,0.0696018975438607,0.5623702352008558,0.4722552632920259,0.7266815425440653,0.6008320478370451,False,0.997580719117674,1.0,False,68.09,47,12,False
Isa.47.14,הנה היו כקש אש שרפתם לא יצילו את נפשם מיד להבה אין גחלת לחמם אור לשבת נגדו,252.8372088037,2803.9806891974,0.17647058823529413,186.8796760723,2072.507465928513,-0.018971049240725863,-0.23914938033856775,0.0,0.5075678996942358,0.5945051237659721,0.7266815425440653,0.6008320478370451,False,1.0,1.0,False,31.56,47,12,False
Isa.47.15,כן היו לך אשר יגעת סחריך מנעוריך איש לעברו תעו אין מושיעך,239.668478767,61093.8960124156,0.16666666666666666,179.75135907525,45820.422009311704,-0.04149112776250189,0.10620442343588543,0.10620442343588543,0.5165478171075729,0.45771008070213576,0.7266815425440653,0.6008320478370451,False,0.9943761834177388,1.0,False,69.95,47,12,False
Isa.48.1,שמעו זאת בית יעקב הנקראים בשם ישראל וממי יהודה יצאו הנשבעים בשם יהוה ובאלהי ישרא,153.8450446584,1604.5954651929,0.3333333333333333,92.30702679504002,962.7572791157402,-0.31774893588881975,-0.24790994532218863,0.0,0.6246623060508376,0.5978979575918018,0.7266815425440653,0.6008320478370451,False,1.0,1.0,False,31.56,48,12,False
Isa.48.2,כי מעיר הקדש נקראו ועל אלהי ישראל נסמכו יהוה צבאות שמו,131.2879193213,710.3401787619,0.18181818181818182,96.27780750228665,520.9161310920599,-0.30520427866370553,-0.25139791778274395,0.0,0.619894713060679,0.5992467613023187,0.7266815425440653,0.6008320478370451,False,1.0,1.0,False,31.56,48,12,False
Isa.48.3,הראשנות מאז הגדתי ומפי יצאו ואשמיעם פתאם עשיתי ותבאנה,211.7247485206,478088.0697902295,0.1111111111111111,173.2293396986727,391162.9661920059,-0.062095765370769,2.832399774310715,2.832399774310715,0.5247567153814383,0.0023100023551818503,0.7266815425440653,0.18638831503373554,False,0.01811084695802477,0.5313887141547722,False,96.67,48,12,False
Isa.48.4,מדעתי כי קשה אתה וגיד ברזל ערפך ומצחך נחושה,222.9666033225,6981.6123267431,0.4444444444444444,118.04114293544117,3696.1477023934062,-0.23644863507304859,-0.22633207607442168,0.0,0.5934577197310061,0.5895284237561648,0.7266815425440653,0.6008320478370451,False,1.0,1.0,False,31.56,48,12,False
Isa.48.5,ואגיד לך מאז בטרם תבוא השמעתיך פן תאמר עצבי עשם ופסלי ונסכי צום,779.4985864511,30122.6013406658,0.3076923076923077,482.5467439935381,18647.32463945978,0.9151127728795777,-0.10830483111854264,0.9151127728795777,0.18006621509630105,0.5431230547587207,0.7266815425440653,0.6008320478370451,False,0.657891211400571,1.0,False,87.92,48,12,False
Isa.48.6,שמעת חזה כלה ואתם הלוא תגידו השמעתיך חדשות מעתה ונצרות ולא ידעתם,193.8047919027,15897.1825234489,0.16666666666666666,145.353593927025,11922.886892586675,-0.1501619924886665,-0.16138873645131438,0.0,0.5596815942821289,0.5641063813020631,0.7266815425440653,0.6008320478370451,False,1.0,1.0,False,31.56,48,12,False
Isa.48.7,עתה נבראו ולא מאז ולפני יום ולא שמעתם פן תאמר הנה ידעתין,196.5593408036,3722.3152704219,0.16666666666666666,147.4195056027,2791.7364528164253,-0.1436352775327366,-0.23347165903461237,0.0,0.5571057589743897,0.5923024128394344,0.7266815425440653,0.6008320478370451,False,1.0,1.0,False,31.56,48,12,False
Isa.48.8,גם לא שמעת גם לא ידעת גם מאז לא פתחה אזנך כי ידעתי בגוד תבגוד ופשע מבטן קרא לך,98.2536644696,926.7683213876,0.15789473684210525,74.672784996896,704.343924254576,-0.37345977340215375,-0.24994990622041433,0.0,0.6455968603579731,0.5986869558942279,0.7266815425440653,0.6008320478370451,False,1.0,1.0,False,31.56,48,12,False
Isa.48.9,למען שמי אאריך אפי ותהלתי אחטם לך לבלתי הכריתך,45.9846492405,37004.1640755211,0.4444444444444444,24.344814303794116,19590.43980468764,-0.5324580127227879,-0.10085971257727319,0.0,0.7027955926143267,0.5401690876635654,0.7266815425440653,0.6008320478370451,False,1.0,1.0,False,31.56,48,12,False
Isa.48.10,הנה צרפתיך ולא בכסף בחרתיך בכור עני,830.0354814724,12054.7588173922,0.14285714285714285,645.5831522563111,9375.923524638378,1.4301842431165852,-0.1814949174287611,1.4301842431165852,0.07633207329395339,0.5720104388950487,0.7266815425440653,0.6008320478370451,False,0.3596177976755826,1.0,False,92.25,48,12,False
Isa.48.11,למעני למעני אעשה כי איך יחל וכבודי לאחר לא אתן,79.6446164362,363.2458275453,0.0,79.6446164362,363.2458275453,-0.35775255464960704,-0.2526425951494365,0.0,0.639735750229883,0.5997277943305963,0.7266815425440653,0.6008320478370451,False,1.0,1.0,False,31.56,48,12,False
Isa.48.12,שמע אלי יעקב וישראל מקראי אני הוא אני ראשון אף אני אחרון,858.6059267674,191.2436948701,0.0,858.6059267674,191.2436948701,2.1031747415612596,-0.25400041051953354,2.1031747415612596,0.017725248688783595,0.6002523795251405,0.5581291721273078,0.6008320478370451,False,0.10951738263812881,1.0,False,95.43,48,12,False
Isa.48.13,אף ידי יסדה ארץ וימיני טפחה שמים קרא אני אליהם יעמדו יחדו,25.6676853282,1344.8307310332,0.16666666666666666,19.250763996150003,1008.6230482749,-0.5485513504586796,-0.24754787279810408,0.0,0.7083433099580007,0.5977578765409131,0.7266815425440653,0.6008320478370451,False,1.0,1.0,False,31.56,48,12,False
Isa.48.14,הקבצו כלכם ושמעו מי בהם הגיד את אלה יהוה אהבו יעשה חפצו בבבל וזרעו כשדים,191.3905018384,16004.7143998302,0.0,191.3905018384,16004.7143998302,-0.00472025897807856,-0.12916606548079707,0.0,0.5018831038879398,0.5513868764723656,0.7266815425440653,0.6008320478370451,False,1.0,1.0,False,31.56,48,12,False
Isa.48.15,אני אני דברתי אף קראתיו הביאתיו והצליח דרכו,258.8150515504,17639.1617853424,0.25,172.54336770026669,11759.441190228266,-0.06426291692621137,-0.16267900584150638,0.0,0.5256195597993486,0.5646144111576596,0.7266815425440653,0.6008320478370451,False,1.0,1.0,False,31.56,48,12,False
Isa.48.16,קרבו אלי שמעו זאת לא מראש בסתר דברתי מעת היותה שם אני ועתה אדני יהוה שלחני ורוחו,69.7270860927,440.527089109,0.058823529411764705,62.38739281978422,394.1558165712105,-0.41227230048447455,-0.25239858620875566,0.0,0.6599300755472549,0.599633503588777,0.7266815425440653,0.6008320478370451,False,1.0,1.0,False,31.56,48,12,False
Isa.48.17,כה אמר יהוה גאלך קדוש ישראל אני יהוה אלהיך מלמדך להועיל מדריכך בדרך תלך,41.2818913142,428.0903303684,0.21428571428571427,28.89732391994,299.66323125788,-0.5180755330899133,-0.2531445274520595,0.0,0.6977972148726048,0.599921734389299,0.7266815425440653,0.6008320478370451,False,1.0,1.0,False,31.56,48,12,False
Isa.48.18,לוא הקשבת למצותי ויהי כנהר שלומך וצדקתך כגלי הים,93.5808706098,54178.2981920827,0.4444444444444444,49.54281385224706,28682.62845463202,-0.45285143396686584,-0.02908436127957059,0.0,0.6746721378803278,0.5116013457932985,0.7266815425440653,0.6008320478370451,False,1.0,1.0,False,31.56,48,12,False
Isa.48.19,ויהי כחול זרעך וצאצאי מעיך כמעתיו לא יכרת ולא ישמד שמו מלפני,78.3964570867,135450.3377673191,0.3333333333333333,47.03787425202,81270.20266039147,-0.4607651443858561,0.38605128513439585,0.38605128513439585,0.677516444294359,0.3497293436054104,0.7266815425440653,0.6008320478370451,False,0.9281909545476735,1.0,False,80.33,48,12,False
Isa.48.20,צאו מבבל ברחו מכשדים בקול רנה הגידו השמיעו זאת הוציאוה עד קצה הארץ אמרו גאל יהוה,361.0059925126,8154.7887959631,0.125,288.80479401008,6523.83103677048,0.30303506528111895,-0.20400984184704288,0.30303506528111895,0.3809315694897286,0.5808270960150181,0.7266815425440653,0.6008320478370451,False,0.955123024440061,1.0,False,77.38,48,12,False
Isa.48.21,ולא צמאו בחרבות הוליכם מים מצור הזיל למו ויבקע צור ויזבו מים,719.9540519146,185754.7077324582,0.4166666666666667,392.7022101352363,101320.74967224992,0.6312721470939039,0.5443338627287405,0.833548965454183,0.26393129768406376,0.2931058742920165,0.7266815425440653,0.6008320478370451,False,0.7065212927844311,1.0,False,87.22,48,12,False
Isa.48.22,אין שלום אמר יהוה לרשעים,400.1438670569,6.9422094297,0.2,285.8170478977857,4.958721021214286,0.2935960522462267,-0.2554709771734237,0.2935960522462267,0.38453329637887723,0.6008203215417109,0.7266815425440653,0.6008320478370451,False,0.9578162541249287,1.0,False,77.23,48,12,False
Isa.49.1,שמעו איים אלי והקשיבו לאמים מרחוק יהוה מבטן קראני ממעי אמי הזכיר שמי,152.4898717158,23751.0787662306,0.15384615384615385,116.60990190031765,18162.589644764575,-0.24097027187846964,-0.1121314152194732,0.0,0.5952109213539238,0.5446403956243855,0.7266815425440653,0.6008320478370451,False,1.0,1.0,False,31.56,49,12,False
Isa.49.2,וישם פי כחרב חדה בצל ידו החביאני וישימני לחץ ברור באשפתו הסתירני,913.2467538309,46453.3654085532,0.4166666666666667,498.1345929986727,25338.19931375629,0.9643585603110985,-0.05548587863899073,0.9643585603110985,0.16743309533374795,0.522124310083729,0.7266815425440653,0.6008320478370451,False,0.6281390521375628,1.0,False,88.38,49,12,False
Isa.49.3,ויאמר לי עבדי אתה ישראל אשר בך אתפאר,23.4072018633,8.5846167111,0.125,18.72576149064,6.86769336888,-0.550209960429744,-0.25545590740682006,0.0,0.7089123136929782,0.6008145025837183,0.7266815425440653,0.6008320478370451,False,1.0,1.0,False,31.56,49,12,False
Isa.49.4,ואני אמרתי לריק יגעתי לתהו והבל כחי כליתי אכן משפטי את יהוה ופעלתי את אלהי,120.613197557,9180.3768086803,0.2,86.15228396928572,6557.412006200214,-0.33719325798822775,-0.20374474771288725,0.0,0.6320143903246604,0.580723514024868,0.7266815425440653,0.6008320478370451,False,1.0,1.0,False,31.56,49,12,False
Isa.49.5,ועתה אמר יהוה יצרי מבטן לעבד לו לשובב יעקב אליו וישראל לא לו יאסף ואכבד בעיני יה,360.2251456024,22751.9336666205,0.17647058823529413,266.2533684887304,16816.646623154284,0.2317896543757184,-0.12275652837122913,0.2317896543757184,0.40835069643305033,0.5488500504235472,0.7266815425440653,0.6008320478370451,False,0.9734943850941179,1.0,False,75.14,49,12,False
Isa.49.6,ויאמר נקל מהיותך לי עבד להקים את שבטי יעקב ונצירי ונצורי ישראל להשיב ונתתיך לאור,192.3071361641,5018.0162018668,0.26666666666666666,125.41769749832609,3272.6192620870434,-0.21314431400468392,-0.22967548476928454,0.0,0.5843927994396605,0.5908280269952588,0.7266815425440653,0.6008320478370451,False,1.0,1.0,False,31.56,49,12,False
Isa.49.7,כה אמר יהוה גאל ישראל קדושו לבזה נפש למתעב גוי לעבד משלים מלכים יראו וקמו שרים ו,272.3601529773,12169.9066241619,0.29411764705882354,171.48602224496665,7662.533800398232,-0.06760332710828579,-0.19502072008222482,0.0,0.5269492965942101,0.5773116366148405,0.7266815425440653,0.6008320478370451,False,1.0,1.0,False,31.56,49,12,False
Isa.49.8,כה אמר יהוה בעת רצון עניתיך וביום ישועה עזרתיך ואצרך ואתנך לברית עם להקים ארץ לה,74.225512508,5109.6974064434,0.1875,53.98219091490909,3716.1435683224727,-0.438826367449721,-0.22617422515900218,0.0,0.6696063233944567,0.5894670417191238,0.7266815425440653,0.6008320478370451,False,1.0,1.0,False,31.56,49,12,False
Isa.49.9,לאמר לאסורים צאו לאשר בחשך הגלו על דרכים ירעו ובכל שפיים מרעיתם,231.8186248545,153881.969913683,0.08333333333333333,198.70167844671428,131898.83135458542,0.018377517309641028,0.7857226679173462,0.7859375573298546,0.49266884400108985,0.21601499009713382,0.7266815425440653,0.6008320478370451,False,0.7342916969597996,1.0,False,86.52,49,12,False
Isa.49.10,לא ירעבו ולא יצמאו ולא יכם שרב ושמש כי מרחמם ינהגם ועל מבועי מים ינהלם,32.0791844186,7225.6267763536,0.6,14.581447463,3284.375807433454,-0.5633028514108795,-0.22958267651323375,0.0,0.7133856615972237,0.5907919652609749,0.7266815425440653,0.6008320478370451,False,1.0,1.0,False,31.56,49,12,False
Isa.49.11,ושמתי כל הרי לדרך ומסלתי ירמון,3070.8445750633,346728.1962421436,0.3333333333333333,1842.5067450379802,208036.91774528616,5.2115555408807825,1.3867702383349274,5.392906716198297,9.36318800901906e-08,0.0827559175123721,1.0988977926948734e-05,0.6008320478370451,False,4.837384713077591e-07,4.16337577638878e-05,True,98.92,49,12,False
Isa.49.12,הנה אלה מרחוק יבאו והנה אלה מצפון ומים ואלה מארץ סינים,104.3566410778,201.2268565048,0.09090909090909091,88.30177321967692,170.2688785809846,-0.3304025012471125,-0.2541659894428839,0.0,0.6294520740813945,0.6003163377599265,0.7266815425440653,0.6008320478370451,False,1.0,1.0,False,31.56,49,12,False
Isa.49.13,רנו שמים וגילי ארץ יפצחו ופצחו הרים רנה כי נחם יהוה עמו ועניו ירחם,360.9677792173,13055.5403125875,0.2857142857142857,229.70676859282727,8308.071108010228,0.11633010064090575,-0.18992473397662332,0.11633010064090575,0.45369546534624783,0.575315944846577,0.7266815425440653,0.6008320478370451,False,0.9932564940187198,1.0,False,70.41,49,12,False
Isa.49.14,ותאמר ציון עזבני יהוה ואדני שכחני,138.3339667821,26164.4594968726,0.16666666666666666,103.750475086575,19623.34462265445,-0.2815963133003599,-0.10059995610280001,0.0,0.6108734662908238,0.5400659842221658,0.7266815425440653,0.6008320478370451,False,1.0,1.0,False,31.56,49,13,True
Isa.49.15,התשכח אשה עולה מרחם בן בטנה גם אלה תשכחנה ואנכי לא אשכחך,83.8562355735,996.1399211866,0.3333333333333333,50.3137413441,597.68395271196,-0.45041588744749683,-0.2507918989706331,0.0,0.673794704316346,0.5990124974264587,0.7266815425440653,0.6008320478370451,False,1.0,1.0,False,31.56,49,13,False
Isa.49.16,הן על כפים חקתיך חומתיך נגדי תמיד,86.9593899035,4420.5106091927,0.14285714285714285,67.63508103605555,3438.174918260989,-0.39569358341323085,-0.2283685590291021,0.0,0.6538344551628461,0.5903201350335732,0.7266815425440653,0.6008320478370451,False,1.0,1.0,False,31.56,49,13,False
Isa.49.17,מהרו בניך מהרסיך ומחרביך ממך יצאו,38.7831335127,6762.4935436386,0.3333333333333333,23.26988010762,4057.4961261831604,-0.5358539899939448,-0.22347952746847746,0.0,0.7039702674598414,0.5884188425221968,0.7266815425440653,0.6008320478370451,False,1.0,1.0,False,31.56,49,13,False
Isa.49.18,שאי סביב עיניך וראי כלם נקבצו באו לך חי אני נאם יהוה כי כלם כעדי תלבשי ותקשרים כ,71.8258063672,18994.5257009558,0.2222222222222222,49.725558254215386,13150.056254507863,-0.45227410017497005,-0.15170124365449372,0.0,0.6744642340702032,0.5602887118838589,0.7266815425440653,0.6008320478370451,False,1.0,1.0,False,31.56,49,13,False
Isa.49.19,כי חרבתיך ושממתיך וארץ הרסתיך כי עתה תצרי מיושב ורחקו מבלעיך,481.9478635612,102941.1298976354,0.6363636363636364,212.05705996692802,45294.09715495958,0.060570399675557114,0.10204952159956386,0.11867130308358706,0.47585067393116603,0.45935868383742734,0.7266815425440653,0.6008320478370451,False,0.9929832937587765,1.0,False,70.57,49,13,False
Isa.49.20,עוד יאמרו באזניך בני שכליך צר לי המקום גשה לי ואשבה,194.5610958236,10209.907922908,0.09090909090909091,164.62861954304614,8639.15285784523,-0.08926752180762347,-0.18731111586798335,0.0,0.5355653475812052,0.5742916459846399,0.7266815425440653,0.6008320478370451,False,1.0,1.0,False,31.56,49,13,False
Isa.49.21,ואמרת בלבבך מי ילד לי את אלה ואני שכולה וגלמודה גלה וסורה ואלה מי גדל הן אני נשא,78.452662888,864.1737946521,0.16666666666666666,58.83949716600001,648.1303459890751,-0.4234809614830461,-0.250393666186584,0.0,0.6640278068906412,0.5988585363518606,0.7266815425440653,0.6008320478370451,False,1.0,1.0,False,31.56,49,13,False
Isa.49.22,כה אמר אדני יהוה הנה אשא אל גוים ידי ואל עמים ארים נסי והביאו בניך בחצן ובנתיך ע,77.6163075195,362.1711365488,0.2222222222222222,53.73436674426923,250.73386376455386,-0.4396093039808423,-0.2535307845652606,0.0,0.6698899495243041,0.6000709622972815,0.7266815425440653,0.6008320478370451,False,1.0,1.0,False,31.56,49,13,False
Isa.49.23,והיו מלכים אמניך ושרותיהם מיניקתיך אפים ארץ ישתחוו לך ועפר רגליך ילחכו וידעת כי ,60.7171651196,7638.1027226245,0.21428571428571427,42.502015583719995,5346.67190583715,-0.47509501964478024,-0.21330254500235576,0.0,0.6826403759213251,0.584454505696071,0.7266815425440653,0.6008320478370451,False,1.0,1.0,False,31.56,49,13,False
Isa.49.24,היקח מגבור מלקוח ואם שבי צדיק ימלט,1711.0758855928,401899.5697892748,0.42857142857142855,921.3485537807384,216407.46065576337,2.3013938846756354,1.4528487900547788,2.7216141201842055,0.010684688635597565,0.07313287098923976,0.38316480634879047,0.6008320478370451,False,0.024634886023804835,0.7067475079273787,False,96.59,49,13,False
Isa.49.25,כי כה אמר יהוה גם שבי גבור יקח ומלקוח עריץ ימלט ואת יריבך אנכי אריב ואת בניך אנכ,87.3499151967,4169.0232146665,0.16666666666666666,65.51243639752501,3126.767410999875,-0.4023995315287983,-0.23082686517418471,0.0,0.6563049926297626,0.5912753453151894,0.7266815425440653,0.6008320478370451,False,1.0,1.0,False,31.56,49,13,False
Isa.49.26,והאכלתי את מוניך את בשרם וכעסיס דמם ישכרון וידעו כל בשר כי אני יהוה מושיעך וגאלך,49.260950173,11800.1429909122,0.25,32.840633448666665,7866.761993941466,-0.5056176639660593,-0.19340850646668897,0.0,0.6934374605596263,0.5766804729928964,0.7266815425440653,0.6008320478370451,False,1.0,1.0,False,31.56,49,13,False
Isa.50.1,כה אמר יהוה אי זה ספר כריתות אמכם אשר שלחתיה או מי מנושי אשר מכרתי אתכם לו הן בע,19.6543917066,2178.2877409956,0.2631578947368421,12.877015256048276,1427.154037204014,-0.5686875652432585,-0.24424391487158817,0.0,0.7152159060255806,0.5964790412104747,0.7266815425440653,0.6008320478370451,False,1.0,1.0,False,31.56,50,13,False
Isa.50.2,מדוע באתי ואין איש קראתי ואין עונה הקצור קצרה ידי מפדות ואם אין בי כח להציל הן ב,101.0449812718,6249.232657601,0.2222222222222222,69.95421780355385,4326.391839877616,-0.3883668691090812,-0.22135681696873613,0.0,0.6511277207707082,0.5875926932655493,0.7266815425440653,0.6008320478370451,False,1.0,1.0,False,31.56,50,13,False
Isa.50.3,אלביש שמים קדרות ושק אשים כסותם,444.9092593872,140388.7928263786,0.5,222.4546296936,70194.3964131893,0.0934188387639419,0.29861690438129873,0.312888374693393,0.46278541239658366,0.38261618291111604,0.7266815425440653,0.6008320478370451,False,0.952229151775555,1.0,False,77.69,50,13,False
Isa.50.4,אדני יהוה נתן לי לשון למודים לדעת לעות את יעף דבר יעיר בבקר בבקר יעיר לי אזן לשמ,95.4539846021,6108.3861418719,0.2222222222222222,66.08352780145384,4228.882713603623,-0.4005953155736281,-0.22212657132189625,0.0,0.6556409524462393,0.5878923232103568,0.7266815425440653,0.6008320478370451,False,1.0,1.0,False,31.56,50,13,False
Isa.50.5,אדני יהוה פתח לי אזן ואנכי לא מריתי אחור לא נסוגתי,46.6887834166,2260.2681540347,0.09090909090909091,39.5058936602,1912.5345918755152,-0.4845604938943693,-0.24041223460560138,0.0,0.6860059284357336,0.594994652771526,0.7266815425440653,0.6008320478370451,False,1.0,1.0,False,31.56,50,13,False
Isa.50.6,גוי נתתי למכים ולחיי למרטים פני לא הסתרתי מכלמות ורק,292.1330582127,98190.500318899,0.4,162.2961434515,54550.277954943886,-0.09663637826469779,0.1751194560424648,0.1751194560424648,0.5384924169985441,0.43049288539189345,0.7266815425440653,0.6008320478370451,False,0.9847835462660647,1.0,False,73.04,50,13,False
Isa.50.7,ואדני יהוה יעזר לי על כן לא נכלמתי על כן שמתי פני כחלמיש ואדע כי לא אבוש,30.5971984572,2152.6677467671,0.11764705882352941,24.76916065582857,1742.6357950019383,-0.5311173999004065,-0.24175344586948477,0.0,0.7023312863210195,0.5955143931117772,0.7266815425440653,0.6008320478370451,False,1.0,1.0,False,31.56,50,13,False
Isa.50.8,קרוב מצדיקי מי יריב אתי נעמדה יחד מי בעל משפטי יגש אלי,2200.1544988199,45294.0019368096,0.16666666666666666,1650.115874114925,33970.5014526072,4.603746219009556,0.012659046898572087,4.603763623440409,2.0747903973611264e-06,0.4949499058437692,0.00017857029353288094,0.6008320478370451,False,2.4982880435254527e-05,0.001290115945676544,True,98.14,50,13,False
Isa.50.9,הן אדני יהוה יעזר לי מי הוא ירשיעני הן כלם כבגד יבלו עש יאכלם,57.5026895941,10391.2612784859,0.07142857142857142,50.3148533948375,9092.353618675163,-0.4504123742100891,-0.18373346860731488,0.0,0.6737934379356669,0.5728887241507914,0.7266815425440653,0.6008320478370451,False,1.0,1.0,False,31.56,50,13,False
Isa.50.10,מי בכם ירא יהוה שמע בקול עבדו אשר הלך חשכים ואין נגה לו יבטח בשם יהוה וישען באלה,67.9156819165,1208.3709990596,0.1111111111111111,55.5673761135,988.6671810487636,-0.43381838377579085,-0.24770540795666188,0.0,0.6677898346310578,0.5978188263456099,0.7266815425440653,0.6008320478370451,False,1.0,1.0,False,31.56,50,13,False
Isa.50.11,הן כלכם קדחי אש מאזרי זיקות לכו באור אשכם ובזיקות בערתם מידי היתה זאת לכם למעצבה,98.7538025145,54743.693392097,0.4375,52.668694674399994,29196.636475785064,-0.44297601995346964,-0.025026690711074148,0.0,0.6711084600839385,0.5099831629178301,0.7266815425440653,0.6008320478370451,False,1.0,1.0,False,31.56,50,13,False
Isa.51.1,שמעו אלי רדפי צדק מבקשי יהוה הביטו אל צור חצבתם ואל מקבת בור נקרתם,40.5286334962,594.2586942993,0.21428571428571427,28.37004344734,415.98108600951,-0.519741339710307,-0.25222629365726856,0.0,0.6983780652173162,0.5995669222330272,0.7266815425440653,0.6008320478370451,False,1.0,1.0,False,31.56,51,13,False
Isa.51.2,הביטו אל אברהם אביכם ואל שרה תחוללכם כי אחד קראתיו ואברכהו וארבהו,10.6600412145,13757.2777787709,0.3333333333333333,6.3960247287000005,8254.36666726254,-0.5891625827873956,-0.19034868636579153,0.0,0.7221238926179167,0.5754820476068347,0.7266815425440653,0.6008320478370451,False,1.0,1.0,False,31.56,51,13,False
Isa.51.3,כי נחם יהוה ציון נחם כל חרבתיה וישם מדברה כעדן וערבתה כגן יהוה ששון ושמחה ימצא ב,34.3881769649,742.7082865661,0.23529411764705882,23.383960336131995,505.041634864948,-0.5354935829434538,-0.25152323387408815,0.0,0.7038457031224423,0.5992951992975786,0.7266815425440653,0.6008320478370451,False,1.0,1.0,False,31.56,51,13,False
Isa.51.4,הקשיבו אלי עמי ולאומי אלי האזינו כי תורה מאתי תצא ומשפטי לאור עמים ארגיע,56.9140667885,2087.0647556258,0.14285714285714285,44.26649639105556,1623.2725877089556,-0.4695205977513924,-0.24269572021786479,0.0,0.680651217304918,0.5958794384390379,0.7266815425440653,0.6008320478370451,False,1.0,1.0,False,31.56,51,13,False
Isa.51.5,קרוב צדקי יצא ישעי וזרעי עמים ישפטו אלי איים יקוו ואל זרעי ייחלון,1363.2678440907,35806.5523114825,0.15384615384615385,1042.4989395987707,27381.48117936897,2.684137273149331,-0.03935584885727558,2.684137273149331,0.0036358621123278832,0.515696659937827,0.16185855127638957,0.6008320478370451,False,0.02726104686295478,0.7488087553207365,False,96.44,51,13,False
Isa.51.6,שאו לשמים עיניכם והביטו אל הארץ מתחת כי שמים כעשן נמלחו והארץ כבגד תבלה וישביה כ,59.4451146456,10184.0921454218,0.25,39.6300764304,6789.394763614534,-0.48416817046976385,-0.20191343464301112,0.0,0.6858667379186578,0.5800078004686602,0.7266815425440653,0.6008320478370451,False,1.0,1.0,False,31.56,51,13,False
Isa.51.7,שמעו אלי ידעי צדק עם תורתי בלבם אל תיראו חרפת אנוש ומגדפתם אל תחתו,80.1112405622,3911.9750095729,0.07142857142857142,70.097335491925,3422.9781333762876,-0.38791472569552266,-0.2284885251467983,0.0,0.6509604298668287,0.59036676209161,0.7266815425440653,0.6008320478370451,False,1.0,1.0,False,31.56,51,13,False
Isa.51.8,כי כבגד יאכלם עש וכצמר יאכלם סס וצדקתי לעולם תהיה וישועתי לדור דורים,68.4414974241,36838.060190486,0.15384615384615385,52.33761567725295,28170.281322136354,-0.4440219786300756,-0.033128920498155655,0.0,0.6714866531744759,0.5132141099097515,0.7266815425440653,0.6008320478370451,False,1.0,1.0,False,31.56,51,13,False
Isa.51.9,עורי עורי לבשי עז זרוע יהוה עורי כימי קדם דרות עולמים הלוא את היא המחצבת רהב מחו,156.516155848,1515.9936328663,0.11764705882352941,126.70355473409523,1227.2329408917667,-0.20908197980584023,-0.24582212749696314,0.0,0.5828078790738642,0.5970900363562519,0.7266815425440653,0.6008320478370451,False,1.0,1.0,False,31.56,51,13,False
Isa.51.10,הלוא את היא המחרבת ים מי תהום רבה השמה מעמקי ים דרך לעבר גאולים,248.7397111419,6726.5978746309,0.21428571428571427,174.11779779933,4708.61851224163,-0.05928891121453683,-0.21833945176212582,0.0,0.5236390034262021,0.5864176810930398,0.7266815425440653,0.6008320478370451,False,1.0,1.0,False,31.56,51,13,False
Isa.51.11,ופדויי יהוה ישובון ובאו ציון ברנה ושמחת עולם על ראשם ששון ושמחה ישיגון נסו יגון ,12.9375376394,861.2479967475,0.13333333333333333,10.213845504789475,679.9326290111842,-0.5771011630027277,-0.25014261331869225,0.0,0.7180644406267847,0.5987614687230842,0.7266815425440653,0.6008320478370451,False,1.0,1.0,False,31.56,51,13,False
Isa.51.12,אנכי אנכי הוא מנחמכם מי את ותיראי מאנוש ימות ומבן אדם חציר ינתן,84.663369357,44076.8464735328,0.23076923076923078,57.92756850742104,30157.842323996123,-0.42636196481187605,-0.01743876110677838,0.0,0.665077943930728,0.506956706520406,0.7266815425440653,0.6008320478370451,False,1.0,1.0,False,31.56,51,13,False
Isa.51.13,ותשכח יהוה עשך נוטה שמים ויסד ארץ ותפחד תמיד כל היום מפני חמת המציק כאשר כונן לה,100.0298608587,14124.479533098,0.23529411764705882,68.020305383916,9604.646082506639,-0.3944765664699738,-0.17968934095287,0.0,0.6533853876129925,0.5713017690368285,0.7266815425440653,0.6008320478370451,False,1.0,1.0,False,31.56,51,13,False
Isa.51.14,מהר צעה להפתח ולא ימות לשחת ולא יחסר לחמו,399.787604876,14917.0720868526,0.2222222222222222,276.7760341449231,10327.203752436415,0.26503330177999684,-0.1739853424340561,0.26503330177999684,0.39549190386795513,0.5690615092077429,0.7266815425440653,0.6008320478370451,False,0.9654882707788462,1.0,False,76.22,51,13,False
Isa.51.15,ואנכי יהוה אלהיך רגע הים ויהמו גליו יהוה צבאות שמו,63.5234815674,21584.5409908233,0.1,52.9362346395,17987.11749235275,-0.4421307964562179,-0.11351662354138806,0.0,0.6708027198693387,0.5451895077069967,0.7266815425440653,0.6008320478370451,False,1.0,1.0,False,31.56,51,13,False
Isa.51.16,ואשים דברי בפיך ובצל ידי כסיתיך לנטע שמים וליסד ארץ ולאמר לציון עמי אתה,61.0033059511,22642.5671070723,0.2857142857142857,38.82028560524546,14408.90634086419,-0.48672649566437026,-0.1417636575948466,0.0,0.6867739169365518,0.5563666544386726,0.7266815425440653,0.6008320478370451,False,1.0,1.0,False,31.56,51,13,False
Isa.51.17,התעוררי התעוררי קומי ירושלם אשר שתית מיד יהוה את כוס חמתו את קבעת כוס התרעלה שתי,76.0843732867,6574.1328511584,0.3125,46.821152791815386,4045.6202160974767,-0.46144981992752765,-0.22357327801097035,0.0,0.6777620423944901,0.5884553207976931,0.7266815425440653,0.6008320478370451,False,1.0,1.0,False,31.56,51,13,False
Isa.51.18,אין מנהל לה מכל בנים ילדה ואין מחזיק בידה מכל בנים גדלה,1451.3183962969,46.4390166063,0.08333333333333333,1243.9871968259142,39.80487137682857,3.320687440018862,-0.25519589547643734,3.320687440018862,0.00044898019478195893,0.6007140994597255,0.02688547260342412,0.6008320478370451,False,0.004032041171218464,0.1445934764456399,False,97.29,51,13,False
Isa.51.19,שתים הנה קראתיך מי ינוד לך השד והשבר והרעב והחרב מי אנחמך,144.801898696,21501.9711798058,0.4166666666666667,78.98285383418181,11728.34791625771,-0.3598432228629303,-0.16292446166607796,0.0,0.6405178109297023,0.5647110447330823,0.7266815425440653,0.6008320478370451,False,1.0,1.0,False,31.56,51,13,False
Isa.51.20,בניך עלפו שכבו בראש כל חוצות כתוא מכמר המלאים חמת יהוה גערת אלהיך,179.6736378638,11005.3610339473,0.23076923076923078,122.93459432786314,7529.983865332362,-0.22098903785740243,-0.19606709280062398,0.0,0.5874495157473286,0.5777211737657307,0.7266815425440653,0.6008320478370451,False,1.0,1.0,False,31.56,51,13,False
Isa.51.21,לכן שמעי נא זאת עניה ושכרת ולא מיין,465.3990556308,3247.6665564737,0.125,372.31924450464,2598.13324517896,0.5668774257736179,-0.23499999712520248,0.5668774257736179,0.2853987311095655,0.5928956322739897,0.7266815425440653,0.6008320478370451,False,0.851568779244578,1.0,False,83.73,51,13,False
Isa.51.22,כה אמר אדניך יהוה ואלהיך יריב עמו הנה לקחתי מידך את כוס התרעלה את קבעת כוס חמתי ,66.1579281817,6222.4678516742,0.11764705882352941,53.55641805185238,5037.235879926733,-0.44017148696565256,-0.21574528792366776,0.0,0.6700935454083946,0.5854068511199881,0.7266815425440653,0.6008320478370451,False,1.0,1.0,False,31.56,51,13,False
Isa.51.23,ושמתיה ביד מוגיך אשר אמרו לנפשך שחי ונעברה ותשימי כארץ גוך וכחוץ לעברים,793.6691895656,275938.8798752452,0.5384615384615384,382.13701719825195,132859.46068067363,0.5978941457175527,0.7933060463536569,0.9933840610079229,0.2749552831922968,0.21379976746728058,0.7266815425440653,0.6008320478370451,False,0.6105433709104864,1.0,False,88.69,51,13,False
Isa.52.1,עורי עורי לבשי עזך ציון לבשי בגדי תפארתך ירושלם עיר הקדש כי לא יוסיף יבא בך עוד ,19.8850568637,1467.3394053067,0.0,19.8850568637,1467.3394053067,-0.5465474657845076,-0.2439266844418593,0.0,0.7076551652926695,0.5963561989541294,0.7266815425440653,0.6008320478370451,False,1.0,1.0,False,31.56,52,13,False
Isa.52.2,התנערי מעפר קומי שבי ירושלם התפתחו התפתחי מוסרי צוארך שביה בת ציון,124.4160025363,8732.9587222971,0.3333333333333333,74.64960152178,5239.775233378261,-0.3735330156106913,-0.21414640631162798,0.0,0.6456241111766107,0.5847835559604353,0.7266815425440653,0.6008320478370451,False,1.0,1.0,False,31.56,52,13,False
Isa.52.3,כי כה אמר יהוה חנם נמכרתם ולא בכסף תגאלו,28.361807132,1357.7280103775,0.2222222222222222,19.635097245230767,939.9655456459615,-0.5473371487121229,-0.2480898673123122,0.0,0.7079264367514134,0.59796756234496,0.7266815425440653,0.6008320478370451,False,1.0,1.0,False,31.56,52,13,False
Isa.52.4,כי כה אמר אדני יהוה מצרים ירד עמי בראשנה לגור שם ואשור באפס עשקו,146.3148327564,5470.8052731949,0.07142857142857142,128.02547866185,4786.954614045538,-0.20490570219849308,-0.21772105266783268,0.0,0.5811770999816154,0.5861767702572991,0.7266815425440653,0.6008320478370451,False,1.0,1.0,False,31.56,52,13,False
Isa.52.5,ועתה מי לי מה לי פה נאם יהוה כי לקח עמי חנם משלו משליו יהילילו נאם יהוה ותמיד כל,158.1898736356,863.0895430287,0.15789473684210525,120.224303963056,655.9480527018119,-0.22955150103875774,-0.25033195182195156,0.0,0.5907798514930128,0.59883467554061,0.7266815425440653,0.6008320478370451,False,1.0,1.0,False,31.56,52,13,False
Isa.52.6,לכן ידע עמי שמי לכן ביום ההוא כי אני הוא המדבר הנני,220.7282098734,463.5471464359,0.0,220.7282098734,463.5471464359,0.08796466074007676,-0.25185079873207555,0.08796466074007676,0.46495238193541105,0.5994218045960177,0.7266815425440653,0.6008320478370451,False,0.9961385837458667,1.0,False,69.09,52,13,False
Isa.52.7,מה נאוו על ההרים רגלי מבשר משמיע שלום מבשר טוב משמיע ישועה אמר לציון מלך אלהיך,19.6974137746,181.1634372823,0.0625,17.50881224408889,161.03416647315555,-0.5540545976141859,-0.25423888989965965,0.0,0.710229259469629,0.6003444961942715,0.7266815425440653,0.6008320478370451,False,1.0,1.0,False,31.56,52,13,False
Isa.52.8,קול צפיך נשאו קול יחדו ירננו כי עין בעין יראו בשוב יהוה ציון,16.907262982,236.713623443,0.07692307692307693,14.652961251066667,205.15180698393334,-0.563076922047284,-0.2538906174134628,0.0,0.7133087472490729,0.6002099682162769,0.7266815425440653,0.6008320478370451,False,1.0,1.0,False,31.56,52,13,False
Isa.52.9,פצחו רננו יחדו חרבות ירושלם כי נחם יהוה עמו גאל ירושלם,49.0672387077,2508.2439217492,0.09090909090909091,41.51843275266923,2122.360241480092,-0.478202395845516,-0.2387558336782263,0.0,0.6837469212719545,0.5943525402754479,0.7266815425440653,0.6008320478370451,False,1.0,1.0,False,31.56,52,13,False
Isa.52.10,חשף יהוה את זרוע קדשו לעיני כל הגוים וראו כל אפסי ארץ את ישועת אלהינו,14.6295817439,4.4753526154,0.06666666666666667,12.908454479911764,3.948840543,-0.568588241126449,-0.25547894934919824,0.0,0.7151821966723164,0.6008233998653921,0.7266815425440653,0.6008320478370451,False,1.0,1.0,False,31.56,52,13,False
Isa.52.11,סורו סורו צאו משם טמא אל תגעו צאו מתוכה הברו נשאי כלי יהוה,88.8168653573,8629.3999303635,0.07692307692307693,76.97461664299334,7478.8132729817,-0.36618773016453204,-0.19647104254072345,0.0,0.6428875013902048,0.5778792521718694,0.7266815425440653,0.6008320478370451,False,1.0,1.0,False,31.56,52,13,False
Isa.52.12,כי לא בחפזון תצאו ובמנוסה לא תלכון כי הלך לפניכם יהוה ומאספכם אלהי ישראל,9.8232486959,7994.0079533106,0.14285714285714285,7.640304541255556,6217.561741463801,-0.5852316017306598,-0.20642758603479366,0.0,0.7208040006908054,0.5817715378515492,0.7266815425440653,0.6008320478370451,False,1.0,1.0,False,31.56,52,13,False
Isa.52.13,הנה ישכיל עבדי ירום ונשא וגבה מאד,16.265666547,1.4294059617,0.14285714285714285,12.651073981,1.1117601924333333,-0.5694013684113138,-0.2555013457651396,0.0,0.7154581057998622,0.6008320478370451,0.7266815425440653,0.6008320478370451,False,1.0,1.0,False,31.56,52,13,False
Isa.52.14,כאשר שממו עליך רבים כן משחת מאיש מראהו ותארו מבני אדם,162.4041352272,10365.2647118414,0.18181818181818182,119.09636583327998,7601.1941220170265,-0.23311493056367555,-0.19550494639272115,0.0,0.5921639193263134,0.5775011671319059,0.7266815425440653,0.6008320478370451,False,1.0,1.0,False,31.56,52,13,False
Isa.52.15,כן יזה גוים רבים עליו יקפצו מלכים פיהם כי אשר לא ספר להם ראו ואשר לא שמעו התבוננ,104.7296686876,338.489485306,0.1111111111111111,85.68791074439999,276.9459425230909,-0.3386603253888729,-0.2533238617622292,0.0,0.6325671840107611,0.5999910208424184,0.7266815425440653,0.6008320478370451,False,1.0,1.0,False,31.56,52,13,False
Isa.53.1,מי האמין לשמעתנו וזרוע יהוה על מי נגלתה,447.8645115009,788.41531693,0.25,298.5763410006,525.6102112866666,0.3339057470418773,-0.25136086188036894,0.3339057470418773,0.36922534146807984,0.5992324379201968,0.7266815425440653,0.6008320478370451,False,0.9457788377901534,1.0,False,78.62,53,13,False
Isa.53.2,ויעל כיונק לפניו וכשרש מארץ ציה לא תאר לו ולא הדר ונראהו ולא מראה ונחמדהו,180.3333445923,13249.9783240246,0.26666666666666666,117.60870299497827,8641.29021132039,-0.23781481750000952,-0.18729424322021576,0.0,0.5939876371838662,0.5742850318157107,0.7266815425440653,0.6008320478370451,False,1.0,1.0,False,31.56,53,13,False
Isa.53.3,נבזה וחדל אישים איש מכאבות וידוע חלי וכמסתר פנים ממנו נבזה ולא חשבנהו,87.4248370396,61616.2243466992,0.38461538461538464,49.41403832673044,34826.56158726477,-0.45325826701701183,0.019416937574034662,0.019416937574034662,0.6748186099877964,0.49225424936273837,0.7266815425440653,0.6008320478370451,False,0.9998115090342777,1.0,False,64.14,53,13,False
Isa.53.4,אכן חלינו הוא נשא ומכאבינו סבלם ואנחנו חשבנהו נגוע מכה אלהים ומענה,96.5561884858,6408.7331912741,0.5,48.2780942429,3204.36659563705,-0.456846989288313,-0.2302142834348273,0.0,0.6761094856809332,0.5910373683295673,0.7266815425440653,0.6008320478370451,False,1.0,1.0,False,31.56,53,13,False
Isa.53.5,והוא מחלל מפשענו מדכא מעונתינו מוסר שלומנו עליו ובחברתו נרפא לנו,130.7346764805,4349.1794661797,0.5454545454545454,62.525280055891315,2080.0423533902917,-0.411836681335443,-0.23908989859931007,0.0,0.6597704332997424,0.5944820627925188,0.7266815425440653,0.6008320478370451,False,1.0,1.0,False,31.56,53,13,False
Isa.53.6,כלנו כצאן תעינו איש לדרכו פנינו ויהוה הפגיע בו את עון כלנו,28.4114835321,476.1580130878,0.25,18.9409890214,317.43867539186664,-0.5495300045727346,-0.25300420494047177,0.0,0.7086791103395493,0.5998675180906632,0.7266815425440653,0.6008320478370451,False,1.0,1.0,False,31.56,53,13,False
Isa.53.7,נגש והוא נענה ולא יפתח פיו כשה לטבח יובל וכרחל לפני גזזיה נאלמה ולא יפתח פיו,91.1670378942,1423.522601339,0.3125,56.10279255027693,876.0139085163077,-0.43212687367557284,-0.24859471288885798,0.0,0.6671753980738802,0.5981628506792418,0.7266815425440653,0.6008320478370451,False,1.0,1.0,False,31.56,53,13,False
Isa.53.8,מעצר וממשפט לקח ואת דורו מי ישוחח כי נגזר מארץ חיים מפשע עמי נגע למו,604.5482053113,15749.4789620621,0.4,335.8601140618333,8749.710534478943,0.4516942092096696,-0.1864383539418336,0.4516942092096696,0.32574464525892033,0.5739494912196855,0.7266815425440653,0.6008320478370451,False,0.903017063473502,1.0,False,81.72,53,13,False
Isa.53.9,ויתן את רשעים קברו ואת עשיר במתיו על לא חמס עשה ולא מרמה בפיו,123.8205513772,1626.7695927214,0.07142857142857142,108.34298245505,1423.423393631225,-0.26708747108799846,-0.24427336523423598,0.0,0.6052990930365248,0.5964904448954792,0.7266815425440653,0.6008320478370451,False,1.0,1.0,False,31.56,53,13,False
Isa.53.10,ויהוה חפץ דכאו החלי אם תשים אשם נפשו יראה זרע יאריך ימים וחפץ יהוה בידו יצלח,115.2047815741,202.6213611517,0.25,76.80318771606666,135.08090743446667,-0.3667293156323066,-0.25444376953387554,0.0,0.6430895314345906,0.600423629936898,0.7266815425440653,0.6008320478370451,False,1.0,1.0,False,31.56,53,13,False
Isa.53.11,מעמל נפשו יראה ישבע בדעתו יצדיק צדיק עבדי לרבים ועונתם הוא יסבל,150.7292659301,163591.0895004336,0.4166666666666667,82.2159632346,89231.50336387286,-0.34962904782034426,0.44889920622130813,0.44889920622130813,0.636691445917687,0.326752184356476,0.7266815425440653,0.6008320478370451,False,0.9041542987715826,1.0,False,81.49,53,13,False
Isa.53.12,לכן אחלק לו ברבים ואת עצומים יחלק שלל תחת אשר הערה למות נפשו ואת פשעים נמנה והוא,117.4785607883,7110.711484306,0.17647058823529413,86.8319797130913,5255.743271008782,-0.3350459346399881,-0.21402035178783932,0.0,0.631204782068686,0.5847344067805055,0.7266815425440653,0.6008320478370451,False,1.0,1.0,False,31.56,53,13,False
Isa.54.1,רני עקרה לא ילדה פצחי רנה וצהלי לא חלה כי רבים בני שוממה מבני בעולה אמר יהוה,83.6663585233,731.0729531402,0.17647058823529413,61.84035195200435,540.3582697123217,-0.4140005349754662,-0.2512444380890009,0.0,0.6605631424795153,0.5991874352483253,0.7266815425440653,0.6008320478370451,False,1.0,1.0,False,31.56,54,13,False
Isa.54.2,הרחיבי מקום אהלך ויריעות משכנותיך יטו אל תחשכי האריכי מיתריך ויתדתיך חזקי,92.4518620611,165080.8889633694,0.5833333333333334,42.670090182046145,76191.1795215551,-0.4745640313128377,0.34595657482046377,0.34595657482046377,0.6824511257181645,0.36468767506902944,0.7266815425440653,0.6008320478370451,False,0.9419124249887191,1.0,False,79.16,54,13,False
Isa.54.3,כי ימין ושמאול תפרצי וזרעך גוים יירש וערים נשמות יושיבו,58.9316528117,24169.3924257654,0.4,32.73980711761111,13427.440236536333,-0.5059361987469021,-0.14951152525763986,0.0,0.6935492802853291,0.5594249921287702,0.7266815425440653,0.6008320478370451,False,1.0,1.0,False,31.56,54,13,False
Isa.54.4,אל תיראי כי לא תבושי ואל תכלמי כי לא תחפירי כי בשת עלומיך תשכחי וחרפת אלמנותיך ל,31.639188235,7636.3368083334,0.4117647058823529,17.350522580483872,4187.668572311864,-0.5545546729692866,-0.2224519230698131,0.0,0.710400350104144,0.5880189522806145,0.7266815425440653,0.6008320478370451,False,1.0,1.0,False,31.56,54,13,False
Isa.54.5,כי בעליך עשיך יהוה צבאות שמו וגאלך קדוש ישראל אלהי כל הארץ יקרא,62.0390327953,3194.9731710707,0.15384615384615385,47.441613314052944,2443.2147778775943,-0.45948963497977147,-0.23622295100805282,0.0,0.6770587032046415,0.5933701644619778,0.7266815425440653,0.6008320478370451,False,1.0,1.0,False,31.56,54,13,False
Isa.54.6,כי כאשה עזובה ועצובת רוח קראך יהוה ואשת נעורים כי תמאס אמר אלהיך,165.0527414628,3784.8043242103,0.3076923076923077,102.17550661982857,2342.9741054635188,-0.2865720198458361,-0.23701426867136177,0.0,0.6127799794286215,0.5936771395946248,0.7266815425440653,0.6008320478370451,False,1.0,1.0,False,31.56,54,13,False
Isa.54.7,ברגע קטן עזבתיך וברחמים גדלים אקבצך,67.3322333638,83755.7356813898,0.6666666666666666,28.856671441628574,35895.3152920242,-0.5182039641072287,0.027853869050406804,0.027853869050406804,0.6978420153590141,0.4888893506589675,0.7266815425440653,0.6008320478370451,False,0.9996121562203126,1.0,False,65.14,54,13,False
Isa.54.8,בשצף קצף הסתרתי פני רגע ממך ובחסד עולם רחמתיך אמר גאלך יהוה,34.4880434603,4137.5482363464,0.16666666666666666,25.866032595225,3103.1611772598,-0.5276521159892444,-0.2310132169740365,0.0,0.7011295931215467,0.5913477329660825,0.7266815425440653,0.6008320478370451,False,1.0,1.0,False,31.56,54,13,False
Isa.54.9,כי מי נח זאת לי אשר נשבעתי מעבר מי נח עוד על הארץ כן נשבעתי מקצף עליך ומגער בך,37.0888378999,669.3132798709,0.10526315789473684,30.638605221656523,552.9109703281348,-0.5125744040493018,-0.2511453448419156,0.0,0.6958754691943569,0.5991491305206621,0.7266815425440653,0.6008320478370451,False,1.0,1.0,False,31.56,54,13,False
Isa.54.10,כי ההרים ימושו והגבעות תמוטנה וחסדי מאתך לא ימוש וברית שלומי לא תמוט אמר מרחמך י,29.0447872186,28469.2037822276,0.4375,15.490553183253333,15183.575350521387,-0.5604307664274012,-0.13564828290913453,0.0,0.712407174504183,0.553950333026849,0.7266815425440653,0.6008320478370451,False,1.0,1.0,False,31.56,54,13,False
Isa.54.11,עניה סערה לא נחמה הנה אנכי מרביץ בפוך אבניך ויסדתיך בספירים,157.5850969581,51618.0914163706,0.5454545454545454,75.36678550170001,24686.913286090286,-0.37126725785201664,-0.06062724616124277,0.0,0.6447807587906073,0.5241719629335385,0.7266815425440653,0.6008320478370451,False,1.0,1.0,False,31.56,54,13,False
Isa.54.12,ושמתי כדכד שמשתיך ושעריך לאבני אקדח וכל גבולך לאבני חפץ,44.3480385622,3558.2870051867,0.6,20.158199346454545,1617.4031841757726,-0.5456845425781167,-0.24274205433132434,0.0,0.7073586004753663,0.5958973865293354,0.7266815425440653,0.6008320478370451,False,1.0,1.0,False,31.56,54,13,False
Isa.54.13,וכל בניך למודי יהוה ורב שלום בניך,10.6651255303,2.5385518113,0.14285714285714285,8.295097634677777,1.974429186566667,-0.583162951881686,-0.2554945357029542,0.0,0.7201081956225148,0.6008294182597222,0.7266815425440653,0.6008320478370451,False,1.0,1.0,False,31.56,54,13,False
Isa.54.14,בצדקה תכונני רחקי מעשק כי לא תיראי וממחתה כי לא תקרב אליך,171.956673372,50821.9330938107,0.3333333333333333,103.17400402320001,30493.159856286424,-0.28341752490165495,-0.014791704979477027,0.0,0.6115716020166958,0.5059008213368419,0.7266815425440653,0.6008320478370451,False,1.0,1.0,False,31.56,54,13,False
Isa.54.15,הן גור יגור אפס מאותי מי גר אתך עליך יפול,815.8089850648,6553.0679094921,0.1,679.8408208873334,5460.88992457675,1.5384125090400678,-0.21240088768581816,1.5384125090400678,0.0619738928146448,0.5841028533477951,0.7266815425440653,0.6008320478370451,False,0.3062490791498118,1.0,False,93.03,54,13,False
Isa.54.16,הן הנה אנכי בראתי חרש נפח באש פחם ומוציא כלי למעשהו ואנכי בראתי משחית לחבל,301.5114358358,756.2995746989,0.26666666666666666,196.63789293639132,493.2388530645,0.0118575194246128,-0.25161640712891525,0.0118575194246128,0.49526964500969034,0.5993312122439162,0.7266815425440653,0.6008320478370451,False,0.9999297020875615,1.0,False,63.52,54,13,False
Isa.54.17,כל כלי יוצר עליך לא יצלח וכל לשון תקום אתך למשפט תרשיעי זאת נחלת עבדי יהוה וצדקת,20.5033033829,84.1722382298,0.11764705882352941,16.59791226234762,68.13943094793333,-0.5569323511039349,-0.25497221743307713,0.0,0.7112131749098681,0.6006277212675626,0.7266815425440653,0.6008320478370451,False,1.0,1.0,False,31.56,54,13,False
Isa.55.1,הוי כל צמא לכו למים ואשר אין לו כסף לכו שברו ואכלו ולכו שברו בלוא כסף ובלוא מחיר,55.2885904612,110.192520941,0.1111111111111111,45.23611946825454,90.15751713354544,-0.46645732379148236,-0.25479840275195687,0.0,0.6795559060288154,0.6005605955068474,0.7266815425440653,0.6008320478370451,False,1.0,1.0,False,31.56,55,13,False
Isa.55.2,למה תשקלו כסף בלוא לחם ויגיעכם בלוא לשבעה שמעו שמוע אלי ואכלו טוב ותתענג בדשן נפ,102.9405316366,63658.0929290776,0.3125,63.348019468676924,39174.21103327852,-0.40923744841881493,0.05373805411936815,0.05373805411936815,0.6588172925916008,0.4785719318935362,0.7266815425440653,0.6008320478370451,False,0.9985571526762603,1.0,False,67.16,55,13,False
Isa.55.3,הטו אזנכם ולכו אלי שמעו ותחי נפשכם ואכרתה לכם ברית עולם חסדי דוד הנאמנים,25.8703995738,1534.4027682,0.14285714285714285,20.121421890733334,1193.4243752666669,-0.5458007314612733,-0.2460890183158891,0.0,0.7073985397882211,0.5971933380785717,0.7266815425440653,0.6008320478370451,False,1.0,1.0,False,31.56,55,13,False
Isa.55.4,הן עד לאומים נתתיו נגיד ומצוה לאמים,56.7922629459,235005.5865816053,0.2857142857142857,36.14053096557273,149549.00964283975,-0.4951924891000576,0.92505630868098,0.92505630868098,0.6897678740310651,0.17746830912364936,0.7266815425440653,0.6008320478370451,False,0.6518996844390177,1.0,False,88.07,55,13,False
Isa.55.5,הן גוי לא תדע תקרא וגוי לא ידעוך אליך ירוצו למען יהוה אלהיך ולקדוש ישראל כי פארך,51.9308251851,1151.8286644964,0.11764705882352941,42.03923943555714,932.4327284018476,-0.4765570414935484,-0.24814933270890416,0.0,0.6831612101316941,0.5979905664889273,0.7266815425440653,0.6008320478370451,False,1.0,1.0,False,31.56,55,13,False
Isa.55.6,דרשו יהוה בהמצאו קראהו בהיותו קרוב,83.8395231876,21979.2397493972,0.3333333333333333,50.30371391256,13187.54384963832,-0.4504475665304762,-0.15140530992353105,0.0,0.6738061232601861,0.560171999481087,0.7266815425440653,0.6008320478370451,False,1.0,1.0,False,31.56,55,13,False
Isa.55.7,יעזב רשע דרכו ואיש און מחשבתיו וישב אל יהוה וירחמהו ואל אלהינו כי ירבה לסלוח,67.8038848229,2270.6578714782,0.2,48.43134630207143,1621.8984796272857,-0.4563628289447716,-0.24270656767100066,0.0,0.6759354546577094,0.5958836403518899,0.7266815425440653,0.6008320478370451,False,1.0,1.0,False,31.56,55,13,False
Isa.55.8,כי לא מחשבותי מחשבותיכם ולא דרכיכם דרכי נאם יהוה,16.5380466763,45.9381037469,0.2222222222222222,11.449416929746153,31.80330259400769,-0.5731976938499387,-0.25525906128089115,0.0,0.7167445771645845,0.6007384914307002,0.7266815425440653,0.6008320478370451,False,1.0,1.0,False,31.56,55,13,False
Isa.55.9,כי גבהו שמים מארץ כן גבהו דרכי מדרכיכם ומחשבתי ממחשבתיכם,18.7466266186,9817.0070616185,0.3,11.716641636624999,6135.629413511562,-0.5723534663297034,-0.20707437437672346,0.0,0.7164587327818923,0.5820241126836377,0.7266815425440653,0.6008320478370451,False,1.0,1.0,False,31.56,55,13,False
Isa.55.10,כי כאשר ירד הגשם והשלג מן השמים ושמה לא ישוב כי אם הרוה את הארץ והולידה והצמיחה ,44.6182580432,289.7607983887,0.23529411764705882,30.340415469375998,197.03734290431598,-0.5135164576418293,-0.25395467443343134,0.0,0.69620494924169,0.60023471255527,0.7266815425440653,0.6008320478370451,False,1.0,1.0,False,31.56,55,13,False
Isa.55.11,כן יהיה דברי אשר יצא מפי לא ישוב אלי ריקם כי אם עשה את אשר חפצתי והצליח אשר שלחת,33.9347341643,22.094550502,0.0,33.9347341643,22.094550502,-0.5021611350214304,-0.2553357038934563,0.0,0.6922229104570742,0.6007680870487545,0.7266815425440653,0.6008320478370451,False,1.0,1.0,False,31.56,55,13,False
Isa.55.12,כי בשמחה תצאו ובשלום תובלון ההרים והגבעות יפצחו לפניכם רנה וכל עצי השדה ימחאו כף,32.4790759645,3683.1509740677,0.3333333333333333,19.4874455787,2209.8905844406204,-0.5478036160599583,-0.2380648536120308,0.0,0.7080866223000861,0.5940846030612611,0.7266815425440653,0.6008320478370451,False,1.0,1.0,False,31.56,55,13,False
Isa.55.13,תחת הנעצוץ יעלה ברוש תחת ותחת הסרפד יעלה הדס והיה ליהוה לשם לאות עולם לא יכרת,139.9038832881,2936.4008741235,0.1875,101.74827875498181,2135.564272089818,-0.2879217360645482,-0.23865159871654143,0.0,0.6132966759245736,0.5943121245346759,0.7266815425440653,0.6008320478370451,False,1.0,1.0,False,31.56,55,13,False
Isa.56.1,כה אמר יהוה שמרו משפט ועשו צדקה כי קרובה ישועתי לבוא וצדקתי להגלות,14.7908300377,159.9105391521,0.15384615384615385,11.310634734711764,122.28452993984118,-0.5736361403908111,-0.254544786409501,0.0,0.7168929748704888,0.600462645685929,0.7266815425440653,0.6008320478370451,False,1.0,1.0,False,31.56,56,13,False
Isa.56.2,אשרי אנוש יעשה זאת ובן אדם יחזיק בה שמר שבת מחללו ושמר ידו מעשות כל רע,63.9162543014,243.7285173905,0.0625,56.81444826791111,216.6475710137778,-0.4298785810353571,-0.25379986781142033,0.0,0.6663580165230015,0.6001749122138947,0.7266815425440653,0.6008320478370451,False,1.0,1.0,False,31.56,56,13,False
Isa.56.3,ואל יאמר בן הנכר הנלוה אל יהוה לאמר הבדל יבדילני יהוה מעל עמו ואל יאמר הסריס הן ,39.7244371315,2544.7793924497,0.23529411764705882,27.012617249419996,1730.4499868657958,-0.524029777581031,-0.24184964280220278,0.0,0.6998710856065117,0.5955516644621778,0.7266815425440653,0.6008320478370451,False,1.0,1.0,False,31.56,56,13,False
Isa.56.4,כי כה אמר יהוה לסריסים אשר ישמרו את שבתותי ובחרו באשר חפצתי ומחזיקים בבריתי,24.5422719039,1114.5649895387,0.35714285714285715,14.316325277275,650.1629105642417,-0.5641404365579573,-0.2503776207609956,0.0,0.7136707197851492,0.5988523326959551,0.7266815425440653,0.6008320478370451,False,1.0,1.0,False,31.56,56,13,False
Isa.56.5,ונתתי להם בביתי ובחומתי יד ושם טוב מבנים ומבנות שם עולם אתן לו אשר לא יכרת,15.0011595077,2291.7814235037,0.125,12.000927606160001,1833.42513880296,-0.5714553381517314,-0.2410367386720988,0.0,0.7161544866808498,0.5952366787703159,0.7266815425440653,0.6008320478370451,False,1.0,1.0,False,31.56,56,13,False
Isa.56.6,ובני הנכר הנלוים על יהוה לשרתו ולאהבה את שם יהוה להיות לו לעבדים כל שמר שבת מחלל,49.3643651801,1556.8931340638,0.17647058823529413,36.48670469833478,1150.7470990906347,-0.49409884250055813,-0.24642592031032612,0.0,0.6893818123479911,0.59732372836578,0.7266815425440653,0.6008320478370451,False,1.0,1.0,False,31.56,56,13,False
Isa.56.7,והביאותים אל הר קדשי ושמחתים בבית תפלתי עולתיהם וזבחיהם לרצון על מזבחי כי ביתי ב,7.8375803556,1246.8257438616,0.3333333333333333,4.70254821336,748.09544631696,-0.59451268493858,-0.24960452393824445,0.0,0.7239153696798966,0.598553400143196,0.7266815425440653,0.6008320478370451,False,1.0,1.0,False,31.56,56,13,False
Isa.56.8,נאם אדני יהוה מקבץ נדחי ישראל עוד אקבץ עליו לנקבציו,52.4912949088,17605.1932747253,0.1,43.74274575733334,14670.994395604419,-0.4711752527565129,-0.1396946879634228,0.0,0.681242205239843,0.5555493881784515,0.7266815425440653,0.6008320478370451,False,1.0,1.0,False,31.56,56,13,False
Isa.56.9,כל חיתו שדי אתיו לאכל כל חיתו ביער,241.9357648624,5904.4343728693,0.0,241.9357648624,5904.4343728693,0.15496445940290468,-0.20889946907056117,0.15496445940290468,0.4384246680361008,0.5827366406809966,0.7266815425440653,0.6008320478370451,False,0.988064804447728,1.0,False,72.19,56,13,False
Isa.56.10,צפו צפיו עורים כלם לא ידעו כלם כלבים אלמים לא יוכלו לנבח הזים שכבים אהבי לנום,370.7368584873,28625.7231905861,0.375,211.8496334213143,16357.556108906343,0.059915089018545815,-0.1263806703909606,0.059915089018545815,0.4761116310931585,0.5502846988728374,0.7266815425440653,0.6008320478370451,False,0.9982067009396687,1.0,False,67.7,56,13,False
Isa.56.11,והכלבים עזי נפש לא ידעו שבעה והמה רעים לא ידעו הבין כלם לדרכם פנו איש לבצעו מקצה,109.3944456133,1206.7394223876,0.11764705882352941,88.5574083536238,976.8842943137713,-0.3295948879925686,-0.2477984241563104,0.0,0.629146957123405,0.5978548128729643,0.7266815425440653,0.6008320478370451,False,1.0,1.0,False,31.56,56,13,False
Isa.56.12,אתיו אקחה יין ונסבאה שכר והיה כזה יום מחר גדול יתר מאד,563.0901991635,18341.6198109876,0.16666666666666666,422.317649372625,13756.214858240699,0.7248344868942931,-0.1469161200280371,0.7248344868942931,0.23427678793975754,0.5584008859761145,0.7266815425440653,0.6008320478370451,False,0.7689783089543867,1.0,False,85.75,56,13,False
Isa.57.1,הצדיק אבד ואין איש שם על לב ואנשי חסד נאספים באין מבין כי מפני הרעה נאסף הצדיק,69.1665545026,26.0695866398,0.058823529411764705,61.885864554957884,23.325419625084212,-0.4138567496482047,-0.255325987194088,0.0,0.6605104899432307,0.6007643349680671,0.7266815425440653,0.6008320478370451,False,1.0,1.0,False,31.56,57,13,False
Isa.57.2,יבוא שלום ינוחו על משכבותם הלך נכחו,77.9618627895,31150.3307183429,0.2857142857142857,49.61209450240909,19822.937729854573,-0.452632559626354,-0.09902433268170255,0.0,0.6745933253825998,0.5394405248168899,0.7266815425440653,0.6008320478370451,False,1.0,1.0,False,31.56,57,13,False
Isa.57.3,ואתם קרבו הנה בני עננה זרע מנאף ותזנה,503.2636352958,67383.5752234798,0.375,287.5792201690286,38504.90012770274,0.29916318091540756,0.048454395011021445,0.3030617712798976,0.382407770440701,0.48067705461449917,0.7266815425440653,0.6008320478370451,False,0.955115294459471,1.0,False,77.46,57,13,False
Isa.57.4,על מי תתענגו על מי תרחיבו פה תאריכו לשון הלוא אתם ילדי פשע זרע שקר,135.7413643972,2656.1292193422,0.2,96.95811742657142,1897.2351566730001,-0.303055014970694,-0.24053301106312944,0.0,0.6190760320962101,0.5950414624180294,0.7266815425440653,0.6008320478370451,False,1.0,1.0,False,31.56,57,13,False
Isa.57.5,הנחמים באלים תחת כל עץ רענן שחטי הילדים בנחלים תחת סעפי הסלעים,140.9087457778,7167.9565409549,0.4166666666666667,76.85931587879999,3909.794476884491,-0.36655199318262305,-0.22464551050884551,0.0,0.6430233884649569,0.5888724713158411,0.7266815425440653,0.6008320478370451,False,1.0,1.0,False,31.56,57,13,False
Isa.57.6,בחלקי נחל חלקך הם הם גורלך גם להם שפכת נסך העלית מנחה העל אלה אנחם,532.0232254412,33422.4715960351,0.26666666666666666,346.97166876600005,21797.26408437072,0.4867982996338753,-0.0834386499459428,0.4867982996338753,0.3132006377288235,0.5332486212851106,0.7266815425440653,0.6008320478370451,False,0.8882639916623438,1.0,False,82.73,57,13,False
Isa.57.7,על הר גבה ונשא שמת משכבך גם שם עלית לזבח זבח,234.5139887712,955.4639527668,0.0,234.5139887712,955.4639527668,0.13151727258250462,-0.24796752013513834,0.13151727258250462,0.4476830618531615,0.5979202313640957,0.7266815425440653,0.6008320478370451,False,0.9913888933107516,1.0,False,71.42,57,13,False
Isa.57.8,ואחר הדלת והמזוזה שמת זכרונך כי מאתי גלית ותעלי הרחבת משכבך ותכרת לך מהם אהבת מש,346.4335616975,71991.4969586916,0.375,197.96203525571428,41137.99826210948,0.016040805467798094,0.06924053912600582,0.07107432517101857,0.49360091891023994,0.4723990774823845,0.7266815425440653,0.6008320478370451,False,0.9974774072487983,1.0,False,68.24,57,13,False
Isa.57.9,ותשרי למלך בשמן ותרבי רקחיך ותשלחי צריך עד מרחק ותשפילי עד שאול,1088.1058365036,135727.235407688,0.4166666666666667,593.512274456509,74033.03749510253,1.2656797384439338,0.3289198185384748,1.307720706930531,0.10281388260344554,0.3711081470099912,0.7266815425440653,0.6008320478370451,False,0.4252548155747322,1.0,False,91.79,57,13,False
Isa.57.10,ברב דרכך יגעת לא אמרת נואש חית ידך מצאת על כן לא חלית,108.5212918589,1414.3074068796,0.07692307692307693,94.05178627771335,1225.73308596232,-0.3122368184328091,-0.24583396761803863,0.0,0.6225697236270047,0.5970946192911837,0.7266815425440653,0.6008320478370451,False,1.0,1.0,False,31.56,57,13,False
Isa.57.11,ואת מי דאגת ותיראי כי תכזבי ואותי לא זכרת לא שמת על לבך הלא אני מחשה ומעלם ואותי,77.8459255523,5510.0025779285,0.2777777777777778,50.04380928362143,3542.1445143826068,-0.4512686681529618,-0.2275478045800669,0.0,0.6741020381279734,0.5900010993520222,0.7266815425440653,0.6008320478370451,False,1.0,1.0,False,31.56,57,13,False
Isa.57.12,אני אגיד צדקתך ואת מעשיך ולא יועילוך,60.6956574449,2277.135271532,0.14285714285714285,47.20773356825556,1771.1052111915558,-0.46022851769811723,-0.2415287032440375,0.0,0.6773238982217575,0.5954273135572289,0.7266815425440653,0.6008320478370451,False,1.0,1.0,False,31.56,57,13,False
Isa.57.13,בזעקך יצילך קבוציך ואת כלם ישא רוח יקח הבל והחוסה בי ינחל ארץ ויירש הר קדשי,155.5418853202,65751.2569110002,0.25,103.69459021346667,43834.17127400013,-0.2817728671392394,0.0905246075212453,0.0905246075212453,0.6109411614198149,0.4639351701270158,0.7266815425440653,0.6008320478370451,False,0.9959110304115699,1.0,False,69.25,57,13,False
Isa.57.14,ואמר סלו סלו פנו דרך הרימו מכשול מדרך עמי,125.2390754253,628.3320419737,0.0,125.2390754253,628.3320419737,-0.21370862436180396,-0.2505499575131845,0.0,0.5846128572759416,0.5989189620901906,0.7266815425440653,0.6008320478370451,False,1.0,1.0,False,31.56,57,13,False
Isa.57.15,כי כה אמר רם ונשא שכן עד וקדוש שמו מרום וקדוש אשכון ואת דכא ושפל רוח להחיות רוח ,20.3462289291,38.6454916554,0.05555555555555555,18.31160603619,34.780942489859996,-0.5515183777403512,-0.25523555526294645,0.0,0.7093608139599074,0.6007294144433885,0.7266815425440653,0.6008320478370451,False,1.0,1.0,False,31.56,57,13,False
Isa.57.16,כי לא לעולם אריב ולא לנצח אקצוף כי רוח מלפני יעטוף ונשמות אני עשיתי,73.5724900376,9432.5931487025,0.21428571428571427,51.50074302632,6602.815204091749,-0.4466658618664042,-0.20338632680850754,0.0,0.672441833044097,0.580583456951838,0.7266815425440653,0.6008320478370451,False,1.0,1.0,False,31.56,57,13,False
Isa.57.17,בעון בצעו קצפתי ואכהו הסתר ואקצף וילך שובב בדרך לבו,284.7029461433,314902.6059313273,0.4,158.16830341294443,174945.89218407075,-0.10967722392743605,1.1255438080549065,1.1255438080549065,0.5436673179505546,0.13017933215362865,0.7266815425440653,0.6008320478370451,False,0.530771095859998,1.0,False,90.01,57,13,False
Isa.57.18,דרכיו ראיתי וארפאהו ואנחהו ואשלם נחמים לו ולאבליו,121.7211216674,561332.4870502625,0.625,54.098276296622224,249481.10535567222,-0.4384596256349992,1.7139380127301003,1.7139380127301003,0.6694734341913853,0.04327005541151978,0.7266815425440653,0.6008320478370451,False,0.2302034592307445,1.0,False,93.73,57,13,False
Isa.57.19,בורא נוב ניב שפתים שלום שלום לרחוק ולקרוב אמר יהוה ורפאתיו,129.278500279,5164.4905315339,0.45454545454545453,67.71730966995239,2705.209326041567,-0.3954338032585518,-0.23415471953414174,0.0,0.6537386169141417,0.5925675667837945,0.7266815425440653,0.6008320478370451,False,1.0,1.0,False,31.56,57,13,False
Isa.57.20,והרשעים כים נגרש כי השקט לא יוכל ויגרשו מימיו רפש וטיט,66.8737791678,24840.117417018,0.45454545454545453,35.029122421228564,13011.490075580856,-0.49870369766426165,-0.1527951096699692,0.0,0.6910059303618948,0.5607200728153823,0.7266815425440653,0.6008320478370451,False,1.0,1.0,False,31.56,57,13,False
Isa.57.21,אין שלום אמר אלהי לרשעים,237.4861872267,864.0149325088,0.2,169.6329908762143,617.1535232205715,-0.07345750165536145,-0.25063820272469345,0.0,0.5292789692829974,0.5989530786265446,0.7266815425440653,0.6008320478370451,False,1.0,1.0,False,31.56,57,13,False
Isa.58.1,קרא בגרון אל תחשך כשופר הרם קולך והגד לעמי פשעם ולבית יעקב חטאתם,52.8884862118,6152.8167872568,0.38461538461538464,29.893492206669567,3477.6790536668873,-0.5149283963888747,-0.22805670637121783,0.0,0.696698471563906,0.5901989217357069,0.7266815425440653,0.6008320478370451,False,1.0,1.0,False,31.56,58,13,False
Isa.58.2,ואותי יום יום ידרשון ודעת דרכי יחפצון כגוי אשר צדקה עשה ומשפט אלהיו לא עזב ישאלו,61.6662343897,5462.7016770297,0.25,41.11082292646667,3641.8011180197996,-0.4794901339323784,-0.22676109765936972,0.0,0.6842050073354949,0.5896952423593739,0.7266815425440653,0.6008320478370451,False,1.0,1.0,False,31.56,58,13,False
Isa.58.3,למה צמנו ולא ראית ענינו נפשנו ולא תדע הן ביום צמכם תמצאו חפץ וכל עצביכם תנגשו,181.9677163195,6740.84036533,0.25,121.31181087966667,4493.893576886667,-0.22611580350101046,-0.22003452852096247,0.0,0.5894443232693437,0.5870778681329938,0.7266815425440653,0.6008320478370451,False,1.0,1.0,False,31.56,58,13,False
Isa.58.4,הן לריב ומצה תצומו ולהכות באגרף רשע לא תצומו כיום להשמיע במרום קולכם,75.4538444281,25374.5602814326,0.5384615384615384,36.32962879871482,12217.380876245328,-0.49459508328148644,-0.1590639486641308,0.0,0.6895570132371394,0.5631907543295491,0.7266815425440653,0.6008320478370451,False,1.0,1.0,False,31.56,58,13,False
Isa.58.5,הכזה יהיה צום אבחרהו יום ענות אדם נפשו הלכף כאגמן ראשו ושק ואפר יציע הלזה תקרא צ,42.9397227038,11893.0606182088,0.4117647058823529,23.547589869825806,6522.000984179019,-0.5349766376464375,-0.2040242886070808,0.0,0.7036669938681391,0.58083274073254,0.7266815425440653,0.6008320478370451,False,1.0,1.0,False,31.56,58,13,False
Isa.58.6,הלוא זה צום אבחרהו פתח חרצבות רשע התר אגדות מוטה ושלח רצוצים חפשים וכל מוטה תנתק,165.9410072374,46960.1536430766,0.375,94.8234327070857,26834.373510329486,-0.30979900061582577,-0.043674813922218045,0.0,0.6216430941783109,0.5174181921835379,0.7266815425440653,0.6008320478370451,False,1.0,1.0,False,31.56,58,13,False
Isa.58.7,הלוא פרס לרעב לחמך ועניים מרודים תביא בית כי תראה ערם וכסיתו ומבשרך לא תתעלם,19.3868330281,5238.2369121042,0.4,10.770462793388889,2910.131617835667,-0.5753426742807721,-0.23253702658379344,0.0,0.7174702170922026,0.5919395339024294,0.7266815425440653,0.6008320478370451,False,1.0,1.0,False,31.56,58,13,False
Isa.58.8,אז יבקע כשחר אורך וארכתך מהרה תצמח והלך לפניך צדקך כבוד יהוה יאספך,24.4703067462,33593.8113853571,0.23076923076923078,16.742841457926314,22985.239368928538,-0.5564744847007038,-0.07406056215377547,0.0,0.711056733813425,0.5295189020568293,0.7266815425440653,0.6008320478370451,False,1.0,1.0,False,31.56,58,13,False
Isa.58.9,אז תקרא ויהוה יענה תשוע ויאמר הנני אם תסיר מתוכך מוטה שלח אצבע ודבר און,106.5426871296,6493.1109087927,0.26666666666666666,69.48436117147827,4234.637549212631,-0.3898512599200816,-0.22208114162796885,0.0,0.6516767316158278,0.5878746409420355,0.7266815425440653,0.6008320478370451,False,1.0,1.0,False,31.56,58,13,False
Isa.58.10,ותפק לרעב נפשך ונפש נענה תשביע וזרח בחשך אורך ואפלתך כצהרים,67.0761584204,91951.3783516542,0.45454545454545453,35.135130601161904,48165.00770800934,-0.4983687921687517,0.12471299916507708,0.12471299916507708,0.6908879355497521,0.45037538295280793,0.7266815425440653,0.6008320478370451,False,0.9922534939551405,1.0,False,71.03,58,13,False
Isa.58.11,ונחך יהוה תמיד והשביע בצחצחות נפשך ועצמתיך יחליץ והיית כגן רוה וכמוצא מים אשר לא,27.6064497177,63805.1940753691,0.4,15.336916509833332,35447.33004187172,-0.5609161418604346,0.02431739395691211,0.02431739395691211,0.7125726472956332,0.4902997194311142,0.7266815425440653,0.6008320478370451,False,0.9997043758809958,1.0,False,64.76,58,13,False
Isa.58.12,ובנו ממך חרבות עולם מוסדי דור ודור תקומם וקרא לך גדר פרץ משבב נתיבות לשבת,727.3747187233,4852.155229988,0.13333333333333333,574.243198992079,3830.6488657800005,1.204804065731767,-0.22527030001326598,1.204804065731767,0.11413947503997235,0.5891154984795407,0.7266815425440653,0.6008320478370451,False,0.4839486763913694,1.0,False,90.7,58,13,False
Isa.58.13,אם תשיב משבת רגלך עשות חפציך ביום קדשי וקראת לשבת ענג לקדוש יהוה מכבד וכבדתו מעש,11.5957928541,4088.5501855636,0.375,6.626167345200001,2336.3143917506286,-0.5884355065649252,-0.2370668416336801,0.0,0.7218799944942496,0.5936975321380877,0.7266815425440653,0.6008320478370451,False,1.0,1.0,False,31.56,58,13,False
Isa.58.14,אז תתענג על יהוה והרכבתיך על במותי ארץ והאכלתיך נחלת יעקב אביך כי פי יהוה דבר,8.7891389618,6651.3622148094,0.1875,6.392101063127273,4837.3543380432,-0.5891749785965085,-0.2173231882993606,0.0,0.7221280498936229,0.5860217563730771,0.7266815425440653,0.6008320478370451,False,1.0,1.0,False,31.56,58,13,False
Isa.59.1,הן לא קצרה יד יהוה מהושיע ולא כבדה אזנו משמוע,76.3917386517,895.7265159559,0.2,54.565527608357144,639.8046542542144,-0.43698346566147,-0.25045939067516126,0.0,0.6689383304163723,0.5988839472040134,0.7266815425440653,0.6008320478370451,False,1.0,1.0,False,31.56,59,13,False
Isa.59.2,כי אם עונתיכם היו מבדלים בינכם לבין אלהיכם וחטאותיכם הסתירו פנים מכם משמוע,175.4786152775,2850.4328905098,0.38461538461538464,99.18356515684783,1611.114242462061,-0.296024287008866,-0.24279170035365968,0.0,0.6163942330856255,0.5959166173043571,0.7266815425440653,0.6008320478370451,False,1.0,1.0,False,31.56,59,13,False
Isa.59.3,כי כפיכם נגאלו בדם ואצבעותיכם בעון שפתותיכם דברו שקר לשונכם עולה תהגה,109.8137536171,115327.4956242251,0.4166666666666667,59.89841106387273,62905.90670412278,-0.4201355962113048,0.24108027272538388,0.24108027272538388,0.6628067999758376,0.4047464510030415,0.7266815425440653,0.6008320478370451,False,0.9713583279522051,1.0,False,75.52,59,13,False
Isa.59.4,אין קרא בצדק ואין נשפט באמונה בטוח על תהו ודבר שוא הרו עמל והוליד און,1897.2577715862,702.7401938567,0.2,1355.1841225615715,501.9572813262143,3.6719854392497373,-0.25154758230847424,3.6719854392497373,0.00012033669897989865,0.5993046104365738,0.008630815465724953,0.6008320478370451,False,0.0011805928717082336,0.05080484657917766,False,97.75,59,13,False
Isa.59.5,ביצי צפעוני בקעו וקורי עכביש יארגו האכל מביציהם ימות והזורה תבקע אפעה,415.4012413449,495096.0514848793,0.75,166.16049653796,198038.4205939517,-0.08442795165025825,1.307840326834411,1.307840326834411,0.5336419077921828,0.09546373646957107,0.7266815425440653,0.6008320478370451,False,0.4251882953691043,1.0,False,91.87,59,13,False
Isa.59.6,קוריהם לא יהיו לבגד ולא יתכסו במעשיהם מעשיהם מעשי און ופעל חמס בכפיהם,128.9931536857,22873.1876551856,0.38461538461538464,72.90917382235219,12928.323457278819,-0.379031447915092,-0.1534516417190383,0.0,0.6476677444549783,0.5609789385623403,0.7266815425440653,0.6008320478370451,False,1.0,1.0,False,31.56,59,13,False
Isa.59.7,רגליהם לרע ירצו וימהרו לשפך דם נקי מחשבותיהם מחשבות און שד ושבר במסלותם,160.207507723,34355.5723012167,0.3076923076923077,99.17607620947618,21267.73523408653,-0.2960479464060175,-0.08761884469494295,0.0,0.6164032671571473,0.5349101880588755,0.7266815425440653,0.6008320478370451,False,1.0,1.0,False,31.56,59,13,False
Isa.59.8,דרך שלום לא ידעו ואין משפט במעגלותם נתיבותיהם עקשו להם כל דרך בה לא ידע שלום,350.1667272937,1191.8893207564,0.1875,254.66671075905452,866.8285969137454,0.19518459851397293,-0.24866722336927533,0.19518459851397293,0.4226242178925686,0.5981908977415609,0.7266815425440653,0.6008320478370451,False,0.9811317627085882,1.0,False,74.05,59,13,False
Isa.59.9,על כן רחק משפט ממנו ולא תשיגנו צדקה נקוה לאור והנה חשך לנגהות באפלות נהלך,264.8523792234,26629.1274539563,0.26666666666666666,172.72981253700002,17366.822252580198,-0.06367389256534864,-0.11841334428235509,0.0,0.5253850533672527,0.5471299235204632,0.7266815425440653,0.6008320478370451,False,1.0,1.0,False,31.56,59,13,False
Isa.59.10,נגששה כעורים קיר וכאין עינים נגששה כשלנו בצהרים כנשף באשמנים כמתים,353.6951496148,497502.9032426366,0.7272727272727273,144.09802391714075,202686.36798774084,-0.15412864201111087,1.344532048690017,1.344532048690017,0.5612458474748689,0.08938820002024206,0.7266815425440653,0.6008320478370451,False,0.4049939237893968,1.0,False,91.94,59,13,False
Isa.59.11,נהמה כדבים כלנו וכיונים הגה נהגה נקוה למשפט ואין לישועה רחקה ממנו,848.4066344134,295025.2449864403,0.3333333333333333,509.04398064804,177015.1469918642,0.9988239560826276,1.1418788728530553,1.5170816245386123,0.15893998946252097,0.12675218579728065,0.7266815425440653,0.6008320478370451,False,0.31639358199622736,1.0,False,92.8,59,13,False
Isa.59.12,כי רבו פשעינו נגדך וחטאותינו ענתה בנו כי פשעינו אתנו ועונתינו ידענום,92.869489025,18771.7866180086,0.25,61.91299268333333,12514.524412005732,-0.41377104532537273,-0.15671824484229305,0.0,0.6604791045135774,0.5622665462717038,0.7266815425440653,0.6008320478370451,False,1.0,1.0,False,31.56,59,13,False
Isa.59.13,פשע וכחש ביהוה ונסוג מאחר אלהינו דבר עשק וסרה הרו והגו מלב דברי שקר,629.1461571744,87589.4504616836,0.35714285714285715,367.00192501839996,51093.846102648764,0.5500787266690393,0.14783376939576626,0.5695976026174903,0.2911326885455128,0.44123697900935754,0.7266815425440653,0.6008320478370451,False,0.8502535205873296,1.0,False,83.89,59,13,False
Isa.59.14,והסג אחור משפט וצדקה מרחוק תעמד כי כשלה ברחוב אמת ונכחה לא תוכל לבוא,258.0873249677,13979.9163202249,0.14285714285714285,200.7345860859889,10873.268249063813,0.024799964527256205,-0.16967461235732434,0.024799964527256205,0.4901072596769487,0.5673669795302091,0.7266815425440653,0.6008320478370451,False,0.9996925281588815,1.0,False,64.83,59,13,False
Isa.59.15,ותהי האמת נעדרת וסר מרע משתולל וירא יהוה וירע בעיניו כי אין משפט,88.3527696866,75.5051854986,0.15384615384615385,67.56388270151764,57.739259498929414,-0.395918516182786,-0.25505431823279084,0.0,0.6539174295362595,0.6006594268681603,0.7266815425440653,0.6008320478370451,False,1.0,1.0,False,31.56,59,13,False
Isa.59.16,וירא כי אין איש וישתומם כי אין מפגיע ותושע לו זרעו וצדקתו היא סמכתהו,80.6878338932,34328.8764117412,0.2857142857142857,51.34680338658182,21845.64862565349,-0.44715219444335785,-0.08305669378756828,0.0,0.6726174122617619,0.5330967699161466,0.7266815425440653,0.6008320478370451,False,1.0,1.0,False,31.56,59,13,False
Isa.59.17,וילבש צדקה כשרין וכובע ישועה בראשו וילבש בגדי נקם תלבשת ויעט כמעיל קנאה,52.3873865564,144337.852009281,0.23076923076923078,35.84400132806316,98757.47769056067,-0.49612929798825844,0.5240989386592284,0.5240989386592284,0.6900984051720095,0.3001048633594372,0.7266815425440653,0.6008320478370451,False,0.8716739384884398,1.0,False,83.11,59,13,False
Isa.59.18,כעל גמלות כעל ישלם חמה לצריו גמול לאיביו לאיים גמול ישלם,321.6088107967,87776.3153898327,0.36363636363636365,186.1945746717737,50817.86680463998,-0.02113545036677229,0.14565513982393102,0.14565513982393102,0.5084311970491334,0.4420968184089445,0.7266815425440653,0.6008320478370451,False,0.9894483534661935,1.0,False,71.88,59,13,False
Isa.59.19,וייראו ממערב את שם יהוה וממזרח שמש את כבודו כי יבוא כנהר צר רוח יהוה נססה בו,332.2617244733,1838.3660570031,0.17647058823529413,245.58475287156952,1358.7923030022912,0.16649249561755744,-0.2447835745373254,0.16649249561755744,0.43388469419147524,0.5966879936495729,0.7266815425440653,0.6008320478370451,False,0.9862357303217926,1.0,False,72.66,59,13,False
Isa.59.20,ובא לציון גואל ולשבי פשע ביעקב נאם יהוה,35.0476503553,86.8252379948,0.25,23.365100236866667,57.88349199653334,-0.5355531665613764,-0.25505317963584984,0.0,0.7038662981464472,0.600658987170529,0.7266815425440653,0.6008320478370451,False,1.0,1.0,False,31.56,59,13,False
Isa.59.21,ואני זאת בריתי אותם אמר יהוה רוחי אשר עליך ודברי אשר שמתי בפיך לא ימושו מפיך ומפ,5.0356378107,4.0674587012,0.11764705882352941,4.0764687039,3.29270466287619,-0.5964906216268262,-0.25548412900231676,0.0,0.7245762414027653,0.6008253998993249,0.7266815425440653,0.6008320478370451,False,1.0,1.0,False,31.56,59,13,False
Isa.60.1,קומי אורי כי בא אורך וכבוד יהוה עליך זרח,7.0002516428,1.7552693202,0.0,7.0002516428,1.7552693202,-0.5872536837364508,-0.2554962657898458,0.0,0.7214833287031555,0.6008300863006425,0.7266815425440653,0.6008320478370451,False,1.0,1.0,False,31.56,60,13,False
Isa.60.2,כי הנה החשך יכסה ארץ וערפל לאמים ועליך יזרח יהוה וכבודו עליך יראה,10.2412569415,245.9350449885,0.23076923076923078,7.0071758020789465,168.27134657107894,-0.587231808641569,-0.25418175831518286,0.0,0.721475983971938,0.6003224286679836,0.7266815425440653,0.6008320478370451,False,1.0,1.0,False,31.56,60,13,False
Isa.60.3,והלכו גוים לאורך ומלכים לנגה זרחך,49.6517357695,77.279569324,0.5,24.82586788475,38.639784662,-0.5309382480404946,-0.2552050928777968,0.0,0.7022692140097342,0.6007176511328812,0.7266815425440653,0.6008320478370451,False,1.0,1.0,False,31.56,60,13,False
Isa.60.4,שאי סביב עיניך וראי כלם נקבצו באו לך בניך מרחוק יבאו ובנתיך על צד תאמנה,81.5761890366,13176.7883792597,0.13333333333333333,64.40225450257896,10402.727667836605,-0.4059068648106916,-0.17338914323846863,0.0,0.6575944830717636,0.5688272208498755,0.7266815425440653,0.6008320478370451,False,1.0,1.0,False,31.56,60,13,False
Isa.60.5,אז תראי ונהרת ופחד ורחב לבבך כי יהפך עליך המון ים חיל גוים יבאו לך,121.9973041238,1319.2455948789,0.2,87.14093151700001,942.3182820563571,-0.3340698811218368,-0.2480712943934179,0.0,0.6308365864557766,0.5979603773556923,0.7266815425440653,0.6008320478370451,False,1.0,1.0,False,31.56,60,13,False
Isa.60.6,שפעת גמלים תכסך בכרי מדין ועיפה כלם משבא יבאו זהב ולבונה ישאו ותהלת יהוה יבשרו,225.4785001888,135190.6423458776,0.26666666666666666,147.05119577530436,88167.81022557235,-0.14479885741235257,0.4405022237549421,0.4405022237549421,0.5575651578144069,0.32978670102129526,0.7266815425440653,0.6008320478370451,False,0.907536852759279,1.0,False,81.18,60,13,False
Isa.60.7,כל צאן קדר יקבצו לך אילי נביות ישרתונך יעלו על רצון מזבחי ובית תפארתי אפאר,142.3824966423,50489.9961818138,0.26666666666666666,92.8581499841087,32928.25837944379,-0.3160078043569119,0.004431395054331213,0.004431395054331213,0.6240017077842315,0.4982321349376723,0.7266815425440653,0.6008320478370451,False,0.9999901814171388,1.0,False,63.28,60,13,False
Isa.60.8,מי אלה כעב תעופינה וכיונים אל ארבתיהם,130.1149403952,295170.4830946997,0.42857142857142855,70.06189098203076,158937.95243560753,-0.3880267034802248,0.9991742898635485,0.9991742898635485,0.6510018638473376,0.1588551340988924,0.7266815425440653,0.6008320478370451,False,0.6070314781125844,1.0,False,88.77,60,13,False
Isa.60.9,כי לי איים יקוו ואניות תרשיש בראשנה להביא בניך מרחוק כספם וזהבם אתם לשם יהוה אלה,62.3228438439,5708.5056460545,0.1875,45.32570461374546,4151.640469857818,-0.466174302636324,-0.22273633530649106,0.0,0.6794546291750276,0.5881296399132373,0.7266815425440653,0.6008320478370451,False,1.0,1.0,False,31.56,60,13,False
Isa.60.10,ובנו בני נכר חמתיך ומלכיהם ישרתונך כי בקצפי הכיתיך וברצוני רחמתיך,124.7376688679,125997.1552417861,0.6363636363636364,54.88457430187601,55438.74830638589,-0.43597551994397016,0.18213319872286257,0.18213319872286257,0.6685727545398297,0.42773909781553565,0.7266815425440653,0.6008320478370451,False,0.9835505434763293,1.0,False,73.43,60,13,False
Isa.60.11,ופתחו שעריך תמיד יומם ולילה לא יסגרו להביא אליך חיל גוים ומלכיהם נהוגים,226.0522921285,457.8380888469,0.3076923076923077,139.93713322240475,283.4235788099857,-0.16727390269533138,-0.25327272615143503,0.0,0.5664227312777526,0.5999712647367219,0.7266815425440653,0.6008320478370451,False,1.0,1.0,False,31.56,60,13,False
Isa.60.12,כי הגוי והממלכה אשר לא יעבדוך יאבדו והגוים חרב יחרבו,36.7692428325,1720.4882947473,0.4,20.427357129166666,955.8268304151666,-0.5448342080034994,-0.2479646555145621,0.0,0.7070662254119843,0.5979191231455816,0.7266815425440653,0.6008320478370451,False,1.0,1.0,False,31.56,60,13,False
Isa.60.13,כבוד הלבנון אליך יבוא ברוש תדהר ותאשור יחדו לפאר מקום מקדשי ומקום רגלי אכבד,271.1243810665,5668.7708031224,0.21428571428571427,189.78706674655,3968.13956218568,-0.00978589848148125,-0.22418492404773938,0.0,0.5039039463464174,0.5886932930952194,0.7266815425440653,0.6008320478370451,False,1.0,1.0,False,31.56,60,13,False
Isa.60.14,והלכו אליך שחוח בני מעניך והשתחוו על כפות רגליך כל מנאציך וקראו לך עיר יהוה ציון,86.7856161243,5790.7934340072,0.25,57.857077416200006,3860.5289560048,-0.42658466322863275,-0.22503442127655443,0.0,0.6651590647943689,0.5890237516879467,0.7266815425440653,0.6008320478370451,False,1.0,1.0,False,31.56,60,13,False
Isa.60.15,תחת היותך עזובה ושנואה ואין עובר ושמתיך לגאון עולם משוש דור ודור,135.2921305954,3186.573436528,0.16666666666666666,101.46909794655001,2389.9300773960003,-0.28880373580309227,-0.23664358989304587,0.0,0.6136342134406605,0.5935333496737667,0.7266815425440653,0.6008320478370451,False,1.0,1.0,False,31.56,60,13,False
Isa.60.16,וינקת חלב גוים ושד מלכים תינקי וידעת כי אני יהוה מושיעך וגאלך אביר יעקב,101.3165620737,9100.126513751,0.14285714285714285,78.80177050176667,7077.87617736189,-0.36041530893411117,-0.1996361111500916,0.0,0.6407317100203966,0.5791174081879465,0.7266815425440653,0.6008320478370451,False,1.0,1.0,False,31.56,60,13,False
Isa.60.17,תחת הנחשת אביא זהב ותחת הברזל אביא כסף ותחת העצים נחשת ותחת האבנים ברזל ושמתי פק,142.8284375617,1036.0945228707,0.0625,126.95861116595557,920.9729092184001,-0.20827619481123968,-0.24823979855594805,0.0,0.5824933410689979,0.5980255624827951,0.7266815425440653,0.6008320478370451,False,1.0,1.0,False,31.56,60,13,False
Isa.60.18,לא ישמע עוד חמס בארצך שד ושבר בגבוליך וקראת ישועה חומתיך ושעריך תהלה,126.8980827051,7360.786209875,0.15384615384615385,97.0397103039,5628.836513433824,-0.3027972433248739,-0.2110750874985837,0.0,0.6189778078153864,0.5835856602092983,0.7266815425440653,0.6008320478370451,False,1.0,1.0,False,31.56,60,13,False
Isa.60.19,לא יהיה לך עוד השמש לאור יומם ולנגה הירח לא יאיר לך והיה לך יהוה לאור עולם ואלהי,86.5073100818,433.3025821545,0.05555555555555555,77.85657907362,389.97232393904994,-0.3634013974019475,-0.25243161144227044,0.0,0.641847470974407,0.5996462656486498,0.7266815425440653,0.6008320478370451,False,1.0,1.0,False,31.56,60,13,False
Isa.60.20,לא יבוא עוד שמשך וירחך לא יאסף כי יהוה יהיה לך לאור עולם ושלמו ימי אבלך,58.962290647,1465.6292662874,0.1875,42.881665925090914,1065.9121936635636,-0.47389561233699207,-0.24709562211412367,0.0,0.6822128258867426,0.5975828891232831,0.7266815425440653,0.6008320478370451,False,1.0,1.0,False,31.56,60,13,False
Isa.60.21,ועמך כלם צדיקים לעולם יירשו ארץ נצר מטעו מטעי מעשה ידי להתפאר,41.7235911478,1211.2306489642,0.25,27.815727431866666,807.4870993094668,-0.5214925581535249,-0.24913567568599063,0.0,0.6989881558033295,0.5983720829592694,0.7266815425440653,0.6008320478370451,False,1.0,1.0,False,31.56,60,13,False
Isa.60.22,הקטן יהיה לאלף והצעיר לגוי עצום אני יהוה בעתה אחישנה,157.1346619342,43.1581047862,0.2,112.2390442387143,30.827217704428573,-0.2547788690252505,-0.25526676666828946,0.0,0.6005530515608379,0.6007414668995869,0.7266815425440653,0.6008320478370451,False,1.0,1.0,False,31.56,60,13,False
Isa.61.1,רוח אדני יהוה עלי יען משח יהוה אתי לבשר ענוים שלחני לחבש לנשברי לב לקרא לשבוים ד,23.687879026,9841.3709272744,0.29411764705882354,14.91459049785185,6196.418731987585,-0.5622503719396451,-0.20659449270502156,0.0,0.7130272769875087,0.5818367191670819,0.7266815425440653,0.6008320478370451,False,1.0,1.0,False,31.56,61,13,False
Isa.61.2,לקרא שנת רצון ליהוה ויום נקם לאלהינו לנחם כל אבלים,85.4303525703,1771.9476330155,0.2,61.021680407357145,1265.6768807253573,-0.41658691651217794,-0.2455186442111384,0.0,0.6615097096019517,0.5969725630612103,0.7266815425440653,0.6008320478370451,False,1.0,1.0,False,31.56,61,13,False
Isa.61.3,לשום לאבלי ציון לתת להם פאר תחת אפר שמן ששון תחת אבל מעטה תהלה תחת רוח כהה וקרא ,98.1610368846,554.651163286,0.16666666666666666,73.62077766345,415.98837246450006,-0.3767833191654093,-0.25222623613669937,0.0,0.6468326809520416,0.5995669000040875,0.7266815425440653,0.6008320478370451,False,1.0,1.0,False,31.56,61,13,False
Isa.61.4,ובנו חרבות עולם שממות ראשנים יקוממו וחדשו ערי חרב שממות דור ודור,337.428915041,52926.1573709814,0.16666666666666666,253.07168628075,39694.61802823605,0.1901455301742178,0.057846239323058005,0.198749868047893,0.4245975464624696,0.47693555308217545,0.7266815425440653,0.6008320478370451,False,0.980443013350041,1.0,False,74.13,61,13,False
Isa.61.5,ועמדו זרים ורעו צאנכם ובני נכר אכריכם וכרמיכם,36.1974797496,56218.277836008,0.125,28.95798379968,44974.6222688064,-0.5178838938494823,0.09952753013334213,0.09952753013334213,0.6977303599710613,0.46035971526378056,0.7266815425440653,0.6008320478370451,False,0.9950593805821567,1.0,False,69.56,61,13,False
Isa.61.6,ואתם כהני יהוה תקראו משרתי אלהינו יאמר לכם חיל גוים תאכלו ובכבודם תתימרו,38.422858409,2070.3281747874,0.15384615384615385,29.38218584217647,1583.1921336609528,-0.5165437369358558,-0.24301212243742104,0.0,0.6972626500240792,0.5960019967225024,0.7266815425440653,0.6008320478370451,False,1.0,1.0,False,31.56,61,13,False
Isa.61.7,תחת בשתכם משנה וכלמה ירנו חלקם לכן בארצם משנה יירשו שמחת עולם תהיה להם,968.8738286286,38630.3780199292,0.07142857142857142,847.764600050025,33801.580767438056,2.06892436674536,0.01132555702212326,2.0689553652881325,0.019276592312237616,0.4954818530441119,0.5925257303594944,0.6008320478370451,False,0.11762094545371429,1.0,False,95.35,61,13,False
Isa.61.8,כי אני יהוה אהב משפט שנא גזל בעולה ונתתי פעלתם באמת וברית עולם אכרות להם,91.4756002929,5302.4337351512,0.13333333333333333,72.21757917860526,4186.131896172001,-0.381216362767906,-0.22246405386406035,0.0,0.6484786457530487,0.5880236734895029,0.7266815425440653,0.6008320478370451,False,1.0,1.0,False,31.56,61,13,False
Isa.61.9,ונודע בגוים זרעם וצאצאיהם בתוך העמים כל ראיהם יכירום כי הם זרע ברך יהוה,35.7837424088,1078.3507378733,0.14285714285714285,27.831799651288893,838.7172405681223,-0.5214417821227231,-0.24888913940674937,0.0,0.698970474250721,0.5982767317480382,0.7266815425440653,0.6008320478370451,False,1.0,1.0,False,31.56,61,13,False
Isa.61.10,שוש אשיש ביהוה תגל נפשי באלהי כי הלבישני בגדי ישע מעיל צדקה יעטני כחתן יכהן פאר ,33.2336741164,13999.1552952711,0.4375,17.724626195413336,7466.21615747792,-0.5533727891126934,-0.19657048640681912,0.0,0.7099959161473866,0.5779181658023065,0.7266815425440653,0.6008320478370451,False,1.0,1.0,False,31.56,61,13,False
Isa.61.11,כי כארץ תוציא צמחה וכגנה זרועיה תצמיח כן אדני יהוה יצמיח צדקה ותהלה נגד כל הגוים,26.6044775539,9674.4448001815,0.3125,16.371986187015384,5953.504492419384,-0.5576461062524088,-0.2085121008356369,0.0,0.7114569670028629,0.582585432410615,0.7266815425440653,0.6008320478370451,False,1.0,1.0,False,31.56,61,13,False
Isa.62.1,למען ציון לא אחשה ולמען ירושלם לא אשקוט עד יצא כנגה צדקה וישועתה כלפיד יבער,15.169848505,21915.262929496,0.3333333333333333,9.101909103,13149.1577576976,-0.5806140391963487,-0.15170833654781998,0.0,0.7192496959263357,0.5602915091641987,0.7266815425440653,0.6008320478370451,False,1.0,1.0,False,31.56,62,13,False
Isa.62.2,וראו גוים צדקך וכל מלכים כבודך וקרא לך שם חדש אשר פי יהוה יקבנו,230.3808898647,1022.5792226177,0.07142857142857142,201.58327863161253,894.7568197904875,0.02748118967145222,-0.2484467530199155,0.02748118967145222,0.4890379713245403,0.5981056182163893,0.7266815425440653,0.6008320478370451,False,0.9996224633920083,1.0,False,65.07,62,13,False
Isa.62.3,והיית עטרת תפארת ביד יהוה וצנוף וצניף מלוכה בכף אלהיך,128.2907978414,16183.3508950395,0.2,91.63628417242859,11559.536353599644,-0.31986797416045704,-0.16425709011005232,0.0,0.6254657918429326,0.5652356200255236,0.7266815425440653,0.6008320478370451,False,1.0,1.0,False,31.56,62,13,False
Isa.62.4,לא יאמר לך עוד עזובה ולארצך לא יאמר עוד שממה כי לך יקרא חפצי בה ולארצך בעולה כי ,17.9351226598,597.7084262728,0.1111111111111111,14.67419126710909,489.0341669504727,-0.5630098512887176,-0.25164959966753825,0.0,0.7132859121062963,0.5993440414845863,0.7266815425440653,0.6008320478370451,False,1.0,1.0,False,31.56,62,13,False
Isa.62.5,כי יבעל בחור בתולה יבעלוך בניך ומשוש חתן על כלה ישיש עליך אלהיך,48.1583161803,968.2758636872,0.23076923076923078,32.95042686020526,662.5045383122946,-0.5052708000078423,-0.25028019376059923,0.0,0.6933156755615647,0.5988146638807518,0.7266815425440653,0.6008320478370451,False,1.0,1.0,False,31.56,62,13,False
Isa.62.6,על חומתיך ירושלם הפקדתי שמרים כל היום וכל הלילה תמיד לא יחשו המזכרים את יהוה אל ,110.4217449213,4479.1877321785,0.1875,80.30672357912728,3257.5910779479996,-0.3556607979481694,-0.22979411992276355,0.0,0.6389526967459065,0.5908741229535207,0.7266815425440653,0.6008320478370451,False,1.0,1.0,False,31.56,62,13,False
Isa.62.7,ואל תתנו דמי לו עד יכונן ועד ישים את ירושלם תהלה בארץ,69.9399011449,441.7722877746,0.08333333333333333,59.948486695628574,378.6619609496571,-0.41997739517175575,-0.2525208974555862,0.0,0.6627490164125778,0.5996807682315106,0.7266815425440653,0.6008320478370451,False,1.0,1.0,False,31.56,62,13,False
Isa.62.8,נשבע יהוה בימינו ובזרוע עזו אם אתן את דגנך עוד מאכל לאיביך ואם ישתו בני נכר תירו,60.4570383258,2380.7900352068,0.058823529411764705,54.09313955466315,2130.1805578166104,-0.43847585384599386,-0.2386940987127605,0.0,0.6694793149492051,0.5943286034728189,0.7266815425440653,0.6008320478370451,False,1.0,1.0,False,31.56,62,13,False
Isa.62.9,כי מאספיו יאכלהו והללו את יהוה ומקבציו ישתהו בחצרות קדשי,91.9573710386,84489.7628009219,0.4,51.08742835477778,46938.75711162328,-0.4479716229403274,0.11503275926649499,0.11503275926649499,0.672913161745047,0.4542095781242091,0.7266815425440653,0.6008320478370451,False,0.9934055714564649,1.0,False,70.33,62,13,False
Isa.62.10,עברו עברו בשערים פנו דרך העם סלו סלו המסלה סקלו מאבן הרימו נס על העמים,643.3277411562,2270.8126226076,0.2,459.51981511157146,1622.0090161482858,0.8423651317811461,-0.24270569507608084,0.8423651317811461,0.19979180202938912,0.5958833023404393,0.7266815425440653,0.6008320478370451,False,0.7013210504097427,1.0,False,87.37,62,13,False
Isa.62.11,הנה יהוה השמיע אל קצה הארץ אמרו לבת ציון הנה ישעך בא הנה שכרו אתו ופעלתו לפניו,155.78854145,1082.2033082047,0.11764705882352941,126.11453355476189,876.0693447371381,-0.21094284026070856,-0.2485942752654894,0.0,0.5835340627589418,0.5981626814049366,0.7266815425440653,0.6008320478370451,False,1.0,1.0,False,31.56,62,13,False
Isa.62.12,וקראו להם עם הקדש גאולי יהוה ולך יקרא דרושה עיר לא נעזבה,72.6081096089,7267.1493190322,0.16666666666666666,54.456082206675,5450.36198927415,-0.43732923017232844,-0.21248399707607352,0.0,0.6690637000653696,0.5841352693846759,0.7266815425440653,0.6008320478370451,False,1.0,1.0,False,31.56,62,13,False
Isa.63.1,מי זה בא מאדום חמוץ בגדים מבצרה זה הדור בלבושו צעה ברב כחו אני מדבר בצדקה רב להו,200.2102180247,1017.1173765522,0.2222222222222222,138.6070740171,704.1581837669077,-0.17147588161328214,-0.24995137248879765,0.0,0.5680752033799578,0.5986875228604581,0.7266815425440653,0.6008320478370451,False,1.0,1.0,False,31.56,63,13,False
Isa.63.2,מדוע אדם ללבושך ובגדיך כדרך בגת,1290.1247299776,29949.1321269014,0.5,645.0623649888,14974.5660634507,1.4285389501024917,-0.13729823932574195,1.4285389501024917,0.07656839595260075,0.5546024689637307,0.7266815425440653,0.6008320478370451,False,0.3604645127846949,1.0,False,92.18,63,13,False
Isa.63.3,פורה דרכתי לבדי ומעמים אין איש אתי ואדרכם באפי וארמסם בחמתי ויז נצחם על בגדי וכל,172.2302632226,65844.5504328851,0.4375,91.85614038538667,35117.09356420538,-0.3191733951761939,0.021710448576828918,0.021710448576828918,0.6252024848568993,0.49133946448953075,0.7266815425440653,0.6008320478370451,False,0.999764355979711,1.0,False,64.52,63,13,False
Isa.63.4,כי יום נקם בלבי ושנת גאולי באה,34.3133626077,576.1103667706,0.14285714285714285,26.688170917100003,448.0858408215778,-0.5250547820642733,-0.25197285302337047,0.0,0.7002274455862021,0.5994689764612162,0.7266815425440653,0.6008320478370451,False,1.0,1.0,False,31.56,63,13,False
Isa.63.5,ואביט ואין עזר ואשתומם ואין סומך ותושע לי זרעי וחמתי היא סמכתני,346.3886322798,82723.1158761805,0.3333333333333333,207.83317936788,49633.8695257083,0.04722613863939198,0.13630845511437373,0.14425776619112854,0.481166497569118,0.44578872002873254,0.7266815425440653,0.6008320478370451,False,0.9896487947675212,1.0,False,71.8,63,13,False
Isa.63.6,ואבוס עמים באפי ואשכרם בחמתי ואוריד לארץ נצחם,231.9089534112,610629.5671617794,0.625,103.07064596053334,271390.9187385686,-0.2837440580353632,1.8868979691245502,1.8868979691245502,0.6116967358530215,0.02958702516662859,0.7266815425440653,0.6008320478370451,False,0.16860577641439606,1.0,False,94.58,63,13,False
Isa.63.7,חסדי יהוה אזכיר תהלת יהוה כעל כל אשר גמלנו יהוה ורב טוב לבית ישראל אשר גמלם כרחמ,37.0251370299,3090.8667602977,0.17647058823529413,27.36640563079565,2284.5536923939517,-0.5229120744637357,-0.23747544978324409,0.0,0.6994822791828452,0.5938560186179638,0.7266815425440653,0.6008320478370451,False,1.0,1.0,False,31.56,63,13,False
Isa.63.8,ויאמר אך עמי המה בנים לא ישקרו ויהי להם למושיע,68.8269263244,4876.6119848854,0.2,49.162090231714295,3483.294274918143,-0.45405423202327116,-0.22801237881781566,0.0,0.6751051031509001,0.5901816914600844,0.7266815425440653,0.6008320478370451,False,1.0,1.0,False,31.56,63,13,False
Isa.63.9,בכל צרתם לא לו צר ומלאך פניו הושיעם באהבתו ובחמלתו הוא גאלם וינטלם וינשאם כל ימי,55.3845054456,15760.9512558299,0.3125,34.08277258190769,9699.046926664554,-0.5016934458333451,-0.1789441239305334,0.0,0.6920584122115234,0.5710092119897973,0.7266815425440653,0.6008320478370451,False,1.0,1.0,False,31.56,63,13,False
Isa.63.10,והמה מרו ועצבו את רוח קדשו ויהפך להם לאויב הוא נלחם בם,64.6305895032,1787.6482000415,0.08333333333333333,55.397648145599995,1532.2698857498572,-0.43435459550235017,-0.2434141117024271,0.0,0.6679845181016832,0.5961576935237971,0.7266815425440653,0.6008320478370451,False,1.0,1.0,False,31.56,63,13,False
Isa.63.11,ויזכר ימי עולם משה עמו איה המעלם מים את רעי צאנו איה השם בקרבו את רוח קדשו,181.2735038647,3596.8386662875,0.058823529411764705,162.19208240525788,3218.2240698361843,-0.0969651322936503,-0.23010489007344473,0.0,0.538622957835935,0.5909948674422094,0.7266815425440653,0.6008320478370451,False,1.0,1.0,False,31.56,63,13,False
Isa.63.12,מוליך לימין משה זרוע תפארתו בוקע מים מפניהם לעשות לו שם עולם,190.5400999611,211.3498579927,0.08333333333333333,163.32008568094284,181.1570211366,-0.09340149695704017,-0.2540800365126272,0.0,0.5372076993407023,0.6002831370241551,0.7266815425440653,0.6008320478370451,False,1.0,1.0,False,31.56,63,13,False
Isa.63.13,מוליכם בתהמות כסוס במדבר לא יכשלו,1187.4405974702,628517.5645314704,0.3333333333333333,712.46435848212,377110.5387188823,1.6414781595430903,2.7214674171741193,3.178181154528065,0.050349098557684074,0.0032496395897774334,0.7266815425440653,0.23307137280014814,False,0.006406656663365547,0.21207676288217744,False,97.06,63,13,False
Isa.63.14,כבהמה בבקעה תרד רוח יהוה תניחנו כן נהגת עמך לעשות לך שם תפארת,167.9726605576,16903.0558841011,0.3076923076923077,103.98307558327619,10463.796499681634,-0.28086147203950085,-0.17290705503861106,0.0,0.6105916737567787,0.5686377569679132,0.7266815425440653,0.6008320478370451,False,1.0,1.0,False,31.56,63,13,False
Isa.63.15,הבט משמים וראה מזבל קדשך ותפארתך איה קנאתך וגבורתך המון מעיך ורחמיך אלי התאפקו,144.6235223507,40509.3884076325,0.42857142857142855,77.8742043426846,21812.747604109805,-0.3633457149114709,-0.08331642029240337,0.0,0.6418266760894811,0.5332000279083593,0.7266815425440653,0.6008320478370451,False,1.0,1.0,False,31.56,63,13,False
Isa.63.16,כי אתה אבינו כי אברהם לא ידענו וישראל לא יכירנו אתה יהוה אבינו גאלנו מעולם שמך,51.1798738027,181.9714723832,0.0625,45.49322115795556,161.75241989617777,-0.46564507733238913,-0.25423321987963005,0.0,0.679265214286875,0.6003423061185237,0.7266815425440653,0.6008320478370451,False,1.0,1.0,False,31.56,63,13,False
Isa.63.17,למה תתענו יהוה מדרכיך תקשיח לבנו מיראתך שוב למען עבדיך שבטי נחלתך,255.5428929552,62448.4423421943,0.3333333333333333,153.32573577312002,37469.065405316585,-0.12497606705422028,0.040277331825461664,0.040277331825461664,0.549728751254044,0.4839360128470098,0.7266815425440653,0.6008320478370451,False,0.9991891971489248,1.0,False,66.69,63,13,False
Isa.63.18,למצער ירשו עם קדשך צרינו בוססו מקדשך,416.3380200356,242618.6664417194,0.42857142857142855,224.1820107884,130640.82039169506,0.09887605368690706,0.7757917060473053,0.7820672894096036,0.4606183410547986,0.21893599092944815,0.7266815425440653,0.6008320478370451,False,0.7365231415597527,1.0,False,86.37,63,13,False
Isa.63.19,היינו מעולם לא משלת בם לא נקרא שמך עליהם לוא קרעת שמים ירדת מפניך הרים נזלו,128.410999499,6328.9312734051,0.125,102.72879959920002,5063.14501872408,-0.28482403342124957,-0.21554075658246954,0.0,0.6121105207398726,0.5853271302243529,0.7266815425440653,0.6008320478370451,False,1.0,1.0,False,31.56,63,13,False
Isa.64.1,כקדח אש המסים מים תבעה אש להודיע שמך לצריך מפניך גוים ירגזו,104.1521244794,100136.3285847005,0.3333333333333333,62.49127468764001,60081.797150820305,-0.41194411252340757,0.2187862505602451,0.2187862505602451,0.6598098064905169,0.41340827893858584,0.7266815425440653,0.6008320478370451,False,0.9763504282062376,1.0,False,74.75,64,13,False
Isa.64.2,בעשותך נוראות לא נקוה ירדת מפניך הרים נזלו,90.0742376792,202713.5709793693,0.125,72.05939014335999,162170.85678349546,-0.38171612021366513,1.024695410708632,1.024695410708632,0.6486640291475718,0.15275346458123723,0.7266815425440653,0.6008320478370451,False,0.5915551618397868,1.0,False,89.31,64,13,False
Isa.64.3,ומעולם לא שמעו לא האזינו עין לא ראתה אלהים זולתך יעשה למחכה לו,18.8485760211,473.8804241818,0.15384615384615385,14.413616957311765,362.3791479037294,-0.5638330685951058,-0.2526494368723847,0.0,0.7135661278400985,0.5997304380480553,0.7266815425440653,0.6008320478370451,False,1.0,1.0,False,31.56,64,13,False
Isa.64.4,פגעת את שש ועשה צדק בדרכיך יזכרוך הן אתה קצפת ונחטא בהם עולם ונושע,621.4701608255,66973.5885686564,0.42857142857142855,334.6377789060384,36062.70153696883,0.44783255663447963,0.02917524578332113,0.44878189997847684,0.32713702265212175,0.48836241191541274,0.7266815425440653,0.6008320478370451,False,0.9042019053751849,1.0,False,81.41,64,13,False
Isa.64.5,ונהי כטמא כלנו וכבגד עדים כל צדקתינו ונבל כעלה כלנו ועוננו כרוח ישאנו,349.1525051704,166996.5791701034,0.5384615384615384,168.11046545241484,80405.7603411609,-0.0782675279363972,0.3792272240058628,0.3792272240058628,0.5311923764227233,0.35225956847237716,0.7266815425440653,0.6008320478370451,False,0.9306177707751214,1.0,False,80.17,64,13,False
Isa.64.6,ואין קורא בשמך מתעורר להחזיק בך כי הסתרת פניך ממנו ותמוגנו ביד עוננו,224.0711113435,1996.5604401019,0.38461538461538464,126.64888902023914,1128.4906835358565,-0.20925468202559247,-0.24660161640579611,0.0,0.5828752864606792,0.5973917232668995,0.7266815425440653,0.6008320478370451,False,1.0,1.0,False,31.56,64,13,False
Isa.64.7,ועתה יהוה אבינו אתה אנחנו החמר ואתה יצרנו ומעשה ידך כלנו,118.5876569958,365.6153874039,0.18181818181818182,86.96428179691999,268.11795076286,-0.3346279603386699,-0.2533935514963779,0.0,0.6310471247954658,0.6000179448717122,0.7266815425440653,0.6008320478370451,False,1.0,1.0,False,31.56,64,13,False
Isa.64.8,אל תקצף יהוה עד מאד ואל לעד תזכר עון הן הבט נא עמך כלנו,397.5368627692,20823.3305471695,0.07142857142857142,347.84475492305,18220.414228773312,0.48955659010007896,-0.11167493768797192,0.48955659010007896,0.31222385036442657,0.544459424085072,0.7266815425440653,0.6008320478370451,False,0.8870687178575137,1.0,False,82.8,64,13,False
Isa.64.9,ערי קדשך היו מדבר ציון מדבר היתה ירושלם שממה,311.2876520926,759.9284775854,0.0,311.2876520926,759.9284775854,0.37406385505321155,-0.24951111188874697,0.37406385505321155,0.3541784046534445,0.5985172766924087,0.7266815425440653,0.6008320478370451,False,0.9324293598658867,1.0,False,79.86,64,13,False
Isa.64.10,בית קדשנו ותפארתנו אשר הללוך אבתינו היה לשרפת אש וכל מחמדינו היה לחרבה,20.1548587203,4927.1540187484,0.38461538461538464,11.391876667995652,2784.913141031704,-0.5733794774621603,-0.2335255234691526,0.0,0.7168061086253106,0.5923233237506232,0.7266815425440653,0.6008320478370451,False,1.0,1.0,False,31.56,64,13,False
Isa.64.11,העל אלה תתאפק יהוה תחשה ותעננו עד מאד,585.6993182318,87707.4511113858,0.375,334.6853247038857,50118.54349222046,0.44798276531646514,0.14013455744799325,0.4693892331655382,0.32708281747785006,0.4442768385408672,0.7266815425440653,0.6008320478370451,False,0.8956880132810172,1.0,False,82.03,64,13,False
Isa.65.1,נדרשתי ללוא שאלו נמצאתי ללא בקשני אמרתי הנני הנני אל גוי לא קרא בשמי,618.8474704634,13109.3165364549,0.2857142857142857,393.81202665852726,8342.292341380391,0.6347783260783149,-0.1896545854852588,0.6347783260783149,0.2627865004641177,0.5752100948270317,0.7266815425440653,0.6008320478370451,False,0.8175266628550379,1.0,False,84.51,65,13,False
Isa.65.2,פרשתי ידי כל היום אל עם סורר ההלכים הדרך לא טוב אחר מחשבתיהם,664.3586985124,7014.3512686053,0.07692307692307693,575.7775387107467,6079.1044327912605,1.2096514162294758,-0.20752059260915315,1.2096514162294758,0.11320633988514506,0.5821983439403313,0.7266815425440653,0.6008320478370451,False,0.48112494851252585,1.0,False,90.78,65,13,False
Isa.65.3,העם המכעיסים אותי על פני תמיד זבחים בגנות ומקטרים על הלבנים,125.3931247576,18263.1128778677,0.2727272727272727,81.13672778432942,11817.308332737925,-0.35303861379414087,-0.1622221923456436,0.0,0.6379702538161544,0.5644345578498499,0.7266815425440653,0.6008320478370451,False,1.0,1.0,False,31.56,65,13,False
Isa.65.4,הישבים בקברים ובנצורים ילינו האכלים בשר החזיר ופרק ומרק פגלים כליהם,456.9269995257,491671.6405432015,0.45454545454545453,239.34271403727143,257542.28790358172,0.1467723843006024,1.777574418828499,1.7836235441557615,0.44165584136131153,0.037736889155261355,0.7266815425440653,0.6008320478370451,False,0.20379178387897448,1.0,False,94.11,65,13,False
Isa.65.5,האמרים קרב אליך אל תגש בי כי קדשתיך אלה עשן באפי אש יקדת כל היום,166.6885355023,8249.7228682131,0.2,119.0632396445,5892.659191580787,-0.23321958421091948,-0.20899242444204727,0.0,0.5922045504465596,0.5827729237699476,0.7266815425440653,0.6008320478370451,False,1.0,1.0,False,31.56,65,13,False
Isa.65.6,הנה כתובה לפני לא אחשה כי אם שלמתי ושלמתי על חיקם,220.3716958118,13957.5525650434,0.2727272727272727,142.59345023116472,9031.357542086906,-0.158881954407852,-0.1842149824642596,0.0,0.5631190608076485,0.5730775968443704,0.7266815425440653,0.6008320478370451,False,1.0,1.0,False,31.56,65,13,False
Isa.65.7,עונתיכם ועונת אבותיכם יחדו אמר יהוה אשר קטרו על ההרים ועל הגבעות חרפוני ומדתי פע,67.4589162545,18700.8932389552,0.2,48.18494018178571,13357.780884968,-0.45714128551164096,-0.15006142854522922,0.0,0.6762152514015888,0.5596419245500067,0.7266815425440653,0.6008320478370451,False,1.0,1.0,False,31.56,65,13,False
Isa.65.8,כה אמר יהוה כאשר ימצא התירוש באשכול ואמר אל תשחיתהו כי ברכה בו כן אעשה למען עבדי,41.9574875395,613.5359122834,0.11764705882352941,33.96558515102381,496.67192899132374,-0.5020636692881048,-0.2515893058180905,0.0,0.6921886324519843,0.5993207372428802,0.7266815425440653,0.6008320478370451,False,1.0,1.0,False,31.56,65,13,False
Isa.65.9,והוצאתי מיעקב זרע ומיהודה יורש הרי וירשוה בחירי ועבדי ישכנו שמה,254.1345195574,319040.5226581154,0.18181818181818182,186.3653143420933,233963.0499492846,-0.02059604242742682,1.591435728502034,1.591435728502034,0.5082160512584698,0.05575577448644787,0.7266815425440653,0.6008320478370451,False,0.2818630853247613,1.0,False,93.42,65,13,False
Isa.65.10,והיה השרון לנוה צאן ועמק עכור לרבץ בקר לעמי אשר דרשוני,466.0788474044,1205.4519781393,0.45454545454545453,244.13653911659046,631.4272266443952,0.16191723788253504,-0.25052552357591995,0.16191723788253504,0.4356855140382512,0.5989095155370826,0.7266815425440653,0.6008320478370451,False,0.9869769474894841,1.0,False,72.5,65,13,False
Isa.65.11,ואתם עזבי יהוה השכחים את הר קדשי הערכים לגד שלחן והממלאים למני ממסך,274.0036799336,20036.90597253,0.46153846153846156,142.48191356547198,10419.1911057156,-0.15923432572782795,-0.17325917793717235,0.0,0.5632578695764228,0.5687761451759461,0.7266815425440653,0.6008320478370451,False,1.0,1.0,False,31.56,65,13,False
Isa.65.12,ומניתי אתכם לחרב וכלכם לטבח תכרעו יען קראתי ולא עניתם דברתי ולא שמעתם ותעשו הרע ,32.2311319286,1722.7285313685,0.2,23.022237091857143,1230.5203795489285,-0.5366363542129684,-0.24579617587259942,0.0,0.7042405863648475,0.597079991259794,0.7266815425440653,0.6008320478370451,False,1.0,1.0,False,31.56,65,13,False
Isa.65.13,לכן כה אמר אדני יהוה הנה עבדי יאכלו ואתם תרעבו הנה עבדי ישתו ואתם תצמאו הנה עבדי,11.4523695832,90.586886303,0.11764705882352941,9.270965853066667,73.33224129290475,-0.5800799480093668,-0.25493122446635785,0.0,0.7190696473417308,0.6006118903982915,0.7266815425440653,0.6008320478370451,False,1.0,1.0,False,31.56,65,13,False
Isa.65.14,הנה עבדי ירנו מטוב לב ואתם תצעקו מכאב לב ומשבר רוח תילילו,38.8264040732,11112.9736806296,0.3333333333333333,23.295842443920005,6667.7842083777605,-0.5357719686904132,-0.20287344995502088,0.0,0.703941921267708,0.5803830266939695,0.7266815425440653,0.6008320478370451,False,1.0,1.0,False,31.56,65,13,False
Isa.65.15,והנחתם שמכם לשבועה לבחירי והמיתך אדני יהוה ולעבדיו יקרא שם אחר,101.5114446133,166793.4825843582,0.5454545454545454,48.54895177157826,79770.7960186061,-0.4559912848048322,0.37421470292127684,0.37421470292127684,0.6758018773517394,0.3541222930178776,0.7266815425440653,0.6008320478370451,False,0.9323767367976753,1.0,False,79.94,65,13,False
Isa.65.16,אשר המתברך בארץ יתברך באלהי אמן והנשבע בארץ ישבע באלהי אמן כי נשכחו הצרות הראשנו,40.8175610124,13611.1556882083,0.4,22.676422784666666,7561.7531601157225,-0.5377288653001024,-0.19581630034774525,0.0,0.704617875914407,0.5776230243855028,0.7266815425440653,0.6008320478370451,False,1.0,1.0,False,31.56,65,13,False
Isa.65.17,כי הנני בורא שמים חדשים וארץ חדשה ולא תזכרנה הראשנות ולא תעלינה על לב,31.2482816632,1106.2842981795,0.14285714285714285,24.30421907137778,860.4433430285001,-0.5325862628864667,-0.24871762969699066,0.0,0.7028399932733846,0.5982103946170674,0.7266815425440653,0.6008320478370451,False,1.0,1.0,False,31.56,65,13,False
Isa.65.18,כי אם שישו וגילו עדי עד אשר אני בורא כי הנני בורא את ירושלם גילה ועמה משוש,55.806675859,74.9312342792,0.17647058823529413,41.24841259143478,55.383955771582606,-0.47905545488259016,-0.25507291141854094,0.0,0.684050410881818,0.6006666070729081,0.7266815425440653,0.6008320478370451,False,1.0,1.0,False,31.56,65,13,False
Isa.65.19,וגלתי בירושלם וששתי בעמי ולא ישמע בה עוד קול בכי וקול זעקה,89.1873192596,1812.5962353183,0.16666666666666666,66.89048944470001,1359.447176488725,-0.39804592844936215,-0.24477840484976676,0.0,0.6547018345509379,0.5966859921136375,0.7266815425440653,0.6008320478370451,False,1.0,1.0,False,31.56,65,13,False
Isa.65.20,לא יהיה משם עוד עול ימים וזקן אשר לא ימלא את ימיו כי הנער בן מאה שנה ימות והחוטא,47.2698142771,207.5062491281,0.05263157894736842,42.76792720309048,187.74374921113812,-0.4742549404857649,-0.25402803971189486,0.0,0.6823409403121644,0.6002630520509877,0.7266815425440653,0.6008320478370451,False,1.0,1.0,False,31.56,65,13,False
Isa.65.21,ובנו בתים וישבו ונטעו כרמים ואכלו פרים,168.2266754056,173.8735688943,0.0,168.2266754056,173.8735688943,-0.07790039257024774,-0.25413753337762623,0.0,0.5310463564321704,0.6003053462160818,0.7266815425440653,0.6008320478370451,False,1.0,1.0,False,31.56,65,13,False
Isa.65.22,לא יבנו ואחר ישב לא יטעו ואחר יאכל כי כימי העץ ימי עמי ומעשה ידיהם יבלו בחירי,94.3214906865,371.6719113561,0.11764705882352941,76.3554924605,300.8772615739857,-0.3681436932916279,-0.25313494368122286,0.0,0.6436169537045082,0.5999180315765473,0.7266815425440653,0.6008320478370451,False,1.0,1.0,False,31.56,65,13,False
Isa.65.23,לא ייגעו לריק ולא ילדו לבהלה כי זרע ברוכי יהוה המה וצאצאיהם אתם,29.3216018437,62.7452887407,0.23076923076923078,20.062148629899998,42.93098703311052,-0.5459879900370017,-0.25517121736448156,0.0,0.7074629036008098,0.600704569706354,0.7266815425440653,0.6008320478370451,False,1.0,1.0,False,31.56,65,13,False
Isa.65.24,והיה טרם יקראו ואני אענה עוד הם מדברים ואני אשמע,19.069661318,25.2855112748,0.1,15.891384431666669,21.07125939566667,-0.5591644435082626,-0.25534378193510987,0.0,0.7119752514823163,0.6007712063585195,0.7266815425440653,0.6008320478370451,False,1.0,1.0,False,31.56,65,13,False
Isa.65.25,זאב וטלה ירעו כאחד ואריה כבקר יאכל תבן ונחש עפר לחמו לא ירעו ולא ישחיתו בכל הר ק,17.5151286954,1143.8008350305,0.2777777777777778,11.2597255899,735.3005368053214,-0.5737969746998228,-0.24970552922535164,0.0,0.7169474018958568,0.5985924590334339,0.7266815425440653,0.6008320478370451,False,1.0,1.0,False,31.56,65,13,False
Isa.66.1,כה אמר יהוה השמים כסאי והארץ הדם רגלי אי זה בית אשר תבנו לי ואי זה מקום מנוחתי,16.1075568325,47.9429610941,0.05555555555555555,14.496801149249999,43.14866498469,-0.5635702696013188,-0.25516949897608837,0.0,0.7134766875603888,0.6007039061275209,0.7266815425440653,0.6008320478370451,False,1.0,1.0,False,31.56,66,13,False
Isa.66.2,ואת כל אלה ידי עשתה ויהיו כל אלה נאם יהוה ואל זה אביט אל עני ונכה רוח וחרד על דב,31.0525257906,400.3932448743,0.1,25.877104825500002,333.66103739525005,-0.5276171361342089,-0.25287614273493464,0.0,0.7011174515571197,0.5998180371169125,0.7266815425440653,0.6008320478370451,False,1.0,1.0,False,31.56,66,13,False
Isa.66.3,שוחט השור מכה איש זובח השה ערף כלב מעלה מנחה דם חזיר מזכיר לבנה מברך און גם המה ,246.699520911,3493.7303805158,0.1111111111111111,201.84506256354544,2858.5066749674725,0.028308228466908173,-0.23294456304753708,0.028308228466908173,0.4887081589318119,0.5920977730896866,0.7266815425440653,0.6008320478370451,False,0.9995994023612023,1.0,False,65.38,66,13,False
Isa.66.4,גם אני אבחר בתעלליהם ומגורתם אביא להם יען קראתי ואין עונה דברתי ולא שמעו ויעשו ה,51.2476043652,765.2200952225,0.25,34.1650695768,510.14673014833335,-0.5014334497097372,-0.2514829333456367,0.0,0.6919669482309063,0.5992796222402448,0.7266815425440653,0.6008320478370451,False,1.0,1.0,False,31.56,66,13,False
Isa.66.5,שמעו דבר יהוה החרדים אל דברו אמרו אחיכם שנאיכם מנדיכם למען שמי יכבד יהוה ונראה ב,66.8072303615,2183.911537438,0.25,44.538153574333336,1455.9410249586665,-0.4686623669655068,-0.2440166652798295,0.0,0.6803445047278545,0.5963910435171319,0.7266815425440653,0.6008320478370451,False,1.0,1.0,False,31.56,66,13,False
Isa.66.6,קול שאון מעיר קול מהיכל קול יהוה משלם גמול לאיביו,90.7212409842,3100.7333027035,0.2,64.80088641728571,2214.8095019310717,-0.4046474901189941,-0.23802602280412807,0.0,0.657131677415717,0.594069544561483,0.7266815425440653,0.6008320478370451,False,1.0,1.0,False,31.56,66,13,False
Isa.66.7,בטרם תחיל ילדה בטרם יבוא חבל לה והמליטה זכר,2650.818323112,28649.7602101053,0.2222222222222222,1835.1819160006155,19834.44937622675,5.18841463326566,-0.0989334577016302,5.18841463326566,1.060459741896922e-07,0.5394044480972433,1.140877938990772e-05,0.6008320478370451,False,1.4271612831267938e-06,9.212326082583453e-05,True,98.53,66,13,False
Isa.66.8,מי שמע כזאת מי ראה כאלה היוחל ארץ ביום אחד אם יולד גוי פעם אחת כי חלה גם ילדה צי,239.7432313973,99.5344636572,0.1,199.78602616441668,82.945386381,0.021803234173477556,-0.25485533659245435,0.021803234173477556,0.4913024571519646,0.6005825832023289,0.7266815425440653,0.6008320478370451,False,0.9997623377359396,1.0,False,64.6,66,13,False
Isa.66.9,האני אשביר ולא אוליד יאמר יהוה אם אני המוליד ועצרתי אמר אלהיך,208.4465344879,26670.6791104311,0.4166666666666667,113.69810972067272,14547.643151144235,-0.25016932805846764,-0.14066844458517883,0.0,0.5987717980583018,0.5559340626275139,0.7266815425440653,0.6008320478370451,False,1.0,1.0,False,31.56,66,13,False
Isa.66.10,שמחו את ירושלם וגילו בה כל אהביה שישו אתה משוש כל המתאבלים עליה,22.1134320147,262.2752319122,0.23076923076923078,15.130242957426313,179.4514744662421,-0.5615690736296737,-0.254093500400821,0.0,0.7127951718512683,0.6002883377207471,0.7266815425440653,0.6008320478370451,False,1.0,1.0,False,31.56,66,13,False
Isa.66.11,למען תינקו ושבעתם משד תנחמיה למען תמצו והתענגתם מזיז כבודה,226.2500656974,388530.492257595,0.7,94.27086070725001,161887.70510733125,-0.31154470929157413,1.0224601611103579,1.0224601611103579,0.62230672016747,0.15328157950185928,0.7266815425440653,0.6008320478370451,False,0.5929101610530585,1.0,False,89.16,66,13,False
Isa.66.12,כי כה אמר יהוה הנני נטה אליה כנהר שלום וכנחל שוטף כבוד גוים וינקתם על צד תנשאו ו,37.8875865785,13797.6052793799,0.2777777777777778,24.35630565760714,8869.889108172792,-0.5324217087550634,-0.18548964294633685,0.0,0.7027830235019824,0.5735774984779458,0.7266815425440653,0.6008320478370451,False,1.0,1.0,False,31.56,66,13,False
Isa.66.13,כאיש אשר אמו תנחמנו כן אנכי אנחמכם ובירושלם תנחמו,45.8286503311,81114.0159364839,0.3333333333333333,27.497190198660004,48668.409561890345,-0.5224988943626037,0.12868694276626325,0.12868694276626325,0.6993384919685774,0.4488026838294451,0.7266815425440653,0.6008320478370451,False,0.9917540215230978,1.0,False,71.26,66,13,False
Isa.66.14,וראיתם ושש לבכם ועצמותיכם כדשא תפרחנה ונודעה יד יהוה את עבדיו וזעם את איביו,95.045671498,7762.7027473161,0.35714285714285715,55.44330837383333,4528.243269267725,-0.43421034379110296,-0.2197633659513612,0.0,0.6679321487984896,0.5869722740624832,0.7266815425440653,0.6008320478370451,False,1.0,1.0,False,31.56,66,13,False
Isa.66.15,כי הנה יהוה באש יבוא וכסופה מרכבתיו להשיב בחמה אפו וגערתו בלהבי אש,84.8894232277,34464.1985401909,0.3076923076923077,52.55059533143333,21334.980048689602,-0.4433491243591912,-0.08708800219079914,0.0,0.6712433856438146,0.5346992189921079,0.7266815425440653,0.6008320478370451,False,1.0,1.0,False,31.56,66,13,False
Isa.66.16,כי באש יהוה נשפט ובחרבו את כל בשר ורבו חללי יהוה,105.2345665669,1602.1871076434,0.09090909090909091,89.04463324891537,1355.6967833905692,-0.32805562663476545,-0.2448080111186739,0.0,0.6285651981095864,0.5966974546697827,0.7266815425440653,0.6008320478370451,False,1.0,1.0,False,31.56,66,13,False
Isa.66.17,המתקדשים והמטהרים אל הגנות אחר אחד אחת בתוך אכלי בשר החזיר והשקץ והעכבר יחדו יספ,356.3067533414,30390.7567021864,0.4,197.94819630077777,16883.75372343689,0.015997084859980193,-0.12222677300837888,0.015997084859980193,0.49361835867149945,0.5486402881888622,0.7266815425440653,0.6008320478370451,False,0.9998720548236736,1.0,False,63.9,66,13,False
Isa.66.18,ואנכי מעשיהם ומחשבתיהם באה לקבץ את כל הגוים והלשנות ובאו וראו את כבודי,97.7294465591,2589.9345253937,0.23076923076923078,66.86751606675263,1772.0604647430578,-0.39811850691009837,-0.24152116230292012,0.0,0.6547285834932903,0.5954243916361284,0.7266815425440653,0.6008320478370451,False,1.0,1.0,False,31.56,66,13,False
Isa.66.19,ושמתי בהם אות ושלחתי מהם פליטים אל הגוים תרשיש פול ולוד משכי קשת תבל ויון האיים ,85.2395531302,541.9147262609,0.25,56.82636875346666,361.27648417393334,-0.42984092133660357,-0.2526581414956186,0.0,0.6663443183524438,0.5997338016041939,0.7266815425440653,0.6008320478370451,False,1.0,1.0,False,31.56,66,13,False
Isa.66.20,והביאו את כל אחיכם מכל הגוים מנחה ליהוה בסוסים וברכב ובצבים ובפרדים ובכרכרות על ,21.0559319135,224.0589120058,0.2857142857142857,13.399229399500001,142.58294400369093,-0.5670377643827493,-0.2543845471253955,0.0,0.7146557377358704,0.6004007559990646,0.7266815425440653,0.6008320478370451,False,1.0,1.0,False,31.56,66,13,False
Isa.66.21,וגם מהם אקח לכהנים ללוים אמר יהוה,69.3863929051,2489.838903476,0.0,69.3863929051,2489.838903476,-0.39016076538292704,-0.23585489188360928,0.0,0.6517911640850992,0.5932273640600161,0.7266815425440653,0.6008320478370451,False,1.0,1.0,False,31.56,66,13,False
Isa.66.22,כי כאשר השמים החדשים והארץ החדשה אשר אני עשה עמדים לפני נאם יהוה כן יעמד זרעכם ו,20.6714499555,685.3932656415,0.17647058823529413,15.278897793195652,506.59502243067385,-0.561099437027436,-0.2515109711568785,0.0,0.7126351240391535,0.5992904594992958,0.7266815425440653,0.6008320478370451,False,1.0,1.0,False,31.56,66,13,False
Isa.66.23,והיה מדי חדש בחדשו ומדי שבת בשבתו יבוא כל בשר להשתחות לפני אמר יהוה,12.3194810094,121.9577172848,0.14285714285714285,9.581818562866667,94.85600233262223,-0.5790978890694656,-0.2547613120756946,0.0,0.7187384378404035,0.6005462710162266,0.7266815425440653,0.6008320478370451,False,1.0,1.0,False,31.56,66,13,False
Isa.66.24,ויצאו וראו בפגרי האנשים הפשעים בי כי תולעתם לא תמות ואשם לא תכבה והיו דראון לכל ,17.2032612314,1489.0286383216,0.25,11.468840820933332,992.6857588810667,-0.5731363290768913,-0.24767368458985378,0.0,0.7167238045150166,0.5978065528765747,0.7266815425440653,0.6008320478370451,False,1.0,1.0,False,31.56,66,13,False
