verse_id,text,chapter,ppl_gpt,z_gpt,ppl_dicta,z_dicta,CFI,shared_seam,cfi_percentile
Isa.1.1,חזון ישעיהו בן אמוץ אשר חזה על יהודה וירושלם בימי עזיהו יותם אחז יחזקיהו מלכי יה,1,8.2205020101,-1.1981004951,321.9581108534,-0.85904906,-2.0571495551,False,3.33
Isa.1.2,שמעו שמים והאזיני ארץ כי יהוה דבר בנים גדלתי ורוממתי והם פשעו בי,1,54.8049938617,-0.0131223002,859.691028224,1.6721405692,1.659018269,False,83.73
Isa.1.3,ידע שור קנהו וחמור אבוס בעליו ישראל לא ידע עמי לא התבונן,1,107.6862202287,1.1853495005,397.0201053774,-0.6815495487,0.5037999518000001,False,66.31
Isa.1.4,הוי גוי חטא עם כבד עון זרע מרעים בנים משחיתים עזבו את יהוה נאצו את קדוש ישראל נז,1,50.3613263894,-1.208133852,474.701025407,-0.5833757784,-1.7915096304,False,8.6
Isa.1.5,על מה תכו עוד תוסיפו סרה כל ראש לחלי וכל לבב דוי,1,101.0346226724,-0.3106438744,1815.0333010399,-0.4243078342,-0.7349517086,False,46.32
Isa.1.6,מכף רגל ועד ראש אין בו מתם פצע וחבורה ומכה טריה לא זרו ולא חבשו ולא רככה בשמן,1,78.6268458981,-0.7591596941,402.8616242417,-0.6295445382,-1.3887042322999998,False,21.46
Isa.1.7,ארצכם שממה עריכם שרפות אש אדמתכם לנגדכם זרים אכלים אתה ושממה כמהפכת זרים,1,312.6174802205,1.6036896161,35356.0644864445,-0.1395906742,1.4640989419000001,False,80.95
Isa.1.8,ונותרה בת ציון כסכה בכרם כמלונה במקשה כעיר נצורה,1,231.6198491426,0.710773363,168448.3652418553,1.9611885414,2.6719619044000003,False,90.63
Isa.1.9,לולי יהוה צבאות הותיר לנו שריד כמעט כסדם היינו לעמרה דמינו,1,137.9281664922,-0.1378746422,14992.6249567248,-0.4717188927,-0.6095935349,False,49.42
Isa.1.10,שמעו דבר יהוה קציני סדם האזינו תורת אלהינו עם עמרה,1,52.8061466525,-0.6307355379,2642.9297535197,-0.5400806762,-1.1708162141,False,31.6
Isa.1.11,למה לי רב זבחיכם יאמר יהוה שבעתי עלות אילים וחלב מריאים ודם פרים וכבשים ועתודים ,1,28.5411518279,-1.096743774,2173.6558049351,-0.4231763196,-1.5199200936,False,16.65
Isa.1.12,כי תבאו לראות פני מי בקש זאת מידכם רמס חצרי,1,51.153779881,-0.3246623407,1631.9668684554,-0.5068611298,-0.8315234705,False,43.53
Isa.1.13,לא תוסיפו הביא מנחת שוא קטרת תועבה היא לי חדש ושבת קרא מקרא לא אוכל און ועצרה,1,159.5120129983,1.9763609061,689.9112430399,-0.6227516024,1.3536093036999999,False,78.62
Isa.1.14,חדשיכם ומועדיכם שנאה נפשי היו עלי לטרח נלאיתי נשא,1,40.5462815724,-0.5904212125,55595.7774602725,1.9796058506,1.3891846381000001,False,79.63
Isa.1.15,ובפרשכם כפיכם אעלים עיני מכם גם כי תרבו תפלה אינני שמע ידיכם דמים מלאו,1,34.2678086576,-0.8842298134,9038.1193188487,-0.2449527397,-1.1291825531,False,33.31
Isa.1.16,רחצו הזכו הסירו רע מעלליכם מנגד עיני חדלו הרע,1,54.0918257242,0.3743557949,5407.0624379734,-0.5621072596,-0.18775146469999998,False,56.0
Isa.1.17,למדו היטב דרשו משפט אשרו חמוץ שפטו יתום ריבו אלמנה,1,85.9644804279,1.6533746396,137.9253894966,-1.4949973234,0.15837731619999995,False,61.04
Isa.1.18,לכו נא ונוכחה יאמר יהוה אם יהיו חטאיכם כשנים כשלג ילבינו אם יאדימו כתולע כצמר יה,1,7.4940410719,-1.1716698265,12896.1763878634,1.7856341866,0.6139643601,False,67.23
Isa.1.19,אם תאבו ושמעתם טוב הארץ תאכלו,1,30.5578019832,-0.2308121206,5097.7528499632,0.221892228,-0.008919892600000007,False,58.48
Isa.1.20,ואם תמאנו ומריתם חרב תאכלו כי פי יהוה דבר,1,21.1372589774,-0.5133506775,1988.491192018,-0.8428871447,-1.3562378222,False,22.93
Isa.1.21,איכה היתה לזונה קריה נאמנה מלאתי משפט צדק ילין בה ועתה מרצחים,1,38.4423023821,-0.4650542131,49.7747873316,-0.9388339126,-1.4038881257,False,20.84
Isa.1.22,כספך היה לסיגים סבאך מהול במים,1,615.2361206994,1.8160985449,10770.2181725721,1.7797729819,3.5958715268,False,95.58
Isa.1.23,שריך סוררים וחברי גנבים כלו אהב שחד ורדף שלמנים יתום לא ישפטו וריב אלמנה לא יבוא,1,31.0458633563,-0.9332230563,750.6136892821,-0.5336207913,-1.4668438475999999,False,18.82
Isa.1.24,לכן נאם האדון יהוה צבאות אביר ישראל הוי אנחם מצרי ואנקמה מאויבי,1,278.8962432543,0.2286242873,5278.0071317994,-0.5138403663,-0.28521607899999996,False,54.69
Isa.1.25,ואשיבה ידי עליך ואצרף כבר סיגיך ואסירה כל בדיליך,1,189.5639019301,0.7583593835,258746.3270362345,1.9990319858,2.7573913693,False,90.94
Isa.1.26,ואשיבה שפטיך כבראשנה ויעציך כבתחלה אחרי כן יקרא לך עיר הצדק קריה נאמנה,1,34.4258381731,-1.0631050138,10027.0910683709,-0.5430106854,-1.6061156992,False,13.79
Isa.1.27,ציון במשפט תפדה ושביה בצדקה,1,9.2078382342,-1.3092906334,2291.1035331847,-0.6512399152,-1.9605305486,False,4.57
Isa.1.28,ושבר פשעים וחטאים יחדו ועזבי יהוה יכלו,1,237.6785504127,0.3333509326,41475.3681515824,1.8928313422,2.2261822748,False,87.53
Isa.1.29,כי יבשו מאילים אשר חמדתם ותחפרו מהגנות אשר בחרתם,1,263.677325775,0.3371871183,16077.6628073866,-0.1048601965,0.23232692179999997,False,62.43
Isa.1.30,כי תהיו כאלה נבלת עלה וכגנה אשר מים אין לה,1,398.4183464278,1.4731313017,7501.9843139286,-0.6791199941,0.7940113076,False,69.56
Isa.1.31,והיה החסן לנערת ופעלו לניצוץ ובערו שניהם יחדו ואין מכבה,1,197.5069461534,0.1177971337,20135.0223314078,1.3861370044,1.5039341381,False,81.56
Isa.2.1,הדבר אשר חזה ישעיהו בן אמוץ על יהודה וירושלם,2,36.9891913343,-0.5962594342,40.7901725203,-0.7755151286,-1.3717745628000002,False,22.15
Isa.2.2,והיה באחרית הימים נכון יהיה הר בית יהוה בראש ההרים ונשא מגבעות ונהרו אליו כל הגו,2,5.1727790949,-0.5811261616,7.3243127502,-0.6333303957,-1.2144565573000001,False,29.36
Isa.2.3,והלכו עמים רבים ואמרו לכו ונעלה אל הר יהוה אל בית אלהי יעקב וירנו מדרכיו ונלכה ב,2,2.875728074,-0.704415722,2015.7243160576,1.1409084138,0.43649269180000005,False,65.07
Isa.2.4,ושפט בין הגוים והוכיח לעמים רבים וכתתו חרבותם לאתים וחניתותיהם למזמרות לא ישא גו,2,2.3818397466,-0.5703777029,2177.1772653187,-0.4488421014,-1.0192198043,False,36.95
Isa.2.5,בית יעקב לכו ונלכה באור יהוה,2,12.8133367827,-0.6939705771,146.8760239572,-0.5568042859,-1.250774863,False,27.81
Isa.2.6,כי נטשתה עמך בית יעקב כי מלאו מקדם ועננים כפלשתים ובילדי נכרים ישפיקו,2,124.6496701805,0.1184450862,54791.3698823683,0.8805311558,0.9989762419999999,False,72.73
Isa.2.7,ותמלא ארצו כסף וזהב ואין קצה לאצרתיו ותמלא ארצו סוסים ואין קצה למרכבתיו,2,200.6926236074,0.3208940148,1130.5643316793,-0.9394623504,-0.6185683356,False,49.19
Isa.2.8,ותמלא ארצו אלילים למעשה ידיו ישתחוו לאשר עשו אצבעתיו,2,227.6375973323,-0.2477401322,75148.2890605316,0.2423235902,-0.005416541999999996,False,58.56
Isa.2.9,וישח אדם וישפל איש ואל תשא להם,2,286.2382736961,0.3242417834,16339.0297144727,-0.5603867063,-0.2361449229,False,55.38
Isa.2.10,בוא בצור והטמן בעפר מפני פחד יהוה ומהדר גאנו,2,422.413925198,1.6337284073,160432.221533335,1.7878346888,3.4215630961,False,94.5
Isa.2.11,עיני גבהות אדם שפל ושח רום אנשים ונשגב יהוה לבדו ביום ההוא,2,138.082218331,-0.3880689179,459.8256332005,-0.5577308024,-0.9457997202999999,False,39.89
Isa.2.12,כי יום ליהוה צבאות על כל גאה ורם ועל כל נשא ושפל,2,96.4721531537,-0.2844667064,33.1931391937,-0.5034131834,-0.7878798897999999,False,45.16
Isa.2.13,ועל כל ארזי הלבנון הרמים והנשאים ועל כל אלוני הבשן,2,24.4362938251,-0.9753160361,130.0866760042,-0.4870402856,-1.4623563217,False,18.9
Isa.2.14,ועל כל ההרים הרמים ועל כל הגבעות הנשאות,2,13.0053837603,-0.7815065775,384.8147367621,1.9021605289,1.1206539514,False,74.28
Isa.2.15,ועל כל מגדל גבה ועל כל חומה בצורה,2,215.6146351462,1.6259223633,66.031226346,-0.6947657178,0.9311566455,False,71.57
Isa.2.16,ועל כל אניות תרשיש ועל כל שכיות החמדה,2,17.6960477192,-0.7346486784,1.8637866804,-0.5004838816,-1.23513256,False,28.51
Isa.2.17,ושח גבהות האדם ושפל רום אנשים ונשגב יהוה לבדו ביום ההוא,2,141.2149292267,-0.409497886,206.735937196,-0.5114101617,-0.9209080477,False,40.51
Isa.2.18,והאלילים כליל יחלף,2,867.0595258441,1.9837363542,842234.4557252871,1.999672695,3.9834090491999996,True,99.69
Isa.2.19,ובאו במערות צרים ובמחלות עפר מפני פחד יהוה ומהדר גאונו בקומו לערץ הארץ,2,92.902707682,-0.4480870134,15969.5964764871,-0.5446680293,-0.9927550427,False,38.19
Isa.2.20,ביום ההוא ישליך האדם את אלילי כספו ואת אלילי זהבו אשר עשו לו להשתחות לחפר פרות ו,2,59.268133342,-0.4712393947,759.8885089235,-0.5910561962,-1.0622955909,False,35.86
Isa.2.21,לבוא בנקרות הצרים ובסעפי הסלעים מפני פחד יהוה ומהדר גאונו בקומו לערץ הארץ,2,17.3224250097,-1.1857599949,110484.7453792925,1.9802811161,0.7945211212000001,False,69.64
Isa.2.22,חדלו לכם מן האדם אשר נשמה באפו כי במה נחשב הוא,2,31.9101151837,-0.5377845588,10.0672328864,-0.5110896459,-1.0488742047,False,36.41
Isa.3.1,כי הנה האדון יהוה צבאות מסיר מירושלם ומיהודה משען ומשענה כל משען לחם וכל משען מי,3,39.9768243253,-0.6337327431,658.7173655282,-0.4990165785,-1.1327493216,False,33.15
Isa.3.2,גבור ואיש מלחמה שופט ונביא וקסם וזקן,3,356.2790606688,1.8039324247,564.6979421774,-0.5004255711,1.3035068536,False,77.61
Isa.3.3,שר חמשים ונשוא פנים ויועץ וחכם חרשים ונבון לחש,3,160.6190291152,0.0791183901,1231.9226273276,-0.558636625,-0.4795182349,False,52.13
Isa.3.4,ונתתי נערים שריהם ותעלולים ימשלו בם,3,134.4846622422,-0.608273577,302221.9304928448,1.9906008632,1.3823272862000002,False,79.16
Isa.3.5,ונגש העם איש באיש ואיש ברעהו ירהבו הנער בזקן והנקלה בנכבד,3,67.7716257503,-1.4585545251,31360.8141217962,-0.313485306,-1.7720398311,False,9.14
Isa.3.6,כי יתפש איש באחיו בית אביו שמלה לכה קצין תהיה לנו והמכשלה הזאת תחת ידך,3,262.0077692512,0.2619597655,4712.0998314719,-0.5545026161,-0.29254285059999996,False,54.53
Isa.3.7,ישא ביום ההוא לאמר לא אהיה חבש ובביתי אין לחם ואין שמלה לא תשימני קצין עם,3,171.7148753114,-0.2208634219,1521.4202240761,-0.7691083173,-0.9899717391999999,False,38.57
Isa.3.8,כי כשלה ירושלם ויהודה נפל כי לשונם ומעלליהם אל יהוה למרות עני כבודו,3,484.6642682866,1.714162089,7677.0702877314,1.5187816559,3.2329437449,False,93.11
Isa.3.9,הכרת פניהם ענתה בם וחטאתם כסדם הגידו לא כחדו אוי לנפשם כי גמלו להם רעה,3,47.7905179,-0.5878600168,4263.9940151826,0.5323239463,-0.05553607049999998,False,57.63
Isa.3.10,אמרו צדיק כי טוב כי פרי מעלליהם יאכלו,3,24.0236614851,-0.781741427,42.3339538251,-0.727424495,-1.509165922,False,17.04
Isa.3.11,אוי לרשע רע כי גמול ידיו יעשה לו,3,26.6166462133,-0.7083721491,26.2691362523,-0.6906510442,-1.3990231933000001,False,20.99
Isa.3.12,עמי נגשיו מעולל ונשים משלו בו עמי מאשריך מתעים ודרך ארחתיך בלעו,3,898.129642949,0.2374187869,32827.8731243532,1.9209948165,2.1584136034,False,86.91
Isa.3.13,נצב לריב יהוה ועמד לדין עמים,3,2378.3761877002,1.8711715864,5589.762899403,-0.4433722476,1.4277993388,False,80.25
Isa.3.14,יהוה במשפט יבוא עם זקני עמו ושריו ואתם בערתם הכרם גזלת העני בבתיכם,3,82.4939118561,-0.7072212806,8877.632529887,-0.6642891324,-1.371510413,False,22.23
Isa.3.15,מלכם מה לכם תדכאו עמי ופני עניים תטחנו נאם אדני יהוה צבאות,3,183.8050657168,-0.4857560935,6001.8343911626,-0.7058825062,-1.1916385997,False,30.21
Isa.3.16,ויאמר יהוה יען כי גבהו בנות ציון ותלכנה נטוות נטויות גרון ומשקרות עינים הלוך וטפ,3,19.2380136421,-1.1017145604,45442.5553963609,0.1314917697,-0.9702227907000001,False,39.35
Isa.3.17,ושפח אדני קדקד בנות ציון ויהוה פתהן יערה,3,419.8585823391,0.2264375571,121401.9875177437,-0.4318806724,-0.2054431153,False,55.85
Isa.3.18,ביום ההוא יסיר אדני את תפארת העכסים והשביסים והשהרנים,3,144.6753219889,-0.8313865403,17129.201560583,-0.6188814323,-1.4502679726,False,19.36
Isa.3.19,הנטיפות והשירות והרעלות,3,955.8703254796,1.7062910759,2771736.0034007146,1.9850879952,3.6913790711,False,96.28
Isa.3.20,הפארים והצעדות והקשרים ובתי הנפש והלחשים,3,550.6164639579,0.4985390846,405988.7487558365,-0.6487779115,-0.15023882689999996,False,56.47
Isa.3.21,הטבעות ונזמי האף,3,151.6156883856,-0.6766982925,171247.1556737095,-1.0608369401,-1.7375352326,False,10.22
Isa.3.22,המחלצות והמעטפות והמטפחות והחריטים,3,143.5317907616,-0.7110416075,5273825.70192027,1.8607946655,1.149753058,False,74.67
Isa.3.23,והגלינים והסדינים והצניפות והרדידים,3,84.7020936546,-0.8472331995,2045864.9597998399,0.2666668139,-0.5805663856,False,50.12
Isa.3.24,והיה תחת בשם מק יהיה ותחת חגורה נקפה ותחת מעשה מקשה קרחה ותחת פתיגיל מחגרת שק כי,3,877.8538530782,0.1831650353,11213.5566961903,-0.7879552131,-0.6047901778,False,49.57
Isa.3.25,מתיך בחרב יפלו וגבורתך במלחמה,3,413.5718645014,-0.3899836724,11861.1961075242,-0.6512471425,-1.0412308149,False,36.48
Isa.3.26,ואנו ואבלו פתחיה ונקתה לארץ תשב,3,2166.6299702958,1.8468084779,558360.3344425263,1.9995422104,3.8463506883000003,False,97.91
Isa.4.1,והחזיקו שבע נשים באיש אחד ביום ההוא לאמר לחמנו נאכל ושמלתנו נלבש רק יקרא שמך עלי,4,51.1550238893,-0.5948863006,2102.0470568299,-0.5069521979,-1.1018384985,False,34.24
Isa.4.2,ביום ההוא יהיה צמח יהוה לצבי ולכבוד ופרי הארץ לגאון ולתפארת לפליטת ישראל,4,60.5369162296,-0.5481709328,58.2861905778,-0.5061077096,-1.0542786424,False,36.17
Isa.4.3,והיה הנשאר בציון והנותר בירושלם קדוש יאמר לו כל הכתוב לחיים בירושלם,4,17.8725577339,-1.0023076334,640.6838766094,-0.4520689182,-1.4543765516,False,19.21
Isa.4.4,אם רחץ אדני את צאת בנות ציון ואת דמי ירושלם ידיח מקרבה ברוח משפט וברוח בער,4,283.3369889447,1.7341760624,2879.3294150743,-0.4899061722,1.2442698902,False,76.14
Isa.4.5,וברא יהוה על כל מכון הר ציון ועל מקראה ענן יומם ועשן ונגה אש להבה לילה כי על כל ,4,162.9092880781,-0.0146085299,93.2707126704,-0.5059774842,-0.5205860141,False,51.51
Isa.4.6,וסכה תהיה לצל יומם מחרב ולמחסה ולמסתור מזרם וממטר,4,60.1646517175,-1.1008769434,487052.3417852905,1.9969063476,0.8960294041999999,False,71.26
Isa.5.1,אשירה נא לידידי שירת דודי לכרמו כרם היה לידידי בקרן בן שמן,5,298.5578278231,1.7319435981,1410.5152017109,-0.5314443686,1.2004992295,False,75.68
Isa.5.2,ויעזקהו ויסקלהו ויטעהו שרק ויבן מגדל בתוכו וגם יקב חצב בו ויקו לעשות ענבים ויעש ,5,62.4852253139,-0.8700162837,28899.3706906199,-0.4090910363,-1.27910732,False,26.26
Isa.5.3,ועתה יושב ירושלם ואיש יהודה שפטו נא ביני ובין כרמי,5,154.1788965414,0.0985993992,30.944607351,-0.9023112831,-0.8037118838999999,False,44.62
Isa.5.4,מה לעשות עוד לכרמי ולא עשיתי בו מדוע קויתי לעשות ענבים ויעש באשים,5,117.3900294793,-0.3946062624,16603.0524549269,0.2201892633,-0.17441699910000003,False,56.08
Isa.5.5,ועתה אודיעה נא אתכם את אשר אני עשה לכרמי הסר משוכתו והיה לבער פרץ גדרו והיה למרמ,5,97.9642712187,-0.6762237155,3365.8822134095,-0.5720468787,-1.2482705942,False,27.96
Isa.5.6,ואשיתהו בתה לא יזמר ולא יעדר ועלה שמיר ושית ועל העבים אצוה מהמטיר עליו מטר,5,369.2242314703,1.0116437876,22041.0132514354,1.4827149617,2.4943587493,False,89.54
Isa.5.7,כי כרם יהוה צבאות בית ישראל ואיש יהודה נטע שעשועיו ויקו למשפט והנה משפח לצדקה וה,5,98.9111123677,-0.7846583674,649.0064107884,-0.7729911697,-1.5576495371,False,15.26
Isa.5.8,הוי מגיעי בית בבית שדה בשדה יקריבו עד אפס מקום והושבתם לבדכם בקרב הארץ,5,427.8236388673,1.1181150636,7784.3616507701,0.1653848813,1.2834999449,False,77.23
Isa.5.9,באזני יהוה צבאות אם לא בתים רבים לשמה יהיו גדלים וטובים מאין יושב,5,88.4741027276,-1.115469678,467.4528475322,-0.5995245434,-1.7149942214,False,10.92
Isa.5.10,כי עשרת צמדי כרם יעשו בת אחת וזרע חמר יעשה איפה,5,350.61199188,0.8361616434,1135.5576879501,-0.5671842011,0.2689774423,False,62.74
Isa.5.11,הוי משכימי בבקר שכר ירדפו מאחרי בנשף יין ידליקם,5,227.0556671453,0.1941595871,50903.1001815735,1.9840580973,2.1782176844,False,87.14
Isa.5.12,והיה כנור ונבל תף וחליל ויין משתיהם ואת פעל יהוה לא יביטו ומעשה ידיו לא ראו,5,48.6833399421,-1.5503539254,783.499767973,-0.7497365559,-2.3000904813,False,0.85
Isa.5.13,לכן גלה עמי מבלי דעת וכבודו מתי רעב והמונו צחה צמא,5,305.7163405953,0.5564151747,7137.5604836256,-0.80669811,-0.2502829353,False,55.15
Isa.5.14,לכן הרחיבה שאול נפשה ופערה פיה לבלי חק וירד הדרה והמונה ושאונה ועלז בה,5,150.4341558791,-0.5496316721,14008.0753053762,-0.1562030996,-0.7058347717,False,46.79
Isa.5.15,וישח אדם וישפל איש ועיני גבהים תשפלנה,5,432.2353378257,-0.2327199911,58482.5474765788,-0.2958784053,-0.5285983964,False,51.12
Isa.5.16,ויגבה יהוה צבאות במשפט והאל הקדוש נקדש בצדקה,5,179.9474067116,-0.5373659727,6046.8983996953,-0.6048628575,-1.1422288302,False,32.84
Isa.5.17,ורעו כבשים כדברם וחרבות מחים גרים יאכלו,5,1829.1282611979,1.951170687,479050.6348528814,1.9739633892,3.9251340762,True,98.84
Isa.5.18,הוי משכי העון בחבלי השוא וכעבות העגלה חטאה,5,77.4716949683,-0.655084472,23860.7484091438,-0.5237981365,-1.1788826085,False,31.06
Isa.5.19,האמרים ימהר יחישה מעשהו למען נראה ותקרב ותבואה עצת קדוש ישראל ונדעה,5,431.8017026343,-0.1329267655,88293.0098807531,-0.1648058261,-0.2977325916,False,54.3
Isa.5.20,הוי האמרים לרע טוב ולטוב רע שמים חשך לאור ואור לחשך שמים מר למתוק ומתוק למר,5,62.4754234366,-0.7818158837,32.8229603221,-0.6653343066,-1.4471501903,False,19.44
Isa.5.21,הוי חכמים בעיניהם ונגד פניהם נבנים,5,201.7970361316,0.0736770013,1129.2251187837,-0.6099188238,-0.5362418225,False,50.89
Isa.5.22,הוי גבורים לשתות יין ואנשי חיל למסך שכר,5,83.6434219114,-1.0226655856,92.0909104373,-0.7407920097,-1.7634575953,False,9.53
Isa.5.23,מצדיקי רשע עקב שחד וצדקת צדיקים יסירו ממנו,5,180.886416447,0.434016087,19938.1187556048,1.8667808996,2.3007969866,False,87.92
Isa.5.24,לכן כאכל קש לשון אש וחשש להבה ירפה שרשם כמק יהיה ופרחם כאבק יעלה כי מאסו את תורת,5,233.4448146222,0.4750840259,7496.2017810571,0.1937626034,0.6688466292999999,False,67.78
Isa.5.25,על כן חרה אף יהוה בעמו ויט ידו עליו ויכהו וירגזו ההרים ותהי נבלתם כסוחה בקרב חוצ,5,53.0816134971,-1.1371691633,392.2139191733,-0.7683699656,-1.9055391289,False,5.58
Isa.5.26,ונשא נס לגוים מרחוק ושרק לו מקצה הארץ והנה מהרה קל יבוא,5,356.9412155716,1.4403146012,2363.5301757988,-0.5094750131,0.9308395881000001,False,71.49
Isa.5.27,אין עיף ואין כושל בו לא ינום ולא יישן ולא נפתח אזור חלציו ולא נתק שרוך נעליו,5,72.8937147968,-0.9896157667,232.3810523033,-0.5767643827,-1.5663801494,False,14.72
Isa.5.28,אשר חציו שנונים וכל קשתתיו דרכות פרסות סוסיו כצר נחשבו וגלגליו כסופה,5,245.5232733914,0.2118121144,38671.7257872994,-0.3302564589,-0.11844434449999999,False,56.7
Isa.5.29,שאגה לו כלביא ושאג ישאג ככפירים וינהם ויאחז טרף ויפליט ואין מציל,5,192.5545161518,0.3461822634,326213.4269085057,1.9840882571,2.3302705205,False,88.3
Isa.5.30,וינהם עליו ביום ההוא כנהמת ים ונבט לארץ והנה חשך צר ואור חשך בעריפיה,5,261.1250941373,1.0707013977,30960.8732445001,-0.3900953638,0.6806060339,False,67.93
Isa.6.1,בשנת מות המלך עזיהו ואראה את אדני ישב על כסא רם ונשא ושוליו מלאים את ההיכל,6,29.991598476,-0.745128076,176.4619191818,-0.5599399467,-1.3050680227,False,24.94
Isa.6.2,שרפים עמדים ממעל לו שש כנפים שש כנפים לאחד בשתים יכסה פניו ובשתים יכסה רגליו ובש,6,29.5932925141,-0.6364545288,1298.0410338433,-0.5417166539,-1.1781711826999999,False,31.14
Isa.6.3,וקרא זה אל זה ואמר קדוש קדוש קדוש יהוה צבאות מלא כל הארץ כבודו,6,14.7751352727,-0.7539604753,2.5591055705,-0.6484141085,-1.4023745838,False,20.91
Isa.6.4,וינעו אמות הספים מקול הקורא והבית ימלא עשן,6,105.5956760578,1.0799304783,6110.5771740349,-0.2728188383,0.8071116400000001,False,69.79
Isa.6.5,ואמר אוי לי כי נדמיתי כי איש טמא שפתים אנכי ובתוך עם טמא שפתים אנכי יושב כי את ה,6,19.6492518673,-0.8954154511,24.0795298165,-0.5897346854,-1.4851501365,False,18.2
Isa.6.6,ויעף אלי אחד מן השרפים ובידו רצפה במלקחים לקח מעל המזבח,6,117.4955915382,1.3429435285,49046.5349313766,1.9860558461,3.3289993746,False,93.73
Isa.6.7,ויגע על פי ויאמר הנה נגע זה על שפתיך וסר עונך וחטאתך תכפר,6,36.8025266438,-0.5481517847,1059.973919157,-0.4615279451,-1.0096797298,False,37.18
Isa.6.8,ואשמע את קול אדני אמר את מי אשלח ומי ילך לנו ואמר הנני שלחני,6,45.5924858073,-0.2186449743,109.8928328452,-0.5175251306,-0.7361701049,False,46.17
Isa.6.9,ויאמר לך ואמרת לעם הזה שמעו שמוע ואל תבינו וראו ראו ואל תדעו,6,55.9990560897,1.0713800436,53.1713593763,-0.9397044232,0.13167562040000003,False,60.5
Isa.6.10,השמן לב העם הזה ואזניו הכבד ועיניו השע פן יראה בעיניו ובאזניו ישמע ולבבו יבין וש,6,10.7794771456,-1.3058506282,586.1936747198,-0.3138855766,-1.6197362048,False,13.48
Isa.6.11,ואמר עד מתי אדני ויאמר עד אשר אם שאו ערים מאין יושב ובתים מאין אדם והאדמה תשאה ש,6,47.5947469451,-0.5795183621,222.2656225035,-0.7966226189,-1.3761409809999998,False,22.0
Isa.6.12,ורחק יהוה את האדם ורבה העזובה בקרב הארץ,6,115.4684360263,0.5852493916,4893.3443538168,0.6722728058,1.2575221974000002,False,76.61
Isa.6.13,ועוד בה עשריה ושבה והיתה לבער כאלה וכאלון אשר בשלכת מצבת בם זרע קדש מצבתה,6,189.8981914982,1.6057149064,7952.3062415399,1.6563091847,3.2620240911,False,93.26
Isa.7.1,ויהי בימי אחז בן יותם בן עזיהו מלך יהודה עלה רצין מלך ארם ופקח בן רמליהו מלך ישר,7,12.4442223489,-1.4719531117,342.003978041,-0.8557639461,-2.3277170578,False,0.77
Isa.7.2,ויגד לבית דוד לאמר נחה ארם על אפרים וינע לבבו ולבב עמו כנוע עצי יער מפני רוח,7,96.3343851005,0.1619459192,825.1054087416,-0.5959333725,-0.4339874533,False,52.52
Isa.7.3,ויאמר יהוה אל ישעיהו צא נא לקראת אחז אתה ושאר ישוב בנך אל קצה תעלת הברכה העליונה,7,73.2286844145,0.3735581006,614.4882610743,-0.789243522,-0.41568542140000003,False,52.75
Isa.7.4,ואמרת אליו השמר והשקט אל תירא ולבבך אל ירך משני זנבות האודים העשנים האלה בחרי אף,7,62.5201551383,-0.8885977944,2915.0140339394,-0.4588630738,-1.3474608682,False,23.32
Isa.7.5,יען כי יעץ עליך ארם רעה אפרים ובן רמליהו לאמר,7,69.9847378349,-0.1851311387,2755.2523668718,-0.4572166336,-0.6423477723,False,48.72
Isa.7.6,נעלה ביהודה ונקיצנה ונבקענה אלינו ונמליך מלך בתוכה את בן טבאל,7,146.803467165,1.2023783133,71361.0173636985,1.9980166811,3.2003949944,False,92.8
Isa.7.7,כה אמר אדני יהוה לא תקום ולא תהיה,7,32.3617326293,-1.5531688696,2.0646529051,-0.5363373894,-2.0895062589999998,False,2.87
Isa.7.8,כי ראש ארם דמשק וראש דמשק רצין ובעוד ששים וחמש שנה יחת אפרים מעם,7,144.568294441,0.9962735063,100.3159116634,-0.5090079441,0.48726556219999995,False,65.84
Isa.7.9,וראש אפרים שמרון וראש שמרון בן רמליהו אם לא תאמינו כי לא תאמנו,7,111.5635478214,0.2616679306,1277.2457790933,1.9869585754,2.248626506,False,87.68
Isa.7.10,ויוסף יהוה דבר אל אחז לאמר,7,55.5940102511,-0.8896644489,53.0885896535,-0.5803634691,-1.470027918,False,18.75
Isa.7.11,שאל לך אות מעם יהוה אלהיך העמק שאלה או הגבה למעלה,7,151.4926182843,1.041779464,168.7104457511,-0.6267625039,0.4150169601,False,64.99
Isa.7.12,ויאמר אחז לא אשאל ולא אנסה את יהוה,7,29.7031751711,-0.9312520224,47.2265986183,-0.9179146432,-1.8491666656,False,7.13
Isa.7.13,ויאמר שמעו נא בית דוד המעט מכם הלאות אנשים כי תלאו גם את אלהי,7,150.8844483723,-0.1520354744,863.7372645682,0.1982872366,0.04625176219999999,False,59.26
Isa.7.14,לכן יתן אדני הוא לכם אות הנה העלמה הרה וילדת בן וקראת שמו עמנו אל,7,25.6830931176,-0.8219292611,640.830913537,-0.3570033455,-1.1789326066,False,30.91
Isa.7.15,חמאה ודבש יאכל לדעתו מאוס ברע ובחור בטוב,7,539.9333640933,1.9289253773,1932.6124724867,1.7684662251,3.6973916023999998,False,96.59
Isa.7.16,כי בטרם ידע הנער מאס ברע ובחר בטוב תעזב האדמה אשר אתה קץ מפני שני מלכיה,7,156.2360117337,-0.3281254328,808.9710051461,-0.4851461773,-0.8132716100999999,False,44.31
Isa.7.17,יביא יהוה עליך ועל עמך ועל בית אביך ימים אשר לא באו למיום סור אפרים מעל יהודה את,7,86.3712512712,-0.9431704707,66.597049967,-0.5939099228,-1.5370803935000001,False,15.8
Isa.7.18,והיה ביום ההוא ישרק יהוה לזבוב אשר בקצה יארי מצרים ולדבורה אשר בארץ אשור,7,270.5420739412,1.8415691122,3814.6983354637,-0.3768669793,1.4647021328999998,False,81.02
Isa.7.19,ובאו ונחו כלם בנחלי הבתות ובנקיקי הסלעים ובכל הנעצוצים ובכל הנהללים,7,142.2697027364,0.180793243,43202.0328164114,1.9924410652,2.1732343082,False,87.06
Isa.7.20,ביום ההוא יגלח אדני בתער השכירה בעברי נהר במלך אשור את הראש ושער הרגלים וגם את ה,7,104.7003086732,-0.4291362812,2488.1496151999,-0.4450324873,-0.8741687685,False,42.29
Isa.7.21,והיה ביום ההוא יחיה איש עגלת בקר ושתי צאן,7,35.9835430019,-1.5943092236,24.7777301783,-0.542777381,-2.1370866046,False,2.32
Isa.7.22,והיה מרב עשות חלב יאכל חמאה כי חמאה ודבש יאכל כל הנותר בקרב הארץ,7,133.7494081016,0.0730085903,78.3005586496,-0.6981348357,-0.6251262454000001,False,49.03
Isa.7.23,והיה ביום ההוא יהיה כל מקום אשר יהיה שם אלף גפן באלף כסף לשמיר ולשית יהיה,7,75.087103162,-0.8324223987,464.6382211454,-0.4267381886,-1.2591605873,False,27.42
Isa.7.24,בחצים ובקשת יבוא שמה כי שמיר ושית תהיה כל הארץ,7,287.6809009149,0.915081869,508.5542681047,-0.4500431227,0.46503874629999997,False,65.53
Isa.7.25,וכל ההרים אשר במעדר יעדרון לא תבוא שמה יראת שמיר ושית והיה למשלח שור ולמרמס שה,7,347.9503653008,1.4419262993,7045.5904234155,1.9642473243,3.4061736236,False,94.19
Isa.8.1,ויאמר יהוה אלי קח לך גליון גדול וכתב עליו בחרט אנוש למהר שלל חש בז,8,86.5242241941,-0.5390138811,457.8664458632,-0.8475947896,-1.3866086707,False,21.61
Isa.8.2,ואעידה לי עדים נאמנים את אוריה הכהן ואת זכריהו בן יברכיהו,8,40.0956260366,-0.875697039,1715.1723083489,-0.2959164642,-1.1716135032,False,31.53
Isa.8.3,ואקרב אל הנביאה ותהר ותלד בן ויאמר יהוה אלי קרא שמו מהר שלל חש בז,8,29.0166099657,-0.7527702311,2864.0686019916,1.2375456737,0.48477544259999994,False,65.76
Isa.8.4,כי בטרם ידע הנער קרא אבי ואמי ישא את חיל דמשק ואת שלל שמרון לפני מלך אשור,8,251.5471203211,1.7503854909,175.6400373413,-1.0469228775,0.7034626134000002,False,68.32
Isa.8.5,ויסף יהוה דבר אלי עוד לאמר,8,48.4519255515,-0.7730265264,2490.0021341852,-0.1175558494,-0.8905823758,False,41.44
Isa.8.6,יען כי מאס העם הזה את מי השלח ההלכים לאט ומשוש את רצין ובן רמליהו,8,144.2304232088,-0.3329997242,8553.6113979914,1.2192608863,0.8862611621,False,71.03
Isa.8.7,ולכן הנה אדני מעלה עליהם את מי הנהר העצומים והרבים את מלך אשור ואת כל כבודו ועלה,8,80.3084038701,-0.5855481357,168.8218887686,-0.6904474651,-1.2759956008,False,26.72
Isa.8.8,וחלף ביהודה שטף ועבר עד צואר יגיע והיה מטות כנפיו מלא רחב ארצך עמנו אל,8,422.435477972,1.9499282046,8358.4633556152,-0.3478988029,1.6020294016999999,False,82.88
Isa.8.9,רעו עמים וחתו והאזינו כל מרחקי ארץ התאזרו וחתו התאזרו וחתו,8,101.7529306633,-0.4200356864,64892.1078692158,1.9873479344,1.567312248,False,82.65
Isa.8.10,עצו עצה ותפר דברו דבר ולא יקום כי עמנו אל,8,52.7736241983,-0.7059380556,2045.680866924,-0.5668433741,-1.2727814297,False,26.88
Isa.8.11,כי כה אמר יהוה אלי כחזקת היד ויסרני מלכת בדרך העם הזה לאמר,8,134.4389472603,1.5883099602,1808.4449836218,-0.8118233109,0.7764866492999999,False,69.33
Isa.8.12,לא תאמרון קשר לכל אשר יאמר העם הזה קשר ואת מוראו לא תיראו ולא תעריצו,8,44.841731375,-0.8515687402,2776.4440109382,-0.4857864409,-1.3373551811,False,23.47
Isa.8.13,את יהוה צבאות אתו תקדישו והוא מוראכם והוא מערצכם,8,77.5338552985,0.1398666768,46419.976180985,0.558402664,0.6982693408,False,68.16
Isa.8.14,והיה למקדש ולאבן נגף ולצור מכשול לשני בתי ישראל לפח ולמוקש ליושב ירושלם,8,54.0006341753,-0.5016114216,3496.4787026101,-1.0193887563,-1.5210001779,False,16.5
Isa.8.15,וכשלו בם רבים ונפלו ונשברו ונוקשו ונלכדו,8,54.0692873456,-0.5271855529,84952.1869308014,0.6272255142,0.10003996129999992,False,60.03
Isa.8.16,צור תעודה חתום תורה בלמדי,8,5638.997961419,1.998544904,131388.7405029987,1.6115876831,3.6101325871,False,95.89
Isa.8.17,וחכיתי ליהוה המסתיר פניו מבית יעקב וקויתי לו,8,274.2134616923,-0.4265407383,5401.5937579937,-0.7455296671,-1.1720704054,False,31.45
Isa.8.18,הנה אנכי והילדים אשר נתן לי יהוה לאתות ולמופתים בישראל מעם יהוה צבאות השכן בהר צ,8,61.1518677229,-0.5207113416,1019.1710417304,-0.5282816041,-1.0489929457,False,36.33
Isa.8.19,וכי יאמרו אליכם דרשו אל האבות ואל הידענים המצפצפים והמהגים הלוא עם אל אלהיו ידרש,8,60.5556822009,-0.5755817212,3488.5067581094,-0.4444488026,-1.0200305238,False,36.87
Isa.8.20,לתורה ולתעודה אם לא יאמרו כדבר הזה אשר אין לו שחר,8,35.4913233448,-1.0938832421,71.5641733609,-0.8686051392,-1.9624883813,False,4.42
Isa.8.21,ועבר בה נקשה ורעב והיה כי ירעב והתקצף וקלל במלכו ובאלהיו ופנה למעלה,8,120.4578404523,-0.3871821972,49069.8291684253,1.5294528296,1.1422706324,False,74.59
Isa.8.22,ואל ארץ יביט והנה צרה וחשכה מעוף צוקה ואפלה מנדח,8,172.8424466362,-0.1919830208,35663.1397100251,0.8472115892,0.6552285684,False,67.54
Isa.8.23,כי לא מועף לאשר מוצק לה כעת הראשון הקל ארצה זבלון וארצה נפתלי והאחרון הכביד דרך ,8,653.2321898225,1.9135409462,4595.8511439029,-0.8705556098,1.0429853364,False,73.28
Isa.9.1,העם ההלכים בחשך ראו אור גדול ישבי בארץ צלמות אור נגה עליהם,9,96.4215187868,-0.9041727874,5953.0572161046,-0.7516253649,-1.6557981523,False,12.16
Isa.9.2,הרבית הגוי לא לו הגדלת השמחה שמחו לפניך כשמחת בקציר כאשר יגילו בחלקם שלל,9,269.3553915455,-0.5850015086,134788.689471962,1.5877247137,1.0027232051,False,72.89
Isa.9.3,כי את על סבלו ואת מטה שכמו שבט הנגש בו החתת כיום מדין,9,1302.4884153528,1.9558913674,29111.2971931858,-0.439865106,1.5160262614,False,82.03
Isa.9.4,כי כל סאון סאן ברעש ושמלה מגוללה בדמים והיתה לשרפה מאכלת אש,9,285.0527349747,-0.2228172392,90847.082643997,0.7459362747,0.5231190355,False,66.38
Isa.9.5,כי ילד ילד לנו בן נתן לנו ותהי המשרה על שכמו ויקרא שמו פלא יועץ אל גבור אבי עד ש,9,35.2394171087,-0.7811498148,18.8001008653,-0.7253364459,-1.5064862607,False,17.27
Isa.9.6,לםרבה למרבה המשרה ולשלום אין קץ על כסא דוד ועל ממלכתו להכין אתה ולסעדה במשפט ובצ,9,54.8246494448,-1.0124532487,334.2609661431,-0.6148084713,-1.62726172,False,13.32
Isa.9.7,דבר שלח אדני ביעקב ונפל בישראל,9,319.2072346925,0.4973209678,5182.6905163094,-0.484251061,0.01306990680000003,False,58.87
Isa.9.8,וידעו העם כלו אפרים ויושב שמרון בגאוה ובגדל לבב לאמר,9,165.4792336906,-0.6099148025,12375.0714807021,-0.4926547933,-1.1025695958,False,34.16
Isa.9.9,לבנים נפלו וגזית נבנה שקמים גדעו וארזים נחליף,9,547.5899461476,1.7433265571,131477.6078101993,1.9476511951,3.6909777522000002,False,96.2
Isa.9.10,וישגב יהוה את צרי רצין עליו ואת איביו יסכסך,9,245.5329907771,0.0626558291,32706.6625324152,-0.0536937668,0.008962062300000004,False,58.71
Isa.9.11,ארם מקדם ופלשתים מאחור ויאכלו את ישראל בכל פה בכל זאת לא שב אפו ועוד ידו נטויה,9,88.9270891194,-1.1312878433,82.0623427382,-0.6736327696,-1.8049206129,False,8.29
Isa.9.12,והעם לא שב עד המכהו ואת יהוה צבאות לא דרשו,9,128.5986874995,-0.8036399954,183.6118825059,-0.6076265717,-1.4112665671,False,20.29
Isa.9.13,ויכרת יהוה מישראל ראש וזנב כפה ואגמון יום אחד,9,413.3713541815,0.3607011752,5215.5625765855,-0.3841974739,-0.023496298699999973,False,58.09
Isa.9.14,זקן ונשוא פנים הוא הראש ונביא מורה שקר הוא הזנב,9,790.1826324987,1.7865640922,954.1416455893,-0.5206425302,1.265921562,False,77.07
Isa.9.15,ויהיו מאשרי העם הזה מתעים ומאשריו מבלעים,9,174.873771396,-0.507662953,79943.1225704679,1.9532664458,1.4456034928000001,False,80.56
Isa.9.16,על כן על בחוריו לא ישמח אדני ואת יתמיו ואת אלמנתיו לא ירחם כי כלו חנף ומרע וכל פ,9,54.230589156,-0.7636282764,166.33751694,-0.7342908626,-1.497919139,False,17.74
Isa.9.17,כי בערה כאש רשעה שמיר ושית תאכל ותצת בסבכי היער ויתאבכו גאות עשן,9,122.7919625335,-0.0634122395,18284.5910038131,-0.4527312948,-0.5161435343,False,51.67
Isa.9.18,בעברת יהוה צבאות נעתם ארץ ויהי העם כמאכלת אש איש אל אחיו לא יחמלו,9,154.4939495264,1.2119534593,10641.8729333878,-0.2709982952,0.9409551641,False,71.73
Isa.9.19,ויגזר על ימין ורעב ויאכל על שמאול ולא שבעו איש בשר זרעו יאכלו,9,120.5570205849,-0.5210245742,48102.0811740132,0.5975916432,0.07656706899999999,False,59.64
Isa.9.20,מנשה את אפרים ואפרים את מנשה יחדו המה על יהודה בכל זאת לא שב אפו ועוד ידו נטויה,9,121.5062690367,-0.7527887289,17.7670592445,-1.1076660323,-1.8604547612000002,False,6.89
Isa.10.1,הוי החקקים חקקי און ומכתבים עמל כתבו,10,1221.8103975239,1.8025520618,78279.793976873,1.6467128081,3.4492648699,False,94.73
Isa.10.2,להטות מדין דלים ולגזל משפט עניי עמי להיות אלמנות שללם ואת יתומים יבזו,10,607.2895175057,0.3567434578,20091.7747906069,-0.0393814015,0.3173620563,False,63.21
Isa.10.3,ומה תעשו ליום פקדה ולשואה ממרחק תבוא על מי תנוסו לעזרה ואנה תעזבו כבודכם,10,121.5627724068,-1.0218966413,7653.7881847223,-0.5820897945,-1.6039864358,False,13.87
Isa.10.4,בלתי כרע תחת אסיר ותחת הרוגים יפלו בכל זאת לא שב אפו ועוד ידו נטויה,10,210.2594866557,-0.5121733485,211.6538226304,-0.5775718517,-1.0897452001999999,False,34.7
Isa.10.5,הוי אשור שבט אפי ומטה הוא בידם זעמי,10,440.4717356816,1.8569390845,13391.0897432869,-0.4414511099,1.4154879746,False,80.02
Isa.10.6,בגוי חנף אשלחנו ועל עם עברתי אצונו לשלל שלל ולבז בז ולשימו ולשומו מרמס כחמר חוצו,10,151.889648235,-0.6960886241,333579.2654759118,1.9987110475,1.3026224234,False,77.54
Isa.10.7,והוא לא כן ידמה ולבבו לא כן יחשב כי להשמיד בלבבו ולהכרית גוים לא מעט,10,59.0862691939,-1.1860520254,1743.7440324287,-0.5352463519,-1.7212983773000001,False,10.69
Isa.10.8,כי יאמר הלא שרי יחדו מלכים,10,420.4676443627,0.7507364076,1847.2698469894,-0.7872012747,-0.036464867099999965,False,57.94
Isa.10.9,הלא ככרכמיש כלנו אם לא כארפד חמת אם לא כדמשק שמרון,10,148.2700626291,-0.5410709168,8601.3226538072,-0.4876505933,-1.0287215101,False,36.64
Isa.10.10,כאשר מצאה ידי לממלכת האליל ופסיליהם מירושלם ומשמרון,10,583.2559531493,1.5610026204,551673.4142871973,1.9996422742,3.5606448946,False,95.35
Isa.10.11,הלא כאשר עשיתי לשמרון ולאליליה כן אעשה לירושלם ולעצביה,10,88.1565362818,-0.6499904585,11494.0025315359,-0.5931449447,-1.2431354032000002,False,28.12
Isa.10.12,והיה כי יבצע אדני את כל מעשהו בהר ציון ובירושלם אפקד על פרי גדל לבב מלך אשור ועל,10,45.4203141669,-1.0853003668,351.9816272509,-0.6832449645,-1.7685453313000001,False,9.22
Isa.10.13,כי אמר בכח ידי עשיתי ובחכמתי כי נבנותי ואסיר גבולת עמים ועתידתיהם ועתודותיהם שוש,10,200.977047131,-0.3642686766,112335.9773693602,1.7657066029,1.4014379262999999,False,79.86
Isa.10.14,ותמצא כקן ידי לחיל העמים וכאסף ביצים עזבות כל הארץ אני אספתי ולא היה נדד כנף ופצ,10,542.6051819381,1.2678478365,37237.0356944134,-0.1754632454,1.0923845911,False,73.66
Isa.10.15,היתפאר הגרזן על החצב בו אם יתגדל המשור על מניפו כהניף שבט ואת מרימיו כהרים מטה ל,10,509.4827795229,1.0109308184,52747.4673643201,0.1787979619,1.1897287803,False,75.29
Isa.10.16,לכן ישלח האדון יהוה צבאות במשמניו רזון ותחת כבדו יקד יקד כיקוד אש,10,112.1847040255,-1.3822943644,17288.2078179217,-0.8245722822,-2.2068666466,False,1.7
Isa.10.17,והיה אור ישראל לאש וקדושו ללהבה ובערה ואכלה שיתו ושמירו ביום אחד,10,333.2044786307,0.1879003981,11866.0476171853,-1.1020074653,-0.9141070672,False,40.82
Isa.10.18,וכבוד יערו וכרמלו מנפש ועד בשר יכלה והיה כמסס נסס,10,212.0101476955,-0.0619385434,104780.3757587,1.7402073116,1.6782687682000001,False,84.04
Isa.10.19,ושאר עץ יערו מספר יהיו ונער יכתבם,10,371.1629688712,-0.1787936743,56476.8481156625,0.5172835111,0.3384898368,False,63.83
Isa.10.20,והיה ביום ההוא לא יוסיף עוד שאר ישראל ופליטת בית יעקב להשען על מכהו ונשען על יהו,10,68.2323632857,-0.807041941,373.468027218,-0.8178754126,-1.6249173536,False,13.4
Isa.10.21,שאר ישוב שאר יעקב אל אל גבור,10,1238.4346584547,1.931195683,6111.9525660158,-0.3224115769,1.6087841061,False,83.04
Isa.10.22,כי אם יהיה עמך ישראל כחול הים שאר ישוב בו כליון חרוץ שוטף צדקה,10,166.3386204422,-0.3187879684,2130.2622053357,0.0677345546,-0.2510534138,False,55.07
Isa.10.23,כי כלה ונחרצה אדני יהוה צבאות עשה בקרב כל הארץ,10,40.6812538555,-0.8133518288,563.120625143,-0.856728214,-1.6700800428,False,11.7
Isa.10.24,לכן כה אמר אדני יהוה צבאות אל תירא עמי ישב ציון מאשור בשבט יככה ומטהו ישא עליך ב,10,57.8138063616,-0.9133501647,742.7515677719,-0.7649664424,-1.6783166071,False,11.54
Isa.10.25,כי עוד מעט מזער וכלה זעם ואפי על תבליתם,10,539.5311035788,1.6404601531,12321.6407788591,1.8752691444,3.5157292975,False,94.97
Isa.10.26,ועורר עליו יהוה צבאות שוט כמכת מדין בצור עורב ומטהו על הים ונשאו בדרך מצרים,10,351.363623446,-0.1183615778,4679.8462312182,-0.4899702393,-0.6083318171000001,False,49.5
Isa.10.27,והיה ביום ההוא יסור סבלו מעל שכמך ועלו מעל צוארך וחבל על מפני שמן,10,104.8797429205,-1.052961438,448.9982766167,-0.8831022201,-1.9360636581000001,False,4.8
Isa.10.28,בא על עית עבר במגרון למכמש יפקיד כליו,10,882.3084856789,0.2708503459,76204.3037455932,1.4751948775,1.7460452234,False,84.51
Isa.10.29,עברו מעברה גבע מלון לנו חרדה הרמה גבעת שאול נסה,10,1854.3765754631,1.7865014588,30832.9304337576,-0.5049815694,1.2815198894000002,False,77.15
Isa.10.30,צהלי קולך בת גלים הקשיבי לישה עניה ענתות,10,373.475540884,-1.2008532529,54843.9434875907,-0.4939417991,-1.694795052,False,11.08
Isa.10.31,נדדה מדמנה ישבי הגבים העיזו,10,711.7814826718,-0.2090451398,4891922.762381404,1.9998990181,1.7908538783,False,84.82
Isa.10.32,עוד היום בנב לעמד ינפף ידו הר בית בת ציון גבעת ירושלם,10,1003.1775312234,1.6471461513,10742.5768213509,-0.5454410179,1.1017051334,False,73.82
Isa.10.33,הנה האדון יהוה צבאות מסעף פארה במערצה ורמי הקומה גדועים והגבהים ישפלו,10,220.6933744051,-0.6876835002,67280.9927866422,-0.5154988578,-1.203182358,False,29.74
Isa.10.34,ונקף סבכי היער בברזל והלבנון באדיר יפול,10,353.6671539945,0.0879067962,262856.2874377226,1.9311018198,2.0190086160000003,False,85.98
Isa.11.1,ויצא חטר מגזע ישי ונצר משרשיו יפרה,11,22.9647567124,-0.7127391243,51200.233803761,-0.2583507101,-0.9710898344,False,39.19
Isa.11.2,ונחה עליו רוח יהוה רוח חכמה ובינה רוח עצה וגבורה רוח דעת ויראת יהוה,11,7.7243786051,-0.55578419,8.6940324104,-0.6174914145,-1.1732756045000001,False,31.37
Isa.11.3,והריחו ביראת יהוה ולא למראה עיניו ישפוט ולא למשמע אזניו יוכיח,11,10.4859312244,-0.7068878883,86.1608325177,-0.5065809254,-1.2134688137,False,29.43
Isa.11.4,ושפט בצדק דלים והוכיח במישור לענוי ארץ והכה ארץ בשבט פיו וברוח שפתיו ימית רשע,11,20.1876478493,-0.0863275553,494.0905709792,0.9234900594,0.8371625040999999,False,70.57
Isa.11.5,והיה צדק אזור מתניו והאמונה אזור חלציו,11,67.4361780766,1.9004673856,293.9082069878,-0.5929993037,1.3074680819000002,False,77.69
Isa.11.6,וגר זאב עם כבש ונמר עם גדי ירבץ ועגל וכפיר ומריא יחדו ונער קטן נהג בם,11,5.1141022808,-1.2706833004,572.0142214124,-0.5255476579,-1.7962309583,False,8.52
Isa.11.7,ופרה ודב תרעינה יחדו ירבצו ילדיהן ואריה כבקר יאכל תבן,11,24.52550771,-0.2543073275,1791.4386214253,-0.3626328256,-0.6169401531,False,49.26
Isa.11.8,ושעשע יונק על חר פתן ועל מאורת צפעוני גמול ידו הדה,11,50.311953497,0.5711183246,21031.9372553282,1.9940328884,2.565151213,False,90.09
Isa.11.9,לא ירעו ולא ישחיתו בכל הר קדשי כי מלאה הארץ דעה את יהוה כמים לים מכסים,11,6.4608717874,-1.2043894685,67.0636992522,-0.8701814294,-2.0745708979,False,3.1
Isa.11.10,והיה ביום ההוא שרש ישי אשר עמד לנס עמים אליו גוים ידרשו והיתה מנחתו כבוד,11,81.9343730503,1.6737391108,56.7700397316,-1.0987463225,0.5749927882999999,False,66.92
Isa.11.11,והיה ביום ההוא יוסיף אדני שנית ידו לקנות את שאר עמו אשר ישאר מאשור וממצרים ומפתר,11,26.0973347151,-0.1639075053,17355.0888250082,1.7296522724,1.5657447671,False,82.57
Isa.11.12,ונשא נס לגוים ואסף נדחי ישראל ונפצות יהודה יקבץ מארבע כנפות הארץ,11,11.1449015357,-0.7361762328,9217.4791687846,0.5014253887,-0.23475084410000002,False,55.46
Isa.11.13,וסרה קנאת אפרים וצררי יהודה יכרתו אפרים לא יקנא את יהודה ויהודה לא יצר את אפרים,11,26.9314670956,-0.7269769675,1522.0375294816,-0.9597882445,-1.686765212,False,11.23
Isa.11.14,ועפו בכתף פלשתים ימה יחדו יבזו את בני קדם אדום ומואב משלוח ידם ובני עמון משמעתם,11,282.5184877624,1.6010418135,1499.8400796646,-0.9357724595,0.665269354,False,67.7
Isa.11.15,והחרים יהוה את לשון ים מצרים והניף ידו על הנהר בעים רוחו והכהו לשבעה נחלים והדרי,11,180.7105451359,0.5641583333,6232.3337379972,0.2261014049,0.7902597382,False,69.4
Isa.11.16,והיתה מסלה לשאר עמו אשר ישאר מאשור כאשר היתה לישראל ביום עלתו מארץ מצרים,11,103.8823541207,-0.2131230772,3064.1739556584,-0.4097479915,-0.6228710687000001,False,49.11
Isa.12.1,ואמרת ביום ההוא אודך יהוה כי אנפת בי ישב אפך ותנחמני,12,42.7514571533,-0.4993201186,13672.0084710948,-0.2038121234,-0.7031322419999999,False,46.86
Isa.12.2,הנה אל ישועתי אבטח ולא אפחד כי עזי וזמרת יה יהוה ויהי לי לישועה,12,13.4806191129,-1.1075044619,565.5671504885,-0.6331333422,-1.7406378041,False,10.15
Isa.12.3,ושאבתם מים בששון ממעיני הישועה,12,27.2526690351,-0.5752402685,72247.3588072892,1.828307325,1.2530670565,False,76.3
Isa.12.4,ואמרתם ביום ההוא הודו ליהוה קראו בשמו הודיעו בעמים עלילתיו הזכירו כי נשגב שמו,12,51.3057479442,-0.6092913041,493.1189923989,-0.735716969,-1.3450082731,False,23.39
Isa.12.5,זמרו יהוה כי גאות עשה מידעת מודעת זאת בכל הארץ,12,227.1868182575,1.0239269938,29983.6456283235,0.3223107909,1.3462377847,False,78.39
Isa.12.6,צהלי ורני יושבת ציון כי גדול בקרבך קדוש ישראל,12,252.9625039399,0.9364480517,1995.4900197139,-0.3956672073,0.5407808444,False,66.46
Isa.13.1,משא בבל אשר חזה ישעיהו בן אמוץ,13,109.9892058857,-1.9033426377,25.5401077155,-0.589535208,-2.4928778457,False,0.31
Isa.13.2,על הר נשפה שאו נס הרימו קול להם הניפו יד ויבאו פתחי נדיבים,13,243.2036955265,0.3896362498,622.6343688098,-0.5010036175,-0.1113673677,False,56.78
Isa.13.3,אני צויתי למקדשי גם קראתי גבורי לאפי עליזי גאותי,13,283.2833570962,0.8171134867,223046.9098344255,1.9999613214,2.8170748081,False,91.32
Isa.13.4,קול המון בהרים דמות עם רב קול שאון ממלכות גוים נאספים יהוה צבאות מפקד צבא מלחמה,13,210.2515663015,-0.5932333068,209.2551361569,-0.5766351357,-1.1698684424999999,False,31.68
Isa.13.5,באים מארץ מרחק מקצה השמים יהוה וכלי זעמו לחבל כל הארץ,13,296.9564205296,1.2664900916,1624.3892453234,-0.5588954117,0.7075946798999999,False,68.4
Isa.13.6,הילילו כי קרוב יום יהוה כשד משדי יבוא,13,162.7447647437,-0.7090857936,26136.0860232117,-0.163629025,-0.8727148186,False,42.45
Isa.13.7,על כן כל ידים תרפינה וכל לבב אנוש ימס,13,151.019697952,-0.8914250239,142.8891378205,-0.7069122247,-1.5983372486,False,14.1
Isa.13.8,ונבהלו צירים וחבלים יאחזון כיולדה יחילון איש אל רעהו יתמהו פני להבים פניהם,13,178.6615068476,0.5945639444,150073.5159173828,1.9722007946,2.566764739,False,90.16
Isa.13.9,הנה יום יהוה בא אכזרי ועברה וחרון אף לשום הארץ לשמה וחטאיה ישמיד ממנה,13,198.3033210317,0.6771874107,20992.8747745725,-0.5887342772,0.08845313349999995,False,59.8
Isa.13.10,כי כוכבי השמים וכסיליהם לא יהלו אורם חשך השמש בצאתו וירח לא יגיה אורו,13,55.8346507106,-1.0715591694,8243.7320511407,-1.1491892048,-2.2207483742000003,False,1.39
Isa.13.11,ופקדתי על תבל רעה ועל רשעים עונם והשבתי גאון זדים וגאות עריצים אשפיל,13,216.5162321053,-0.0703362789,98623.3204549116,0.3421246913,0.2717884124,False,62.82
Isa.13.12,אוקיר אנוש מפז ואדם מכתם אופיר,13,585.4212182104,1.9221647506,220188.5573771489,1.8161687022,3.7383334528,False,96.9
Isa.13.13,על כן שמים ארגיז ותרעש הארץ ממקומה בעברת יהוה צבאות וביום חרון אפו,13,92.6212573904,-1.0423656639,4161.9453891992,-0.784531757,-1.8268974209,False,8.06
Isa.13.14,והיה כצבי מדח וכצאן ואין מקבץ איש אל עמו יפנו ואיש אל ארצו ינוסו,13,124.1564250624,-0.8248234138,15522.8661362059,-0.6012769381,-1.4261003519000002,False,19.91
Isa.13.15,כל הנמצא ידקר וכל הנספה יפול בחרב,13,429.0680225459,1.9429825568,8156.6735698374,-0.4973801629,1.4456023939000002,False,80.48
Isa.13.16,ועלליהם ירטשו לעיניהם ישסו בתיהם ונשיהם תשגלנה תשכבנה,13,181.7684304352,-0.0216649533,1089977.787330832,1.9996206172,1.9779556639,False,85.82
Isa.13.17,הנני מעיר עליהם את מדי אשר כסף לא יחשבו וזהב לא יחפצו בו,13,115.9878773018,-0.5673200908,304.0650710922,-0.5280410951,-1.0953611858999999,False,34.47
Isa.13.18,וקשתות נערים תרטשנה ופרי בטן לא ירחמו על בנים לא תחוס עינם,13,71.63983457,-1.6331375016,25757.9898438989,-0.4646243345,-2.0977618361,False,2.71
Isa.13.19,והיתה בבל צבי ממלכות תפארת גאון כשדים כמהפכת אלהים את סדם ואת עמרה,13,138.7183371859,0.8855285321,15515.0689081724,0.1373435497,1.0228720818,False,73.2
Isa.13.20,לא תשב לנצח ולא תשכן עד דור ודור ולא יהל שם ערבי ורעים לא ירבצו שם,13,150.0075941851,-0.1810327352,555.4381565991,-0.8899189651,-1.0709517003,False,35.17
Isa.13.21,ורבצו שם ציים ומלאו בתיהם אחים ושכנו שם בנות יענה ושעירים ירקדו שם,13,70.2467581738,-0.6803203817,27387.0905534099,-0.1145457392,-0.7948661209,False,44.85
Isa.13.22,וענה איים באלמנותיו ותנים בהיכלי ענג וקרוב לבוא עתה וימיה לא ימשכו,13,445.2670868692,1.9332860905,118325.0243142469,1.948480338,3.8817664284999998,True,98.37
Isa.14.1,כי ירחם יהוה את יעקב ובחר עוד בישראל והניחם על אדמתם ונלוה הגר עליהם ונספחו על ב,14,38.4886153207,-0.6875830249,418.2079808212,-0.7248978534,-1.4124808783,False,20.22
Isa.14.2,ולקחום עמים והביאום אל מקומם והתנחלום בית ישראל על אדמת יהוה לעבדים ולשפחות והיו,14,49.5086564226,-0.8662142175,13955.4691844967,-0.3073519578,-1.1735661753,False,31.29
Isa.14.3,והיה ביום הניח יהוה לך מעצבך ומרגזך ומן העבדה הקשה אשר עבד בך,14,115.0565005632,-0.5692125693,1740.2900427156,-0.9021257902,-1.4713383595,False,18.67
Isa.14.4,ונשאת המשל הזה על מלך בבל ואמרת איך שבת נגש שבתה מדהבה,14,618.0600829203,1.3633256868,5178.8452997256,-0.3109639476,1.0523617392000002,False,73.43
Isa.14.5,שבר יהוה מטה רשעים שבט משלים,14,407.1819664788,0.2080010065,11182.6794408963,1.8026461317,2.0106471382,False,85.9
Isa.14.6,מכה עמים בעברה מכת בלתי סרה רדה באף גוים מרדף בלי חשך,14,446.7536790144,-0.3111503645,1623.7881295441,-1.2572282367,-1.5683786012,False,14.64
Isa.14.7,נחה שקטה כל הארץ פצחו רנה,14,272.8388897494,-1.3548065915,4896.3850584267,-0.7026822401,-2.0574888316,False,3.25
Isa.14.8,גם ברושים שמחו לך ארזי לבנון מאז שכבת לא יעלה הכרת עלינו,14,747.715110796,1.2565324558,14361.81817285,1.7508069462,3.007339402,False,92.02
Isa.14.9,שאול מתחת רגזה לך לקראת בואך עורר לך רפאים כל עתודי ארץ הקים מכסאותם כל מלכי גוי,14,647.1345332737,0.3970071182,8201.5954665798,-0.4933541492,-0.09634703099999997,False,57.09
Isa.14.10,כלם יענו ויאמרו אליך גם אתה חלית כמונו אלינו נמשלת,14,59.8445081836,-1.2070584741,3201.3239545635,-0.5368542098,-1.7439126838999999,False,9.99
Isa.14.11,הורד שאול גאונך המית נבליך תחתיך יצע רמה ומכסיך תולעה,14,893.1133434352,1.5371941326,224935.7740699144,1.9990504786,3.5362446112,False,95.2
Isa.14.12,איך נפלת משמים הילל בן שחר נגדעת לארץ חולש על גוים,14,69.0885320809,-0.4828895031,204.4106151649,-0.5109987629,-0.993888266,False,38.03
Isa.14.13,ואתה אמרת בלבבך השמים אעלה ממעל לכוכבי אל ארים כסאי ואשב בהר מועד בירכתי צפון,14,33.4240650713,-0.5786431681,1362.0925523622,-0.5291645072,-1.1078076753000001,False,33.85
Isa.14.14,אעלה על במתי עב אדמה לעליון,14,92.3249418644,0.4784504633,2.002841491,-0.8880693737,-0.40961891040000004,False,52.9
Isa.14.15,אך אל שאול תורד אל ירכתי בור,14,45.1162390143,-0.582495247,14543.539510181,-0.2690122953,-0.8515075423,False,42.99
Isa.14.16,ראיך אליך ישגיחו אליך יתבוננו הזה האיש מרגיז הארץ מרעיש ממלכות,14,135.0232527536,-0.5035025689,11486.1783059723,-0.3515580139,-0.8550605828,False,42.84
Isa.14.17,שם תבל כמדבר ועריו הרס אסיריו לא פתח ביתה,14,995.4913049984,1.8051104923,91480.1273776116,1.6573962456,3.4625067379,False,94.81
Isa.14.18,כל מלכי גוים כלם שכבו בכבוד איש בביתו,14,292.4850022836,-0.3567709869,450.5461561762,-1.2935945687,-1.6503655555999999,False,12.39
Isa.14.19,ואתה השלכת מקברך כנצר נתעב לבוש הרגים מטעני חרב יורדי אל אבני בור כפגר מובס,14,471.0006823995,0.2091273902,56634.9541790354,0.1186186666,0.3277460568,False,63.44
Isa.14.20,לא תחד אתם בקבורה כי ארצך שחת עמך הרגת לא יקרא לעולם זרע מרעים,14,138.0503541255,-0.5228967604,57872.5485147837,0.8135132571,0.2906164967,False,63.05
Isa.14.21,הכינו לבניו מטבח בעון אבותם בל יקמו וירשו ארץ ומלאו פני תבל ערים,14,121.6687798038,-0.39546922,59305.7605056844,-0.0810841805,-0.4765534005,False,52.21
Isa.14.22,וקמתי עליהם נאם יהוה צבאות והכרתי לבבל שם ושאר ונין ונכד נאם יהוה,14,56.8881551902,-0.8620405622,2590.4643060182,-0.9809094075,-1.8429499697,False,7.51
Isa.14.23,ושמתיה למורש קפד ואגמי מים וטאטאתיה במטאטא השמד נאם יהוה צבאות,14,113.2900002221,-0.2277537667,137605.8115932843,1.7778276417,1.550073875,False,82.26
Isa.14.24,נשבע יהוה צבאות לאמר אם לא כאשר דמיתי כן היתה וכאשר יעצתי היא תקום,14,31.1274951332,-0.7687474966,695.9643233066,-0.6882900332,-1.4570375298,False,19.05
Isa.14.25,לשבר אשור בארצי ועל הרי אבוסנו וסר מעליהם עלו וסבלו מעל שכמו יסור,14,389.206254675,1.955297414,43905.7909308351,0.1318149819,2.0871123958999998,False,86.44
Isa.14.26,זאת העצה היעוצה על כל הארץ וזאת היד הנטויה על כל הגוים,14,69.7900871313,-0.772817086,709.3257839851,-0.5055865992,-1.2784036852,False,26.41
Isa.14.27,כי יהוה צבאות יעץ ומי יפר וידו הנטויה ומי ישיבנה,14,89.6884664961,-1.1464842589,1672.0859985764,-0.5064554352,-1.6529396941,False,12.32
Isa.14.28,בשנת מות המלך אחז היה המשא הזה,14,407.8628700191,0.9661219343,159.1066714626,-0.5142805862,0.4518413481000001,False,65.3
Isa.14.29,אל תשמחי פלשת כלך כי נשבר שבט מכך כי משרש נחש יצא צפע ופריו שרף מעופף,14,481.6903146635,0.5237077304,4732.5882762207,-0.5781139634,-0.054406233000000026,False,57.71
Isa.14.30,ורעו בכורי דלים ואביונים לבטח ירבצו והמתי ברעב שרשך ושאריתך יהרג,14,175.7475844159,-1.3060763737,291305.6715601108,1.9713209944,0.6652446207,False,67.62
Isa.14.31,הילילי שער זעקי עיר נמוג פלשת כלך כי מצפון עשן בא ואין בודד במועדיו,14,689.2516089688,1.6790810446,50660.7789891412,-0.1670170049,1.5120640397,False,81.87
Isa.14.32,ומה יענה מלאכי גוי כי יהוה יסד ציון ובה יחסו עניי עמו,14,276.6311293105,-0.6238303622,538.0612830416,-0.7651226693,-1.3889530314999998,False,21.38
Isa.15.1,משא מואב כי בליל שדד ער מואב נדמה כי בליל שדד קיר מואב נדמה,15,239.0518033297,-0.9478974452,47.7035471752,-1.0187180273,-1.9666154725,False,4.34
Isa.15.2,עלה הבית ודיבן הבמות לבכי על נבו ועל מידבא מואב ייליל בכל ראשיו קרחה כל זקן גרוע,15,1102.2794436465,1.9685143554,72946.9334569705,0.3012125124,2.2697268678,False,87.76
Isa.15.3,בחוצתיו חגרו שק על גגותיה וברחבתיה כלה ייליל ירד בבכי,15,409.5874964555,-0.1910602155,138587.141829549,1.5738894831,1.3828292676,False,79.24
Isa.15.4,ותזעק חשבון ואלעלה עד יהץ נשמע קולם על כן חלצי מואב יריעו נפשו ירעה לו,15,319.2857846489,-0.6463925218,73980.5400717059,0.1064191255,-0.5399733963,False,50.74
Isa.15.5,לבי למואב יזעק בריחה עד צער עגלת שלשיה כי מעלה הלוחית בבכי יעלה בו כי דרך חורנים,15,284.0423059937,-0.6975858841,60638.8134149243,0.0971478622,-0.6004380219,False,49.65
Isa.15.6,כי מי נמרים משמות יהיו כי יבש חציר כלה דשא ירק לא היה,15,452.4921488787,-0.2064415205,356.2046970877,-1.0894809757,-1.2959224962,False,25.64
Isa.15.7,על כן יתרה עשה ופקדתם על נחל הערבים ישאום,15,1367.7404047086,1.7683653984,4994.4338322397,-0.9262479257,0.8421174727,False,70.64
Isa.15.8,כי הקיפה הזעקה את גבול מואב עד אגלים יללתה ובאר אילים יללתה,15,271.6952449064,-1.0423013957,23198.4004554085,0.0466981178,-0.9956032779,False,37.96
Isa.15.9,כי מי דימון מלאו דם כי אשית על דימון נוספות לפליטת מואב אריה ולשארית אדמה,15,806.7410208205,0.4325807443,77146.2276530559,1.8729748859,2.3055556301999998,False,88.07
Isa.16.1,שלחו כר משל ארץ מסלע מדברה אל הר בת ציון,16,476.5754137447,0.3559467153,3578.5076800877,-1.1492223955,-0.7932756802,False,44.93
Isa.16.2,והיה כעוף נודד קן משלח תהיינה בנות מואב מעברת לארנון,16,177.1394194937,-1.2324384211,26864.2550903927,-0.4394585521,-1.6718969732,False,11.62
Isa.16.3,הביאו הביאי עצה עשו פלילה שיתי כליל צלך בתוך צהרים סתרי נדחים נדד אל תגלי,16,243.4714982976,-0.5703229256,106183.5522985638,1.955953125,1.3856301994,False,79.4
Isa.16.4,יגורו בך נדחי מואב הוי סתר למו מפני שודד כי אפס המץ כלה שד תמו רמס מן הארץ,16,714.020650584,1.8284469524,9056.1205559931,-0.7101110122,1.1183359402000002,False,74.21
Isa.16.5,והוכן בחסד כסא וישב עליו באמת באהל דוד שפט ודרש משפט ומהר צדק,16,194.9525313003,-1.1846821407,6891.7360196337,-0.6952223029,-1.8799044436,False,6.35
Isa.16.6,שמענו גאון מואב גא מאד גאותו וגאונו ועברתו לא כן בדיו,16,407.3489778834,-0.5520366744,26032.0683609364,-0.6366233566,-1.188660031,False,30.44
Isa.16.7,לכן ייליל מואב למואב כלה ייליל לאשישי קיר חרשת תהגו אך נכאים,16,596.1708269418,0.9786266768,381200.5790425189,1.8291321779,2.8077588547000003,False,91.25
Isa.16.8,כי שדמות חשבון אמלל גפן שבמה בעלי גוים הלמו שרוקיה עד יעזר נגעו תעו מדבר שלחותיה,16,642.804003988,1.3655232783,166772.7455576963,0.3149648531,1.6804881314,False,84.2
Isa.16.9,על כן אבכה בבכי יעזר גפן שבמה אריוך דמעתי חשבון ואלעלה כי על קיצך ועל קצירך הידד,16,316.0193939782,-1.0476509332,25383.0044112361,-0.6954363937,-1.7430873269,False,10.07
Isa.16.10,ונאסף שמחה וגיל מן הכרמל ובכרמים לא ירנן לא ירעע יין ביקבים לא ידרך הדרך הידד הש,16,379.3174925735,-0.1854694789,11929.2613169483,-0.5779439242,-0.7634134030999999,False,45.78
Isa.16.11,על כן מעי למואב ככנור יהמו וקרבי לקיר חרש,16,351.8845660684,0.5921143491,30792.2381384513,1.3546070391,1.9467213882,False,85.75
Isa.16.12,והיה כי נראה כי נלאה מואב על הבמה ובא אל מקדשו להתפלל ולא יוכל,16,320.2101958096,0.5109266657,423.9215217087,-0.8352860094,-0.32435934369999997,False,53.68
Isa.16.13,זה הדבר אשר דבר יהוה אל מואב מאז,16,115.9461830709,-0.5774719189,22.1912265229,-0.7329953632,-1.3104672821,False,24.63
Isa.16.14,ועתה דבר יהוה לאמר בשלש שנים כשני שכיר ונקלה כבוד מואב בכל ההמון הרב ושאר מעט מז,16,162.3203664057,-0.5327928709,6250.4503354165,-0.4580600162,-0.9908528871,False,38.42
Isa.17.1,משא דמשק הנה דמשק מוסר מעיר והיתה מעי מפלה,17,4114.5694031984,1.9990072326,4557.1073625169,-0.4945349487,1.5044722839,False,81.64
Isa.17.2,עזבות ערי ערער לעדרים תהיינה ורבצו ואין מחריד,17,258.9367650175,-0.4577221889,208631.656011502,1.944452899,1.4867307101,False,81.18
Isa.17.3,ונשבת מבצר מאפרים וממלכה מדמשק ושאר ארם ככבוד בני ישראל יהיו נאם יהוה צבאות,17,225.1722862035,-0.4883074572,5668.2833652399,-0.8293852036,-1.3176926608000001,False,24.48
Isa.17.4,והיה ביום ההוא ידל כבוד יעקב ומשמן בשרו ירזה,17,125.3132679496,-1.5905180329,53022.0892763487,-0.2112397809,-1.8017578137999999,False,8.37
Isa.17.5,והיה כאסף קציר קמה וזרעו שבלים יקצור והיה כמלקט שבלים בעמק רפאים,17,219.3987992914,0.2255883978,66313.0677364092,1.4540009482,1.679589346,False,84.12
Isa.17.6,ונשאר בו עוללת כנקף זית שנים שלשה גרגרים בראש אמיר ארבעה חמשה בסעפיה פריה נאם יה,17,334.1653636052,1.2976121688,9529.1334667322,-0.9178837644,0.3797284044,False,64.68
Isa.17.7,ביום ההוא ישעה האדם על עשהו ועיניו אל קדוש ישראל תראינה,17,98.8079231545,-1.6695438315,2681.5296842677,-0.7910622967,-2.4606061282,False,0.46
Isa.17.8,ולא ישעה אל המזבחות מעשה ידיו ואשר עשו אצבעתיו לא יראה והאשרים והחמנים,17,296.0963166195,0.887265522,28450.2473728982,0.6156644718,1.5029299938,False,81.49
Isa.17.9,ביום ההוא יהיו ערי מעזו כעזובת החרש והאמיר אשר עזבו מפני בני ישראל והיתה שממה,17,219.5017670661,0.5604665547,2147.8473043205,-0.9099808634,-0.3495143087,False,53.45
Isa.17.10,כי שכחת אלהי ישעך וצור מעזך לא זכרת על כן תטעי נטעי נעמנים וזמרת זר תזרענו,17,104.1128976219,-0.8350294401,46498.8984277137,-0.0438554427,-0.8788848828,False,42.14
Isa.17.11,ביום נטעך תשגשגי ובבקר זרעך תפריחי נד קציר ביום נחלה וכאב אנוש,17,171.3762263485,0.6168751729,107545.3492045989,1.7023116005,2.3191867734000002,False,88.23
Isa.17.12,הוי המון עמים רבים כהמות ימים יהמיון ושאון לאמים כשאון מים כבירים ישאון,17,68.5254872924,-0.7761914739,55504.1534216313,0.1479963865,-0.6281950874,False,48.95
Isa.17.13,לאמים כשאון מים רבים ישאון וגער בו ונס ממרחק ורדף כמץ הרים לפני רוח וכגלגל לפני ,17,131.5091565648,-0.4522913591,32881.3382982293,-0.229844433,-0.6821357921,False,47.41
Isa.17.14,לעת ערב והנה בלהה בטרם בקר איננו זה חלק שוסינו וגורל לבזזינו,17,551.9010634333,1.5810560508,11374.3723164036,-0.5589846853,1.0220713655,False,73.12
Isa.18.1,הוי ארץ צלצל כנפים אשר מעבר לנהרי כוש,18,127.6765585072,-0.7886730753,720.1218883707,-1.2972069223,-2.0858799976,False,3.02
Isa.18.2,השלח בים צירים ובכלי גמא על פני מים לכו מלאכים קלים אל גוי ממשך ומורט אל עם נורא,18,399.6570421942,0.6971178023,11200.0731464968,-0.2446434768,0.4524743255,False,65.38
Isa.18.3,כל ישבי תבל ושכני ארץ כנשא נס הרים תראו וכתקע שופר תשמעו,18,125.4504186758,-0.6540792688,15391.2963557202,-0.482247198,-1.1363264668,False,33.08
Isa.18.4,כי כה אמר יהוה אלי אשקוטה אשקטה ואביטה במכוני כחם צח עלי אור כעב טל בחם קציר,18,209.9251866243,-0.537001556,28124.4416097768,-0.4660640172,-1.0030655732,False,37.49
Isa.18.5,כי לפני קציר כתם פרח ובסר גמל יהיה נצה וכרת הזלזלים במזמרות ואת הנטישות הסיר התז,18,1583.9321987989,1.9941117166,256559.5140483204,1.9781573845,3.9722691011,True,99.54
Isa.18.6,יעזבו יחדו לעיט הרים ולבהמת הארץ וקץ עליו העיט וכל בהמת הארץ עליו תחרף,18,200.7514863236,-0.5353771465,46765.7587760559,-0.2172316157,-0.7526087622,False,45.93
Isa.18.7,בעת ההיא יובל שי ליהוה צבאות עם ממשך ומורט ומעם נורא מן הוא והלאה גוי קו קו ומבו,18,258.564768411,-0.3780091077,5226.2048795332,-0.580142064,-0.9581511717,False,39.74
Isa.19.1,משא מצרים הנה יהוה רכב על עב קל ובא מצרים ונעו אלילי מצרים מפניו ולבב מצרים ימס ,19,211.7492827913,0.578077432,1313.6294720619,-0.734111008,-0.156033576,False,56.39
Isa.19.2,וסכסכתי מצרים במצרים ונלחמו איש באחיו ואיש ברעהו עיר בעיר ממלכה בממלכה,19,95.2882228521,-1.3290541737,2162.6036181066,-0.6507692897,-1.9798234633999998,False,4.03
Isa.19.3,ונבקה רוח מצרים בקרבו ועצתו אבלע ודרשו אל האלילים ואל האטים ואל האבות ואל הידעני,19,113.7806509018,-1.0396888745,13641.9905868282,0.0483712611,-0.9913176133999999,False,38.34
Isa.19.4,וסכרתי את מצרים ביד אדנים קשה ומלך עז ימשל בם נאם האדון יהוה צבאות,19,230.9229978798,-0.3534827057,3035.2627773009,-0.6351469527,-0.9886296584,False,38.65
Isa.19.5,ונשתו מים מהים ונהר יחרב ויבש,19,207.214214116,-0.439085547,44123.3628612516,-0.1756295075,-0.6147150545,False,49.34
Isa.19.6,והאזניחו נהרות דללו וחרבו יארי מצור קנה וסוף קמלו,19,1358.2612221135,1.9813912721,235434.0382312799,1.6566054647,3.6379967368,False,95.97
Isa.19.7,ערות על יאור על פי יאור וכל מזרע יאור ייבש נדף ואיננו,19,164.9787769571,-0.8286885163,2643.51426337,-1.275531296,-2.1042198123,False,2.56
Isa.19.8,ואנו הדיגים ואבלו כל משליכי ביאור חכה ופרשי מכמרת על פני מים אמללו,19,350.2752762445,-0.8045207457,141712.5003883405,-0.3397031468,-1.1442238925,False,32.61
Isa.19.9,ובשו עבדי פשתים שריקות וארגים חורי,19,556.3307393049,0.0160838812,295736.6533776892,1.4621363967,1.4782202779,False,81.1
Isa.19.10,והיו שתתיה מדכאים כל עשי שכר אגמי נפש,19,1323.412898165,1.8854551473,202549.93643815,0.6424589948,2.5279141421,False,89.78
Isa.19.11,אך אולים שרי צען חכמי יעצי פרעה עצה נבערה איך תאמרו אל פרעה בן חכמים אני בן מלכי,19,353.9943013506,-0.5283840604,6110.3760620983,-1.0308855666,-1.559269627,False,15.18
Isa.19.12,אים אפוא חכמיך ויגידו נא לך וידעו מה יעץ יהוה צבאות על מצרים,19,118.8701624986,-0.9264248272,214.7469054179,-1.1474831195,-2.0739079467,False,3.18
Isa.19.13,נואלו שרי צען נשאו שרי נף התעו את מצרים פנת שבטיה,19,490.1047671555,0.8390478641,113598.6128519646,1.2123391454,2.0513870095,False,86.29
Isa.19.14,יהוה מסך בקרבה רוח עועים והתעו את מצרים בכל מעשהו כהתעות שכור בקיאו,19,269.9202139496,-0.2380955666,114866.5586423778,1.2358805074,0.9977849408000001,False,72.66
Isa.19.15,ולא יהיה למצרים מעשה אשר יעשה ראש וזנב כפה ואגמון,19,559.5530969251,1.3472168676,3387.9829695933,-0.7787009863,0.5685158813000001,False,66.62
Isa.19.16,ביום ההוא יהיה מצרים כנשים וחרד ופחד מפני תנופת יד יהוה צבאות אשר הוא מניף עליו,19,128.0135522286,-0.5796839043,72.4467164197,-0.5230562564,-1.1027401607,False,34.08
Isa.19.17,והיתה אדמת יהודה למצרים לחגא כל אשר יזכיר אתה אליו יפחד מפני עצת יהוה צבאות אשר ,19,109.5981241661,-0.4540110506,461.887720213,-0.3625341377,-0.8165451883,False,44.07
Isa.19.18,ביום ההוא יהיו חמש ערים בארץ מצרים מדברות שפת כנען ונשבעות ליהוה צבאות עיר ההרס ,19,85.0974940775,-1.0953457104,595.1884716844,1.4255944234,0.330248713,False,63.52
Isa.19.19,ביום ההוא יהיה מזבח ליהוה בתוך ארץ מצרים ומצבה אצל גבולה ליהוה,19,83.332345952,-0.4262258179,64.2100372699,-1.3293922305,-1.7556180484000001,False,9.84
Isa.19.20,והיה לאות ולעד ליהוה צבאות בארץ מצרים כי יצעקו אל יהוה מפני לחצים וישלח להם מושי,19,132.0388527258,1.2872031658,284.0569035165,-0.4963618817,0.7908412841000001,False,69.48
Isa.19.21,ונודע יהוה למצרים וידעו מצרים את יהוה ביום ההוא ועבדו זבח ומנחה ונדרו נדר ליהוה ,19,59.4575880355,-0.8218293242,182.2305495218,-0.6722911202,-1.4941204444,False,17.82
Isa.19.22,ונגף יהוה את מצרים נגף ורפוא ושבו עד יהוה ונעתר להם ורפאם,19,124.5755735319,-0.4608617244,4934.9635269039,1.9111571667,1.4502954423,False,80.79
Isa.19.23,ביום ההוא תהיה מסלה ממצרים אשורה ובא אשור במצרים ומצרים באשור ועבדו מצרים את אשו,19,394.6411216023,1.8520521538,1656.952407564,0.0538165908,1.9058687446,False,85.59
Isa.19.24,ביום ההוא יהיה ישראל שלישיה למצרים ולאשור ברכה בקרב הארץ,19,176.8142682469,0.0794247172,726.6791913446,-0.7388999644,-0.6594752472000001,False,48.1
Isa.19.25,אשר ברכו יהוה צבאות לאמר ברוך עמי מצרים ומעשה ידי אשור ונחלתי ישראל,19,42.2729457358,-0.8304208791,309.3015364088,-0.599432038,-1.4298529170999998,False,19.75
Isa.20.1,בשנת בא תרתן אשדודה בשלח אתו סרגון מלך אשור וילחם באשדוד וילכדה,20,97.4177178696,0.3060869609,11778.7239510733,1.9980839382,2.3041708991,False,87.99
Isa.20.2,בעת ההיא דבר יהוה ביד ישעיהו בן אמוץ לאמר לך ופתחת השק מעל מתניך ונעלך תחלץ מעל ,20,44.7740543665,-0.7685605637,360.1382201639,-0.5114342483,-1.279994812,False,26.1
Isa.20.3,ויאמר יהוה כאשר הלך עבדי ישעיהו ערום ויחף שלש שנים אות ומופת על מצרים ועל כוש,20,46.4131611754,-0.5732805182,107.8295547158,-0.5195804917,-1.0928610099,False,34.62
Isa.20.4,כן ינהג מלך אשור את שבי מצרים ואת גלות כוש נערים וזקנים ערום ויחף וחשופי שת ערות,20,132.7410287525,-0.4700451586,886.0245413327,-0.4970405977,-0.9670857562999999,False,39.43
Isa.20.5,וחתו ובשו מכוש מבטם ומן מצרים תפארתם,20,1214.1609583634,1.617936985,404717.7771160229,1.9825021686,3.6004391536,False,95.66
Isa.20.6,ואמר ישב האי הזה ביום ההוא הנה כה מבטנו אשר נסנו שם לעזרה להנצל מפני מלך אשור וא,20,269.0175530378,-0.9794233075,276.0950084844,-0.6190570276,-1.5984803351,False,14.02
Isa.21.1,משא מדבר ים כסופות בנגב לחלף ממדבר בא מארץ נוראה,21,800.9642288805,0.3333936186,54170.5158830153,-0.2905423279,0.04285129069999999,False,59.18
Isa.21.2,חזות קשה הגד לי הבוגד בוגד והשודד שודד עלי עילם צורי מדי כל אנחתה השבתי,21,913.9877887646,1.3720392155,22253.3396013938,-0.1123343187,1.2597048968,False,76.68
Isa.21.3,על כן מלאו מתני חלחלה צירים אחזוני כצירי יולדה נעויתי משמע נבהלתי מראות,21,129.1619209267,-1.2274183001,13070.6461314243,-1.1857352023,-2.4131535024,False,0.54
Isa.21.4,תעה לבבי פלצות בעתתני את נשף חשקי שם לי לחרדה,21,139.8850719466,-0.7942872868,31713.7282314579,0.1493457074,-0.6449415794000001,False,48.57
Isa.21.5,ערך השלחן צפה הצפית אכול שתה קומו השרים משחו מגן,21,763.2419995952,1.6132824864,72032.4300045159,1.8113778785,3.4246603649000003,False,94.58
Isa.21.6,כי כה אמר אלי אדני לך העמד המצפה אשר יראה יגיד,21,135.492008225,-0.8861353488,1477.9921416253,-0.7028091649,-1.5889445137,False,14.25
Isa.21.7,וראה רכב צמד פרשים רכב חמור רכב גמל והקשיב קשב רב קשב,21,534.6495270292,0.66853728,160.8334820773,-0.5362170297,0.13232025030000005,False,60.57
Isa.21.8,ויקרא אריה על מצפה אדני אנכי עמד תמיד יומם ועל משמרתי אנכי נצב כל הלילות,21,213.4560543099,-0.2292971861,718.5819832943,-0.5509676224,-0.7802648084999999,False,45.31
Isa.21.9,והנה זה בא רכב איש צמד פרשים ויען ויאמר נפלה נפלה בבל וכל פסילי אלהיה שבר לארץ,21,237.3476191681,-0.4475511205,2412.5426836141,1.8088489275,1.361297807,False,78.85
Isa.21.10,מדשתי ובן גרני אשר שמעתי מאת יהוה צבאות אלהי ישראל הגדתי לכם,21,118.5965917586,-1.404925614,926.5839458253,-0.5766869945,-1.9816126084999999,False,3.95
Isa.21.11,משא דומה אלי קרא משעיר שמר מה מלילה שמר מה מליל,21,420.1341536766,0.0057344407,1107.1727435585,-0.5297381248,-0.5240036841000001,False,51.28
Isa.21.12,אמר שמר אתה בקר וגם לילה אם תבעיון בעיו שבו אתיו,21,316.0207501893,-0.4967790147,12443.1787692626,-0.5688298279,-1.0656088426,False,35.48
Isa.21.13,משא בערב ביער בערב תלינו ארחות דדנים,21,999.7702868042,1.8283453151,262163.7597319677,1.9340321242,3.7623774393,False,97.06
Isa.21.14,לקראת צמא התיו מים ישבי ארץ תימא בלחמו קדמו נדד,21,454.2111697582,-0.0789101691,69290.2991288025,0.0034787515,-0.0754314176,False,57.32
Isa.21.15,כי מפני חרבות נדדו מפני חרב נטושה ומפני קשת דרוכה ומפני כבד מלחמה,21,111.2348990179,-1.1614752669,162.4749752497,-0.6710555378,-1.8325308047,False,7.9
Isa.21.16,כי כה אמר אדני אלי בעוד שנה כשני שכיר וכלה כל כבוד קדר,21,506.1079047279,1.3148455986,653.7855796385,-0.5426234274,0.7722221712,False,69.25
Isa.21.17,ושאר מספר קשת גבורי בני קדר ימעטו כי יהוה אלהי ישראל דבר,21,247.096624707,-0.2146195939,6248.6081460712,1.6604056867,1.4457860928000001,False,80.64
Isa.22.1,משא גיא חזיון מה לך אפוא כי עלית כלך לגגות,22,103.2118917651,-1.6293186378,356.8459147087,-0.9063930019,-2.5357116397,False,0.23
Isa.22.2,תשאות מלאה עיר הומיה קריה עליזה חלליך לא חללי חרב ולא מתי מלחמה,22,447.3296536769,1.1858518822,3832.8836919311,-0.466898031,0.7189538512,False,68.63
Isa.22.3,כל קציניך נדדו יחד מקשת אסרו כל נמצאיך אסרו יחדו מרחוק ברחו,22,428.5656255731,1.0834474232,15091.6370030466,1.1197095384,2.2031569616,False,87.3
Isa.22.4,על כן אמרתי שעו מני אמרר בבכי אל תאיצו לנחמני על שד בת עמי,22,250.7738135442,-0.5242466578,5073.3124996594,-0.5094747248,-1.0337213826,False,36.56
Isa.22.5,כי יום מהומה ומבוסה ומבוכה לאדני יהוה צבאות בגיא חזיון מקרקר קר ושוע אל ההר,22,161.5640744326,-0.6381017419,15924.360409369,-0.5491374162,-1.1872391581000001,False,30.67
Isa.22.6,ועילם נשא אשפה ברכב אדם פרשים וקיר ערה מגן,22,7564.027152478,1.9737879456,1301594.499370259,1.9912008399,3.9649887855,True,99.3
Isa.22.7,ויהי מבחר עמקיך מלאו רכב והפרשים שת שתו השערה,22,1446.1407950728,-0.2031238824,131323.3415114507,-0.3158659553,-0.5189898377,False,51.59
Isa.22.8,ויגל את מסך יהודה ותבט ביום ההוא אל נשק בית היער,22,646.297286641,-0.5026239243,6142.7971682212,-0.5586508413,-1.0612747656,False,36.02
Isa.22.9,ואת בקיעי עיר דוד ראיתם כי רבו ותקבצו את מי הברכה התחתונה,22,266.5774309728,-0.6644000842,2795.2276593071,-0.5784512369,-1.2428513210999999,False,28.2
Isa.22.10,ואת בתי ירושלם ספרתם ותתצו הבתים לבצר החומה,22,319.5217028735,0.1488736323,8193.1748964568,0.7962180952,0.9450917274999999,False,71.8
Isa.22.11,ומקוה עשיתם בין החמתים למי הברכה הישנה ולא הבטתם אל עשיה ויצרה מרחוק לא ראיתם,22,191.9124100208,0.1707542153,9815.631903612,1.3935650253,1.5643192406000002,False,82.49
Isa.22.12,ויקרא אדני יהוה צבאות ביום ההוא לבכי ולמספד ולקרחה ולחגר שק,22,20.5332518257,-0.8569309443,1468.0446828799,-0.6455804678,-1.5025114121,False,17.51
Isa.22.13,והנה ששון ושמחה הרג בקר ושחט צאן אכל בשר ושתות יין אכול ושתו כי מחר נמות,22,62.9771648334,-0.0811757929,69.5757709231,-0.670452014,-0.7516278069,False,46.01
Isa.22.14,ונגלה באזני יהוה צבאות אם יכפר העון הזה לכם עד תמתון אמר אדני יהוה צבאות,22,13.0559305318,-0.8831533819,921.3127653458,0.5841754222,-0.2989779597000001,False,54.22
Isa.22.15,כה אמר אדני יהוה צבאות לך בא אל הסכן הזה על שבנא אשר על הבית,22,52.6402454285,-0.6486765198,385.5815813939,-0.5061710356,-1.1548475554,False,32.22
Isa.22.16,מה לך פה ומי לך פה כי חצבת לך פה קבר חצבי מרום קברו חקקי בסלע משכן לו,22,177.9091423165,0.9819392471,283.7199691598,-0.8590147579,0.12292448919999999,False,60.42
Isa.22.17,הנה יהוה מטלטלך טלטלה גבר ועטך עטה,22,177.6816790607,0.0485707298,10315.9300650431,-0.4938952589,-0.44532452910000003,False,52.44
Isa.22.18,צנוף יצנפך צנפה כדור אל ארץ רחבת ידים שמה תמות ושמה מרכבות כבודך קלון בית אדניך,22,137.8757583393,-0.7834790365,11943.0378491115,-0.4946307451,-1.2781097816,False,26.57
Isa.22.19,והדפתיך ממצבך וממעמדך יהרסך,22,321.2054335333,1.8454421543,1886074.618163095,1.9979484768,3.8433906311,False,97.83
Isa.22.20,והיה ביום ההוא וקראתי לעבדי לאליקים בן חלקיהו,22,139.2516370226,-0.403163349,9116.0603698478,-0.5269978285,-0.9301611775,False,40.28
Isa.22.21,והלבשתיו כתנתך ואבנטך אחזקנו וממשלתך אתן בידו והיה לאב ליושב ירושלם ולבית יהודה,22,79.5551157875,-1.233168128,97219.3289486244,-0.4050579175,-1.6382260455,False,12.78
Isa.22.22,ונתתי מפתח בית דוד על שכמו ופתח ואין סגר וסגר ואין פתח,22,182.5224063603,-0.3681115256,130.1041643139,-0.5804383894,-0.9485499150000001,False,39.81
Isa.22.23,ותקעתיו יתד במקום נאמן והיה לכסא כבוד לבית אביו,22,392.8827491064,1.3621829934,1444.0547578326,-0.5071324055,0.8550505879,False,70.8
Isa.22.24,ותלו עליו כל כבוד בית אביו הצאצאים והצפעות כל כלי הקטן מכלי האגנות ועד כל כלי הנ,22,338.1840515949,-0.045302431,2225.6057642783,-0.3450917964,-0.39039422739999996,False,53.06
Isa.22.25,ביום ההוא נאם יהוה צבאות תמוש היתד התקועה במקום נאמן ונגדעה ונפלה ונכרת המשא אשר,22,66.3748501575,-1.3608821609,3091.4155371021,-0.5609419201,-1.921824081,False,5.11
Isa.23.1,משא צר הילילו אניות תרשיש כי שדד מבית מבוא מארץ כתים נגלה למו,23,764.7998038192,0.8272359786,10569.8565836913,-0.2297237767,0.5975122019,False,67.08
Isa.23.2,דמו ישבי אי סחר צידון עבר ים מלאוך,23,983.7677539655,1.4882395307,48358.3998549796,1.9774697526,3.4657092833,False,94.89
Isa.23.3,ובמים רבים זרע שחר קציר יאור תבואתה ותהי סחר גוים,23,278.7876131443,-1.0224103221,8367.333313559,-0.8409173056,-1.8633276277,False,6.66
Isa.23.4,בושי צידון כי אמר ים מעוז הים לאמר לא חלתי ולא ילדתי ולא גדלתי בחורים רוממתי בתו,23,209.1046719858,-0.8514492221,8435.0802689294,-0.5527397612,-1.4041889833,False,20.76
Isa.23.5,כאשר שמע למצרים יחילו כשמע צר,23,1339.5703893839,1.6208458019,58883.7821086219,-0.421494393,1.1993514089000001,False,75.52
Isa.23.6,עברו תרשישה הילילו ישבי אי,23,223.5574539312,-0.8370309676,1088168.9829031676,1.9983081072,1.1612771396000001,False,74.83
Isa.23.7,הזאת לכם עליזה מימי קדם קדמתה יבלוה רגליה מרחוק לגור,23,928.5585363967,0.5396868907,27066.5036290768,-0.5021084792,0.037578411499999964,False,59.02
Isa.23.8,מי יעץ זאת על צר המעטירה אשר סחריה שרים כנעניה נכבדי ארץ,23,316.3548566857,-1.0272786318,14172.6313235474,-0.5169898916,-1.5442685234,False,15.65
Isa.23.9,יהוה צבאות יעצה לחלל גאון כל צבי להקל כל נכבדי ארץ,23,731.2672694341,0.2642077101,12377.3137776417,-1.2398572824,-0.9756495723,False,38.96
Isa.23.10,עברי ארצך כיאר בת תרשיש אין מזח עוד,23,864.0565037463,1.3505430952,32208.3462386298,1.6537392367,3.0042823319,False,91.94
Isa.23.11,ידו נטה על הים הרגיז ממלכות יהוה צוה אל כנען לשמד מעזניה,23,516.7045972331,-0.2725982938,22780.1270944724,-0.4274458044,-0.7000440982,False,47.1
Isa.23.12,ויאמר לא תוסיפי עוד לעלוז המעשקה בתולת בת צידון כתיים כתים קומי עברי גם שם לא ינ,23,175.9239104742,-1.2789288744,21180.9204120808,-0.8789489287,-2.1578778031,False,1.94
Isa.23.13,הן ארץ כשדים זה העם לא היה אשור יסדה לציים הקימו בחיניו בחוניו עררו ארמנותיה שמה,23,613.4561998074,1.4170450953,61955.0008983743,1.7169701177,3.134015213,False,92.41
Isa.23.14,הילילו אניות תרשיש כי שדד מעזכן,23,276.3068258709,-0.173590894,32302.2546641864,0.2848172365,0.11122634250000002,False,60.19
Isa.23.15,והיה ביום ההוא ונשכחת צר שבעים שנה כימי מלך אחד מקץ שבעים שנה יהיה לצר כשירת הזו,23,119.0037796491,-0.8548872662,1018.1323773634,-0.9311164104,-1.7860036766,False,8.75
Isa.23.16,קחי כנור סבי עיר זונה נשכחה היטיבי נגן הרבי שיר למען תזכרי,23,346.6506925207,1.4945594256,16022.2961830791,0.3677832843,1.8623427099,False,85.28
Isa.23.17,והיה מקץ שבעים שנה יפקד יהוה את צר ושבה לאתננה וזנתה את כל ממלכות הארץ על פני הא,23,66.4284235578,-0.7548248998,644.5988773755,-0.5442176359,-1.2990425357,False,25.41
Isa.23.18,והיה סחרה ואתננה קדש ליהוה לא יאצר ולא יחסן כי לישבים לפני יהוה יהיה סחרה לאכל ל,23,74.3494931253,-0.8068731587,8529.4698590367,-0.7574553829,-1.5643285416000001,False,14.87
Isa.24.1,הנה יהוה בוקק הארץ ובולקה ועוה פניה והפיץ ישביה,24,853.5636937737,1.9732152073,336938.1749044367,1.718213988,3.6914291953,False,96.36
Isa.24.2,והיה כעם ככהן כעבד כאדניו כשפחה כגברתה כקונה כמוכר כמלוה כלוה כנשה כאשר נשא בו,24,204.0363858284,-0.61281452,182481.8744015132,0.5552871777,-0.057527342300000006,False,57.55
Isa.24.3,הבוק תבוק הארץ והבוז תבוז כי יהוה דבר את הדבר הזה,24,105.5257100477,-1.1789500874,9954.0442835304,-0.7401285871,-1.9190786745000001,False,5.34
Isa.24.4,אבלה נבלה הארץ אמללה נבלה תבל אמללו מרום עם הארץ,24,981.9296747351,1.8634768176,6780.0615682351,-0.5175033062,1.3459735114,False,78.31
Isa.24.5,והארץ חנפה תחת ישביה כי עברו תורת חלפו חק הפרו ברית עולם,24,431.3829012001,-0.2641742459,5478.3627024976,-0.5183013635,-0.7824756094,False,45.24
Isa.24.6,על כן אלה אכלה ארץ ויאשמו ישבי בה על כן חרו ישבי ארץ ונשאר אנוש מזער,24,98.2710008682,-1.2315556863,9838.4540406977,-0.4712696631,-1.7028253493999999,False,11.0
Isa.24.7,אבל תירוש אמללה גפן נאנחו כל שמחי לב,24,1102.4665759052,1.7456560935,353441.1960142446,1.9992150823,3.7448711758,False,96.98
Isa.24.8,שבת משוש תפים חדל שאון עליזים שבת משוש כנור,24,294.2630194539,-0.8390234029,1329.6113435479,-0.6537437326,-1.4927671354999998,False,17.89
Isa.24.9,בשיר לא ישתו יין ימר שכר לשתיו,24,606.6773683276,-0.3638230221,12764.4290329985,-0.5567681043,-0.9205911264,False,40.67
Isa.24.10,נשברה קרית תהו סגר כל בית מבוא,24,1002.8795619871,0.3646776829,68133.2358294308,0.5817598602,0.9464375431000001,False,71.88
Isa.24.11,צוחה על היין בחוצות ערבה כל שמחה גלה משוש הארץ,24,568.6768027315,-1.1112721708,3913.2015711985,-0.9102445836,-2.0215167544,False,3.87
Isa.24.12,נשאר בעיר שמה ושאיה יכת שער,24,1670.6061935264,1.2353584143,119908.2073220027,1.722500828,2.9578592423,False,91.79
Isa.24.13,כי כה יהיה בקרב הארץ בתוך העמים כנקף זית כעוללת אם כלה בציר,24,1509.194956074,1.0659717373,15634.4147442773,-0.3547927096,0.7111790277,False,68.47
Isa.24.14,המה ישאו קולם ירנו בגאון יהוה צהלו מים,24,226.9981838075,-0.7112909533,17858.8765958063,-0.2851844486,-0.9964754019,False,37.8
Isa.24.15,על כן בארים כבדו יהוה באיי הים שם יהוה אלהי ישראל,24,171.188131819,-0.7572171567,175.7564868032,-1.1274476257,-1.8846647823999998,False,6.04
Isa.24.16,מכנף הארץ זמרת שמענו צבי לצדיק ואמר רזי לי רזי לי אוי לי בגדים בגדו ובגד בוגדים ,24,68.892037648,-0.6954727677,165.2200255368,-0.9452941209,-1.6407668886,False,12.63
Isa.24.17,פחד ופחת ופח עליך יושב הארץ,24,1035.8428816883,1.9692419102,28153.3360728987,1.8616505459,3.8308924561,False,97.75
Isa.24.18,והיה הנס מקול הפחד יפל אל הפחת והעולה מתוך הפחת ילכד בפח כי ארבות ממרום נפתחו וי,24,99.8769151687,-0.5906853087,6162.607556486,-0.7293660958,-1.3200514045,False,24.24
Isa.24.19,רעה התרעעה הארץ פור התפוררה ארץ מוט התמוטטה ארץ,24,251.6625358181,-0.1445668976,10094.191989434,-0.4475075439,-0.5920744415,False,49.81
Isa.24.20,נוע תנוע ארץ כשכור והתנודדה כמלונה וכבד עליה פשעה ונפלה ולא תסיף קום,24,122.3052519812,-0.2374596769,36377.5978501229,1.9317151321,1.6942554552,False,84.28
Isa.24.21,והיה ביום ההוא יפקד יהוה על צבא המרום במרום ועל מלכי האדמה על האדמה,24,18.0700845549,-1.3665051204,350.5442739944,-0.8556720587,-2.2221771791,False,1.24
Isa.24.22,ואספו אספה אסיר על בור וסגרו על מסגר ומרב ימים יפקדו,24,219.7928283488,1.749783884,7993.9447209547,-0.1100462923,1.6397375916999999,False,83.35
Isa.24.23,וחפרה הלבנה ובושה החמה כי מלך יהוה צבאות בהר ציון ובירושלם ונגד זקניו כבוד,24,75.3932438303,-0.5135385247,2399.480695313,-0.4781094001,-0.9916479248000001,False,38.26
Isa.25.1,יהוה אלהי אתה ארוממך אודה שמך כי עשית פלא עצות מרחוק אמונה אמן,25,54.1506657263,-0.5589234657,399.0876926021,-1.3084716379,-1.8673951036,False,6.58
Isa.25.2,כי שמת מעיר לגל קריה בצורה למפלה ארמון זרים מעיר לעולם לא יבנה,25,2935.2435430216,1.9962030749,11605.4510790304,1.7157971709,3.7120002457999997,False,96.82
Isa.25.3,על כן יכבדוך עם עז קרית גוים עריצים ייראוך,25,135.8390718739,-0.6520522797,5617.5582682277,-0.4971660292,-1.1492183089,False,32.53
Isa.25.4,כי היית מעוז לדל מעוז לאביון בצר לו מחסה מזרם צל מחרב כי רוח עריצים כזרם קיר,25,253.3234207113,-0.619605353,5430.6044838778,-0.5072501484,-1.1268555014000001,False,33.54
Isa.25.5,כחרב בציון שאון זרים תכניע חרב בצל עב זמיר עריצים יענה,25,826.4916288845,1.8705667916,46204.1564743273,1.9830449343,3.8536117259,False,98.06
Isa.25.6,ועשה יהוה צבאות לכל העמים בהר הזה משתה שמנים משתה שמרים שמנים ממחים שמרים מזקקים,25,350.6201840322,0.1570601186,328.4956027974,-0.5675871259,-0.4105270073,False,52.83
Isa.25.7,ובלע בהר הזה פני הלוט הלוט על כל העמים והמסכה הנסוכה על כל הגוים,25,78.6017676154,-0.5735063911,601.1211296446,-0.5101030181,-1.0836094092000002,False,34.93
Isa.25.8,בלע המות לנצח ומחה אדני יהוה דמעה מעל כל פנים וחרפת עמו יסיר מעל כל הארץ כי יהוה,25,19.3026936901,-0.6601391801,28.1778110157,-0.5338605642,-1.1939997443,False,30.13
Isa.25.9,ואמר ביום ההוא הנה אלהינו זה קוינו לו ויושיענו זה יהוה קוינו לו נגילה ונשמחה ביש,25,9.1089427342,-0.698433205,2212.7968841478,-0.6912367385,-1.3896699435,False,21.3
Isa.25.10,כי תנוח יד יהוה בהר הזה ונדוש מואב תחתיו כהדוש מתבן במי במו מדמנה,25,1452.419853734,0.9277759027,56732.6688189126,1.1821243928,2.1099002955,False,86.6
Isa.25.11,ופרש ידיו בקרבו כאשר יפרש השחה לשחות והשפיל גאותו עם ארבות ידיו,25,404.1743375532,-0.5260949735,28552.1961181958,-0.0030051968,-0.5291001703,False,50.97
Isa.25.12,ומבצר משגב חומתיך השח השפיל הגיע לארץ עד עפר,25,1846.0314245316,1.4960727948,53374.6467041873,1.0441108201,2.5401836149,False,90.01
Isa.26.1,ביום ההוא יושר השיר הזה בארץ יהודה עיר עז לנו ישועה ישית חומות וחל,26,219.7344594995,-0.9699179059,2244.0073625129,-0.9425170274,-1.9124349333000001,False,5.42
Isa.26.2,פתחו שערים ויבא גוי צדיק שמר אמנים,26,469.718894276,-0.5573503942,590.308878182,-0.6999094686,-1.2572598628,False,27.65
Isa.26.3,יצר סמוך תצר שלום שלום כי בך בטוח,26,2308.4010530727,1.9751604566,17889.5240317792,1.1956580293,3.1708184859,False,92.64
Isa.26.4,בטחו ביהוה עדי עד כי ביה יהוה צור עולמים,26,59.1288844417,-0.9843107195,108.8349465575,-1.1529471691,-2.1372578885999998,False,2.25
Isa.26.5,כי השח ישבי מרום קריה נשגבה ישפילנה ישפילה עד ארץ יגיענה עד עפר,26,213.9160011123,-0.8603858832,18303.4511680539,0.1997566076,-0.6606292756,False,48.02
Isa.26.6,תרמסנה רגל רגלי עני פעמי דלים,26,2525.7296221771,1.9661601676,30135.9185260503,0.0711102583,2.0372704259,False,86.21
Isa.26.7,ארח לצדיק מישרים ישר מעגל צדיק תפלס,26,542.5844835878,-0.1637158723,15491.8014253287,-0.650900779,-0.8146166512999999,False,44.15
Isa.26.8,אף ארח משפטיך יהוה קוינוך לשמך ולזכרך תאות נפש,26,89.4655440998,-0.677067659,77284.3876470186,1.9414351176,1.2643674586,False,76.92
Isa.26.9,נפשי אויתיך בלילה אף רוחי בקרבי אשחרך כי כאשר משפטיך לארץ צדק למדו ישבי תבל,26,102.4629086169,-1.074147816,13809.9137651327,-0.8563378575,-1.9304856735,False,4.88
Isa.26.10,יחן רשע בל למד צדק בארץ נכחות יעול ובל יראה גאות יהוה,26,305.5062025432,0.7250450204,17594.1194918909,-0.5476351027,0.17740991769999992,False,61.35
Isa.26.11,יהוה רמה ידך בל יחזיון יחזו ויבשו קנאת עם אף אש צריך תאכלם,26,429.2591573737,1.630432604,55422.8300558838,1.9159227502,3.5463553542,False,95.27
Isa.26.12,יהוה תשפת שלום לנו כי גם כל מעשינו פעלת לנו,26,100.8880299673,-0.9221019985,1749.8629657249,-0.8623944387,-1.7844964372,False,8.91
Isa.26.13,יהוה אלהינו בעלונו אדנים זולתך לבד בך נזכיר שמך,26,108.0452319136,-0.5923271878,7346.0510288481,-0.6869544553,-1.2792816431,False,26.18
Isa.26.14,מתים בל יחיו רפאים בל יקמו לכן פקדת ותשמידם ותאבד כל זכר למו,26,152.5172869195,-0.2922883635,9555.5450150095,-0.6029857436,-0.8952741071,False,41.21
Isa.26.15,יספת לגוי יהוה יספת לגוי נכבדת רחקת כל קצוי ארץ,26,119.3706356605,-0.4805509955,132082.7227878375,1.9086834866,1.4281324911,False,80.33
Isa.26.16,יהוה בצר פקדוך צקון לחש מוסרך למו,26,512.6080355489,1.2616055499,44439.300412771,-0.0550040859,1.206601464,False,75.83
Isa.26.17,כמו הרה תקריב ללדת תחיל תזעק בחבליה כן היינו מפניך יהוה,26,87.8912666989,-0.8366523259,30060.3028427153,-0.4395806305,-1.2762329564000001,False,26.65
Isa.26.18,הרינו חלנו כמו ילדנו רוח ישועת בל נעשה ארץ ובל יפלו ישבי תבל,26,495.7495699685,1.1527438832,18211.5216317193,-0.4036402235,0.7491036597,False,69.09
Isa.26.19,יחיו מתיך נבלתי יקומון הקיצו ורננו שכני עפר כי טל אורת טלך וארץ רפאים תפיל,26,70.317638509,-0.6622708216,19327.4372674602,0.4312632813,-0.23100754029999993,False,55.62
Isa.26.20,לך עמי בא בחדריך וסגר דלתיך דלתך בעדך חבי כמעט רגע עד יעבור יעבר זעם,26,191.6223566417,0.1306783414,5401.5491254563,-0.4207684166,-0.29009007519999996,False,54.61
Isa.26.21,כי הנה יהוה יצא ממקומו לפקד עון ישב הארץ עליו וגלתה הארץ את דמיה ולא תכסה עוד על,26,53.0558149126,-0.8005918397,1344.2499276743,-0.5505869605,-1.3511788002,False,23.16
Isa.27.1,ביום ההוא יפקד יהוה בחרבו הקשה והגדולה והחזקה על לויתן נחש ברח ועל לויתן נחש עקל,27,34.7722626531,-1.1746452188,119.2210329484,-0.7238703779,-1.8985155967,False,5.81
Isa.27.2,ביום ההוא כרם חמד ענו לה,27,203.640596646,-0.4463404076,476.6976893181,-0.7345046459,-1.1808450535,False,30.83
Isa.27.3,אני יהוה נצרה לרגעים אשקנה פן יפקד עליה לילה ויום אצרנה,27,332.2476240809,-0.3165945793,18942.035503142,0.3640074985,0.047412919200000014,False,59.33
Isa.27.4,חמה אין לי מי יתנני שמיר שית במלחמה אפשעה בה אציתנה יחד,27,2507.9654246451,1.989345524,43557.914227744,1.8227455704,3.8120910944,False,97.52
Isa.27.5,או יחזק במעוזי יעשה שלום לי שלום יעשה לי,27,77.1761380606,-0.8529525342,695.6707112912,-0.7769657495,-1.6299182837,False,13.25
Isa.27.6,הבאים ישרש יעקב יציץ ופרח ישראל ומלאו פני תבל תנובה,27,65.5605940742,-1.0284821181,4672.3553194077,-0.8337856002,-1.8622677183,False,6.82
Isa.27.7,הכמכת מכהו הכהו אם כהרג הרגיו הרג,27,3465.7798102217,1.9015883763,149184.3185816581,0.4535932881,2.3551816644,False,88.77
Isa.27.8,בסאסאה בשלחה תריבנה הגה ברוחו הקשה ביום קדים,27,1140.9783559464,0.0772830965,302237.0184535258,1.7835059281,1.8607890246,False,85.21
Isa.27.9,לכן בזאת יכפר עון יעקב וזה כל פרי הסר חטאתו בשומו כל אבני מזבח כאבני גר מנפצות ל,27,151.7295973446,-0.7279521617,24975.3495584406,-0.7750427031,-1.5029948648,False,17.43
Isa.27.10,כי עיר בצורה בדד נוה משלח ונעזב כמדבר שם ירעה עגל ושם ירבץ וכלה סעפיה,27,390.3811261444,-0.0294988193,54169.686783647,-0.2198913161,-0.24939013540000002,False,55.23
Isa.27.11,ביבש קצירה תשברנה נשים באות מאירות אותה כי לא עם בינות הוא על כן לא ירחמנו עשהו ,27,172.1108116417,-0.0333054607,12725.7177431873,-0.2979647271,-0.3312701878,False,53.6
Isa.27.12,והיה ביום ההוא יחבט יהוה משבלת הנהר עד נחל מצרים ואתם תלקטו לאחד אחד בני ישראל,27,152.8231875515,-0.3118799473,983.0470894272,-0.6263563741,-0.9382363214,False,39.97
Isa.27.13,והיה ביום ההוא יתקע בשופר גדול ובאו האבדים בארץ אשור והנדחים בארץ מצרים והשתחוו ,27,13.6920559287,-1.1215727696,428.6070382548,-0.7063104514,-1.827883221,False,7.98
Isa.28.1,הוי עטרת גאות שכרי אפרים וציץ נבל צבי תפארתו אשר על ראש גיא שמנים הלומי יין,28,225.0265242455,-0.2363188604,1263.2083088054,-0.5736237288,-0.8099425892000001,False,44.46
Isa.28.2,הנה חזק ואמץ לאדני כזרם ברד שער קטב כזרם מים כבירים שטפים הניח לארץ ביד,28,594.0340640366,1.6052181206,39069.5934793048,-0.2620146565,1.3432034641000001,False,78.23
Isa.28.3,ברגלים תרמסנה עטרת גאות שכורי אפרים,28,374.2742234951,0.5526180495,303837.6593727136,1.9863992316,2.5390172811,False,89.93
Isa.28.4,והיתה ציצת נבל צבי תפארתו אשר על ראש גיא שמנים כבכורה בטרם קיץ אשר יראה הראה אות,28,70.116946254,-0.7990061248,5107.244735637,-0.5719047377,-1.3709108625000002,False,22.46
Isa.28.5,ביום ההוא יהיה יהוה צבאות לעטרת צבי ולצפירת תפארה לשאר עמו,28,43.0210249137,-0.9189315527,5826.1589391218,-0.488659789,-1.4075913417,False,20.37
Isa.28.6,ולרוח משפט ליושב על המשפט ולגבורה משיבי מלחמה שערה,28,118.2285064762,-0.302291134,5452.7424133297,0.6384755802,0.33618444619999993,False,63.67
Isa.28.7,וגם אלה ביין שגו ובשכר תעו כהן ונביא שגו בשכר נבלעו מן היין תעו מן השכר שגו בראה,28,608.9528117379,1.9798348681,1506.2963617938,-1.2913588997,0.6884759683999999,False,68.01
Isa.28.8,כי כל שלחנות מלאו קיא צאה בלי מקום,28,74.7699042834,-0.5826856124,4426.4267768702,0.8867580416,0.3040724292,False,63.13
Isa.28.9,את מי יורה דעה ואת מי יבין שמועה גמולי מחלב עתיקי משדים,28,124.2658793101,-0.2797079535,1902.2640272432,0.1755801153,-0.10412783819999999,False,56.86
Isa.28.10,כי צו לצו צו לצו קו לקו קו לקו זעיר שם זעיר שם,28,53.9974542045,-0.6592667223,5.9620095042,-0.866567378,-1.5258341003,False,16.11
Isa.28.11,כי בלעגי שפה ובלשון אחרת ידבר אל העם הזה,28,58.4749111829,-0.5546200734,291.2497123616,-0.5737441005,-1.1283641739,False,33.46
Isa.28.12,אשר אמר אליהם זאת המנוחה הניחו לעיף וזאת המרגעה ולא אבוא שמוע,28,430.0561276219,1.987214936,11053.6108079154,1.9912655096,3.9784804456,True,99.61
Isa.28.13,והיה להם דבר יהוה צו לצו צו לצו קו לקו קו לקו זעיר שם זעיר שם למען ילכו וכשלו אח,28,35.6188086354,-0.773787201,316.9739570155,-0.8268327362,-1.6006199371999998,False,13.94
Isa.28.14,לכן שמעו דבר יהוה אנשי לצון משלי העם הזה אשר בירושלם,28,88.1448929923,-0.4676383183,1191.9903541273,-0.6711153635,-1.1387536818,False,33.0
Isa.28.15,כי אמרתם כרתנו ברית את מות ועם שאול עשינו חזה שיט שוט שוטף כי עבר יעבר לא יבואנו,28,124.6578728384,-0.2776435264,6263.5978451299,-0.3793383927,-0.6569819191,False,48.18
Isa.28.16,לכן כה אמר אדני יהוה הנני יסד בציון אבן אבן בחן פנת יקרת מוסד מוסד המאמין לא יחי,28,91.7480567258,-0.5785471952,996.8046002731,-0.6126644143,-1.1912116094999998,False,30.29
Isa.28.17,ושמתי משפט לקו וצדקה למשקלת ויעה ברד מחסה כזב וסתר מים ישטפו,28,537.4197269753,1.9953713334,87066.0038850492,1.9907271397,3.9860984731,True,99.85
Isa.28.18,וכפר בריתכם את מות וחזותכם את שאול לא תקום שוט שוטף כי יעבר והייתם לו למרמס,28,118.0616956842,-0.4717306193,10851.6557892776,-0.5315739725,-1.0033045918,False,37.41
Isa.28.19,מדי עברו יקח אתכם כי בבקר בבקר יעבר ביום ובלילה והיה רק זועה הבין שמועה,28,120.4847247983,-0.573395527,5068.0706389313,-1.0588209759,-1.6322165029,False,13.01
Isa.28.20,כי קצר המצע מהשתרע והמסכה צרה כהתכנס,28,123.4896492733,0.2305493417,35057.4399470362,0.053204743,0.28375408469999996,False,62.97
Isa.28.21,כי כהר פרצים יקום יהוה כעמק בגבעון ירגז לעשות מעשהו זר מעשהו ולעבד עבדתו נכריה ע,28,169.9919779498,1.4168432328,112336.4968315286,1.9070298975,3.3238731303,False,93.65
Isa.28.22,ועתה אל תתלוצצו פן יחזקו מוסריכם כי כלה ונחרצה שמעתי מאת אדני יהוה צבאות על כל ה,28,35.1920380154,-1.1767627131,942.8143795684,-1.0132219616,-2.1899846747,False,1.86
Isa.28.23,האזינו ושמעו קולי הקשיבו ושמעו אמרתי,28,68.191478132,-0.7576398481,91.5355969454,-1.0872831909,-1.844923039,False,7.36
Isa.28.24,הכל היום יחרש החרש לזרע יפתח וישדד אדמתו,28,275.9957996164,-0.4191488741,83925.3394942591,-0.406490095,-0.8256389691,False,43.84
Isa.28.25,הלוא אם שוה פניה והפיץ קצח וכמן יזרק ושם חטה שורה ושערה נסמן וכסמת גבלתו,28,695.2801523834,0.3544669423,185085.6444509992,-0.016691254,0.3377756883,False,63.75
Isa.28.26,ויסרו למשפט אלהיו יורנו,28,1302.2077197598,1.8459866007,617677.1326780175,1.9490380962,3.7950246969,False,97.29
Isa.28.27,כי לא בחרוץ יודש קצח ואופן עגלה על כמן יוסב כי במטה יחבט קצח וכמן בשבט,28,372.2148584005,-0.6322479656,57230.275410675,-0.667106418,-1.2993543835999999,False,25.25
Isa.28.28,לחם יודק כי לא לנצח אדוש ידושנו והמם גלגל עגלתו ופרשיו לא ידקנו,28,499.3741134647,-0.100765284,152200.6674994282,-0.0624407594,-0.1632060434,False,56.16
Isa.28.29,גם זאת מעם יהוה צבאות יצאה הפליא עצה הגדיל תושיה,28,196.6217727636,-0.8561594356,393.0931426332,-1.0488537592,-1.9050131948,False,5.65
Isa.29.1,הוי אריאל אריאל קרית חנה דוד ספו שנה על שנה חגים ינקפו,29,324.8056381126,0.0082435502,5928.0442107697,-0.9415874618,-0.9333439116,False,40.12
Isa.29.2,והציקותי לאריאל והיתה תאניה ואניה והיתה לי כאריאל,29,138.6445378235,-0.8697814609,189902.0616333888,1.8393586815,0.9695772206000001,False,72.19
Isa.29.3,וחניתי כדור עליך וצרתי עליך מצב והקימתי עליך מצרת,29,458.7676412911,1.4566795128,47076.3026043873,-0.3399935185,1.1166859943,False,74.13
Isa.29.4,ושפלת מארץ תדברי ומעפר תשח אמרתך והיה כאוב מארץ קולך ומעפר אמרתך תצפצף,29,124.8060891146,-0.7556029887,73719.7347057113,0.0831271826,-0.6724758061,False,47.56
Isa.29.5,והיה כאבק דק המון זריך וכמץ עבר המון עריצים והיה לפתע פתאם,29,325.6953976806,0.3376819423,28284.1691574717,-0.1585561465,0.1791257958,False,61.58
Isa.29.6,מעם יהוה צבאות תפקד ברעם וברעש וקול גדול סופה וסערה ולהב אש אוכלה,29,102.6580380902,-0.6671283032,2558.4792762221,-0.7511801213,-1.4183084245000002,False,20.06
Isa.29.7,והיה כחלום חזון לילה המון כל הגוים הצבאים על אריאל וכל צביה ומצדתה והמציקים לה,29,378.6221326616,1.2646321287,10217.5439227284,-0.4587495425,0.8058825862,False,69.71
Isa.29.8,והיה כאשר יחלם הרעב והנה אוכל והקיץ וריקה נפשו וכאשר יחלם הצמא והנה שתה והקיץ וה,29,31.4475807885,-1.3453134752,202.9039116068,-0.6324706776,-1.9777841528,False,4.11
Isa.29.9,התמהמהו ותמהו השתעשעו ושעו שכרו ולא יין נעו ולא שכר,29,227.8816310524,0.3362747145,64099.2800931046,1.9766566292,2.3129313437,False,88.15
Isa.29.10,כי נסך עליכם יהוה רוח תרדמה ויעצם את עיניכם את הנביאים ואת ראשיכם החזים כסה,29,214.7190450147,1.1176084096,1303.1803260606,-0.4656267019,0.6519817077000001,False,67.39
Isa.29.11,ותהי לכם חזות הכל כדברי הספר החתום אשר יתנו אתו אל יודע הספר ספר לאמר קרא נא זה ,29,81.5283578381,-0.339389846,127.5781485053,-0.5257255975,-0.8651154435,False,42.6
Isa.29.12,ונתן הספר על אשר לא ידע ספר לאמר קרא נא זה ואמר לא ידעתי ספר,29,23.4560505079,-0.6555392857,84.8943187608,-0.6422131594,-1.2977524451,False,25.48
Isa.29.13,ויאמר אדני יען כי נגש העם הזה בפיו ובשפתיו כבדוני ולבו רחק ממני ותהי יראתם אתי מ,29,15.642161975,-0.7982218957,1616.442901654,-0.6553379552,-1.4535598509,False,19.29
Isa.29.14,לכן הנני יוסף להפליא את העם הזה הפלא ופלא ואבדה חכמת חכמיו ובינת נבניו תסתתר,29,27.2043896258,-0.624930527,12608.265936017,0.366572626,-0.25835790099999995,False,54.92
Isa.29.15,הוי המעמיקים מיהוה לסתר עצה והיה במחשך מעשיהם ויאמרו מי ראנו ומי יודענו,29,186.2706986833,-0.2289217045,19343.3148155245,0.7909622429,0.5620405384,False,66.54
Isa.29.16,הפככם אם כחמר היצר יחשב כי יאמר מעשה לעשהו לא עשני ויצר אמר ליוצרו לא הבין,29,681.3996155632,1.8421470604,15391.7195720163,-0.5470603243,1.2950867361,False,77.3
Isa.29.17,הלוא עוד מעט מזער ושב לבנון לכרמל והכרמל ליער יחשב,29,299.7492183004,0.1011525548,20809.6313216174,-0.6801574901,-0.5790049353000001,False,50.19
Isa.29.18,ושמעו ביום ההוא החרשים דברי ספר ומאפל ומחשך עיני עורים תראינה,29,130.1074953716,-0.8186289314,100884.8939365359,0.2545290442,-0.5640998872,False,50.5
Isa.29.19,ויספו ענוים ביהוה שמחה ואביוני אדם בקדוש ישראל יגילו,29,93.3124483449,-0.7955677672,233469.9160809195,0.1258804582,-0.669687309,False,47.64
Isa.29.20,כי אפס עריץ וכלה לץ ונכרתו כל שקדי און,29,298.774583664,-0.0728753895,28419.4275230376,-0.7357496265,-0.8086250159999999,False,44.54
Isa.29.21,מחטיאי אדם בדבר ולמוכיח בשער יקשון ויטו בתהו צדיק,29,1086.8048220346,1.9453976962,638867.2942638859,1.8701300577,3.8155277538999997,False,97.68
Isa.29.22,לכן כה אמר יהוה אל בית יעקב אשר פדה את אברהם לא עתה יבוש יעקב ולא עתה פניו יחורו,29,27.0679619055,-1.0496523407,22.3745133401,-0.6089842048,-1.6586365455,False,12.08
Isa.29.23,כי בראתו ילדיו מעשה ידי בקרבו יקדישו שמי והקדישו את קדוש יעקב ואת אלהי ישראל יער,29,91.3696675919,-0.714023799,3863.0069376331,-0.5646969931,-1.2787207921000001,False,26.34
Isa.29.24,וידעו תעי רוח בינה ורוגנים ילמדו לקח,29,853.2251278803,1.6185561614,78229.5641941025,1.9851811668,3.6037373282,False,95.74
Isa.30.1,הוי בנים סוררים נאם יהוה לעשות עצה ולא מני ולנסך מסכה ולא רוחי למען ספות חטאת על,30,31.1867145806,-0.8942231555,1313.3585153669,-0.9068469574,-1.8010701129,False,8.44
Isa.30.2,ההלכים לרדת מצרים ופי לא שאלו לעוז במעוז פרעה ולחסות בצל מצרים,30,554.1903504887,0.5871292221,10566.2094524109,-0.714961285,-0.12783206290000004,False,56.62
Isa.30.3,והיה לכם מעוז פרעה לבשת והחסות בצל מצרים לכלמה,30,83.0099971494,-0.694953533,50451.2272961775,-0.1875877355,-0.8825412684999999,False,41.83
Isa.30.4,כי היו בצען שריו ומלאכיו חנס יגיעו,30,354.3773414758,0.5448750661,290201.0545203717,1.9782135299,2.523088596,False,89.7
Isa.30.5,כל הבאיש הביש על עם לא יועילו למו לא לעזר ולא להועיל כי לבשת וגם לחרפה,30,89.3267918928,-0.9909119968,3748.6175117072,-0.6431143881,-1.6340263848999999,False,12.86
Isa.30.6,משא בהמות נגב בארץ צרה וצוקה לביא וליש מהם אפעה ושרף מעופף ישאו על כתף עירים חיל,30,205.376687061,-0.5435907859,23162.9199977628,-0.3619038487,-0.9054946345999999,False,40.98
Isa.30.7,ומצרים הבל וריק יעזרו לכן קראתי לזאת רהב הם שבת,30,480.8799692832,1.7661783841,3007.4590290587,-0.3797755045,1.3864028796,False,79.47
Isa.30.8,עתה בוא כתבה על לוח אתם ועל ספר חקה ותהי ליום אחרון לעד עד עולם,30,258.0387186229,-0.2160917422,720.4477643604,-0.8782793931,-1.0943711353,False,34.55
Isa.30.9,כי עם מרי הוא בנים כחשים בנים לא אבו שמוע תורת יהוה,30,246.7675235998,-0.0721663964,623.1055300384,-0.5959617751,-0.6681281715,False,47.71
Isa.30.10,אשר אמרו לראים לא תראו ולחזים לא תחזו לנו נכחות דברו לנו חלקות חזו מהתלות,30,209.7801916337,0.3996358635,25095.8027195449,1.9473078265,2.34694369,False,88.54
Isa.30.11,סורו מני דרך הטו מני ארח השביתו מפנינו את קדוש ישראל,30,84.6268418094,-0.9826935233,1851.5377655903,-0.7331674289,-1.7158609522,False,10.84
Isa.30.12,לכן כה אמר קדוש ישראל יען מאסכם בדבר הזה ותבטחו בעשק ונלוז ותשענו עליו,30,105.3019293446,-0.6631623262,6438.2248965375,-0.5671253818,-1.230287708,False,28.66
Isa.30.13,לכן יהיה לכם העון הזה כפרץ נפל נבעה בחומה נשגבה אשר פתאם לפתע יבוא שברה,30,100.2309665299,-0.2389343615,7489.2143417439,-0.4435793021,-0.6825136636,False,47.33
Isa.30.14,ושברה כשבר נבל יוצרים כתות לא יחמל ולא ימצא במכתתו חרש לחתות אש מיקוד ולחשף מים ,30,288.1386125766,1.8969481772,138173.5899669013,1.9964900972,3.8934382744000002,False,98.45
Isa.30.15,כי כה אמר אדני יהוה קדוש ישראל בשובה ונחת תושעון בהשקט ובבטחה תהיה גבורתכם ולא א,30,27.8435545545,-1.2178588697,2193.1307333796,-0.5667406023,-1.784599472,False,8.83
Isa.30.16,ותאמרו לא כי על סוס ננוס על כן תנוסון ועל קל נרכב על כן יקלו רדפיכם,30,88.8611757428,-0.5048146396,11976.4993577711,-0.3982738859,-0.9030885255,False,41.05
Isa.30.17,אלף אחד מפני גערת אחד מפני גערת חמשה תנסו עד אם נותרתם כתרן על ראש ההר וכנס על ה,30,270.4452088963,1.2397656497,1556.7195854684,-1.2874230996,-0.04765744989999998,False,57.78
Isa.30.18,ולכן יחכה יהוה לחננכם ולכן ירום לרחמכם כי אלהי משפט יהוה אשרי כל חוכי לו,30,50.2620298347,-0.8616450043,11063.5638691109,0.7767966926,-0.08484831170000007,False,57.24
Isa.30.19,כי עם בציון ישב בירושלם בכו לא תבכה חנון יחנך לקול זעקך כשמעתו ענך,30,262.7394089964,1.1878869155,10673.5692574758,1.1598472405,2.347734156,False,88.61
Isa.30.20,ונתן לכם אדני לחם צר ומים לחץ ולא יכנף עוד מוריך והיו עיניך ראות את מוריך,30,30.1193067849,-0.8515827098,255.6133914548,-0.7011589639,-1.5527416737,False,15.57
Isa.30.21,ואזניך תשמענה דבר מאחריך לאמר זה הדרך לכו בו כי תאמינו וכי תשמאילו,30,36.6734276353,-0.9876528157,3025.8341156305,-0.5456031414,-1.5332559571,False,15.96
Isa.30.22,וטמאתם את צפוי פסילי כספך ואת אפדת מסכת זהבך תזרם כמו דוה צא תאמר לו,30,376.6031276802,0.7517922875,78125.1743265044,-0.3798419358,0.37195035170000007,False,64.6
Isa.30.23,ונתן מטר זרעך אשר תזרע את האדמה ולחם תבואת האדמה והיה דשן ושמן ירעה מקניך ביום ה,30,138.3768492314,-0.8371819032,3954.6718228648,-0.5361437805,-1.3733256837,False,22.08
Isa.30.24,והאלפים והעירים עבדי האדמה בליל חמיץ יאכלו אשר זרה ברחת ובמזרה,30,541.6267557748,1.3790070524,1209953.8265715782,1.9961450375,3.3751520899000003,False,93.88
Isa.30.25,והיה על כל הר גבה ועל כל גבעה נשאה פלגים יבלי מים ביום הרג רב בנפל מגדלים,30,351.5030470696,0.5967326623,1355.445148825,-0.5004655894,0.09626707290000003,False,59.88
Isa.30.26,והיה אור הלבנה כאור החמה ואור החמה יהיה שבעתים כאור שבעת הימים ביום חבש יהוה את ,30,12.7848750375,-1.3079237559,187.4210890192,-0.5181498092,-1.8260735651000002,False,8.13
Isa.30.27,הנה שם יהוה בא ממרחק בער אפו וכבד משאה שפתיו מלאו זעם ולשונו כאש אכלת,30,160.2969123445,-0.3769231238,827.8051911134,-0.504010018,-0.8809331417999999,False,41.98
Isa.30.28,ורוחו כנחל שוטף עד צואר יחצה להנפה גוים בנפת שוא ורסן מתעה על לחיי עמים,30,784.6785498011,1.9678505297,33603.1697404812,1.997757901,3.9656084306999997,True,99.38
Isa.30.29,השיר יהיה לכם כליל התקדש חג ושמחת לבב כהולך בחליל לבוא בהר יהוה אל צור ישראל,30,30.0901014552,-0.8429976656,1162.6203446008,-0.5229741245,-1.3659717901000001,False,22.54
Isa.30.30,והשמיע יהוה את הוד קולו ונחת זרועו יראה בזעף אף ולהב אש אוכלה נפץ וזרם ואבן ברד,30,89.0509942821,-0.7428807278,2097.4246782128,-0.7791003224,-1.5219810502,False,16.42
Isa.30.31,כי מקול יהוה יחת אשור בשבט יכה,30,230.1356063194,0.3912749066,1760.1095247169,-0.783237238,-0.3919623314,False,52.98
Isa.30.32,והיה כל מעבר מטה מוסדה אשר יניח יהוה עליו בתפים ובכנרות ובמלחמות תנופה נלחם בה ב,30,302.9228305381,1.1165480055,44752.9500782963,1.5936297021,2.7101777076,False,90.86
Isa.30.33,כי ערוך מאתמול תפתה גם הוא היא למלך הוכן העמיק הרחב מדרתה אש ועצים הרבה נשמת יהו,30,285.5563690352,0.731692479,29821.1672312705,0.7767413079,1.5084337869,False,81.8
Isa.31.1,הוי הירדים מצרים לעזרה על סוסים ישענו ויבטחו על רכב כי רב ועל פרשים כי עצמו מאד ,31,165.7954777066,-1.836674555,751.6949781957,-0.8552079908,-2.6918825458,False,0.15
Isa.31.2,וגם הוא חכם ויבא רע ואת דבריו לא הסיר וקם על בית מרעים ועל עזרת פעלי און,31,265.6756873129,0.7405835532,700.4823790985,-0.5760602023,0.16452335090000003,False,61.12
Isa.31.3,ומצרים אדם ולא אל וסוסיהם בשר ולא רוח ויהוה יטה ידו וכשל עוזר ונפל עזר ויחדו כלם,31,246.6941097374,0.9972862028,4576.4829695072,1.3385575387,2.3358437414999997,False,88.38
Isa.31.4,כי כה אמר יהוה אלי כאשר יהגה האריה והכפיר על טרפו אשר יקרא עליו מלא רעים מקולם ל,31,69.9277628188,-0.8366137342,443.8425306441,-1.2841838638,-2.1207975980000002,False,2.4
Isa.31.5,כצפרים עפות כן יגן יהוה צבאות על ירושלם גנון והציל פסח והמליט,31,85.3123801103,-0.6212690697,4139.0464354606,0.6111538527,-0.010115216999999954,False,58.4
Isa.31.6,שובו לאשר העמיקו סרה בני ישראל,31,811.3414459266,1.8905418255,4722.7736946489,1.367236049,3.2577778745,False,93.18
Isa.31.7,כי ביום ההוא ימאסון איש אלילי כספו ואלילי זהבו אשר עשו לכם ידיכם חטא,31,91.1344833064,-0.8302028621,1343.771773605,-0.8201262416,-1.6503291037,False,12.47
Isa.31.8,ונפל אשור בחרב לא איש וחרב לא אדם תאכלנו ונס לו מפני חרב ובחוריו למס יהיו,31,320.1995078196,-0.3788655233,1249.2119435607,-0.899450643,-1.2783161663,False,26.49
Isa.31.9,וסלעו ממגור יעבור וחתו מנס שריו נאם יהוה אשר אור לו בציון ותנור לו בירושלם,31,251.0867057637,-0.4018794184,13231.6600404633,-0.3314177708,-0.7332971892,False,46.4
Isa.32.1,הן לצדק ימלך מלך ולשרים למשפט ישרו,32,621.498610123,1.8532689782,22334.8319985948,-0.5228179646,1.3304510136,False,78.0
Isa.32.2,והיה איש כמחבא רוח וסתר זרם כפלגי מים בציון כצל סלע כבד בארץ עיפה,32,317.2673025161,-0.205352113,70448.1907903751,-0.3219052935,-0.5272574065,False,51.2
Isa.32.3,ולא תשעינה עיני ראים ואזני שמעים תקשבנה,32,159.7666409105,-0.9963806178,416972.4039779234,1.9685296532,0.9721490354000001,False,72.27
Isa.32.4,ולבב נמהרים יבין לדעת ולשון עלגים תמהר לדבר צחות,32,397.782798583,1.5887737074,72149.3875308436,-0.2745686882,1.3142050191999999,False,77.77
Isa.32.5,לא יקרא עוד לנבל נדיב ולכילי לא יאמר שוע,32,159.2360735306,-0.8349410292,3006.0689495729,-0.6886735081,-1.5236145373,False,16.27
Isa.32.6,כי נבל נבלה ידבר ולבו יעשה און לעשות חנף ולדבר אל יהוה תועה להריק נפש רעב ומשקה ,32,165.7851215049,-1.1282607346,9649.5550267246,-0.7155635785,-1.8438243130999998,False,7.44
Isa.32.7,וכלי כליו רעים הוא זמות יעץ לחבל ענוים עניים באמרי שקר ובדבר אביון משפט,32,416.5751269001,1.2324829797,48765.2715942376,1.9434473028,3.1759302825000004,False,92.72
Isa.32.8,ונדיב נדיבות יעץ והוא על נדיבות יקום,32,310.5466646858,-0.5060136515,11023.5464337245,-0.8569578404,-1.3629714919,False,22.7
Isa.32.9,נשים שאננות קמנה שמענה קולי בנות בטחות האזנה אמרתי,32,376.4774438015,-0.5046808405,14785.4335095821,-0.5950867405,-1.099767581,False,34.31
Isa.32.10,ימים על שנה תרגזנה בטחות כי כלה בציר אסף בלי יבוא,32,2035.0499487078,1.9930788926,48372.8974987655,-0.3218061099,1.6712727827,False,83.81
Isa.32.11,חרדו שאננות רגזה בטחות פשטה וערה וחגורה על חלצים,32,417.003015194,-0.4946328055,437866.8020599105,1.9894188076,1.4947860021,False,81.33
Isa.32.12,על שדים ספדים על שדי חמד על גפן פריה,32,251.1605884814,-0.8129957674,790.358899659,-0.5920617144,-1.4050574818000001,False,20.6
Isa.32.13,על אדמת עמי קוץ שמיר תעלה כי על כל בתי משוש קריה עליזה,32,632.4104994436,1.3553078614,611.0390684713,-0.5248938145,0.8304140469,False,70.49
Isa.32.14,כי ארמון נטש המון עיר עזב עפל ובחן היה בעד מערות עד עולם משוש פראים מרעה עדרים,32,534.6765514328,0.2885685502,17531.6437603549,1.2459172979,1.5344858480999999,False,82.18
Isa.32.15,עד יערה עלינו רוח ממרום והיה מדבר לכרמל וכרמל והכרמל ליער יחשב,32,178.7435660114,-1.3552410142,1007.3449078372,-0.7898048332,-2.1450458474,False,2.17
Isa.32.16,ושכן במדבר משפט וצדקה בכרמל תשב,32,756.696342308,1.5752587688,17183.9416378092,-0.0003802088,1.57487856,False,82.73
Isa.32.17,והיה מעשה הצדקה שלום ועבדת הצדקה השקט ובטח עד עולם,32,269.1115969275,-0.5366580664,757.9084649653,-0.7010514169,-1.2377094833,False,28.35
Isa.32.18,וישב עמי בנוה שלום ובמשכנות מבטחים ובמנוחת שאננות,32,66.0160579079,-0.8075991332,49472.6007644635,-0.0809833748,-0.8885825079999999,False,41.52
Isa.32.19,וברד ברדת היער ובשפלה תשפל העיר,32,2465.7921702718,1.9324584896,202097.0411014543,1.9479614117,3.8804199013,True,98.3
Isa.32.20,אשריכם זרעי על כל מים משלחי רגל השור והחמור,32,308.8643086961,-0.5775916591,8272.7297319202,-0.7446850146,-1.3222766737,False,24.17
Isa.33.1,הוי שודד ואתה לא שדוד ובוגד ולא בגדו בו כהתמך שודד תושד כנלתך לבגד יבגדו בך,33,757.1399211984,-0.147180393,26786.0760410635,-0.6961694413,-0.8433498343,False,43.14
Isa.33.2,יהוה חננו לך קוינו היה זרעם לבקרים אף ישועתנו בעת צרה,33,428.8867891513,-0.6005175026,21079.5324518184,-0.7552401757,-1.3557576783,False,23.01
Isa.33.3,מקול המון נדדו עמים מרוממתך נפצו גוים,33,420.2201064298,-1.0423456233,152159.159693507,0.7372911942,-0.3050544290999999,False,54.14
Isa.33.4,ואסף שללכם אסף החסיל כמשק גבים שוקק בו,33,1073.2712544972,1.6243315613,229938.2080749364,1.5948386583,3.2191702196,False,92.95
Isa.33.5,נשגב יהוה כי שכן מרום מלא ציון משפט וצדקה,33,678.4751609755,0.5277616052,788.8961045857,-1.1712970315,-0.6435354262999999,False,48.64
Isa.33.6,והיה אמונת עתיך חסן ישועת חכמת ודעת יראת יהוה היא אוצרו,33,70.4231360868,-1.0192516156,2440.1974167923,-0.8271514233,-1.8464030389000001,False,7.2
Isa.33.7,הן אראלם צעקו חצה מלאכי שלום מר יבכיון,33,209.2505969673,-0.8103516881,150764.9122055655,1.5424038851,0.7320521969999999,False,68.78
Isa.33.8,נשמו מסלות שבת עבר ארח הפר ברית מאס ערים לא חשב אנוש,33,2181.0142492358,1.8428901907,15799.4172018013,-0.6819127625,1.1609774281999998,False,74.75
Isa.33.9,אבל אמללה ארץ החפיר לבנון קמל היה השרון כערבה ונער בשן וכרמל,33,952.5615279932,-0.1768236648,107099.1644069642,0.5465761236,0.36975245879999996,False,64.37
Isa.33.10,עתה אקום יאמר יהוה עתה ארומם עתה אנשא,33,288.1900029626,-0.9879687593,9034.0302077793,-0.8449470852,-1.8329158445,False,7.82
Isa.33.11,תהרו חשש תלדו קש רוחכם אש תאכלכם,33,1837.6116664949,1.6409374094,101550.1828633472,-0.2300169503,1.4109204591,False,79.94
Isa.33.12,והיו עמים משרפות שיד קוצים כסוחים באש יצתו,33,169.3852865848,-0.7872391651,376069.4109926617,1.9286510733,1.1414119081999998,False,74.52
Isa.33.13,שמעו רחוקים אשר עשיתי ודעו קרובים גברתי,33,1024.2842386329,0.5293239698,60668.6049615881,-0.3435518106,0.18577215919999995,False,61.89
Isa.33.14,פחדו בציון חטאים אחזה רעדה חנפים מי יגור לנו אש אוכלה מי יגור לנו מוקדי עולם,33,126.0863502188,-0.5755996288,633.093421434,-0.7234906375,-1.2990902663,False,25.33
Isa.33.15,הלך צדקות ודבר מישרים מאס בבצע מעשקות נער כפיו מתמך בשחד אטם אזנו משמע דמים ועצם,33,177.8439171684,-0.3291641835,3239.1932106434,-1.1780375871,-1.5072017706,False,17.2
Isa.33.16,הוא מרומים ישכן מצדות סלעים משגבו לחמו נתן מימיו נאמנים,33,137.6680971963,-0.441242211,68866.8729019259,1.2641586163,0.8229164053,False,70.26
Isa.33.17,מלך ביפיו תחזינה עיניך תראינה ארץ מרחקים,33,26.2669501474,-0.8043703174,66109.0873404332,1.175977607,0.3716072896000001,False,64.52
Isa.33.18,לבך יהגה אימה איה ספר איה שקל איה ספר את המגדלים,33,1059.4756997193,1.970776096,8806.0502757954,-0.7964657265,1.1743103695000001,False,75.14
Isa.33.19,את עם נועז לא תראה עם עמקי שפה משמוע נלעג לשון אין בינה,33,229.1343537013,-0.3388836803,7254.9174646148,-0.5071857713,-0.8460694516,False,43.07
Isa.33.20,חזה ציון קרית מועדנו עיניך תראינה ירושלם נוה שאנן אהל בל יצען בל יסע יתדתיו לנצח,33,122.3711126363,-0.6455507847,8656.2838966749,0.9669304272,0.32137964249999995,False,63.36
Isa.33.21,כי אם שם אדיר יהוה לנו מקום נהרים יארים רחבי ידים בל תלך בו אני שיט וצי אדיר לא ,33,330.9371639023,-0.1680760465,5055.2351341619,-0.661028319,-0.8291043655,False,43.61
Isa.33.22,כי יהוה שפטנו יהוה מחקקנו יהוה מלכנו הוא יושיענו,33,45.1336034261,-0.7822379339,3537.7483830103,-0.5813790807,-1.3636170146,False,22.62
Isa.33.23,נטשו חבליך בל יחזקו כן תרנם בל פרשו נס אז חלק עד שלל מרבה פסחים בזזו בז,33,1317.3340905388,1.958266998,19936.8322929608,1.94797518,3.9062421780000003,True,98.61
Isa.33.24,ובל יאמר שכן חליתי העם הישב בה נשא עון,33,226.7506630607,-0.3715982849,236.9590077659,-0.7872019451,-1.15880023,False,31.99
Isa.34.1,קרבו גוים לשמע ולאמים הקשיבו תשמע הארץ ומלאה תבל וכל צאצאיה,34,228.6815920693,-0.6026847648,1954.5322525085,-0.5385743551,-1.1412591199,False,32.92
Isa.34.2,כי קצף ליהוה על כל הגוים וחמה על כל צבאם החרימם נתנם לטבח,34,177.830434068,-0.9133043097,3645.4025462259,-0.5758744567,-1.4891787664,False,18.05
Isa.34.3,וחלליהם ישלכו ופגריהם יעלה באשם ונמסו הרים מדמם,34,485.0762740788,0.1543115681,289718.7426140567,1.9790823755,2.1333939436,False,86.75
Isa.34.4,ונמקו כל צבא השמים ונגלו כספר השמים וכל צבאם יבול כנבל עלה מגפן וכנבלת מתאנה,34,263.377376263,-0.4183172453,45289.9771352901,-0.2559459585,-0.6742632038,False,47.48
Isa.34.5,כי רותה בשמים חרבי הנה על אדום תרד ועל עם חרמי למשפט,34,1028.2426712095,1.8370070065,24478.2490284899,-0.5360068452,1.3010001613,False,77.38
Isa.34.6,חרב ליהוה מלאה דם הדשנה מחלב מדם כרים ועתודים מחלב כליות אילים כי זבח ליהוה בבצר,34,72.7994761407,-0.788629766,3231.845048618,-1.0821502687,-1.8707800347,False,6.51
Isa.34.7,וירדו ראמים עמם ופרים עם אבירים ורותה ארצם מדם ועפרם מחלב ידשן,34,256.3749119513,-0.200811397,42243.5643472259,0.9009533625,0.7001419655000001,False,68.24
Isa.34.8,כי יום נקם ליהוה שנת שלומים לריב ציון,34,117.3460406437,-0.743790591,1421.572738734,-0.8370596068,-1.5808501978,False,14.48
Isa.34.9,ונהפכו נחליה לזפת ועפרה לגפרית והיתה ארצה לזפת בערה,34,164.0405853269,-0.2695433431,50406.6242594858,1.0953365074,0.8257931643,False,70.41
Isa.34.10,לילה ויומם לא תכבה לעולם יעלה עשנה מדור לדור תחרב לנצח נצחים אין עבר בה,34,230.102797233,-0.1770865231,1360.6682777482,-0.8245340845,-1.0016206076,False,37.57
Isa.34.11,וירשוה קאת וקפוד וינשוף וערב ישכנו בה ונטה עליה קו תהו ואבני בהו,34,126.9658716928,-0.9523099612,40086.0574087677,-0.3133429837,-1.2656529449,False,27.27
Isa.34.12,חריה ואין שם מלוכה יקראו וכל שריה יהיו אפס,34,710.1826524403,1.5854771826,2436.5731935945,-0.6232767472,0.9622004354,False,72.11
Isa.34.13,ועלתה ארמנתיה סירים קמוש וחוח במבצריה והיתה נוה תנים חציר לבנות יענה,34,433.5231470076,0.1784970832,253470.3873663292,1.0837948032,1.2622918864,False,76.84
Isa.34.14,ופגשו ציים את איים ושעיר על רעהו יקרא אך שם הרגיעה לילית ומצאה לה מנוח,34,452.5281830801,0.2260646008,15460.5548572085,-0.7468611775,-0.5207965767,False,51.43
Isa.34.15,שמה קננה קפוז ותמלט ובקעה ודגרה בצלה אך שם נקבצו דיות אשה רעותה,34,269.7022706533,-0.7709542184,285831.8753216199,1.3453311393,0.5743769209,False,66.69
Isa.34.16,דרשו מעל ספר יהוה וקראו אחת מהנה לא נעדרה אשה רעותה לא פקדו כי פי הוא צוה ורוחו ,34,195.7561542798,-1.412684445,2692.346820301,-0.8257852989,-2.2384697439,False,1.08
Isa.34.17,והוא הפיל להן גורל וידו חלקתה להם בקו עד עולם יירשוה לדור ודור ישכנו בה,34,375.837466596,1.2994203153,2625.437550489,-0.7988699929,0.5005503223999999,False,66.15
Isa.35.1,יששום מדבר וציה ותגל ערבה ותפרח כחבצלת,35,307.2599200737,0.8355301772,388756.9645938537,1.9604853776,2.7960155548,False,91.17
Isa.35.2,פרח תפרח ותגל אף גילת ורנן כבוד הלבנון נתן לה הדר הכרמל והשרון המה יראו כבוד יהו,35,86.4220885437,-0.7646058051,1541.3165049536,-0.627258506,-1.3918643111,False,21.22
Isa.35.3,חזקו ידים רפות וברכים כשלות אמצו,35,54.3279586235,-0.612919069,78832.5966255455,-0.1446496347,-0.7575687037000001,False,45.86
Isa.35.4,אמרו לנמהרי לב חזקו אל תיראו הנה אלהיכם נקם יבוא גמול אלהים הוא יבוא וישעכם,35,105.2863648145,0.5209086497,5132.7727858093,-0.8278577514,-0.3069491017,False,53.99
Isa.35.5,אז תפקחנה עיני עורים ואזני חרשים תפתחנה,35,24.1921048669,-0.9965239663,26180.7851964763,-0.5643171451,-1.5608411113999998,False,15.1
Isa.35.6,אז ידלג כאיל פסח ותרן לשון אלם כי נבקעו במדבר מים ונחלים בערבה,35,146.6734622586,-0.2465695975,28243.1453524314,0.0088458805,-0.237723717,False,55.31
Isa.35.7,והיה השרב לאגם וצמאון למבועי מים בנוה תנים רבצה חציר לקנה וגמא,35,334.6052787702,0.7627165018,74206.8784506655,1.8371576523,2.5998741541,False,90.32
Isa.35.8,והיה שם מסלול ודרך ודרך הקדש יקרא לה לא יעברנו טמא והוא למו הלך דרך ואוילים לא י,35,258.6349318106,0.2054270181,6345.4779024921,-0.5861885223,-0.3807615042,False,53.14
Isa.35.9,לא יהיה שם אריה ופריץ חיות בל יעלנה לא תמצא שם והלכו גאולים,35,398.7146364113,1.2102950739,3613.4897843276,-0.4631914866,0.7471035873,False,69.02
Isa.35.10,ופדויי יהוה ישבון ובאו ציון ברנה ושמחת עולם על ראשם ששון ושמחה ישיגו ונסו יגון ו,35,13.7689724608,-0.9732799413,300.2370459229,-1.1156855556,-2.0889654969,False,2.94
Isa.36.1,ויהי בארבע עשרה שנה למלך חזקיהו עלה סנחריב מלך אשור על כל ערי יהודה הבצרות ויתפש,36,20.9110448494,-0.8848797831,147.8959915623,-1.1574031529,-2.042282936,False,3.49
Isa.36.2,וישלח מלך אשור את רב שקה מלכיש ירושלמה אל המלך חזקיהו בחיל כבד ויעמד בתעלת הברכה,36,101.4448135924,0.3630108453,6140.8112886367,1.6588101461,2.0218209914,False,86.06
Isa.36.3,ויצא אליו אליקים בן חלקיהו אשר על הבית ושבנא הספר ויואח בן אסף המזכיר,36,201.9746481286,1.7027135563,3721.701462211,0.6522294233,2.3549429796,False,88.69
Isa.36.4,ויאמר אליהם רב שקה אמרו נא אל חזקיהו כה אמר המלך הגדול מלך אשור מה הבטחון הזה אש,36,41.8325807578,-1.128481204,176.7659592746,-1.092383332,-2.220864536,False,1.32
Isa.36.5,אמרתי אך דבר שפתים עצה וגבורה למלחמה עתה על מי בטחת כי מרדת בי,36,106.2561349339,0.2460410542,613.9033404175,-0.9013022646,-0.6552612104,False,48.26
Isa.36.6,הנה בטחת על משענת הקנה הרצוץ הזה על מצרים אשר יסמך איש עליו ובא בכפו ונקבה כן פר,36,65.920117017,-0.4208501661,2149.0743786287,0.1419045455,-0.27894562059999994,False,54.84
Isa.36.7,וכי תאמר אלי אל יהוה אלהינו בטחנו הלוא הוא אשר הסיר חזקיהו את במתיו ואת מזבחתיו ,36,41.3686739975,-1.261433859,5924.6478279858,0.5331868821,-0.7282469769000001,False,46.48
Isa.36.8,ועתה התערב נא את אדני המלך אשור ואתנה לך אלפים סוסים אם תוכל לתת לך רכבים עליהם,36,196.2994209445,1.5370686676,350.3670808668,-0.9622676309,0.5748010367,False,66.85
Isa.36.9,ואיך תשיב את פני פחת אחד עבדי אדני הקטנים ותבטח לך על מצרים לרכב ולפרשים,36,153.1595689683,0.8295724126,10406.1864314558,1.7024043711,2.5319767837000002,False,89.85
Isa.36.10,ועתה המבלעדי יהוה עליתי על הארץ הזאת להשחיתה יהוה אמר אלי עלה אל הארץ הזאת והשחי,36,75.0872105751,-0.42208419,992.0501760077,-0.4370200992,-0.8591042892,False,42.68
Isa.36.11,ויאמר אליקים ושבנא ויואח אל רב שקה דבר נא אל עבדיך ארמית כי שמעים אנחנו ואל תדבר,36,35.3343161947,-0.9292750909,265.7470410743,-0.6352572209,-1.5645323118,False,14.79
Isa.36.12,ויאמר רב שקה האל אדניך ואליך שלחני אדני לדבר את הדברים האלה הלא על האנשים הישבים,36,47.7551180074,-0.6137898639,1429.2146509503,1.5695274023,0.9557375384000001,False,72.04
Isa.36.13,ויעמד רב שקה ויקרא בקול גדול יהודית ויאמר שמעו את דברי המלך הגדול מלך אשור,36,58.9147666495,0.8379733539,508.1093462312,-0.5177047692,0.3202685847000001,False,63.28
Isa.36.14,כה אמר המלך אל ישא לכם חזקיהו כי לא יוכל להציל אתכם,36,63.3578279438,1.0192522594,80.3587637639,-0.8362235208,0.18302873860000002,False,61.81
Isa.36.15,ואל יבטח אתכם חזקיהו אל יהוה לאמר הצל יצילנו יהוה לא תנתן העיר הזאת ביד מלך אשור,36,48.2178978156,0.3462127862,4342.2468137224,1.8375217367,2.1837345229,False,87.22
Isa.36.16,אל תשמעו אל חזקיהו כי כה אמר המלך אשור עשו אתי ברכה וצאו אלי ואכלו איש גפנו ואיש,36,18.1234000234,-1.1308739202,513.2176555438,-0.8915379641,-2.0224118843,False,3.8
Isa.36.17,עד באי ולקחתי אתכם אל ארץ כארצכם ארץ דגן ותירוש ארץ לחם וכרמים,36,18.8643560389,-0.6759752275,1907.9408356767,-0.1035711743,-0.7795464018,False,45.39
Isa.36.18,פן יסית אתכם חזקיהו לאמר יהוה יצילנו ההצילו אלהי הגוים איש את ארצו מיד מלך אשור,36,80.0268248332,-0.1234369607,2497.7822762896,1.4556108052,1.3321738445,False,78.08
Isa.36.19,איה אלהי חמת וארפד איה אלהי ספרוים וכי הצילו את שמרון מידי,36,339.5052382095,1.9146923997,973.1518002724,-0.1697694533,1.7449229464,False,84.43
Isa.36.20,מי בכל אלהי הארצות האלה אשר הצילו את ארצם מידי כי יציל יהוה את ירושלם מידי,36,20.3470438998,-1.0568278617,35.3680377102,-1.1612817695,-2.2181096312,False,1.55
Isa.36.21,ויחרישו ולא ענו אתו דבר כי מצות המלך היא לאמר לא תענהו,36,107.0629620062,-0.1448808858,253.8003521744,-0.7420006844,-0.8868815702,False,41.6
Isa.36.22,ויבא אליקים בן חלקיהו אשר על הבית ושבנא הסופר ויואח בן אסף המזכיר אל חזקיהו קרוע,36,127.9228155145,1.4302438137,2079.0248041987,1.8729195272,3.3031633409000003,False,93.49
Isa.37.1,ויהי כשמע המלך חזקיהו ויקרע את בגדיו ויתכס בשק ויבא בית יהוה,37,24.567275678,-0.9028518716,597.4041191111,-0.5712145561,-1.4740664277,False,18.59
Isa.37.2,וישלח את אליקים אשר על הבית ואת שבנא הסופר ואת זקני הכהנים מתכסים בשקים אל ישעיה,37,18.1740214445,-0.7152090251,746.8080124909,-0.8927261158,-1.6079351409,False,13.71
Isa.37.3,ויאמרו אליו כה אמר חזקיהו יום צרה ותוכחה ונאצה היום הזה כי באו בנים עד משבר וכח ,37,46.109331512,1.5544238656,1091.2614876938,0.3028584241,1.8572822897,False,85.13
Isa.37.4,אולי ישמע יהוה אלהיך את דברי רב שקה אשר שלחו מלך אשור אדניו לחרף אלהים חי והוכיח,37,21.7165407525,-0.4239363727,2009.628896315,1.6813868395,1.2574504668,False,76.53
Isa.37.5,ויבאו עבדי המלך חזקיהו אל ישעיהו,37,37.8403728838,-0.3031532064,14.289240417,-0.9994212941,-1.3025745005,False,25.02
Isa.37.6,ויאמר אליהם ישעיהו כה תאמרון אל אדניכם כה אמר יהוה אל תירא מפני הדברים אשר שמעת ,37,11.8521003028,-1.0181492095,180.5168578893,-0.7570761779,-1.7752253874,False,9.06
Isa.37.7,הנני נותן בו רוח ושמע שמועה ושב אל ארצו והפלתיו בחרב בארצו,37,142.8182220411,1.2956605474,428.6558806076,0.0663558336,1.362016381,False,78.93
Isa.37.8,וישב רב שקה וימצא את מלך אשור נלחם על לבנה כי שמע כי נסע מלכיש,37,131.8418688196,1.0955708914,1010.1120677125,1.883934896,2.9795057874,False,91.87
Isa.37.9,וישמע על תרהקה מלך כוש לאמר יצא להלחם אתך וישמע וישלח מלאכים אל חזקיהו לאמר,37,47.5409789744,-0.8017680804,397.7021770951,-0.1692331418,-0.9710012222,False,39.27
Isa.37.10,כה תאמרון אל חזקיהו מלך יהודה לאמר אל ישאך אלהיך אשר אתה בוטח בו לאמר לא תנתן יר,37,16.5519554608,-1.3037627758,196.3155254301,-0.5466916865,-1.8504544623,False,7.05
Isa.37.11,הנה אתה שמעת אשר עשו מלכי אשור לכל הארצות להחרימם ואתה תנצל,37,92.6752430617,-0.4957633786,206.8453858161,-0.7415089894,-1.237272368,False,28.43
Isa.37.12,ההצילו אותם אלהי הגוים אשר השחיתו אבותי את גוזן ואת חרן ורצף ובני עדן אשר בתלשר,37,186.1811000615,-0.4420179884,13944.180834503,0.4170628542,-0.024955134200000006,False,58.02
Isa.37.13,איה מלך חמת ומלך ארפד ומלך לעיר ספרוים הנע ועוה,37,4453.9748461063,1.9993199583,30070.4922198934,1.7882792903,3.7875992486000003,False,97.21
Isa.37.14,ויקח חזקיהו את הספרים מיד המלאכים ויקראהו ויעל בית יהוה ויפרשהו חזקיהו לפני יהוה,37,45.6982656586,-0.5251149606,797.0486660393,-0.6928002808,-1.2179152414,False,29.2
Isa.37.15,ויתפלל חזקיהו אל יהוה לאמר,37,115.701297496,-0.4613310177,25.0458600968,-0.5246812757,-0.9860122934,False,38.81
Isa.37.16,יהוה צבאות אלהי ישראל ישב הכרבים אתה הוא האלהים לבדך לכל ממלכות הארץ אתה עשית את,37,12.7179579081,-0.9676751901,35.6057386874,-0.7973261081,-1.7650012982,False,9.45
Isa.37.17,הטה יהוה אזנך ושמע פקח יהוה עינך וראה ושמע את כל דברי סנחריב אשר שלח לחרף אלהים ,37,16.7840629449,-0.8074174252,424.475677322,1.9729839426,1.1655665173999998,False,74.9
Isa.37.18,אמנם יהוה החריבו מלכי אשור את כל הארצות ואת ארצם,37,51.3583368283,1.6169484206,90.2436087854,-0.6399922837,0.9769561368999999,False,72.42
Isa.37.19,ונתן את אלהיהם באש כי לא אלהים המה כי אם מעשה ידי אדם עץ ואבן ויאבדום,37,37.5137920176,0.7109010672,76.8932661163,-0.6694860706,0.04141499660000003,False,59.1
Isa.37.20,ועתה יהוה אלהינו הושיענו מידו וידעו כל ממלכות הארץ כי אתה יהוה לבדך,37,13.3278510461,-1.2045990437,312.6027516374,0.7888157257,-0.415783318,False,52.67
Isa.37.21,וישלח ישעיהו בן אמוץ אל חזקיהו לאמר כה אמר יהוה אלהי ישראל אשר התפללת אלי אל סנח,37,14.8590111266,-0.8501091584,9.6026740773,-1.0336792944,-1.8837884528,False,6.12
Isa.37.22,זה הדבר אשר דבר יהוה עליו בזה לך לעגה לך בתולת בת ציון אחריך ראש הניעה בת ירושלם,37,38.1125892072,-0.3864550049,435.9842943621,-0.4995097125,-0.8859647174,False,41.67
Isa.37.23,את מי חרפת וגדפת ועל מי הרימותה קול ותשא מרום עיניך אל קדוש ישראל,37,92.8466414863,-0.4462307333,960.6860074756,-0.6162395417,-1.062470275,False,35.71
Isa.37.24,ביד עבדיך חרפת אדני ותאמר ברב רכבי אני עליתי מרום הרים ירכתי לבנון ואכרת קומת אר,37,108.0827449707,-0.5320310814,39978.6864504897,-0.1684097195,-0.7004408009,False,47.02
Isa.37.25,אני קרתי ושתיתי מים ואחרב בכף פעמי כל יארי מצור,37,1450.9800269458,1.9774397043,190952.6768290417,1.9644674468,3.9419071511,True,98.99
Isa.37.26,הלוא שמעת למרחוק אותה עשיתי מימי קדם ויצרתיה עתה הבאתיה ותהי להשאות גלים נצים ער,37,273.4297911334,-0.3921278273,27483.8315628521,-0.7726173283,-1.1647451556,False,31.84
Isa.37.27,וישביהן קצרי יד חתו ובשו היו עשב שדה וירק דשא חציר גגות ושדמה לפני קמה,37,269.5739543314,-0.3930193984,14462.4803343179,-0.8255517779,-1.2185711763,False,29.12
Isa.37.28,ושבתך וצאתך ובואך ידעתי ואת התרגזך אלי,37,236.2361237197,0.5007966848,128169.1208632184,1.9723443177,2.4731410025,False,89.31
Isa.37.29,יען התרגזך אלי ושאננך עלה באזני ושמתי חחי באפך ומתגי בשפתיך והשיבתיך בדרך אשר בא,37,94.8385072921,-0.8550723445,10738.8218485966,-0.4738985482,-1.3289708927000001,False,23.7
Isa.37.30,וזה לך האות אכול השנה ספיח ובשנה השנית שחיס ובשנה השלישית זרעו וקצרו ונטעו כרמים,37,112.3225352529,-0.5641599247,3945.0299878934,-0.5600633794,-1.1242233041,False,33.62
Isa.37.31,ויספה פליטת בית יהודה הנשארה שרש למטה ועשה פרי למעלה,37,700.8806715319,1.9866039205,9083.6192710494,0.9181217853,2.9047257058,False,91.71
Isa.37.32,כי מירושלם תצא שארית ופליטה מהר ציון קנאת יהוה צבאות תעשה זאת,37,79.433362359,-0.448261614,3840.1116845265,0.1279880465,-0.32027356749999997,False,53.83
Isa.37.33,לכן כה אמר יהוה אל מלך אשור לא יבוא אל העיר הזאת ולא יורה שם חץ ולא יקדמנה מגן ו,37,25.6980628887,-0.5855341159,178.7688429138,-0.7246966713,-1.3102307872,False,24.71
Isa.37.34,בדרך אשר בא בה ישוב ואל העיר הזאת לא יבוא נאם יהוה,37,50.7558553223,0.3725298509,41.2168912424,-0.5817786672,-0.20924881630000003,False,55.77
Isa.37.35,וגנותי על העיר הזאת להושיעה למעני ולמען דוד עבדי,37,37.6365249463,0.5557148998,387.9066020871,-0.2812008003,0.2745140995,False,62.9
Isa.37.36,ויצא מלאך יהוה ויכה במחנה אשור מאה ושמנים וחמשה אלף וישכימו בבקר והנה כלם פגרים ,37,21.306220271,-1.0577216969,50.2881127788,-0.5507864461,-1.6085081430000001,False,13.63
Isa.37.37,ויסע וילך וישב סנחריב מלך אשור וישב בנינוה,37,20.9176019171,-0.4525451778,2741.0133426441,-0.3648257812,-0.817370959,False,44.0
Isa.37.38,ויהי הוא משתחוה בית נסרך אלהיו ואדרמלך ושראצר בניו הכהו בחרב והמה נמלטו ארץ אררט,37,63.0009229268,1.9168140258,37012.6518021351,1.9948277364,3.9116417622,True,98.68
Isa.38.1,בימים ההם חלה חזקיהו למות ויבוא אליו ישעיהו בן אמוץ הנביא ויאמר אליו כה אמר יהוה,38,5.7535470156,-0.8316477519,3.5356338051,-0.5494871917,-1.3811349436,False,21.77
Isa.38.2,ויסב חזקיהו פניו אל הקיר ויתפלל אל יהוה,38,15.5831702476,-0.2440294168,66.9404778331,-0.4994777751,-0.7435071919,False,46.09
Isa.38.3,ויאמר אנה יהוה זכר נא את אשר התהלכתי לפניך באמת ובלב שלם והטוב בעיניך עשיתי ויבך,38,9.5134154152,-0.5007734582,155.3820880895,1.8255648338,1.3247913755999998,False,77.92
Isa.38.4,ויהי דבר יהוה אל ישעיהו לאמר,38,10.0995194212,-0.5260483329,11.2257883594,-0.7016503752,-1.2276987081,False,28.74
Isa.38.5,הלוך ואמרת אל חזקיהו כה אמר יהוה אלהי דוד אביך שמעתי את תפלתך ראיתי את דמעתך הננ,38,16.9720117306,-0.4625515181,39.4600755646,-0.5374064398,-0.9999579579,False,37.65
Isa.38.6,ומכף מלך אשור אצילך ואת העיר הזאת וגנותי על העיר הזאת,38,293.5153874011,1.9417342244,737.6223266791,1.9816487502,3.9233829746,True,98.76
Isa.38.7,וזה לך האות מאת יהוה אשר יעשה יהוה את הדבר הזה אשר דבר,38,14.5457801867,-0.9864517393,4.259249069,-0.5503643635,-1.5368161028,False,15.88
Isa.38.8,הנני משיב את צל המעלות אשר ירדה במעלות אחז בשמש אחרנית עשר מעלות ותשב השמש עשר מ,38,80.6563290553,-0.6764576823,111.5243448205,-0.8484305548,-1.5248882370999999,False,16.19
Isa.38.9,מכתב לחזקיהו מלך יהודה בחלתו ויחי מחליו,38,234.2355981053,1.2892820696,10861.7615412061,1.1996485042,2.4889305738000003,False,89.47
Isa.38.10,אני אמרתי בדמי ימי אלכה בשערי שאול פקדתי יתר שנותי,38,123.7174475346,-0.6159797825,11106.0289765771,-0.3461382263,-0.9621180088,False,39.58
Isa.38.11,אמרתי לא אראה יה יה בארץ החיים לא אביט אדם עוד עם יושבי חדל,38,202.7156573814,-0.3665295127,797.3291497316,-0.6957924012,-1.0623219139,False,35.79
Isa.38.12,דורי נסע ונגלה מני כאהל רעי קפדתי כארג חיי מדלה יבצעני מיום עד לילה תשלימני,38,881.354393967,1.9742083646,94989.7283605237,1.7355724623,3.7097808269,False,96.75
Isa.38.13,שויתי עד בקר כארי כן ישבר כל עצמותי מיום עד לילה תשלימני,38,103.3898597769,-0.9374903838,8301.8960281547,-0.6320370655,-1.5695274493000002,False,14.56
Isa.38.14,כסוס עגור כן אצפצף אהגה כיונה דלו עיני למרום אדני עשקה לי ערבני,38,227.4241873208,-0.6746030831,51477.3479064424,0.3796234624,-0.29497962069999994,False,54.38
Isa.38.15,מה אדבר ואמר לי והוא עשה אדדה כל שנותי על מר נפשי,38,396.4790095308,1.0587689625,2214.5395627943,-0.9021802271,0.15658873540000007,False,60.96
Isa.38.16,אדני עליהם יחיו ולכל בהן חיי רוחי ותחלימני והחיני,38,420.540029142,1.3280578425,36936.2282450303,0.8402805407,2.1683383832,False,86.99
Isa.38.17,הנה לשלום מר לי מר ואתה חשקת נפשי משחת בלי כי השלכת אחרי גוך כל חטאי,38,183.2411476179,-1.3754458396,2882.2194988278,-0.5054026965,-1.8808485361,False,6.2
Isa.38.18,כי לא שאול תודך מות יהללך לא ישברו יורדי בור אל אמתך,38,224.797767548,-0.2540256472,4569.8862742868,-0.4815712772,-0.7355969244,False,46.24
Isa.38.19,חי חי הוא יודך כמוני היום אב לבנים יודיע אל אמתך,38,332.8759091683,1.7122038663,2211.0594299884,-0.6020316773,1.110172189,False,73.97
Isa.38.20,יהוה להושיעני ונגנותי ננגן כל ימי חיינו על בית יהוה,38,104.242998831,-1.467820165,7947.1082406563,-0.2976212471,-1.7654414121,False,9.37
Isa.38.21,ויאמר ישעיהו ישאו דבלת תאנים וימרחו על השחין ויחי,38,176.5599146106,-0.636208045,56713.2388664107,1.9844749324,1.3482668874,False,78.54
Isa.38.22,ויאמר חזקיהו מה אות כי אעלה בית יהוה,38,232.2261003936,0.6724071106,86.0951457613,-0.6021712231,0.07023588749999998,False,59.41
Isa.39.1,בעת ההוא שלח מרדך בלאדן בן בלאדן מלך בבל ספרים ומנחה אל חזקיהו וישמע כי חלה ויחז,39,299.5831778259,1.3510056262,1305.8007131132,-0.4612500658,0.8897555604,False,71.11
Isa.39.2,וישמח עליהם חזקיהו ויראם את בית נכתה נכתו את הכסף ואת הזהב ואת הבשמים ואת השמן ה,39,51.0332304186,-0.7071669324,339.927030328,-0.1120291708,-0.8191961031999999,False,43.92
Isa.39.3,ויבא ישעיהו הנביא אל המלך חזקיהו ויאמר אליו מה אמרו האנשים האלה ומאין יבאו אליך ,39,18.2108634458,-0.7345602443,10.9375832521,-0.7728370465,-1.5073972908,False,17.12
Isa.39.4,ויאמר מה ראו בביתך ויאמר חזקיהו את כל אשר בביתי ראו לא היה דבר אשר לא הראיתים בא,39,53.4917519817,0.9486468027,220.3220689862,0.1777345295,1.1263813322,False,74.44
Isa.39.5,ויאמר ישעיהו אל חזקיהו שמע דבר יהוה צבאות,39,48.7914747188,0.8050554648,26.9261329582,-0.6273463279,0.1777091369,False,61.5
Isa.39.6,הנה ימים באים ונשא כל אשר בביתך ואשר אצרו אבתיך עד היום הזה בבל לא יותר דבר אמר ,39,31.1452446951,-1.3726437907,369.2398938573,-0.2879523414,-1.6605961321,False,12.01
Isa.39.7,ומבניך אשר יצאו ממך אשר תוליד יקחו והיו סריסים בהיכל מלך בבל,39,41.2727389249,-0.3363672806,2597.9614570462,1.982159263,1.6457919824,False,83.42
Isa.39.8,ויאמר חזקיהו אל ישעיהו טוב דבר יהוה אשר דברת ויאמר כי יהיה שלום ואמת בימי,39,36.4927325475,-0.6692987133,44.3368938848,-0.6589354885,-1.3282342018,False,23.86
Isa.40.1,נחמו נחמו עמי יאמר אלהיכם,40,73.6966098307,1.889490876,4.9571850339,-0.776117603,1.113373273,False,74.05
Isa.40.2,דברו על לב ירושלם וקראו אליה כי מלאה צבאה כי נרצה עונה כי לקחה מיד יהוה כפלים בכ,40,49.8033379236,0.1731774909,403.3530275026,-0.6845326121,-0.5113551212,False,51.74
Isa.40.3,קול קורא במדבר פנו דרך יהוה ישרו בערבה מסלה לאלהינו,40,39.3684530402,-0.2795054864,6208.3455945336,0.3973242929,0.11781880649999998,False,60.26
Isa.40.4,כל גיא ינשא וכל הר וגבעה ישפלו והיה העקב למישור והרכסים לבקעה,40,37.5464159644,-0.4152107721,13739.9436855308,1.804536583,1.3893258109,False,79.71
Isa.40.5,ונגלה כבוד יהוה וראו כל בשר יחדו כי פי יהוה דבר,40,20.7760243895,-1.2709801513,1.5590504185,-0.7727338363,-2.0437139876000003,False,3.41
Isa.40.6,קול אמר קרא ואמר מה אקרא כל הבשר חציר וכל חסדו כציץ השדה,40,83.5372774491,1.3309044524,621.2015376786,-0.4186574388,0.9122470136,False,71.34
Isa.40.7,יבש חציר נבל ציץ כי רוח יהוה נשבה בו אכן חציר העם,40,75.9084021154,1.0055760201,66.0976486873,-0.6712918833,0.3342841367999999,False,63.59
Isa.40.8,יבש חציר נבל ציץ ודבר אלהינו יקום לעולם,40,21.5030261004,-1.1883387157,39.4173025554,-0.7395706124,-1.9279093281000002,False,5.03
Isa.40.9,על הר גבה עלי לך מבשרת ציון הרימי בכח קולך מבשרת ירושלם הרימי אל תיראי אמרי לערי,40,45.0933871357,-0.8153233799,1366.3849038215,-0.502760962,-1.3180843419000001,False,24.4
Isa.40.10,הנה אדני יהוה בחזק יבוא וזרעו משלה לו הנה שכרו אתו ופעלתו לפניו,40,159.4958888272,0.8394600612,5089.0936658323,-0.4787119167,0.36074814450000003,False,64.21
Isa.40.11,כרעה עדרו ירעה בזרעו יקבץ טלאים ובחיקו ישא עלות ינהל,40,189.5384133502,1.3860746437,241549.9037000294,1.9995455674,3.3856202111,False,93.96
Isa.40.12,מי מדד בשעלו מים ושמים בזרת תכן וכל בשלש עפר הארץ ושקל בפלס הרים וגבעות במאזנים,40,111.6502936899,-0.1677903764,5785.883194645,-0.5557143808,-0.7235047572,False,46.63
Isa.40.13,מי תכן את רוח יהוה ואיש עצתו יודיענו,40,79.190791832,-0.812213646,546.0756295075,-0.6273097665,-1.4395234125,False,19.6
Isa.40.14,את מי נועץ ויבינהו וילמדהו בארח משפט וילמדהו דעת ודרך תבונות יודיענו,40,59.1826200318,-0.5625559027,33918.2759380828,1.9189794261,1.3564235234,False,78.7
Isa.40.15,הן גוים כמר מדלי וכשחק מאזנים נחשבו הן איים כדק יטול,40,261.0398158742,-0.3604991588,10338.5693234716,0.0552602787,-0.3052388801,False,54.07
Isa.40.16,ולבנון אין די בער וחיתו אין די עולה,40,2816.2593885286,1.9947484975,1670.8056379569,-0.6352654803,1.3594830172,False,78.78
Isa.40.17,כל הגוים כאין נגדו מאפס ותהו נחשבו לו,40,45.0202100735,-0.7202978609,1726.8901504595,-0.5174680516,-1.2377659125,False,28.27
Isa.40.18,ואל מי תדמיון אל ומה דמות תערכו לו,40,161.6297256381,-0.591051705,752.2483369924,-0.529111524,-1.120163229,False,33.69
Isa.40.19,הפסל נסך חרש וצרף בזהב ירקענו ורתקות כסף צורף,40,666.7560521507,1.9441164554,270654.8841018116,1.9985747275,3.9426911829,True,99.07
Isa.40.20,המסכן תרומה עץ לא ירקב יבחר חרש חכם יבקש לו להכין פסל לא ימוט,40,196.1096861024,-0.6436272182,11435.703648623,-0.5751319996,-1.2187592178000002,False,29.05
Isa.40.21,הלוא תדעו הלוא תשמעו הלוא הגד מראש לכם הלוא הבינתם מוסדות הארץ,40,157.4609354609,-1.0731687731,707.3488775296,-1.0281968318,-2.1013656049,False,2.63
Isa.40.22,הישב על חוג הארץ וישביה כחגבים הנוטה כדק שמים וימתחם כאהל לשבת,40,447.1767412797,0.105960654,70492.9966731583,0.0384425715,0.1444032255,False,60.73
Isa.40.23,הנותן רוזנים לאין שפטי ארץ כתהו עשה,40,1000.4150303552,1.8797149273,249579.2945792242,1.9261213313,3.8058362586000003,False,97.44
Isa.40.24,אף בל נטעו אף בל זרעו אף בל שרש בארץ גזעם וגם נשף בהם ויבשו וסערה כקש תשאם,40,270.7758020192,-0.4849538863,2003.8116150034,-0.7024649193,-1.1874188056000001,False,30.6
Isa.40.25,ואל מי תדמיוני ואשוה יאמר קדוש,40,387.6923957289,-0.1480726313,18811.37092276,-0.449965926,-0.5980385573,False,49.73
Isa.40.26,שאו מרום עיניכם וראו מי ברא אלה המוציא במספר צבאם לכלם בשם יקרא מרב אונים ואמיץ ,40,26.4624008025,-1.1237055337,14.6353006729,-0.7964236129,-1.9201291466,False,5.27
Isa.40.27,למה תאמר יעקב ותדבר ישראל נסתרה דרכי מיהוה ומאלהי משפטי יעבור,40,491.6496178848,1.3704535667,37324.3297055072,1.4206377387,2.7910913054,False,91.01
Isa.40.28,הלוא ידעת אם לא שמעת אלהי עולם יהוה בורא קצות הארץ לא ייעף ולא ייגע אין חקר לתבו,40,20.8794452053,-0.9900827216,182.799347857,-0.5651172109,-1.5551999324999999,False,15.34
Isa.40.29,נתן ליעף כח ולאין אונים עצמה ירבה,40,236.8776118344,-0.2640988819,26263.9536954671,-0.4606397684,-0.7247386503,False,46.55
Isa.40.30,ויעפו נערים ויגעו ובחורים כשול יכשלו,40,798.5632066441,1.8192022484,611450.2053327595,1.9952636742,3.8144659226,False,97.6
Isa.40.31,וקוי יהוה יחליפו כח יעלו אבר כנשרים ירוצו ולא ייגעו ילכו ולא ייעפו,40,28.117721391,-0.9452432277,4578.7176332868,-0.5714918658,-1.5167350935,False,16.73
Isa.41.1,החרישו אלי איים ולאמים יחליפו כח יגשו אז ידברו יחדו למשפט נקרבה,41,324.879369073,-0.175849516,45815.9108506674,-0.392229974,-0.56807949,False,50.35
Isa.41.2,מי העיר ממזרח צדק יקראהו לרגלו יתן לפניו גוים ומלכים ירד יתן כעפר חרבו כקש נדף ק,41,61.2266491645,-1.0256370405,10113.7964811053,-0.4891324165,-1.5147694569999999,False,16.89
Isa.41.3,ירדפם יעבור שלום ארח ברגליו לא יבוא,41,689.5027515468,1.4624127077,21523.1612457418,-0.4814953165,0.9809173912,False,72.5
Isa.41.4,מי פעל ועשה קרא הדרות מראש אני יהוה ראשון ואת אחרנים אני הוא,41,507.5766004704,0.7210785786,5982.3291583567,-0.5433713133,0.17770726530000003,False,61.43
Isa.41.5,ראו איים וייראו קצות הארץ יחרדו קרבו ויאתיון,41,335.2129260868,-0.0890296977,197950.9678530958,1.9914046534,1.9023749557,False,85.52
Isa.41.6,איש את רעהו יעזרו ולאחיו יאמר חזק,41,17.9715232177,-1.3008386402,98.8673073152,-0.5448438732,-1.8456825134000001,False,7.28
Isa.41.7,ויחזק חרש את צרף מחליק פטיש את הולם פעם אמר לדבק טוב הוא ויחזקהו במסמרים לא ימוט,41,228.3197439249,0.6820852876,7276.1860675449,-0.5022115581,0.17987372950000002,False,61.66
Isa.41.8,ואתה ישראל עבדי יעקב אשר בחרתיך זרע אברהם אהבי,41,113.0334758156,0.3476243888,1087.820914632,-0.6415514564,-0.2939270676,False,54.45
Isa.41.9,אשר החזקתיך מקצות הארץ ומאציליה קראתיך ואמר לך עבדי אתה בחרתיך ולא מאסתיך,41,39.5838898138,-0.8609770377,22130.9620260891,1.615306378,0.7543293403000001,False,69.17
Isa.41.10,אל תירא כי עמך אני אל תשתע כי אני אלהיך אמצתיך אף עזרתיך אף תמכתיך בימין צדקי,41,29.4836054685,-1.3301491672,1358.241265616,-0.7755488286,-2.1056979958,False,2.48
Isa.41.11,הן יבשו ויכלמו כל הנחרים בך יהיו כאין ויאבדו אנשי ריבך,41,93.690349794,0.804119351,14032.1720076802,0.6960341331,1.5001534841,False,81.41
Isa.41.12,תבקשם ולא תמצאם אנשי מצתך יהיו כאין וכאפס אנשי מלחמתך,41,116.1975707905,1.4807529437,1530.9357629411,-0.5852214283,0.8955315154,False,71.19
Isa.41.13,כי אני יהוה אלהיך מחזיק ימינך האמר לך אל תירא אני עזרתיך,41,57.6179940237,-0.7022761573,1292.7580665549,-0.5837729491,-1.2860491064000001,False,26.03
Isa.41.14,אל תיראי תולעת יעקב מתי ישראל אני עזרתיך נאם יהוה וגאלך קדוש ישראל,41,59.7851255359,-0.5794530446,3792.6085922004,-0.7532386181,-1.3326916627,False,23.55
Isa.41.15,הנה שמתיך למורג חרוץ חדש בעל פיפיות תדוש הרים ותדק וגבעות כמץ תשים,41,362.65195927,1.9836668182,116388.5862023385,1.6089406126,3.5926074308000002,False,95.51
Isa.41.16,תזרם ורוח תשאם וסערה תפיץ אותם ואתה תגיל ביהוה בקדוש ישראל תתהלל,41,48.3001991677,-0.9052719572,75883.6944449073,0.7436779841,-0.1615939731,False,56.31
Isa.41.17,העניים והאביונים מבקשים מים ואין לשונם בצמא נשתה אני יהוה אענם אלהי ישראל לא אעז,41,93.515075067,-0.4596012857,7260.0696359263,-0.7004501532,-1.1600514389,False,31.91
Isa.41.18,אפתח על שפיים נהרות ובתוך בקעות מעינות אשים מדבר לאגם מים וארץ ציה למוצאי מים,41,217.6236512475,1.8471657676,2340.2671950586,-0.5083897307,1.3387760369,False,78.16
Isa.41.19,אתן במדבר ארז שטה והדס ועץ שמן אשים בערבה ברוש תדהר ותאשור יחדו,41,31.3876639382,-1.0424794677,172.628405841,-0.8630998623,-1.9055793300000001,False,5.5
Isa.41.20,למען יראו וידעו וישימו וישכילו יחדו כי יד יהוה עשתה זאת וקדוש ישראל בראה,41,95.3103532237,-0.7835214817,785.8135729045,-0.6726788679,-1.4562003496,False,19.13
Isa.41.21,קרבו ריבכם יאמר יהוה הגישו עצמותיכם יאמר מלך יעקב,41,397.8463456609,1.6808391827,16448.6667827596,-0.5082553649,1.1725838178,False,75.06
Isa.41.22,יגישו ויגידו לנו את אשר תקרינה הראשנות מה הנה הגידו ונשימה לבנו ונדעה אחריתן או ,41,228.2782677129,0.1154047091,56788.6240825482,-0.0423482035,0.0730565056,False,59.57
Isa.41.23,הגידו האתיות לאחור ונדעה כי אלהים אתם אף תיטיבו ותרעו ונשתעה ונרא ונראה יחדו,41,181.2550070888,-0.6931370052,190584.3466897676,1.9552677877,1.2621307824999999,False,76.76
Isa.41.24,הן אתם מאין ופעלכם מאפע תועבה יבחר בכם,41,180.8701152956,-0.5848904773,33744.7714015366,-0.4128237448,-0.9977142220999999,False,37.72
Isa.41.25,העירותי מצפון ויאת ממזרח שמש יקרא בשמי ויבא סגנים כמו חמר וכמו יוצר ירמס טיט,41,1006.5296722596,1.9674857037,23916.5327730565,-0.462850385,1.5046353187000001,False,81.72
Isa.41.26,מי הגיד מראש ונדעה ומלפנים ונאמר צדיק אף אין מגיד אף אין משמיע אף אין שמע אמריכם,41,243.7617957719,-0.8092853781,1906.0612878642,-1.9163864237,-2.7256718018,False,0.08
Isa.41.27,ראשון לציון הנה הנם ולירושלם מבשר אתן,41,334.8339952491,-1.0273894173,27638.8787986817,0.3824177912,-0.6449716261,False,48.49
Isa.41.28,וארא ואין איש ומאלה ואין יועץ ואשאלם וישיבו דבר,41,749.8613371701,0.8672309635,27771.70344169,0.5594299577,1.4266609211999999,False,80.09
Isa.41.29,הן כלם און אפס מעשיהם רוח ותהו נסכיהם,41,936.3876732333,1.509526668,35309.3602905872,1.1562804986,2.6658071665999996,False,90.55
Isa.42.1,הן עבדי אתמך בו בחירי רצתה נפשי נתתי רוחי עליו משפט לגוים יוציא,42,228.3112521184,-1.1065736377,12333.1666435704,-0.2997977314,-1.4063713691,False,20.45
Isa.42.2,לא יצעק ולא ישא ולא ישמיע בחוץ קולו,42,237.0108197388,-0.8427142964,107.4229507737,-1.1837139576,-2.026428254,False,3.72
Isa.42.3,קנה רצוץ לא ישבור ופשתה כהה לא יכבנה לאמת יוציא משפט,42,535.4378746246,1.679523717,5997.0568886791,-0.4221749113,1.2573488057,False,76.45
Isa.42.4,לא יכהה ולא ירוץ עד ישים בארץ משפט ולתורתו איים ייחילו,42,357.2655992808,0.571724956,18432.388330638,1.8546547229,2.4263796789,False,89.16
Isa.42.5,כה אמר האל יהוה בורא השמים ונוטיהם רקע הארץ וצאצאיה נתן נשמה לעם עליה ורוח להלכי,42,110.2493877237,-0.6443129761,6292.0148962295,-0.7515661014,-1.3958790775,False,21.15
Isa.42.6,אני יהוה קראתיך בצדק ואחזק בידך ואצרך ואתנך לברית עם לאור גוים,42,41.5168055811,-0.826629185,5375.3966899598,-1.1020472595,-1.9286764445,False,4.96
Isa.42.7,לפקח עינים עורות להוציא ממסגר אסיר מבית כלא ישבי חשך,42,108.114445408,-0.2751826038,20321.4501049673,1.6633445201,1.3881619162999999,False,79.55
Isa.42.8,אני יהוה הוא שמי וכבודי לאחר לא אתן ותהלתי לפסילים,42,61.3308476032,-0.6368026434,10384.5213322377,-0.0473110716,-0.6841137150000001,False,47.25
Isa.42.9,הראשנות הנה באו וחדשות אני מגיד בטרם תצמחנה אשמיע אתכם,42,397.9916884704,0.4285387823,13849.8594821455,-0.355975568,0.07256321429999996,False,59.49
Isa.42.10,שירו ליהוה שיר חדש תהלתו מקצה הארץ יורדי הים ומלאו איים וישביהם,42,110.9564649327,-0.7183473222,3425.8268408792,-0.9715040579,-1.6898513801,False,11.15
Isa.42.11,ישאו מדבר ועריו חצרים תשב קדר ירנו ישבי סלע מראש הרים יצוחו,42,751.3208926063,1.7734888775,50043.7802165453,0.6274570806,2.4009459581,False,89.0
Isa.42.12,ישימו ליהוה כבוד ותהלתו באיים יגידו,42,152.5545998747,-0.6568824947,78515.0936945616,-0.3528476785,-1.0097301732,False,37.1
Isa.42.13,יהוה כגבור יצא כאיש מלחמות יעיר קנאה יריע אף יצריח על איביו יתגבר,42,42.1285139337,-1.0818104033,17355.7951850627,-0.6502004119,-1.7320108152,False,10.46
Isa.42.14,החשיתי מעולם אחריש אתאפק כיולדה אפעה אשם ואשאף יחד,42,1283.7757575534,0.663710809,744156.7717437259,1.987723238,2.651434047,False,90.47
Isa.42.15,אחריב הרים וגבעות וכל עשבם אוביש ושמתי נהרות לאיים ואגמים אוביש,42,2101.3210211162,1.6596327753,91160.4213876443,-0.5659805965,1.0936521788,False,73.74
Isa.42.16,והולכתי עורים בדרך לא ידעו בנתיבות לא ידעו אדריכם אשים מחשך לפניהם לאור ומעקשים ,42,112.9657994905,-0.8738607492,15408.397935223,-0.9084575302,-1.7823182794,False,8.99
Isa.42.17,נסגו אחור יבשו בשת הבטחים בפסל האמרים למסכה אתם אלהינו,42,386.3137179888,-0.2867007263,384904.9882989426,1.9392315098,1.6525307835,False,83.58
Isa.42.18,החרשים שמעו והעורים הביטו לראות,42,99.3821301718,-1.1471012642,78884.9735175442,-0.1261670732,-1.2732683374,False,26.8
Isa.42.19,מי עור כי אם עבדי וחרש כמלאכי אשלח מי עור כמשלם ועור כעבד יהוה,42,317.1543128659,0.7967974097,4145.2205872739,-0.6078946954,0.18890271430000005,False,61.97
Isa.42.20,ראית ראות רבות ולא תשמר פקוח אזנים ולא ישמע,42,223.9010779622,0.2696123789,3469.6636412163,-0.7532843245,-0.48367194560000004,False,52.05
Isa.42.21,יהוה חפץ למען צדקו יגדיל תורה ויאדיר,42,110.4244829212,-1.252386565,46.7632801583,-0.6283158465,-1.8807024115,False,6.27
Isa.42.22,והוא עם בזוז ושסוי הפח בחורים כלם ובבתי כלאים החבאו היו לבז ואין מציל משסה ואין ,42,255.0973023065,0.0523163045,50395.2836822369,-0.1528135381,-0.10049723360000001,False,56.93
Isa.42.23,מי בכם יאזין זאת יקשב וישמע לאחור,42,543.4355776455,1.8799770375,276367.1873686379,1.969592536,3.8495695735,False,97.99
Isa.42.24,מי נתן למשוסה למשסה יעקב וישראל לבזזים הלוא יהוה זו חטאנו לו ולא אבו בדרכיו הלוך,42,100.6880065097,-0.7567133639,3073.577586811,-0.6040445118,-1.3607578757,False,22.85
Isa.42.25,וישפך עליו חמה אפו ועזוז מלחמה ותלהטהו מסביב ולא ידע ותבער בו ולא ישים על לב,42,103.9545020743,-0.4157807405,5834.146117485,-0.4966119829,-0.9123927234,False,40.9
Isa.43.1,ועתה כה אמר יהוה בראך יעקב ויצרך ישראל אל תירא כי גאלתיך קראתי בשמך לי אתה,43,134.6165725888,1.2898014067,394.3400395498,-1.1080921429,0.1817092638000002,False,61.74
Isa.43.2,כי תעבר במים אתך אני ובנהרות לא ישטפוך כי תלך במו אש לא תכוה ולהבה לא תבער בך,43,21.8044375062,-1.3970391062,12720.5544826822,1.6482406715,0.25120156529999993,False,62.51
Isa.43.3,כי אני יהוה אלהיך קדוש ישראל מושיעך נתתי כפרך מצרים כוש וסבא תחתיך,43,54.3616333691,-0.4568827362,3235.5987721377,-0.3318655872,-0.7887483233999999,False,45.08
Isa.43.4,מאשר יקרת בעיני נכבדת ואני אהבתיך ואתן אדם תחתיך ולאמים תחת נפשך,43,172.822749928,1.0769308911,7274.4165036044,-0.2571584316,0.8197724595,False,69.95
Isa.43.5,אל תירא כי אתך אני ממזרח אביא זרעך וממערב אקבצך,43,26.9247644454,-0.8357870363,353.2789734059,-0.953802575,-1.7895896112999998,False,8.68
Isa.43.6,אמר לצפון תני ולתימן אל תכלאי הביאי בני מרחוק ובנותי מקצה הארץ,43,191.9132336212,-0.3670989603,23142.1612138835,-0.299642835,-0.6667417953,False,47.79
Isa.43.7,כל הנקרא בשמי ולכבודי בראתיו יצרתיו אף עשיתיו,43,8.0202817542,-0.617896011,5691.4886190919,-0.6337859236,-1.2516819346,False,27.73
Isa.43.8,הוציא עם עור ועינים יש וחרשים ואזנים למו,43,1857.3880720842,1.9905886654,185661.8621108715,1.9712461858,3.9618348512,True,99.23
Isa.43.9,כל הגוים נקבצו יחדו ויאספו לאמים מי בהם יגיד זאת וראשנות ישמיענו יתנו עדיהם ויצד,43,146.4497571473,-0.3862019035,32508.4511888361,-0.1795334397,-0.5657353432,False,50.43
Isa.43.10,אתם עדי נאם יהוה ועבדי אשר בחרתי למען תדעו ותאמינו לי ותבינו כי אני הוא לפני לא ,43,32.0910720378,-0.5534312221,70.7082993694,-0.6254656651,-1.1788968872,False,30.98
Isa.43.11,אנכי אנכי יהוה ואין מבלעדי מושיע,43,75.3559366522,-0.4710692731,2480.6376894317,-0.7421199357,-1.2131892088,False,29.51
Isa.43.12,אנכי הגדתי והושעתי והשמעתי ואין בכם זר ואתם עדי נאם יהוה ואני אל,43,29.9472549501,-0.6128833838,3079.0574624765,-0.6939907907,-1.3068741744999999,False,24.79
Isa.43.13,גם מיום אני הוא ואין מידי מציל אפעל ומי ישיבנה,43,615.6833751734,1.9781983427,22384.8618894521,0.7269638903,2.7051622330000002,False,90.78
Isa.43.14,כה אמר יהוה גאלכם קדוש ישראל למענכם שלחתי בבלה והורדתי בריחים כלם וכשדים באניות ,43,86.271682139,-0.4997985048,33771.584762648,1.6068452246,1.1070467198,False,73.9
Isa.43.15,אני יהוה קדושכם בורא ישראל מלככם,43,130.1432974276,-0.6817201706,3912.4858024935,-0.6897237537,-1.3714439243,False,22.31
Isa.43.16,כה אמר יהוה הנותן בים דרך ובמים עזים נתיבה,43,103.6262772767,-0.7496726015,379.1429152585,-0.9297482073,-1.6794208088,False,11.46
Isa.43.17,המוציא רכב וסוס חיל ועזוז יחדו ישכבו בל יקומו דעכו כפשתה כבו,43,450.5202656869,-0.0066520212,150351.2209828403,0.831038973,0.8243869518,False,70.33
Isa.43.18,אל תזכרו ראשנות וקדמניות אל תתבננו,43,839.1727874588,1.2742782474,213319.0301720212,1.5490485763,2.8233268237,False,91.4
Isa.43.19,הנני עשה חדשה עתה תצמח הלוא תדעוה אף אשים במדבר דרך בישמון נהרות,43,739.1978028167,0.8829274431,18983.2028781903,-0.6870638998,0.1958635433,False,62.04
Isa.43.20,תכבדני חית השדה תנים ובנות יענה כי נתתי במדבר מים נהרות בישימן להשקות עמי בחירי,43,395.7276578934,-0.2393427409,5136.8066749694,-0.5266735301,-0.7660162709999999,False,45.7
Isa.43.21,עם זו יצרתי לי תהלתי יספרו,43,70.7711469946,-1.1628228137,5182.4275061166,-0.594414978,-1.7572377917000002,False,9.76
Isa.43.22,ולא אתי קראת יעקב כי יגעת בי ישראל,43,276.7989671832,0.5702412294,519.8808739064,-0.9303979394,-0.36015671000000005,False,53.29
Isa.43.23,לא הביאת לי שה עלתיך וזבחיך לא כבדתני לא העבדתיך במנחה ולא הוגעתיך בלבונה,43,196.0744351017,0.6401418611,50767.776872185,1.035887649,1.6760295101,False,83.97
Isa.43.24,לא קנית לי בכסף קנה וחלב זבחיך לא הרויתני אך העבדתני בחטאותיך הוגעתני בעונתיך,43,111.5721661728,-0.6546884407,59937.2230303002,-0.3388775214,-0.9935659620999999,False,38.11
Isa.43.25,אנכי אנכי הוא מחה פשעיך למעני וחטאתיך לא אזכר,43,65.3159596875,-0.8867710492,4502.4489622822,-0.6341291124,-1.5209001616000002,False,16.58
Isa.43.26,הזכירני נשפטה יחד ספר אתה למען תצדק,43,890.7048969904,0.3003859838,517632.7454130893,1.9107934059,2.2111793897,False,87.37
Isa.43.27,אביך הראשון חטא ומליציך פשעו בי,43,1399.4225205983,1.2464085981,10229.3779836621,-0.6472187287,0.5991898694,False,67.16
Isa.43.28,ואחלל שרי קדש ואתנה לחרם יעקב וישראל לגדופים,43,1166.8829770875,0.8002227126,162486.6104884199,0.1184221894,0.918644902,False,71.42
Isa.44.1,ועתה שמע יעקב עבדי וישראל בחרתי בו,44,225.6187453378,-0.6048366301,81.7433432319,-0.5831593152,-1.1879959453,False,30.52
Isa.44.2,כה אמר יהוה עשך ויצרך מבטן יעזרך אל תירא עבדי יעקב וישרון בחרתי בו,44,57.2114675651,-0.6997959661,4182.8629189976,-0.8062982789,-1.506094245,False,17.35
Isa.44.3,כי אצק מים על צמא ונזלים על יבשה אצק רוחי על זרעך וברכתי על צאצאיך,44,43.6239847947,-1.0754777503,6945.2064453959,-0.4465088334,-1.5219865837,False,16.34
Isa.44.4,וצמחו בבין חציר כערבים על יבלי מים,44,253.6384055931,1.9012936485,191422.6060824387,1.9989063221,3.9001999706,True,98.53
Isa.44.5,זה יאמר ליהוה אני וזה יקרא בשם יעקב וזה יכתב ידו ליהוה ובשם ישראל יכנה,44,104.3852576471,-0.3448170647,513.7212158802,-0.6652816986,-1.0100987633,False,37.03
Isa.44.6,כה אמר יהוה מלך ישראל וגאלו יהוה צבאות אני ראשון ואני אחרון ומבלעדי אין אלהים,44,28.1323595674,-1.2665879155,177.5346782311,-0.679403136,-1.9459910515,False,4.65
Isa.44.7,ומי כמוני יקרא ויגידה ויערכה לי משומי עם עולם ואתיות ואשר תבאנה יגידו למו,44,269.0415420121,1.1787290022,47002.2862501013,1.9643695692,3.1430985714000004,False,92.56
Isa.44.8,אל תפחדו ואל תרהו הלא מאז השמעתיך והגדתי ואתם עדי היש אלוה מבלעדי ואין צור בל יד,44,89.5450559153,-0.8821487192,9465.6460710389,-0.2378722568,-1.120020976,False,33.77
Isa.44.9,יצרי פסל כלם תהו וחמודיהם בל יועילו ועדיהם המה בל יראו ובל ידעו למען יבשו,44,269.9451844541,0.1985270213,2283.4369547034,-0.9780071031,-0.7794800818000001,False,45.47
Isa.44.10,מי יצר אל ופסל נסך לבלתי הועיל,44,449.7512055766,1.2613619293,8754.3869684864,-0.5676181933,0.693743736,False,68.09
Isa.44.11,הן כל חבריו יבשו וחרשים המה מאדם יתקבצו כלם יעמדו יפחדו יבשו יחד,44,148.5942255652,-0.8773346815,21490.2614623867,0.5565265618,-0.3208081197,False,53.76
Isa.44.12,חרש ברזל מעצד ופעל בפחם ובמקבות יצרהו ויפעלהו בזרוע כחו גם רעב ואין כח לא שתה מי,44,406.7468935012,0.783930154,30604.9480145282,1.6242443557,2.4081745097,False,89.08
Isa.44.13,חרש עצים נטה קו יתארהו בשרד יעשהו במקצעות ובמחוגה יתארהו ויעשהו כתבנית איש כתפאר,44,86.4647918872,-1.2837139158,16914.5952470536,-0.637220047,-1.9209339628,False,5.19
Isa.44.14,לכרת לו ארזים ויקח תרזה ואלון ויאמץ לו בעצי יער נטע אר וגשם יגדל,44,369.2418378734,1.0047652529,9609.6484613189,-0.8507416473,0.15402360559999995,False,60.88
Isa.44.15,והיה לאדם לבער ויקח מהם ויחם אף ישיק ואפה לחם אף יפעל אל וישתחו עשהו פסל ויסגד ל,44,216.8493434727,0.3176000786,36221.6438420894,1.4979120773,1.8155121559,False,84.97
Isa.44.16,חציו שרף במו אש על חציו בשר יאכל יצלה צלי וישבע אף יחם ויאמר האח חמותי ראיתי אור,44,108.4504216414,-0.7941860148,5321.5473575984,-0.7604437508,-1.5546297656,False,15.49
Isa.44.17,ושאריתו לאל עשה לפסלו יסגוד יסגד לו וישתחו ויתפלל אליו ויאמר הצילני כי אלי אתה,44,140.5103997468,0.2762640007,27619.4811586714,0.8930233058,1.1692873065,False,74.98
Isa.44.18,לא ידעו ולא יבינו כי טח מראות עיניהם מהשכיל לבתם,44,102.5567591662,-0.454534589,198.0202301945,-0.8699535239,-1.3244881129000001,False,24.01
Isa.44.19,ולא ישיב אל לבו ולא דעת ולא תבונה לאמר חציו שרפתי במו אש ואף אפיתי על גחליו לחם ,44,62.9532055699,-1.4190509388,4708.9834948107,-0.3430597074,-1.7621106462,False,9.6
Isa.44.20,רעה אפר לב הותל הטהו ולא יציל את נפשו ולא יאמר הלוא שקר בימיני,44,210.3800331609,1.230903925,5280.4450318653,-0.2577917599,0.9731121651000001,False,72.35
Isa.44.21,זכר אלה יעקב וישראל כי עבדי אתה יצרתיך עבד לי אתה ישראל לא תנשני,44,204.9357849234,0.7179820388,2745.7244122656,-0.6970503331,0.020931705700000025,False,58.95
Isa.44.22,מחיתי כעב פשעיך וכענן חטאותיך שובה אלי כי גאלתיך,44,56.7273606337,-1.9888644953,24845.2348999537,1.9783530532,-0.010511442100000101,False,58.33
Isa.44.23,רנו שמים כי עשה יהוה הריעו תחתיות ארץ פצחו הרים רנה יער וכל עץ בו כי גאל יהוה יע,44,221.0963702523,0.0040329981,4825.5475354847,-0.5937733244,-0.5897403263,False,49.88
Isa.44.24,כה אמר יהוה גאלך ויצרך מבטן אנכי יהוה עשה כל נטה שמים לבדי רקע הארץ מי אתי מאתי,44,202.1482715609,-0.2162370908,1910.3914879493,-0.935003601,-1.1512406918,False,32.46
Isa.44.25,מפר אתות בדים וקסמים יהולל משיב חכמים אחור ודעתם ישכל,44,418.2484324747,1.1241988304,92049.493608835,-0.4762974677,0.6479013626999999,False,67.31
Isa.44.26,מקים דבר עבדו ועצת מלאכיו ישלים האמר לירושלם תושב ולערי יהודה תבנינה וחרבותיה אק,44,237.0423531791,-0.3295975705,139161.4399413934,-0.4625052529,-0.7921028234,False,45.0
Isa.44.27,האמר לצולה חרבי ונהרתיך אוביש,44,436.9606058698,1.2225338538,3543422.030931395,1.9989364752,3.2214703289999997,False,93.03
Isa.44.28,האמר לכורש רעי וכל חפצי ישלם ולאמר לירושלם תבנה והיכל תוסד,44,103.0819469042,-1.0071316472,117671.8604619329,-0.4744884699,-1.4816201171,False,18.44
Isa.45.1,כה אמר יהוה למשיחו לכורש אשר החזקתי בימינו לרד לפניו גוים ומתני מלכים אפתח לפתח ,45,118.1524237114,-0.5999463786,6449.9417594351,-0.5294481958,-1.1293945744,False,33.23
Isa.45.2,אני לפניך אלך והדורים אושר אישר דלתות נחושה אשבר ובריחי ברזל אגדע,45,221.7198994864,1.8832637459,67576.3969616086,0.5878303162,2.4710940620999997,False,89.23
Isa.45.3,ונתתי לך אוצרות חשך ומטמני מסתרים למען תדע כי אני יהוה הקורא בשמך אלהי ישראל,45,97.5764820043,-0.1549651713,197.5686704258,-0.696904589,-0.8518697603,False,42.91
Isa.45.4,למען עבדי יעקב וישראל בחירי ואקרא לך בשמך אכנך ולא ידעתני,45,63.015945308,-0.5698337896,13089.6972227572,-0.1328786422,-0.7027124318,False,46.94
Isa.45.5,אני יהוה ואין עוד זולתי אין אלהים אאזרך ולא ידעתני,45,36.7228361473,-0.6840068809,1766.2174337537,-0.2483288821,-0.932335763,False,40.2
Isa.45.6,למען ידעו ממזרח שמש וממערבה כי אפס בלעדי אני יהוה ואין עוד,45,79.0626965685,1.0088505958,75.0659708338,-0.6528401975,0.35601039830000003,False,64.14
Isa.45.7,יוצר אור ובורא חשך עשה שלום ובורא רע אני יהוה עשה כל אלה,45,11.5117301385,-1.0293192914,2.3518092259,-0.5350012577,-1.5643205491,False,14.95
Isa.45.8,הרעיפו שמים ממעל ושחקים יזלו צדק תפתח ארץ ויפרו ישע וצדקה תצמיח יחד אני יהוה ברא,45,75.7460200492,-0.5489577549,57780.2491954846,1.7972776144,1.2483198595,False,76.22
Isa.45.9,הוי רב את יצרו חרש את חרשי אדמה היאמר חמר ליצרו מה תעשה ופעלך אין ידים לו,45,213.3120788409,-0.450778313,1379.2799708381,-0.7159286062,-1.1667069192,False,31.76
Isa.45.10,הוי אמר לאב מה תוליד ולאשה מה תחילין,45,883.5765971355,1.5399002104,26111.2299325074,0.3807317762,1.9206319866,False,85.67
Isa.45.11,כה אמר יהוה קדוש ישראל ויצרו האתיות שאלוני על בני ועל פעל ידי תצוני,45,651.9622540132,0.7947494812,1808.6032584504,-0.525917821,0.26883166020000004,False,62.66
Isa.45.12,אנכי עשיתי ארץ ואדם עליה בראתי אני ידי נטו שמים וכל צבאם צויתי,45,113.4347605511,-0.8165325677,1172.5074907692,-0.7125566817,-1.5290892494000001,False,16.03
Isa.45.13,אנכי העירתהו בצדק וכל דרכיו אישר הוא יבנה עירי וגלותי ישלח לא במחיר ולא בשחד אמר,45,201.6740989066,-0.1531318939,3979.4188226515,0.6528438206,0.4997119267,False,66.07
Isa.45.14,כה אמר יהוה יגיע מצרים וסחר כוש וסבאים אנשי מדה עליך יעברו ולך יהיו אחריך ילכו ב,45,54.0536011252,-1.1344934426,5950.9810756575,-0.1614775754,-1.295971018,False,25.56
Isa.45.15,אכן אתה אל מסתתר אלהי ישראל מושיע,45,151.2811828902,-0.1426964318,234.6146608463,-1.0153070495,-1.1580034813,False,32.07
Isa.45.16,בושו וגם נכלמו כלם יחדו הלכו בכלמה חרשי צירים,45,380.5929758656,1.8861242408,26110.6836629077,1.8233883261,3.7095125669,False,96.67
Isa.45.17,ישראל נושע ביהוה תשועת עולמים לא תבשו ולא תכלמו עד עולמי עד,45,54.679307531,-0.6863339066,10647.3105216598,0.3093204375,-0.37701346910000005,False,53.21
Isa.45.18,כי כה אמר יהוה בורא השמים הוא האלהים יצר הארץ ועשה הוא כוננה לא תהו בראה לשבת יצ,45,19.9486018009,-1.0022201415,8.0405417957,-1.0357505328,-2.0379706743000003,False,3.56
Isa.45.19,לא בסתר דברתי במקום ארץ חשך לא אמרתי לזרע יעקב תהו בקשוני אני יהוה דבר צדק מגיד ,45,103.6814367033,0.1702669945,566.2240533557,-1.0532806679,-0.8830136734,False,41.75
Isa.45.20,הקבצו ובאו התנגשו יחדו פליטי הגוים לא ידעו הנשאים את עץ פסלם ומתפללים אל אל לא י,45,184.5363371821,1.6188773885,11981.9500239524,1.7819365823,3.4008139708,False,94.04
Isa.45.21,הגידו והגישו אף יועצו יחדו מי השמיע זאת מקדם מאז הגידה הלוא אני יהוה ואין עוד אל,45,108.1309436219,0.0770492996,5711.8174120472,0.4191918271,0.49624112670000003,False,66.0
Isa.45.22,פנו אלי והושעו כל אפסי ארץ כי אני אל ואין עוד,45,72.56581355,-0.6956718241,297.6466527209,-0.8047763826,-1.5004482066999998,False,17.66
Isa.45.23,בי נשבעתי יצא מפי צדקה דבר ולא ישוב כי לי תכרע כל ברך תשבע כל לשון,45,54.5698709546,-0.6016517914,402.784548544,-0.6876795486,-1.28933134,False,25.95
Isa.45.24,אך ביהוה לי אמר צדקות ועז עדיו יבוא ויבשו כל הנחרים בו,45,457.6347848841,0.8838033211,35043.8135568979,-0.4851485999,0.39865472120000006,False,64.91
Isa.45.25,ביהוה יצדקו ויתהללו כל זרע ישראל,45,49.1751006536,-1.0830438618,127036.6242553645,0.589906436,-0.4931374258,False,51.9
Isa.46.1,כרע בל קרס נבו היו עצביהם לחיה ולבהמה נשאתיכם עמוסות משא לעיפה,46,607.2006235026,1.4523544152,217786.0565466878,1.6836728,3.1360272152000004,False,92.49
Isa.46.2,קרסו כרעו יחדו לא יכלו מלט משא ונפשם בשבי הלכה,46,269.9187981654,0.0384914907,10265.4723168135,-0.7023756734,-0.6638841826999999,False,47.95
Isa.46.3,שמעו אלי בית יעקב וכל שארית בית ישראל העמסים מני בטן הנשאים מני רחם,46,282.7858894101,-0.5356858551,167.8513355227,-0.541115851,-1.0768017061,False,35.01
Isa.46.4,ועד זקנה אני הוא ועד שיבה אני אסבל אני עשיתי ואני אשא ואני אסבל ואמלט,46,102.9728843082,-0.681313456,2540.7641667562,-0.5137967398,-1.1951101957999999,False,30.05
Isa.46.5,למי תדמיוני ותשוו ותמשלוני ונדמה,46,1789.2170919849,1.9852767037,3472890.1718089203,1.9996238087,3.9849005124000003,True,99.77
Isa.46.6,הזלים זהב מכיס וכסף בקנה ישקלו ישכרו צורף ויעשהו אל יסגדו אף ישתחוו,46,220.4384326123,-0.5100989011,73921.8036629881,-0.4805420363,-0.9906409374,False,38.5
Isa.46.7,ישאהו על כתף יסבלהו ויניחהו תחתיו ויעמד ממקומו לא ימיש אף יצעק אליו ולא יענה מצר,46,62.230756898,-0.783396169,15947.1460280114,-0.5233283108,-1.3067244798,False,24.86
Isa.46.8,זכרו זאת והתאששו השיבו פושעים על לב,46,573.3674224957,1.9102653206,97506.906277779,1.4907439539,3.4010092745,False,94.11
Isa.46.9,זכרו ראשנות מעולם כי אנכי אל ואין עוד אלהים ואפס כמוני,46,162.8984130728,-0.6104915963,5157.3082730271,-0.5791237671,-1.1896153634000002,False,30.36
Isa.46.10,מגיד מראשית אחרית ומקדם אשר לא נעשו אמר עצתי תקום וכל חפצי אעשה,46,176.8293606697,-0.9387091017,301.613408058,-0.6479405025,-1.5866496042,False,14.33
Isa.46.11,קרא ממזרח עיט מארץ מרחק איש עצתו עצתי אף דברתי אף אביאנה יצרתי אף אעשנה,46,409.5443359848,0.1522854501,11444.7258642693,-0.406040305,-0.2537548549,False,55.0
Isa.46.12,שמעו אלי אבירי לב הרחוקים מצדקה,46,986.1202692857,1.8780493273,6445.1541431303,-0.4878204114,1.3902289159,False,79.78
Isa.46.13,קרבתי צדקתי לא תרחק ותשועתי לא תאחר ונתתי בציון תשועה לישראל תפארתי,46,57.9361435448,-1.2058763947,156166.9378378052,1.9338333196,0.7279569249,False,68.71
Isa.47.1,רדי ושבי על עפר בתולת בת בבל שבי לארץ אין כסא בת כשדים כי לא תוסיפי יקראו לך רכה,47,210.85858721,-0.5049507547,4863.5632342755,-0.6930577414,-1.1980084961,False,29.9
Isa.47.2,קחי רחים וטחני קמח גלי צמתך חשפי שבל גלי שוק עברי נהרות,47,550.5164398215,1.6473935064,45096.7251430025,0.0244108393,1.6718043457,False,83.89
Isa.47.3,תגל ערותך גם תראה חרפתך נקם אקח ולא אפגע אדם,47,120.5286258122,-1.305178773,11342.0347519244,-0.3331901834,-1.6383689564,False,12.7
Isa.47.4,גאלנו יהוה צבאות שמו קדוש ישראל,47,356.1903906411,-0.2605872919,889.3220781861,-1.0644699827,-1.3250572746,False,23.93
Isa.47.5,שבי דומם ובאי בחשך בת כשדים כי לא תוסיפי יקראו לך גברת ממלכות,47,630.6317095904,1.7140449616,20771.7375190684,1.6957817329,3.4098266945,False,94.27
Isa.47.6,קצפתי על עמי חללתי נחלתי ואתנם בידך לא שמת להם רחמים על זקן הכבדת עלך מאד,47,354.6246458833,0.0500592282,7982.1802603024,0.0369547437,0.0870139719,False,59.72
Isa.47.7,ותאמרי לעולם אהיה גברת עד לא שמת אלה על לבך לא זכרת אחריתה,47,260.8416049044,-0.7099834502,8172.0590582841,-0.5360926141,-1.2460760643,False,28.04
Isa.47.8,ועתה שמעי זאת עדינה היושבת לבטח האמרה בלבבה אני ואפסי עוד לא אשב אלמנה ולא אדע ש,47,129.6699814572,-0.7759435527,748.1849792392,-0.9858424649,-1.7617860176,False,9.68
Isa.47.9,ותבאנה לך שתי אלה רגע ביום אחד שכול ואלמן כתמם באו עליך ברב כשפיך בעצמת חבריך מא,47,708.9588418838,1.9110919683,50356.1286042972,1.7833413812,3.6944333495,False,96.51
Isa.47.10,ותבטחי ברעתך אמרת אין ראני חכמתך ודעתך היא שובבתך ותאמרי בלבך אני ואפסי עוד,47,68.8633653188,-0.6524422469,24040.4804704421,-0.1189900099,-0.7714322567999999,False,45.55
Isa.47.11,ובא עליך רעה לא תדעי שחרה ותפל עליך הוה לא תוכלי כפרה ותבא עליך פתאם שואה לא תדע,47,61.8305019024,-0.8254750163,683.3380958985,-1.504327362,-2.3298023783,False,0.7
Isa.47.12,עמדי נא בחבריך וברב כשפיך באשר יגעת מנעוריך אולי תוכלי הועיל אולי תערוצי,47,170.3926351407,0.0253249357,58822.1715958465,0.7823637366,0.8076886723000001,False,69.87
Isa.47.13,נלאית ברב עצתיך יעמדו נא ויושיעך הברו הברי שמים החזים בכוכבים מודיעם לחדשים מאשר,47,286.3900897603,1.0558588682,82367.5471428082,1.2407227307,2.2965815989,False,87.84
Isa.47.14,הנה היו כקש אש שרפתם לא יצילו את נפשם מיד להבה אין גחלת לחמם אור לשבת נגדו,47,252.8372088037,0.6389119587,2803.9806891974,-1.1679221827,-0.529010224,False,51.05
Isa.47.15,כן היו לך אשר יגעת סחריך מנעוריך איש לעברו תעו אין מושיעך,47,239.668478767,0.4494597203,61093.8960124156,0.8974185735,1.3468782938,False,78.47
Isa.48.1,שמעו זאת בית יעקב הנקראים בשם ישראל וממי יהודה יצאו הנשבעים בשם יהוה ובאלהי ישרא,48,153.8450446584,-0.9248266109,1604.5954651929,-0.5765114133,-1.5013380241999998,False,17.58
Isa.48.2,כי מעיר הקדש נקראו ועל אלהי ישראל נסמכו יהוה צבאות שמו,48,131.2879193213,-1.4478800752,710.3401787619,-0.5872909487,-2.0351710239000003,False,3.64
Isa.48.3,הראשנות מאז הגדתי ומפי יצאו ואשמיעם פתאם עשיתי ותבאנה,48,211.7247485206,-0.3638103007,478088.0697902295,1.996753953,1.6329436523,False,83.27
Isa.48.4,מדעתי כי קשה אתה וגיד ברזל ערפך ומצחך נחושה,48,222.9666033225,-0.3567697364,6981.6123267431,-0.5339291236,-0.89069886,False,41.36
Isa.48.5,ואגיד לך מאז בטרם תבוא השמעתיך פן תאמר עצבי עשם ופסלי ונסכי צום,48,779.4985864511,1.9978799265,30122.6013406658,-0.4135880527,1.5842918738,False,82.8
Isa.48.6,שמעת חזה כלה ואתם הלוא תגידו השמעתיך חדשות מעתה ונצרות ולא ידעתם,48,193.8047919027,-0.4273175399,15897.1825234489,0.4130813857,-0.014236154199999962,False,58.25
Isa.48.7,עתה נבראו ולא מאז ולפני יום ולא שמעתם פן תאמר הנה ידעתין,48,196.5593408036,-0.250367439,3722.3152704219,-0.9733715802,-1.2237390192,False,28.89
Isa.48.8,גם לא שמעת גם לא ידעת גם מאז לא פתחה אזנך כי ידעתי בגוד תבגוד ופשע מבטן קרא לך,48,98.2536644696,-0.6141391676,926.7683213876,-1.0189883184,-1.6331274859999998,False,12.94
Isa.48.9,למען שמי אאריך אפי ותהלתי אחטם לך לבלתי הכריתך,48,45.9846492405,-0.693623358,37004.1640755211,1.9053063076,1.2116829496000001,False,75.99
Isa.48.10,הנה צרפתיך ולא בכסף בחרתיך בכור עני,48,830.0354814724,1.1853505743,12054.7588173922,0.1373255225,1.3226760968,False,77.85
Isa.48.11,למעני למעני אעשה כי איך יחל וכבודי לאחר לא אתן,48,79.6446164362,-0.7404592301,363.2458275453,-0.6959292115,-1.4363884416000001,False,19.67
Isa.48.12,שמע אלי יעקב וישראל מקראי אני הוא אני ראשון אף אני אחרון,48,858.6059267674,1.2501610438,191.2436948701,-0.8667350823,0.38342596149999997,False,64.83
Isa.48.13,אף ידי יסדה ארץ וימיני טפחה שמים קרא אני אליהם יעמדו יחדו,48,25.6676853282,-0.8592236822,1344.8307310332,-0.7243295214,-1.5835532036,False,14.41
Isa.48.14,הקבצו כלכם ושמעו מי בהם הגיד את אלה יהוה אהבו יעשה חפצו בבבל וזרעו כשדים,48,191.3905018384,-0.297514902,16004.7143998302,1.117848203,0.820333301,False,70.02
Isa.48.15,אני אני דברתי אף קראתיו הביאתיו והצליח דרכו,48,258.8150515504,1.5440620231,17639.1617853424,1.324436658,2.8684986811,False,91.56
Isa.48.16,קרבו אלי שמעו זאת לא מראש בסתר דברתי מעת היותה שם אני ועתה אדני יהוה שלחני ורוחו,48,69.7270860927,-0.7515805537,440.527089109,-0.8804844368,-1.6320649905,False,13.09
Isa.48.17,כה אמר יהוה גאלך קדוש ישראל אני יהוה אלהיך מלמדך להועיל מדריכך בדרך תלך,48,41.2818913142,-0.8696831672,428.0903303684,-0.8101841672,-1.6798673344,False,11.31
Isa.48.18,לוא הקשבת למצותי ויהי כנהר שלומך וצדקתך כגלי הים,48,93.5808706098,-0.3001193872,54178.2981920827,0.2784995146,-0.02161987259999998,False,58.17
Isa.48.19,ויהי כחול זרעך וצאצאי מעיך כמעתיו לא יכרת ולא ישמד שמו מלפני,48,78.3964570867,-0.702107577,135450.3377673191,0.8077380191,0.10563044209999994,False,60.11
Isa.48.20,צאו מבבל ברחו מכשדים בקול רנה הגידו השמיעו זאת הוציאוה עד קצה הארץ אמרו גאל יהוה,48,361.0059925126,0.1290805379,8154.7887959631,-0.9428746993,-0.8137941614,False,44.23
Isa.48.21,ולא צמאו בחרבות הוליכם מים מצור הזיל למו ויבקע צור ויזבו מים,48,719.9540519146,1.6817970501,185754.7077324582,1.5237793482,3.2055763983,False,92.87
Isa.48.22,אין שלום אמר יהוה לרשעים,48,400.1438670569,-0.4021865857,6.9422094297,-0.7730319808,-1.1752185665,False,31.22
Isa.49.1,שמעו איים אלי והקשיבו לאמים מרחוק יהוה מבטן קראני ממעי אמי הזכיר שמי,49,152.4898717158,-0.8645313394,23751.0787662306,-0.3951130676,-1.2596444070000001,False,27.34
Isa.49.2,וישם פי כחרב חדה בצל ידו החביאני וישימני לחץ ברור באשפתו הסתירני,49,913.2467538309,1.8438816912,46453.3654085532,1.7390146993,3.5828963905,False,95.43
Isa.49.3,ויאמר לי עבדי אתה ישראל אשר בך אתפאר,49,23.4072018633,-0.9106189922,8.5846167111,-1.2981555204,-2.2087745126,False,1.63
Isa.49.4,ואני אמרתי לריק יגעתי לתהו והבל כחי כליתי אכן משפטי את יהוה ופעלתי את אלהי,49,120.613197557,-0.6382680294,9180.3768086803,-0.4493787248,-1.0876467542000001,False,34.78
Isa.49.5,ועתה אמר יהוה יצרי מבטן לעבד לו לשובב יעקב אליו וישראל לא לו יאסף ואכבד בעיני יה,49,360.2251456024,1.4244993775,22751.9336666205,1.690052583,3.1145519605,False,92.33
Isa.49.6,ויאמר נקל מהיותך לי עבד להקים את שבטי יעקב ונצירי ונצורי ישראל להשיב ונתתיך לאור,49,192.3071361641,-0.1130372487,5018.0162018668,-0.892608072,-1.0056453207,False,37.26
Isa.49.7,כה אמר יהוה גאל ישראל קדושו לבזה נפש למתעב גוי לעבד משלים מלכים יראו וקמו שרים ו,49,272.3601529773,0.4901473663,12169.9066241619,-0.4810028487,0.009144517600000013,False,58.79
Isa.49.8,כה אמר יהוה בעת רצון עניתיך וביום ישועה עזרתיך ואצרך ואתנך לברית עם להקים ארץ לה,49,74.225512508,-0.9359032639,5109.6974064434,-0.538227971,-1.4741312349,False,18.51
Isa.49.9,לאמר לאסורים צאו לאשר בחשך הגלו על דרכים ירעו ובכל שפיים מרעיתם,49,231.8186248545,-0.4308489222,153881.969913683,0.3662595951,-0.06458932709999998,False,57.4
Isa.49.10,לא ירעבו ולא יצמאו ולא יכם שרב ושמש כי מרחמם ינהגם ועל מבועי מים ינהלם,49,32.0791844186,-0.5654346527,7225.6267763536,-0.7059603366,-1.2713949893,False,26.96
Isa.49.11,ושמתי כל הרי לדרך ומסלתי ירמון,49,3070.8445750633,1.9906256597,346728.1962421436,1.8094179926,3.8000436523000003,False,97.37
Isa.49.12,הנה אלה מרחוק יבאו והנה אלה מצפון ומים ואלה מארץ סינים,49,104.3566410778,-0.544442309,201.2268565048,-0.5843284705,-1.1287707795,False,33.38
Isa.49.13,רנו שמים וגילי ארץ יפצחו ופצחו הרים רנה כי נחם יהוה עמו ועניו ירחם,49,360.9677792173,-0.3357082021,13055.5403125875,-0.4769062716,-0.8126144737000001,False,44.38
Isa.49.14,ותאמר ציון עזבני יהוה ואדני שכחני,49,138.3339667821,-0.1579643746,26164.4594968726,1.7671317772,1.6091674025999998,False,83.11
Isa.49.15,התשכח אשה עולה מרחם בן בטנה גם אלה תשכחנה ואנכי לא אשכחך,49,83.8562355735,-0.507932245,996.1399211866,-1.0472626369,-1.5551948818999999,False,15.41
Isa.49.16,הן על כפים חקתיך חומתיך נגדי תמיד,49,86.9593899035,0.0936820958,4420.5106091927,-0.739467456,-0.6457853602,False,48.41
Isa.49.17,מהרו בניך מהרסיך ומחרביך ממך יצאו,49,38.7831335127,-0.6880851832,6762.4935436386,-0.5205131286,-1.2085983117999999,False,29.67
Isa.49.18,שאי סביב עיניך וראי כלם נקבצו באו לך חי אני נאם יהוה כי כלם כעדי תלבשי ותקשרים כ,49,71.8258063672,-0.6349393573,18994.5257009558,-0.2581312561,-0.8930706133999999,False,41.29
Isa.49.19,כי חרבתיך ושממתיך וארץ הרסתיך כי עתה תצרי מיושב ורחקו מבלעיך,49,481.9478635612,1.8928471259,102941.1298976354,1.9759171268,3.8687642527,False,98.14
Isa.49.20,עוד יאמרו באזניך בני שכליך צר לי המקום גשה לי ואשבה,49,194.5610958236,0.0869135585,10209.907922908,-0.424964291,-0.3380507325,False,53.52
Isa.49.21,ואמרת בלבבך מי ילד לי את אלה ואני שכולה וגלמודה גלה וסורה ואלה מי גדל הן אני נשא,49,78.452662888,-0.6302455484,864.1737946521,-0.5966287583,-1.2268743067,False,28.81
Isa.49.22,כה אמר אדני יהוה הנה אשא אל גוים ידי ואל עמים ארים נסי והביאו בניך בחצן ובנתיך ע,49,77.6163075195,-0.5377235422,362.1711365488,-0.5275875051,-1.0653110472999998,False,35.55
Isa.49.23,והיו מלכים אמניך ושרותיהם מיניקתיך אפים ארץ ישתחוו לך ועפר רגליך ילחכו וידעת כי ,49,60.7171651196,-0.5233742622,7638.1027226245,-0.4724699337,-0.9958441959000001,False,37.88
Isa.49.24,היקח מגבור מלקוח ואם שבי צדיק ימלט,49,1711.0758855928,1.9995974395,401899.5697892748,1.9994303407,3.9990277802,True,100.0
Isa.49.25,כי כה אמר יהוה גם שבי גבור יקח ומלקוח עריץ ימלט ואת יריבך אנכי אריב ואת בניך אנכ,49,87.3499151967,-0.4498071888,4169.0232146665,-0.5142872677,-0.9640944565,False,39.5
Isa.49.26,והאכלתי את מוניך את בשרם וכעסיס דמם ישכרון וידעו כל בשר כי אני יהוה מושיעך וגאלך,49,49.260950173,-0.5223797749,11800.1429909122,-0.4638953388,-0.9862751137,False,38.73
Isa.50.1,כה אמר יהוה אי זה ספר כריתות אמכם אשר שלחתיה או מי מנושי אשר מכרתי אתכם לו הן בע,50,19.6543917066,-0.7797746817,2178.2877409956,-0.5719706597,-1.3517453414,False,23.08
Isa.50.2,מדוע באתי ואין איש קראתי ואין עונה הקצור קצרה ידי מפדות ואם אין בי כח להציל הן ב,50,101.0449812718,-0.265705254,6249.232657601,-0.5054271798,-0.7711324338,False,45.62
Isa.50.3,אלביש שמים קדרות ושק אשים כסותם,50,444.9092593872,1.9610395819,140388.7928263786,1.9989433475,3.9599829293999997,True,99.15
Isa.50.4,אדני יהוה נתן לי לשון למודים לדעת לעות את יעף דבר יעיר בבקר בבקר יעיר לי אזן לשמ,50,95.4539846021,-0.6702645723,6108.3861418719,-0.7726126656,-1.4428772378999999,False,19.52
Isa.50.5,אדני יהוה פתח לי אזן ואנכי לא מריתי אחור לא נסוגתי,50,46.6887834166,-0.8389825764,2260.2681540347,-0.8159515566,-1.6549341329999998,False,12.24
Isa.50.6,גוי נתתי למכים ולחיי למרטים פני לא הסתרתי מכלמות ורק,50,292.1330582127,-0.2871693701,98190.500318899,1.8015168219,1.5143474518,False,81.95
Isa.50.7,ואדני יהוה יעזר לי על כן לא נכלמתי על כן שמתי פני כחלמיש ואדע כי לא אבוש,50,30.5971984572,-0.5870642094,2152.6677467671,-0.8000933341,-1.3871575435,False,21.53
Isa.50.8,קרוב מצדיקי מי יריב אתי נעמדה יחד מי בעל משפטי יגש אלי,50,2200.1544988199,1.9875075491,45294.0019368096,0.3737612306,2.3612687797,False,88.85
Isa.50.9,הן אדני יהוה יעזר לי מי הוא ירשיעני הן כלם כבגד יבלו עש יאכלם,50,57.5026895941,-0.5070776031,10391.2612784859,-0.5451703284,-1.0522479315000002,False,36.25
Isa.50.10,מי בכם ירא יהוה שמע בקול עבדו אשר הלך חשכים ואין נגה לו יבטח בשם יהוה וישען באלה,50,67.9156819165,-0.497838201,1208.3709990596,-0.9244338016,-1.4222720026,False,19.98
Isa.50.11,הן כלכם קדחי אש מאזרי זיקות לכו באור אשכם ובזיקות בערתם מידי היתה זאת לכם למעצבה,50,98.7538025145,1.4959989861,54743.693392097,1.93333471,3.4293336961,False,94.66
Isa.51.1,שמעו אלי רדפי צדק מבקשי יהוה הביטו אל צור חצבתם ואל מקבת בור נקרתם,51,40.5286334962,-0.327859851,594.2586942993,-0.652192395,-0.9800522460000001,False,38.88
Isa.51.2,הביטו אל אברהם אביכם ואל שרה תחוללכם כי אחד קראתיו ואברכהו וארבהו,51,10.6600412145,-1.2831929882,13757.2777787709,-0.0302240456,-1.3134170338,False,24.55
Isa.51.3,כי נחם יהוה ציון נחם כל חרבתיה וישם מדברה כעדן וערבתה כגן יהוה ששון ושמחה ימצא ב,51,34.3881769649,-0.5021285273,742.7082865661,-0.7284567783,-1.2305853056,False,28.58
Isa.51.4,הקשיבו אלי עמי ולאומי אלי האזינו כי תורה מאתי תצא ומשפטי לאור עמים ארגיע,51,56.9140667885,-0.4684410705,2087.0647556258,-0.8260963659,-1.2945374364,False,25.72
Isa.51.5,קרוב צדקי יצא ישעי וזרעי עמים ישפטו אלי איים יקוו ואל זרעי ייחלון,51,1363.2678440907,1.9992308736,35806.5523114825,1.9374790303,3.9367099038999998,True,98.92
Isa.51.6,שאו לשמים עיניכם והביטו אל הארץ מתחת כי שמים כעשן נמלחו והארץ כבגד תבלה וישביה כ,51,59.4451146456,-0.5130107736,10184.0921454218,-0.4925821642,-1.0055929378,False,37.34
Isa.51.7,שמעו אלי ידעי צדק עם תורתי בלבם אל תיראו חרפת אנוש ומגדפתם אל תחתו,51,80.1112405622,-0.5204633851,3911.9750095729,-0.8859047837,-1.4063681688,False,20.53
Isa.51.8,כי כבגד יאכלם עש וכצמר יאכלם סס וצדקתי לעולם תהיה וישועתי לדור דורים,51,68.4414974241,-0.7548234021,36838.060190486,1.9485496214,1.1937262193,False,75.45
Isa.51.9,עורי עורי לבשי עז זרוע יהוה עורי כימי קדם דרות עולמים הלוא את היא המחצבת רהב מחו,51,156.516155848,0.5281731062,1515.9936328663,-0.6220951367,-0.09392203050000003,False,57.16
Isa.51.10,הלוא את היא המחרבת ים מי תהום רבה השמה מעמקי ים דרך לעבר גאולים,51,248.7397111419,1.6525353303,6726.5978746309,-0.6067154186,1.0458199117000002,False,73.35
Isa.51.11,ופדויי יהוה ישובון ובאו ציון ברנה ושמחת עולם על ראשם ששון ושמחה ישיגון נסו יגון ,51,12.9375376394,-1.3666843777,861.2479967475,-0.7860877912,-2.1527721689,False,2.01
Isa.51.12,אנכי אנכי הוא מנחמכם מי את ותיראי מאנוש ימות ומבן אדם חציר ינתן,51,84.663369357,-0.6108085165,44076.8464735328,1.876540189,1.2657316724999998,False,76.99
Isa.51.13,ותשכח יהוה עשך נוטה שמים ויסד ארץ ותפחד תמיד כל היום מפני חמת המציק כאשר כונן לה,51,100.0298608587,-0.2347426875,14124.479533098,-0.351865686,-0.5866083735000001,False,50.04
Isa.51.14,מהר צעה להפתח ולא ימות לשחת ולא יחסר לחמו,51,399.787604876,1.9877777478,14917.0720868526,-0.787696724,1.2000810238000001,False,75.6
Isa.51.15,ואנכי יהוה אלהיך רגע הים ויהמו גליו יהוה צבאות שמו,51,63.5234815674,-0.5863043614,21584.5409908233,0.9664269746,0.38012261320000007,False,64.76
Isa.51.16,ואשים דברי בפיך ובצל ידי כסיתיך לנטע שמים וליסד ארץ ולאמר לציון עמי אתה,51,61.0033059511,-0.6514565283,22642.5671070723,1.0895116044,0.43805507609999994,False,65.14
Isa.51.17,התעוררי התעוררי קומי ירושלם אשר שתית מיד יהוה את כוס חמתו את קבעת כוס התרעלה שתי,51,76.0843732867,-0.5179944356,6574.1328511584,-0.8443471793,-1.3623416149,False,22.77
Isa.51.18,אין מנהל לה מכל בנים ילדה ואין מחזיק בידה מכל בנים גדלה,51,1451.3183962969,1.99337905,46.4390166063,-1.4188184838,0.5745605662,False,66.77
Isa.51.19,שתים הנה קראתיך מי ינוד לך השד והשבר והרעב והחרב מי אנחמך,51,144.801898696,-0.6230157203,21501.9711798058,1.7467747977,1.1237590774000001,False,74.36
Isa.51.20,בניך עלפו שכבו בראש כל חוצות כתוא מכמר המלאים חמת יהוה גערת אלהיך,51,179.6736378638,-0.5493256592,11005.3610339473,0.347815607,-0.20151005219999996,False,55.93
Isa.51.21,לכן שמעי נא זאת עניה ושכרת ולא מיין,51,465.3990556308,0.5049433589,3247.6665564737,-0.567284339,-0.0623409801,False,57.47
Isa.51.22,כה אמר אדניך יהוה ואלהיך יריב עמו הנה לקחתי מידך את כוס התרעלה את קבעת כוס חמתי ,51,66.1579281817,-0.8253430142,6222.4678516742,-0.4929699005,-1.3183129147,False,24.32
Isa.51.23,ושמתיה ביד מוגיך אשר אמרו לנפשך שחי ונעברה ותשימי כארץ גוך וכחוץ לעברים,51,793.6691895656,1.6946370516,275938.8798752452,1.9994734627,3.6941105143,False,96.44
Isa.52.1,עורי עורי לבשי עזך ציון לבשי בגדי תפארתך ירושלם עיר הקדש כי לא יוסיף יבא בך עוד ,52,19.8850568637,-0.6306797304,1467.3394053067,-0.5272418298,-1.1579215602000001,False,32.15
Isa.52.2,התנערי מעפר קומי שבי ירושלם התפתחו התפתחי מוסרי צוארך שביה בת ציון,52,124.4160025363,-0.3383616792,8732.9587222971,-0.4586680046,-0.7970296837999999,False,44.77
Isa.52.3,כי כה אמר יהוה חנם נמכרתם ולא בכסף תגאלו,52,28.361807132,-1.1313474655,1357.7280103775,-0.7249807185,-1.856328184,False,6.97
Isa.52.4,כי כה אמר אדני יהוה מצרים ירד עמי בראשנה לגור שם ואשור באפס עשקו,52,146.3148327564,0.1715533359,5470.8052731949,0.6493439178,0.8208972537,False,70.1
Isa.52.5,ועתה מי לי מה לי פה נאם יהוה כי לקח עמי חנם משלו משליו יהילילו נאם יהוה ותמיד כל,52,158.1898736356,0.5563369273,863.0895430287,-0.4139871496,0.14234977769999996,False,60.65
Isa.52.6,לכן ידע עמי שמי לכן ביום ההוא כי אני הוא המדבר הנני,52,220.7282098734,1.3400439543,463.5471464359,-0.4829696338,0.8570743205,False,70.88
Isa.52.7,מה נאוו על ההרים רגלי מבשר משמיע שלום מבשר טוב משמיע ישועה אמר לציון מלך אלהיך,52,19.6974137746,-0.8924345051,181.1634372823,-0.7757664453,-1.6682009504000002,False,11.85
Isa.52.8,קול צפיך נשאו קול יחדו ירננו כי עין בעין יראו בשוב יהוה ציון,52,16.907262982,-0.5968137571,236.713623443,-0.4772449212,-1.0740586783,False,35.09
Isa.52.9,פצחו רננו יחדו חרבות ירושלם כי נחם יהוה עמו גאל ירושלם,52,49.0672387077,0.3960010386,2508.2439217492,0.0596491101,0.45565014870000003,False,65.45
Isa.52.10,חשף יהוה את זרוע קדשו לעיני כל הגוים וראו כל אפסי ארץ את ישועת אלהינו,52,14.6295817439,-0.7099394982,4.4753526154,-1.0368718241,-1.7468113223,False,9.91
Isa.52.11,סורו סורו צאו משם טמא אל תגעו צאו מתוכה הברו נשאי כלי יהוה,52,88.8168653573,1.7715827718,8629.3999303635,1.2706005775,3.0421833493,False,92.1
Isa.52.12,כי לא בחפזון תצאו ובמנוסה לא תלכון כי הלך לפניכם יהוה ומאספכם אלהי ישראל,52,9.8232486959,-0.8141078358,7994.0079533106,0.5800831262,-0.2340247096,False,55.54
Isa.52.13,הנה ישכיל עבדי ירום ונשא וגבה מאד,52,16.265666547,-1.0500632472,1.4294059617,-1.2434673554,-2.2935306025999997,False,0.93
Isa.52.14,כאשר שממו עליך רבים כן משחת מאיש מראהו ותארו מבני אדם,52,162.4041352272,0.0885130664,10365.2647118414,1.4750884094,1.5636014758,False,82.42
Isa.52.15,כן יזה גוים רבים עליו יקפצו מלכים פיהם כי אשר לא ספר להם ראו ואשר לא שמעו התבוננ,52,104.7296686876,-0.5366773077,338.489485306,-0.8117201609,-1.3483974686,False,23.24
Isa.53.1,מי האמין לשמעתנו וזרוע יהוה על מי נגלתה,53,447.8645115009,1.928310545,788.41531693,-0.7244087447,1.2039018003,False,75.76
Isa.53.2,ויעל כיונק לפניו וכשרש מארץ ציה לא תאר לו ולא הדר ונראהו ולא מראה ונחמדהו,53,180.3333445923,-0.0223645717,13249.9783240246,-0.14016279,-0.1625273617,False,56.24
Isa.53.3,נבזה וחדל אישים איש מכאבות וידוע חלי וכמסתר פנים ממנו נבזה ולא חשבנהו,53,87.4248370396,-0.7567522381,61616.2243466992,1.9672599267,1.2105076886,False,75.91
Isa.53.4,אכן חלינו הוא נשא ומכאבינו סבלם ואנחנו חשבנהו נגוע מכה אלהים ומענה,53,96.5561884858,-0.1621814616,6408.7331912741,-0.478763068,-0.6409445296,False,48.8
Isa.53.5,והוא מחלל מפשענו מדכא מעונתינו מוסר שלומנו עליו ובחברתו נרפא לנו,53,130.7346764805,1.3284607804,4349.1794661797,-0.4475139875,0.8809467928999999,False,70.95
Isa.53.6,כלנו כצאן תעינו איש לדרכו פנינו ויהוה הפגיע בו את עון כלנו,53,28.4114835321,-0.7717424613,476.1580130878,-0.9538682266,-1.7256106879000002,False,10.61
Isa.53.7,נגש והוא נענה ולא יפתח פיו כשה לטבח יובל וכרחל לפני גזזיה נאלמה ולא יפתח פיו,53,91.1670378942,-0.5037435954,1423.522601339,-0.5832057612,-1.0869493566,False,34.86
Isa.53.8,מעצר וממשפט לקח ואת דורו מי ישוחח כי נגזר מארץ חיים מפשע עמי נגע למו,53,604.5482053113,1.9742302216,15749.4789620621,1.9917160343,3.9659462559,True,99.46
Isa.53.9,ויתן את רשעים קברו ואת עשיר במתיו על לא חמס עשה ולא מרמה בפיו,53,123.8205513772,-0.4791588923,1626.7695927214,-0.5469689323,-1.0261278246,False,36.72
Isa.53.10,ויהוה חפץ דכאו החלי אם תשים אשם נפשו יראה זרע יאריך ימים וחפץ יהוה בידו יצלח,53,115.2047815741,-0.5594921741,202.6213611517,-0.5925859669,-1.152078141,False,32.38
Isa.53.11,מעמל נפשו יראה ישבע בדעתו יצדיק צדיק עבדי לרבים ועונתם הוא יסבל,53,150.7292659301,1.5203324591,163591.0895004336,1.9985387028,3.5188711619,False,95.04
Isa.53.12,לכן אחלק לו ברבים ואת עצומים יחלק שלל תחת אשר הערה למות נפשו ואת פשעים נמנה והוא,53,117.4785607883,0.2386898249,7110.711484306,-0.7601959728,-0.5215061478999999,False,51.36
Isa.54.1,רני עקרה לא ילדה פצחי רנה וצהלי לא חלה כי רבים בני שוממה מבני בעולה אמר יהוה,54,83.6663585233,-0.5432813682,731.0729531402,-0.9436312259,-1.4869125941,False,18.13
Isa.54.2,הרחיבי מקום אהלך ויריעות משכנותיך יטו אל תחשכי האריכי מיתריך ויתדתיך חזקי,54,92.4518620611,0.5322317065,165080.8889633694,1.9845749903,2.5168066968,False,89.62
Isa.54.3,כי ימין ושמאול תפרצי וזרעך גוים יירש וערים נשמות יושיבו,54,58.9316528117,-0.3206585507,24169.3924257654,-0.253892829,-0.5745513796999999,False,50.27
Isa.54.4,אל תיראי כי לא תבושי ואל תכלמי כי לא תחפירי כי בשת עלומיך תשכחי וחרפת אלמנותיך ל,54,31.639188235,-1.1008370765,7636.3368083334,-0.5291739517,-1.6300110282,False,13.17
Isa.54.5,כי בעליך עשיך יהוה צבאות שמו וגאלך קדוש ישראל אלהי כל הארץ יקרא,54,62.0390327953,-0.3271598627,3194.9731710707,-0.6967386691,-1.0238985318,False,36.79
Isa.54.6,כי כאשה עזובה ועצובת רוח קראך יהוה ואשת נעורים כי תמאס אמר אלהיך,54,165.0527414628,1.911903053,3784.8043242103,-0.5279358315,1.3839672215,False,79.32
Isa.54.7,ברגע קטן עזבתיך וברחמים גדלים אקבצך,54,67.3322333638,-0.122898359,83755.7356813898,1.9985909721,1.8756926131,False,85.36
Isa.54.8,בשצף קצף הסתרתי פני רגע ממך ובחסד עולם רחמתיך אמר גאלך יהוה,54,34.4880434603,-0.6296490465,4137.5482363464,-0.637228524,-1.2668775705,False,27.19
Isa.54.9,כי מי נח זאת לי אשר נשבעתי מעבר מי נח עוד על הארץ כן נשבעתי מקצף עליך ומגער בך,54,37.0888378999,-0.5822098558,669.3132798709,-1.0649276393,-1.6471374951,False,12.55
Isa.54.10,כי ההרים ימושו והגבעות תמוטנה וחסדי מאתך לא ימוש וברית שלומי לא תמוט אמר מרחמך י,54,29.0447872186,-0.6449791465,28469.2037822276,0.5471521078,-0.09782703869999998,False,57.01
Isa.54.11,עניה סערה לא נחמה הנה אנכי מרביץ בפוך אבניך ויסדתיך בספירים,54,157.5850969581,1.9530672324,51618.0914163706,1.7096877921,3.6627550245,False,96.13
Isa.54.12,ושמתי כדכד שמשתיך ושעריך לאבני אקדח וכל גבולך לאבני חפץ,54,44.3480385622,-0.5643744226,3558.2870051867,-1.0533379867,-1.6177124093,False,13.56
Isa.54.13,וכל בניך למודי יהוה ורב שלום בניך,54,10.6651255303,-0.7787929099,2.5385518113,-0.9564177669,-1.7352106768,False,10.38
Isa.54.14,בצדקה תכונני רחקי מעשק כי לא תיראי וממחתה כי לא תקרב אליך,54,171.956673372,-0.3317140958,50821.9330938107,1.9857652138,1.654051118,False,83.66
Isa.54.15,הן גור יגור אפס מאותי מי גר אתך עליך יפול,54,815.8089850648,1.8644263177,6553.0679094921,-0.2578668854,1.6065594323,False,82.96
Isa.54.16,הן הנה אנכי בראתי חרש נפח באש פחם ומוציא כלי למעשהו ואנכי בראתי משחית לחבל,54,301.5114358358,0.0987009,756.2995746989,-0.5529539681,-0.4542530681,False,52.29
Isa.54.17,כל כלי יוצר עליך לא יצלח וכל לשון תקום אתך למשפט תרשיעי זאת נחלת עבדי יהוה וצדקת,54,20.5033033829,-0.8096873673,84.1722382298,-0.5697616019,-1.3794489692,False,21.92
Isa.55.1,הוי כל צמא לכו למים ואשר אין לו כסף לכו שברו ואכלו ולכו שברו בלוא כסף ובלוא מחיר,55,55.2885904612,-0.4402853645,110.192520941,-0.5201542099,-0.9604395744,False,39.66
Isa.55.2,למה תשקלו כסף בלוא לחם ויגיעכם בלוא לשבעה שמעו שמוע אלי ואכלו טוב ותתענג בדשן נפ,55,102.9405316366,1.7269154823,63658.0929290776,0.0394171963,1.7663326786,False,84.66
Isa.55.3,הטו אזנכם ולכו אלי שמעו ותחי נפשכם ואכרתה לכם ברית עולם חסדי דוד הנאמנים,55,25.8703995738,-1.3138724243,1534.4027682,-0.648016158,-1.9618885822999999,False,4.49
Isa.55.4,הן עד לאומים נתתיו נגיד ומצוה לאמים,55,56.7922629459,-0.280374086,235005.5865816053,1.9322289038,1.6518548177999999,False,83.5
Isa.55.5,הן גוי לא תדע תקרא וגוי לא ידעוך אליך ירוצו למען יהוה אלהיך ולקדוש ישראל כי פארך,55,51.9308251851,-0.2777816208,1151.8286644964,-0.5590571215,-0.8368387423,False,43.38
Isa.55.6,דרשו יהוה בהמצאו קראהו בהיותו קרוב,55,83.8395231876,1.2760591851,21979.2397493972,-0.327957236,0.9481019491,False,71.96
Isa.55.7,יעזב רשע דרכו ואיש און מחשבתיו וישב אל יהוה וירחמהו ואל אלהינו כי ירבה לסלוח,55,67.8038848229,0.75312166,2270.6578714782,-0.5823166575,0.17080500250000008,False,61.19
Isa.55.8,כי לא מחשבותי מחשבותיכם ולא דרכיכם דרכי נאם יהוה,55,16.5380466763,-1.1221371003,45.9381037469,-0.8192390777,-1.941376178,False,4.73
Isa.55.9,כי גבהו שמים מארץ כן גבהו דרכי מדרכיכם ומחשבתי ממחשבתיכם,55,18.7466266186,-0.9355309922,9817.0070616185,1.9496007076,1.0140697153999998,False,72.97
Isa.55.10,כי כאשר ירד הגשם והשלג מן השמים ושמה לא ישוב כי אם הרוה את הארץ והולידה והצמיחה ,55,44.6182580432,1.4768832903,289.7607983887,-0.655764951,0.8211183393,False,70.18
Isa.55.11,כן יהיה דברי אשר יצא מפי לא ישוב אלי ריקם כי אם עשה את אשר חפצתי והצליח אשר שלחת,55,33.9347341643,-0.4570468452,22.094550502,-0.9408510816,-1.3978979268,False,21.07
Isa.55.12,כי בשמחה תצאו ובשלום תובלון ההרים והגבעות יפצחו לפניכם רנה וכל עצי השדה ימחאו כף,55,32.4790759645,-0.4652169153,3683.1509740677,1.4475322121,0.9823152968000001,False,72.58
Isa.55.13,תחת הנעצוץ יעלה ברוש תחת ותחת הסרפד יעלה הדס והיה ליהוה לשם לאות עולם לא יכרת,55,139.9038832881,1.8690865481,2936.4008741235,0.9719709944,2.8410575425,False,91.48
Isa.56.1,כה אמר יהוה שמרו משפט ועשו צדקה כי קרובה ישועתי לבוא וצדקתי להגלות,56,14.7908300377,-0.9900615097,159.9105391521,-1.2136455176,-2.2037070273,False,1.78
Isa.56.2,אשרי אנוש יעשה זאת ובן אדם יחזיק בה שמר שבת מחללו ושמר ידו מעשות כל רע,56,63.9162543014,0.1637057228,243.7285173905,-1.0042227288,-0.840517006,False,43.22
Isa.56.3,ואל יאמר בן הנכר הנלוה אל יהוה לאמר הבדל יבדילני יהוה מעל עמו ואל יאמר הסריס הן ,56,39.7244371315,0.4385363551,2544.7793924497,1.2765372126,1.7150735677000002,False,84.35
Isa.56.4,כי כה אמר יהוה לסריסים אשר ישמרו את שבתותי ובחרו באשר חפצתי ומחזיקים בבריתי,56,24.5422719039,-0.8030617884,1114.5649895387,-0.5257042525,-1.3287660409,False,23.78
Isa.56.5,ונתתי להם בביתי ובחומתי יד ושם טוב מבנים ומבנות שם עולם אתן לו אשר לא יכרת,56,15.0011595077,-0.8005818545,2291.7814235037,0.9502723305,0.14969047600000007,False,60.81
Isa.56.6,ובני הנכר הנלוים על יהוה לשרתו ולאהבה את שם יהוה להיות לו לעבדים כל שמר שבת מחלל,56,49.3643651801,1.0820624279,1556.8931340638,-0.4983140768,0.5837483510999999,False,67.0
Isa.56.7,והביאותים אל הר קדשי ושמחתים בבית תפלתי עולתיהם וזבחיהם לרצון על מזבחי כי ביתי ב,56,7.8375803556,-0.7599742004,1246.8257438616,-0.7250763182,-1.4850505186,False,18.28
Isa.56.8,נאם אדני יהוה מקבץ נדחי ישראל עוד אקבץ עליו לנקבציו,56,52.4912949088,-0.6608348886,17605.1932747253,0.6227557454,-0.03807914319999994,False,57.86
Isa.56.9,כל חיתו שדי אתיו לאכל כל חיתו ביער,56,241.9357648624,0.642934372,5904.4343728693,-0.4690258295,0.17390854250000004,False,61.27
Isa.56.10,צפו צפיו עורים כלם לא ידעו כלם כלבים אלמים לא יוכלו לנבח הזים שכבים אהבי לנום,56,370.7368584873,0.5598658249,28625.7231905861,1.4669490574,2.0268148823,False,86.13
Isa.56.11,והכלבים עזי נפש לא ידעו שבעה והמה רעים לא ידעו הבין כלם לדרכם פנו איש לבצעו מקצה,56,109.3944456133,-0.8944060342,1206.7394223876,-0.8727871708,-1.7671932049999999,False,9.3
Isa.56.12,אתיו אקחה יין ונסבאה שכר והיה כזה יום מחר גדול יתר מאד,56,563.0901991635,1.650214477,18341.6198109876,0.1875439221,1.8377583991,False,85.05
Isa.57.1,הצדיק אבד ואין איש שם על לב ואנשי חסד נאספים באין מבין כי מפני הרעה נאסף הצדיק,57,69.1665545026,-0.8860759494,26.0695866398,-0.9539754738,-1.8400514232,False,7.59
Isa.57.2,יבוא שלום ינוחו על משכבותם הלך נכחו,57,77.9618627895,-0.8840523887,31150.3307183429,0.2957416096,-0.5883107791,False,49.96
Isa.57.3,ואתם קרבו הנה בני עננה זרע מנאף ותזנה,57,503.2636352958,1.9672036763,67383.5752234798,1.8011257184,3.7683293947000003,False,97.13
Isa.57.4,על מי תתענגו על מי תרחיבו פה תאריכו לשון הלוא אתם ילדי פשע זרע שקר,57,135.7413643972,-0.7215144405,2656.1292193422,-1.1129706758,-1.8344851163,False,7.75
Isa.57.5,הנחמים באלים תחת כל עץ רענן שחטי הילדים בנחלים תחת סעפי הסלעים,57,140.9087457778,-0.9679694609,7167.9565409549,-0.5963418147,-1.5643112756000002,False,15.03
Isa.57.6,בחלקי נחל חלקך הם הם גורלך גם להם שפכת נסך העלית מנחה העל אלה אנחם,57,532.0232254412,1.7120969163,33422.4715960351,0.3764544266,2.0885513428999998,False,86.52
Isa.57.7,על הר גבה ונשא שמת משכבך גם שם עלית לזבח זבח,57,234.5139887712,-0.6958142523,955.4639527668,-0.9839721817,-1.679786434,False,11.39
Isa.57.8,ואחר הדלת והמזוזה שמת זכרונך כי מאתי גלית ותעלי הרחבת משכבך ותכרת לך מהם אהבת מש,57,346.4335616975,-0.3370610151,71991.4969586916,0.4591289272,0.12206791209999995,False,60.34
Isa.57.9,ותשרי למלך בשמן ותרבי רקחיך ותשלחי צריך עד מרחק ותשפילי עד שאול,57,1088.1058365036,1.9325297831,135727.235407688,1.7291621753,3.6616919583999996,False,96.05
Isa.57.10,ברב דרכך יגעת לא אמרת נואש חית ידך מצאת על כן לא חלית,57,108.5212918589,-0.584310167,1414.3074068796,-0.7866805203,-1.3709906873,False,22.39
Isa.57.11,ואת מי דאגת ותיראי כי תכזבי ואותי לא זכרת לא שמת על לבך הלא אני מחשה ומעלם ואותי,57,77.8459255523,-0.5558907695,5510.0025779285,-0.6945152886,-1.2504060581,False,27.89
Isa.57.12,אני אגיד צדקתך ואת מעשיך ולא יועילוך,57,60.6956574449,-1.3319388885,2277.135271532,-0.5060348309,-1.8379737194,False,7.67
Isa.57.13,בזעקך יצילך קבוציך ואת כלם ישא רוח יקח הבל והחוסה בי ינחל ארץ ויירש הר קדשי,57,155.5418853202,1.4174952974,65751.2569110002,1.9944445847,3.4119398821,False,94.42
Isa.57.14,ואמר סלו סלו פנו דרך הרימו מכשול מדרך עמי,57,125.2390754253,0.7965530456,628.3320419737,-0.593098011,0.20345503459999992,False,62.12
Isa.57.15,כי כה אמר רם ונשא שכן עד וקדוש שמו מרום וקדוש אשכון ואת דכא ושפל רוח להחיות רוח ,57,20.3462289291,-1.2501458861,38.6454916554,-0.6462890074,-1.8964348935,False,5.89
Isa.57.16,כי לא לעולם אריב ולא לנצח אקצוף כי רוח מלפני יעטוף ונשמות אני עשיתי,57,73.5724900376,-0.5827760838,9432.5931487025,-0.7399554303,-1.3227315141,False,24.09
Isa.57.17,בעון בצעו קצפתי ואכהו הסתר ואקצף וילך שובב בדרך לבו,57,284.7029461433,1.794894158,314902.6059313273,0.6046814729,2.3995756309,False,88.92
Isa.57.18,דרכיו ראיתי וארפאהו ואנחהו ואשלם נחמים לו ולאבליו,57,121.7211216674,-0.1714651591,561332.4870502625,1.7005632296,1.5290980705,False,82.11
Isa.57.19,בורא נוב ניב שפתים שלום שלום לרחוק ולקרוב אמר יהוה ורפאתיו,57,129.278500279,-0.4818056915,5164.4905315339,-0.7877145973,-1.2695202888000001,False,27.11
Isa.57.20,והרשעים כים נגרש כי השקט לא יוכל ויגרשו מימיו רפש וטיט,57,66.8737791678,-0.8411179653,24840.117417018,-0.4291279334,-1.2702458987,False,27.03
Isa.57.21,אין שלום אמר אלהי לרשעים,57,237.4861872267,1.8421957848,864.0149325088,-0.910777608,0.9314181767999999,False,71.65
Isa.58.1,קרא בגרון אל תחשך כשופר הרם קולך והגד לעמי פשעם ולבית יעקב חטאתם,58,52.8884862118,-0.8932590361,6152.8167872568,-0.3212359064,-1.2144949425,False,29.28
Isa.58.2,ואותי יום יום ידרשון ודעת דרכי יחפצון כגוי אשר צדקה עשה ומשפט אלהיו לא עזב ישאלו,58,61.6662343897,-0.8118510645,5462.7016770297,-0.407321228,-1.2191722925,False,28.97
Isa.58.3,למה צמנו ולא ראית ענינו נפשנו ולא תדע הן ביום צמכם תמצאו חפץ וכל עצביכם תנגשו,58,181.9677163195,1.9549630943,6740.84036533,-0.5862024673,1.368760627,False,79.01
Isa.58.4,הן לריב ומצה תצומו ולהכות באגרף רשע לא תצומו כיום להשמיע במרום קולכם,58,75.4538444281,-0.5288778775,25374.5602814326,0.3920110078,-0.13686686970000006,False,56.55
Isa.58.5,הכזה יהיה צום אבחרהו יום ענות אדם נפשו הלכף כאגמן ראשו ושק ואפר יציע הלזה תקרא צ,58,42.9397227038,-0.8287746221,11893.0606182088,-0.4719197889,-1.300694411,False,25.17
Isa.58.6,הלוא זה צום אבחרהו פתח חרצבות רשע התר אגדות מוטה ושלח רצוצים חפשים וכל מוטה תנתק,58,165.9410072374,1.8621753028,46960.1536430766,1.4946641961,3.3568394989000003,False,93.8
Isa.58.7,הלוא פרס לרעב לחמך ועניים מרודים תביא בית כי תראה ערם וכסיתו ומבשרך לא תתעלם,58,19.3868330281,-0.9307476003,5238.2369121042,-0.9408284629,-1.8715760632,False,6.43
Isa.58.8,אז יבקע כשחר אורך וארכתך מהרה תצמח והלך לפניך צדקך כבוד יהוה יאספך,58,24.4703067462,-0.9545530367,33593.8113853571,-0.1021746013,-1.056727638,False,36.1
Isa.58.9,אז תקרא ויהוה יענה תשוע ויאמר הנני אם תסיר מתוכך מוטה שלח אצבע ודבר און,58,106.5426871296,1.7228917642,6493.1109087927,-1.0043146639,0.7185771002999999,False,68.55
Isa.58.10,ותפק לרעב נפשך ונפש נענה תשביע וזרח בחשך אורך ואפלתך כצהרים,58,67.0761584204,-0.4574744826,91951.3783516542,1.5393259522,1.0818514696000001,False,73.59
Isa.58.11,ונחך יהוה תמיד והשביע בצחצחות נפשך ועצמתיך יחליץ והיית כגן רוה וכמוצא מים אשר לא,58,27.6064497177,-0.5905389806,63805.1940753691,0.8048730439,0.21433406330000004,False,62.28
Isa.58.12,ובנו ממך חרבות עולם מוסדי דור ודור תקומם וקרא לך גדר פרץ משבב נתיבות לשבת,58,727.3747187233,1.9944832856,4852.155229988,-0.8013226057,1.1931606799,False,75.37
Isa.58.13,אם תשיב משבת רגלך עשות חפציך ביום קדשי וקראת לשבת ענג לקדוש יהוה מכבד וכבדתו מעש,58,11.5957928541,-0.567865478,4088.5501855636,-0.4998803599,-1.0677458379,False,35.24
Isa.58.14,אז תתענג על יהוה והרכבתיך על במותי ארץ והאכלתיך נחלת יעקב אביך כי פי יהוה דבר,58,8.7891389618,-0.7064022386,6651.3622148094,1.4419663724,0.7355641338000001,False,68.86
Isa.59.1,הן לא קצרה יד יהוה מהושיע ולא כבדה אזנו משמוע,59,76.3917386517,-0.0003515574,895.7265159559,-0.560514786,-0.5608663434000001,False,50.58
Isa.59.2,כי אם עונתיכם היו מבדלים בינכם לבין אלהיכם וחטאותיכם הסתירו פנים מכם משמוע,59,175.4786152775,-0.3841481387,2850.4328905098,-0.4977649205,-0.8819130592,False,41.91
Isa.59.3,כי כפיכם נגאלו בדם ואצבעותיכם בעון שפתותיכם דברו שקר לשונכם עולה תהגה,59,109.8137536171,-0.614743228,115327.4956242251,-0.0399915508,-0.6547347788,False,48.33
Isa.59.4,אין קרא בצדק ואין נשפט באמונה בטוח על תהו ודבר שוא הרו עמל והוליד און,59,1897.2577715862,1.9742609108,702.7401938567,-0.6716430595,1.3026178513,False,77.46
Isa.59.5,ביצי צפעוני בקעו וקורי עכביש יארגו האכל מביציהם ימות והזורה תבקע אפעה,59,415.4012413449,-0.1849204346,495096.0514848793,1.9555936114,1.7706731768000001,False,84.74
Isa.59.6,קוריהם לא יהיו לבגד ולא יתכסו במעשיהם מעשיהם מעשי און ופעל חמס בכפיהם,59,128.9931536857,-0.6965275638,22873.1876551856,-0.4568520811,-1.1533796449,False,32.3
Isa.59.7,רגליהם לרע ירצו וימהרו לשפך דם נקי מחשבותיהם מחשבות און שד ושבר במסלותם,59,160.207507723,-0.9519903982,34355.5723012167,-0.4301944786,-1.3821848768,False,21.69
Isa.59.8,דרך שלום לא ידעו ואין משפט במעגלותם נתיבותיהם עקשו להם כל דרך בה לא ידע שלום,59,350.1667272937,1.0545136966,1191.8893207564,-0.6043515434,0.45016215319999997,False,65.22
Isa.59.9,על כן רחק משפט ממנו ולא תשיגנו צדקה נקוה לאור והנה חשך לנגהות באפלות נהלך,59,264.8523792234,-0.5506078115,26629.1274539563,-0.7396506238,-1.2902584353000002,False,25.87
Isa.59.10,נגששה כעורים קיר וכאין עינים נגששה כשלנו בצהרים כנשף באשמנים כמתים,59,353.6951496148,-0.1124638886,497502.9032426366,1.6703049025,1.5578410139,False,82.34
Isa.59.11,נהמה כדבים כלנו וכיונים הגה נהגה נקוה למשפט ואין לישועה רחקה ממנו,59,848.4066344134,1.5277766891,295025.2449864403,0.5927166284,2.1204933175,False,86.68
Isa.59.12,כי רבו פשעינו נגדך וחטאותינו ענתה בנו כי פשעינו אתנו ועונתינו ידענום,59,92.869489025,-1.2741497,18771.7866180086,-0.8728133916,-2.1469630916,False,2.09
Isa.59.13,פשע וכחש ביהוה ונסוג מאחר אלהינו דבר עשק וסרה הרו והגו מלב דברי שקר,59,629.1461571744,0.8069773569,87589.4504616836,0.0408374799,0.8478148368,False,70.72
Isa.59.14,והסג אחור משפט וצדקה מרחוק תעמד כי כשלה ברחוב אמת ונכחה לא תוכל לבוא,59,258.0873249677,0.1343306983,13979.9163202249,-0.5589129015,-0.42458220319999995,False,52.59
Isa.59.15,ותהי האמת נעדרת וסר מרע משתולל וירא יהוה וירע בעיניו כי אין משפט,59,88.3527696866,-0.6169834922,75.5051854986,-1.051896073,-1.6688795652000001,False,11.77
Isa.59.16,וירא כי אין איש וישתומם כי אין מפגיע ותושע לו זרעו וצדקתו היא סמכתהו,59,80.6878338932,-0.7338004177,34328.8764117412,-0.4088658195,-1.1426662372,False,32.77
Isa.59.17,וילבש צדקה כשרין וכובע ישועה בראשו וילבש בגדי נקם תלבשת ויעט כמעיל קנאה,59,52.3873865564,-0.9843011068,144337.852009281,1.638123834,0.6538227271999999,False,67.47
Isa.59.18,כעל גמלות כעל ישלם חמה לצריו גמול לאיביו לאיים גמול ישלם,59,321.6088107967,1.177158205,87776.3153898327,0.6161771516,1.7933353566,False,84.9
Isa.59.19,וייראו ממערב את שם יהוה וממזרח שמש את כבודו כי יבוא כנהר צר רוח יהוה נססה בו,59,332.2617244733,1.2543031716,1838.3660570031,-0.7582714976,0.4960316739999999,False,65.92
Isa.59.20,ובא לציון גואל ולשבי פשע ביעקב נאם יהוה,59,35.0476503553,-0.6877379132,86.8252379948,-0.5112360599,-1.1989739731,False,29.82
Isa.59.21,ואני זאת בריתי אותם אמר יהוה רוחי אשר עליך ודברי אשר שמתי בפיך לא ימושו מפיך ומפ,59,5.0356378107,-0.5710287927,4.0674587012,-0.6100050327,-1.1810338254,False,30.75
Isa.60.1,קומי אורי כי בא אורך וכבוד יהוה עליך זרח,60,7.0002516428,-0.808741202,1.7552693202,-0.9168739734,-1.7256151754,False,10.53
Isa.60.2,כי הנה החשך יכסה ארץ וערפל לאמים ועליך יזרח יהוה וכבודו עליך יראה,60,10.2412569415,-0.6755337074,245.9350449885,-0.4686838064,-1.1442175138,False,32.69
Isa.60.3,והלכו גוים לאורך ומלכים לנגה זרחך,60,49.6517357695,-0.1017544169,77.279569324,-0.5629287648,-0.6646831817,False,47.87
Isa.60.4,שאי סביב עיניך וראי כלם נקבצו באו לך בניך מרחוק יבאו ובנתיך על צד תאמנה,60,81.5761890366,-0.220077609,13176.7883792597,-0.3185200998,-0.5385977088,False,50.81
Isa.60.5,אז תראי ונהרת ופחד ורחב לבבך כי יהפך עליך המון ים חיל גוים יבאו לך,60,121.9973041238,-0.0370329578,1319.2455948789,-0.7601497957,-0.7971827535,False,44.69
Isa.60.6,שפעת גמלים תכסך בכרי מדין ועיפה כלם משבא יבאו זהב ולבונה ישאו ותהלת יהוה יבשרו,60,225.4785001888,1.8037945746,135190.6423458776,0.3323735314,2.136168106,False,86.83
Isa.60.7,כל צאן קדר יקבצו לך אילי נביות ישרתונך יעלו על רצון מזבחי ובית תפארתי אפאר,60,142.3824966423,0.1131373151,50489.9961818138,-0.4284757903,-0.3153384752,False,53.91
Isa.60.8,מי אלה כעב תעופינה וכיונים אל ארבתיהם,60,130.1149403952,-0.1320002342,295170.4830946997,1.7474390066,1.6154387724000001,False,83.19
Isa.60.9,כי לי איים יקוו ואניות תרשיש בראשנה להביא בניך מרחוק כספם וזהבם אתם לשם יהוה אלה,60,62.3228438439,-1.4272134532,5708.5056460545,-0.8208208329,-2.2480342861000002,False,1.01
Isa.60.10,ובנו בני נכר חמתיך ומלכיהם ישרתונך כי בקצפי הכיתיך וברצוני רחמתיך,60,124.7376688679,0.1331155698,125997.1552417861,0.3491973563,0.4823129261,False,65.69
Isa.60.11,ופתחו שעריך תמיד יומם ולילה לא יסגרו להביא אליך חיל גוים ומלכיהם נהוגים,60,226.0522921285,0.8991509622,457.8380888469,-0.5592545808,0.3398963814,False,63.9
Isa.60.12,כי הגוי והממלכה אשר לא יעבדוך יאבדו והגוים חרב יחרבו,60,36.7692428325,-1.2900411064,1720.4882947473,-0.5339485462,-1.8239896526,False,8.21
Isa.60.13,כבוד הלבנון אליך יבוא ברוש תדהר ותאשור יחדו לפאר מקום מקדשי ומקום רגלי אכבד,60,271.1243810665,1.3850564737,5668.7708031224,1.0889741077,2.4740305814,False,89.39
Isa.60.14,והלכו אליך שחוח בני מעניך והשתחוו על כפות רגליך כל מנאציך וקראו לך עיר יהוה ציון,60,86.7856161243,-0.4992352725,5790.7934340072,0.2761904965,-0.223044776,False,55.69
Isa.60.15,תחת היותך עזובה ושנואה ואין עובר ושמתיך לגאון עולם משוש דור ודור,60,135.2921305954,-0.1866902383,3186.573436528,-0.6517273055,-0.8384175438,False,43.3
Isa.60.16,וינקת חלב גוים ושד מלכים תינקי וידעת כי אני יהוה מושיעך וגאלך אביר יעקב,60,101.3165620737,-0.8167286725,9100.126513751,1.3196142175,0.502885545,False,66.23
Isa.60.17,תחת הנחשת אביא זהב ותחת הברזל אביא כסף ותחת העצים נחשת ותחת האבנים ברזל ושמתי פק,60,142.8284375617,1.14029545,1036.0945228707,-0.9260940851,0.21420136489999997,False,62.2
Isa.60.18,לא ישמע עוד חמס בארצך שד ושבר בגבוליך וקראת ישועה חומתיך ושעריך תהלה,60,126.8980827051,0.7980282838,7360.786209875,0.9644183842,1.762446668,False,84.59
Isa.60.19,לא יהיה לך עוד השמש לאור יומם ולנגה הירח לא יאיר לך והיה לך יהוה לאור עולם ואלהי,60,86.5073100818,-0.1263453782,433.3025821545,-0.7318857238,-0.8582311020000001,False,42.76
Isa.60.20,לא יבוא עוד שמשך וירחך לא יאסף כי יהוה יהיה לך לאור עולם ושלמו ימי אבלך,60,58.962290647,-0.8277457708,1465.6292662874,-0.2378753574,-1.0656211282,False,35.4
Isa.60.21,ועמך כלם צדיקים לעולם יירשו ארץ נצר מטעו מטעי מעשה ידי להתפאר,60,41.7235911478,-0.6838453353,1211.2306489642,-0.3794187659,-1.0632641012000001,False,35.63
Isa.60.22,הקטן יהיה לאלף והצעיר לגוי עצום אני יהוה בעתה אחישנה,60,157.1346619342,1.7986719698,43.1581047862,-0.798478166,1.0001938038,False,72.81
Isa.61.1,רוח אדני יהוה עלי יען משח יהוה אתי לבשר ענוים שלחני לחבש לנשברי לב לקרא לשבוים ד,61,23.687879026,-1.2302392262,9841.3709272744,1.9738079861,0.7435687599,False,68.94
Isa.61.2,לקרא שנת רצון ליהוה ויום נקם לאלהינו לנחם כל אבלים,61,85.4303525703,-0.5121770504,1771.9476330155,-0.5554763046,-1.067653355,False,35.32
Isa.61.3,לשום לאבלי ציון לתת להם פאר תחת אפר שמן ששון תחת אבל מעטה תהלה תחת רוח כהה וקרא ,61,98.1610368846,-0.1578364243,554.651163286,-0.9492807377,-1.107117162,False,33.93
Isa.61.4,ובנו חרבות עולם שממות ראשנים יקוממו וחדשו ערי חרב שממות דור ודור,61,337.428915041,1.9506507593,52926.1573709814,1.1603263361,3.1109770954,False,92.25
Isa.61.5,ועמדו זרים ורעו צאנכם ובני נכר אכריכם וכרמיכם,61,36.1974797496,-0.7328741203,56218.277836008,1.0789259895,0.3460518692000001,False,63.98
Isa.61.6,ואתם כהני יהוה תקראו משרתי אלהינו יאמר לכם חיל גוים תאכלו ובכבודם תתימרו,61,38.422858409,-0.7212797966,2070.3281747874,-1.2526642617,-1.9739440582999999,False,4.18
Isa.61.7,תחת בשתכם משנה וכלמה ירנו חלקם לכן בארצם משנה יירשו שמחת עולם תהיה להם,61,968.8738286286,1.9966797813,38630.3780199292,0.7954011388,2.7920809201,False,91.09
Isa.61.8,כי אני יהוה אהב משפט שנא גזל בעולה ונתתי פעלתם באמת וברית עולם אכרות להם,61,91.4756002929,-0.3857860634,5302.4337351512,-0.4949278875,-0.8807139508999999,False,42.06
Isa.61.9,ונודע בגוים זרעם וצאצאיהם בתוך העמים כל ראיהם יכירום כי הם זרע ברך יהוה,61,35.7837424088,-0.5287459431,1078.3507378733,-0.9609522178,-1.4896981609,False,17.97
Isa.61.10,שוש אשיש ביהוה תגל נפשי באלהי כי הלבישני בגדי ישע מעיל צדקה יעטני כחתן יכהן פאר ,61,33.2336741164,-0.2725617038,13999.1552952711,0.5009580041,0.22839630030000002,False,62.35
Isa.61.11,כי כארץ תוציא צמחה וכגנה זרועיה תצמיח כן אדני יהוה יצמיח צדקה ותהלה נגד כל הגוים,61,26.6044775539,-0.5115130799,9674.4448001815,0.0171360389,-0.49437704099999996,False,51.82
Isa.62.1,למען ציון לא אחשה ולמען ירושלם לא אשקוט עד יצא כנגה צדקה וישועתה כלפיד יבער,62,15.169848505,-0.8683687207,21915.262929496,1.3389141073,0.4705453865999999,False,65.61
Isa.62.2,וראו גוים צדקך וכל מלכים כבודך וקרא לך שם חדש אשר פי יהוה יקבנו,62,230.3808898647,1.7341190048,1022.5792226177,-1.059661075,0.6744579298,False,67.85
Isa.62.3,והיית עטרת תפארת ביד יהוה וצנוף וצניף מלוכה בכף אלהיך,62,128.2907978414,0.4909526876,16183.3508950395,0.8848283988,1.3757810864,False,79.09
Isa.62.4,לא יאמר לך עוד עזובה ולארצך לא יאמר עוד שממה כי לך יקרא חפצי בה ולארצך בעולה כי ,62,17.9351226598,-1.2106744705,597.7084262728,-0.6826984441,-1.8933729146,False,5.96
Isa.62.5,כי יבעל בחור בתולה יבעלוך בניך ומשוש חתן על כלה ישיש עליך אלהיך,62,48.1583161803,-0.6657444078,968.2758636872,-0.5932016281,-1.2589460359,False,27.5
Isa.62.6,על חומתיך ירושלם הפקדתי שמרים כל היום וכל הלילה תמיד לא יחשו המזכרים את יהוה אל ,62,110.4217449213,1.6271605909,4479.1877321785,1.7845187277,3.4116793186,False,94.35
Isa.62.7,ואל תתנו דמי לו עד יכונן ועד ישים את ירושלם תהלה בארץ,62,69.9399011449,-0.279777008,441.7722877746,-0.5488182771,-0.8285952851,False,43.69
Isa.62.8,נשבע יהוה בימינו ובזרוע עזו אם אתן את דגנך עוד מאכל לאיביך ואם ישתו בני נכר תירו,62,60.4570383258,-0.5996780751,2380.7900352068,-0.4999972253,-1.0996753004,False,34.39
Isa.62.9,כי מאספיו יאכלהו והללו את יהוה ומקבציו ישתהו בחצרות קדשי,62,91.9573710386,-0.5059772217,84489.7628009219,1.9995175021,1.4935402804,False,81.25
Isa.62.10,עברו עברו בשערים פנו דרך העם סלו סלו המסלה סקלו מאבן הרימו נס על העמים,62,643.3277411562,1.977908862,2270.8126226076,-0.5290115383,1.4488973237,False,80.71
Isa.62.11,הנה יהוה השמיע אל קצה הארץ אמרו לבת ציון הנה ישעך בא הנה שכרו אתו ופעלתו לפניו,62,155.78854145,-0.3661835365,1082.2033082047,-0.5546222641,-0.9208058006000001,False,40.59
Isa.62.12,וקראו להם עם הקדש גאולי יהוה ולך יקרא דרושה עיר לא נעזבה,62,72.6081096089,-0.8799960695,7267.1493190322,-0.0949782794,-0.9749743489,False,39.04
Isa.63.1,מי זה בא מאדום חמוץ בגדים מבצרה זה הדור בלבושו צעה ברב כחו אני מדבר בצדקה רב להו,63,200.2102180247,-0.3886547836,1017.1173765522,-0.8069819751,-1.1956367587,False,29.98
Isa.63.2,מדוע אדם ללבושך ובגדיך כדרך בגת,63,1290.1247299776,1.9831036677,29949.1321269014,0.3624102258,2.3455138935,False,88.46
Isa.63.3,פורה דרכתי לבדי ומעמים אין איש אתי ואדרכם באפי וארמסם בחמתי ויז נצחם על בגדי וכל,63,172.2302632226,-0.5233615891,65844.5504328851,0.8919945715,0.3686329824000001,False,64.29
Isa.63.4,כי יום נקם בלבי ושנת גאולי באה,63,34.3133626077,-0.8478697031,576.1103667706,-0.6898247721,-1.5376944752,False,15.72
Isa.63.5,ואביט ואין עזר ואשתומם ואין סומך ותושע לי זרעי וחמתי היא סמכתני,63,346.3886322798,1.5286719059,82723.1158761805,-0.3018938267,1.2267780792,False,76.07
Isa.63.6,ואבוס עמים באפי ואשכרם בחמתי ואוריד לארץ נצחם,63,231.9089534112,0.7071377,610629.5671617794,1.9828778232,2.6900155232,False,90.7
Isa.63.7,חסדי יהוה אזכיר תהלת יהוה כעל כל אשר גמלנו יהוה ורב טוב לבית ישראל אשר גמלם כרחמ,63,37.0251370299,-0.9141628497,3090.8667602977,-0.596021522,-1.5101843716999999,False,16.96
Isa.63.8,ויאמר אך עמי המה בנים לא ישקרו ויהי להם למושיע,63,68.8269263244,-0.32000557,4876.6119848854,-0.5061101651,-0.8261157350999999,False,43.76
Isa.63.9,בכל צרתם לא לו צר ומלאך פניו הושיעם באהבתו ובחמלתו הוא גאלם וינטלם וינשאם כל ימי,63,55.3845054456,-0.509584061,15760.9512558299,1.9614635929,1.4518795319,False,80.87
Isa.63.10,והמה מרו ועצבו את רוח קדשו ויהפך להם לאויב הוא נלחם בם,63,64.6305895032,-0.7855810997,1787.6482000415,-0.6300023769,-1.4155834766000002,False,20.14
Isa.63.11,ויזכר ימי עולם משה עמו איה המעלם מים את רעי צאנו איה השם בקרבו את רוח קדשו,63,181.2735038647,-0.3598911097,3596.8386662875,-0.506867006,-0.8667581156999999,False,42.53
Isa.63.12,מוליך לימין משה זרוע תפארתו בוקע מים מפניהם לעשות לו שם עולם,63,190.5400999611,-0.4024786612,211.3498579927,-0.5215794463,-0.9240581075,False,40.36
Isa.63.13,מוליכם בתהמות כסוס במדבר לא יכשלו,63,1187.4405974702,1.998558835,628517.5645314704,1.9966750792,3.9952339142,True,99.92
Isa.63.14,כבהמה בבקעה תרד רוח יהוה תניחנו כן נהגת עמך לעשות לך שם תפארת,63,167.9726605576,-0.4272199927,16903.0558841011,-0.4891348748,-0.9163548675,False,40.74
Isa.63.15,הבט משמים וראה מזבל קדשך ותפארתך איה קנאתך וגבורתך המון מעיך ורחמיך אלי התאפקו,63,144.6235223507,-0.5183194599,40509.3884076325,-0.4543866035,-0.9727060634,False,39.12
Isa.63.16,כי אתה אבינו כי אברהם לא ידענו וישראל לא יכירנו אתה יהוה אבינו גאלנו מעולם שמך,63,51.1798738027,-1.2659953879,181.9714723832,-0.825735152,-2.0917305399000004,False,2.79
Isa.63.17,למה תתענו יהוה מדרכיך תקשיח לבנו מיראתך שוב למען עבדיך שבטי נחלתך,63,255.5428929552,0.444659471,62448.4423421943,-0.0894870992,0.35517237179999994,False,64.06
Isa.63.18,למצער ירשו עם קדשך צרינו בוססו מקדשך,63,416.3380200356,1.7177089269,242618.6664417194,1.816414188,3.5341231149,False,95.12
Isa.63.19,היינו מעולם לא משלת בם לא נקרא שמך עליהם לוא קרעת שמים ירדת מפניך הרים נזלו,63,128.410999499,-0.5707332382,6328.9312734051,-1.3284903696,-1.8992236078000002,False,5.73
Isa.64.1,כקדח אש המסים מים תבעה אש להודיע שמך לצריך מפניך גוים ירגזו,64,104.1521244794,-0.345271953,100136.3285847005,-0.1042020849,-0.4494740379,False,52.36
Isa.64.2,בעשותך נוראות לא נקוה ירדת מפניך הרים נזלו,64,90.0742376792,-0.4712998989,202713.5709793693,1.7247315365,1.2534316375999999,False,76.37
Isa.64.3,ומעולם לא שמעו לא האזינו עין לא ראתה אלהים זולתך יעשה למחכה לו,64,18.8485760211,-0.9798995659,473.8804241818,-1.490605539,-2.4705051049,False,0.39
Isa.64.4,פגעת את שש ועשה צדק בדרכיך יזכרוך הן אתה קצפת ונחטא בהם עולם ונושע,64,621.4701608255,1.693345265,66973.5885686564,-0.2496521064,1.4436931586000001,False,80.4
Isa.64.5,ונהי כטמא כלנו וכבגד עדים כל צדקתינו ונבל כעלה כלנו ועוננו כרוח ישאנו,64,349.1525051704,0.3963292687,166996.5791701034,1.838924065,2.2352533337000002,False,87.61
Isa.64.6,ואין קורא בשמך מתעורר להחזיק בך כי הסתרת פניך ממנו ותמוגנו ביד עוננו,64,224.0711113435,-0.6933217149,1996.5604401019,-0.7898622019,-1.4831839168,False,18.36
Isa.64.7,ועתה יהוה אבינו אתה אנחנו החמר ואתה יצרנו ומעשה ידך כלנו,64,118.5876569958,-1.6358431796,365.6153874039,-0.5831409191,-2.2189840987,False,1.47
Isa.64.8,אל תקצף יהוה עד מאד ואל לעד תזכר עון הן הבט נא עמך כלנו,64,397.5368627692,1.3660846837,20823.3305471695,1.9563387324,3.3224234161,False,93.57
Isa.64.9,ערי קדשך היו מדבר ציון מדבר היתה ירושלם שממה,64,311.2876520926,0.1226827641,759.9284775854,-0.6665191493,-0.5438363852,False,50.66
Isa.64.10,בית קדשנו ותפארתנו אשר הללוך אבתינו היה לשרפת אש וכל מחמדינו היה לחרבה,64,20.1548587203,-1.6956374874,4927.1540187484,-0.6443131327,-2.3399506200999998,False,0.62
Isa.64.11,העל אלה תתאפק יהוה תחשה ותעננו עד מאד,64,585.6993182318,0.5981422346,87707.4511113858,1.9851420635,2.5832842981,False,90.24
Isa.65.1,נדרשתי ללוא שאלו נמצאתי ללא בקשני אמרתי הנני הנני אל גוי לא קרא בשמי,65,618.8474704634,0.7918280637,13109.3165364549,-0.4209684491,0.37085961460000005,False,64.45
Isa.65.2,פרשתי ידי כל היום אל עם סורר ההלכים הדרך לא טוב אחר מחשבתיהם,65,664.3586985124,0.8927312475,7014.3512686053,-0.6253226436,0.2674086039,False,62.59
Isa.65.3,העם המכעיסים אותי על פני תמיד זבחים בגנות ומקטרים על הלבנים,65,125.3931247576,-1.2552472023,18263.1128778677,-0.4655054977,-1.7207527,False,10.77
Isa.65.4,הישבים בקברים ובנצורים ילינו האכלים בשר החזיר ופרק ומרק פגלים כליהם,65,456.9269995257,0.637633535,491671.6405432015,1.9995553694,2.6371889044,False,90.4
Isa.65.5,האמרים קרב אליך אל תגש בי כי קדשתיך אלה עשן באפי אש יקדת כל היום,65,166.6885355023,-0.302537466,8249.7228682131,-0.5341977065,-0.8367351725,False,43.45
Isa.65.6,הנה כתובה לפני לא אחשה כי אם שלמתי ושלמתי על חיקם,65,220.3716958118,0.2004989205,13957.5525650434,-0.4811829386,-0.2806840181,False,54.76
Isa.65.7,עונתיכם ועונת אבותיכם יחדו אמר יהוה אשר קטרו על ההרים ועל הגבעות חרפוני ומדתי פע,65,67.4589162545,-0.994273332,18700.8932389552,-0.4320926975,-1.4263660295,False,19.83
Isa.65.8,כה אמר יהוה כאשר ימצא התירוש באשכול ואמר אל תשחיתהו כי ברכה בו כן אעשה למען עבדי,65,41.9574875395,-1.1023618982,613.5359122834,-0.5635653519,-1.6659272501000002,False,11.93
Isa.65.9,והוצאתי מיעקב זרע ומיהודה יורש הרי וירשוה בחירי ועבדי ישכנו שמה,65,254.1345195574,0.2160054426,319040.5226581154,1.995537184,2.2115426266,False,87.45
Isa.65.10,והיה השרון לנוה צאן ועמק עכור לרבץ בקר לעמי אשר דרשוני,65,466.0788474044,1.5569845239,1205.4519781393,-0.5365230196,1.0204615043,False,73.04
Isa.65.11,ואתם עזבי יהוה השכחים את הר קדשי הערכים לגד שלחן והממלאים למני ממסך,65,274.0036799336,0.3933014933,20036.90597253,-0.3854296128,0.00787188050000004,False,58.64
Isa.65.12,ומניתי אתכם לחרב וכלכם לטבח תכרעו יען קראתי ולא עניתם דברתי ולא שמעתם ותעשו הרע ,65,32.2311319286,-0.7403112201,1722.7285313685,-0.6643766458,-1.4046878659,False,20.68
Isa.65.13,לכן כה אמר אדני יהוה הנה עבדי יאכלו ואתם תרעבו הנה עבדי ישתו ואתם תצמאו הנה עבדי,65,11.4523695832,-0.834717752,90.586886303,-0.6245423513,-1.4592601033,False,18.98
Isa.65.14,הנה עבדי ירנו מטוב לב ואתם תצעקו מכאב לב ומשבר רוח תילילו,65,38.8264040732,-0.2038619708,11112.9736806296,-0.4286763823,-0.6325383531,False,48.88
Isa.65.15,והנחתם שמכם לשבועה לבחירי והמיתך אדני יהוה ולעבדיו יקרא שם אחר,65,101.5114446133,1.8781483483,166793.4825843582,1.9931281185,3.8712764668000004,False,98.22
Isa.65.16,אשר המתברך בארץ יתברך באלהי אמן והנשבע בארץ ישבע באלהי אמן כי נשכחו הצרות הראשנו,65,40.8175610124,-0.5083958121,13611.1556882083,-0.3874014908,-0.8957973028999999,False,41.13
Isa.65.17,כי הנני בורא שמים חדשים וארץ חדשה ולא תזכרנה הראשנות ולא תעלינה על לב,65,31.2482816632,-1.1905272645,1106.2842981795,-0.5452499012,-1.7357771657,False,10.3
Isa.65.18,כי אם שישו וגילו עדי עד אשר אני בורא כי הנני בורא את ירושלם גילה ועמה משוש,65,55.806675859,0.1480889683,74.9312342792,-0.6367380149,-0.4886490466,False,51.98
Isa.65.19,וגלתי בירושלם וששתי בעמי ולא ישמע בה עוד קול בכי וקול זעקה,65,89.1873192596,0.2223014078,1812.5962353183,1.6736424676,1.8959438754,False,85.44
Isa.65.20,לא יהיה משם עוד עול ימים וזקן אשר לא ימלא את ימיו כי הנער בן מאה שנה ימות והחוטא,65,47.2698142771,-1.0225323617,207.5062491281,-0.4937694948,-1.5163018565,False,16.81
Isa.65.21,ובנו בתים וישבו ונטעו כרמים ואכלו פרים,65,168.2266754056,1.7176028308,173.8735688943,-0.540384531,1.1772182998,False,75.21
Isa.65.22,לא יבנו ואחר ישב לא יטעו ואחר יאכל כי כימי העץ ימי עמי ומעשה ידיהם יבלו בחירי,65,94.3214906865,0.4141845403,371.6719113561,1.6665119231,2.0806964634000003,False,86.37
Isa.65.23,לא ייגעו לריק ולא ילדו לבהלה כי זרע ברוכי יהוה המה וצאצאיהם אתם,65,29.3216018437,-0.6209864018,62.7452887407,-0.7102193813,-1.3312057831,False,23.63
Isa.65.24,והיה טרם יקראו ואני אענה עוד הם מדברים ואני אשמע,65,19.069661318,-0.5418837759,25.2855112748,-0.7157898903,-1.2576736662,False,27.58
Isa.65.25,זאב וטלה ירעו כאחד ואריה כבקר יאכל תבן ונחש עפר לחמו לא ירעו ולא ישחיתו בכל הר ק,65,17.5151286954,-0.8120090986,1143.8008350305,1.8925237969,1.0805146983,False,73.51
Isa.66.1,כה אמר יהוה השמים כסאי והארץ הדם רגלי אי זה בית אשר תבנו לי ואי זה מקום מנוחתי,66,16.1075568325,-0.5525169829,47.9429610941,-0.7493230902,-1.3018400731,False,25.1
Isa.66.2,ואת כל אלה ידי עשתה ויהיו כל אלה נאם יהוה ואל זה אביט אל עני ונכה רוח וחרד על דב,66,31.0525257906,-0.4712813665,400.3932448743,-0.6321273031,-1.1034086696,False,34.0
Isa.66.3,שוחט השור מכה איש זובח השה ערף כלב מעלה מנחה דם חזיר מזכיר לבנה מברך און גם המה ,66,246.699520911,1.9572828059,3493.7303805158,1.6493006218,3.6065834277,False,95.82
Isa.66.4,גם אני אבחר בתעלליהם ומגורתם אביא להם יען קראתי ואין עונה דברתי ולא שמעו ויעשו ה,66,51.2476043652,-0.5965698759,765.2200952225,-0.9951098865,-1.5916797624,False,14.18
Isa.66.5,שמעו דבר יהוה החרדים אל דברו אמרו אחיכם שנאיכם מנדיכם למען שמי יכבד יהוה ונראה ב,66,66.8072303615,-0.5450906392,2183.911537438,-0.5171663793,-1.0622570185,False,35.94
Isa.66.6,קול שאון מעיר קול מהיכל קול יהוה משלם גמול לאיביו,66,90.7212409842,-0.5199488479,3100.7333027035,-0.3541823215,-0.8741311694,False,42.37
Isa.66.7,בטרם תחיל ילדה בטרם יבוא חבל לה והמליטה זכר,66,2650.818323112,1.9956328677,28649.7602101053,1.2974430484,3.2930759161,False,93.42
Isa.66.8,מי שמע כזאת מי ראה כאלה היוחל ארץ ביום אחד אם יולד גוי פעם אחת כי חלה גם ילדה צי,66,239.7432313973,-0.3997062484,99.5344636572,-0.8936672741,-1.2933735225,False,25.79
Isa.66.9,האני אשביר ולא אוליד יאמר יהוה אם אני המוליד ועצרתי אמר אלהיך,66,208.4465344879,-0.4638912521,26670.6791104311,-0.41351874,-0.8774099921,False,42.22
Isa.66.10,שמחו את ירושלם וגילו בה כל אהביה שישו אתה משוש כל המתאבלים עליה,66,22.1134320147,-1.2986147535,262.2752319122,-0.5645249723,-1.8631397258,False,6.74
Isa.66.11,למען תינקו ושבעתם משד תנחמיה למען תמצו והתענגתם מזיז כבודה,66,226.2500656974,1.3171169052,388530.492257595,1.9642306067,3.2813475119,False,93.34
Isa.66.12,כי כה אמר יהוה הנני נטה אליה כנהר שלום וכנחל שוטף כבוד גוים וינקתם על צד תנשאו ו,66,37.8875865785,-0.6379832998,13797.6052793799,-0.5710267698,-1.2090100696000001,False,29.59
Isa.66.13,כאיש אשר אמו תנחמנו כן אנכי אנחמכם ובירושלם תנחמו,66,45.8286503311,-0.769535555,81114.0159364839,-0.1667813492,-0.9363169042,False,40.05
Isa.66.14,וראיתם ושש לבכם ועצמותיכם כדשא תפרחנה ונודעה יד יהוה את עבדיו וזעם את איביו,66,95.045671498,0.7888501581,7762.7027473161,-0.6919837272,0.09686643090000002,False,59.95
Isa.66.15,כי הנה יהוה באש יבוא וכסופה מרכבתיו להשיב בחמה אפו וגערתו בלהבי אש,66,84.8894232277,-0.4725211172,34464.1985401909,0.1212135319,-0.3513075853,False,53.37
Isa.66.16,כי באש יהוה נשפט ובחרבו את כל בשר ורבו חללי יהוה,66,105.2345665669,-0.4079674356,1602.1871076434,-0.9724934965,-1.3804609321,False,21.84
Isa.66.17,המתקדשים והמטהרים אל הגנות אחר אחד אחת בתוך אכלי בשר החזיר והשקץ והעכבר יחדו יספ,66,356.3067533414,1.994641963,30390.7567021864,1.085052722,3.0796946849999998,False,92.18
Isa.66.18,ואנכי מעשיהם ומחשבתיהם באה לקבץ את כל הגוים והלשנות ובאו וראו את כבודי,66,97.7294465591,-0.3063715196,2589.9345253937,-0.383211651,-0.6895831706,False,47.17
Isa.66.19,ושמתי בהם אות ושלחתי מהם פליטים אל הגוים תרשיש פול ולוד משכי קשת תבל ויון האיים ,66,85.2395531302,-0.3447017636,541.9147262609,-0.5774362542,-0.9221380178,False,40.43
Isa.66.20,והביאו את כל אחיכם מכל הגוים מנחה ליהוה בסוסים וברכב ובצבים ובפרדים ובכרכרות על ,66,21.0559319135,-1.1703420816,224.0589120058,-1.0622232869,-2.2325653685,False,1.16
Isa.66.21,וגם מהם אקח לכהנים ללוים אמר יהוה,66,69.3863929051,0.9327988315,2489.838903476,1.9429112514,2.8757100829,False,91.63
Isa.66.22,כי כאשר השמים החדשים והארץ החדשה אשר אני עשה עמדים לפני נאם יהוה כן יעמד זרעכם ו,66,20.6714499555,-0.3573060236,685.3932656415,-0.3571433336,-0.7144493572,False,46.71
Isa.66.23,והיה מדי חדש בחדשו ומדי שבת בשבתו יבוא כל בשר להשתחות לפני אמר יהוה,66,12.3194810094,-0.7644081053,121.9577172848,-1.2063144031,-1.9707225084,False,4.26
Isa.66.24,ויצאו וראו בפגרי האנשים הפשעים בי כי תולעתם לא תמות ואשם לא תכבה והיו דראון לכל ,66,17.2032612314,0.1377317198,1489.0286383216,1.2898560074,1.4275877272000002,False,80.17
