verse_id,text,raw_ppl_gpt,raw_ppl_dicta,rare_ratio,disc_ppl_gpt,disc_ppl_dicta,global_z_gpt,global_z_dicta,CFI_mag,p_val_gpt,p_val_dicta,p_adj_gpt,p_adj_dicta,Strict_Shared_Seam,p_val_cfi,p_adj_cfi,Significant_CFI_Seam,chapter,Regime_ID,Is_Regime_Change
Jer.1.1,דברי ירמיהו בן חלקיהו מן הכהנים אשר בענתות בארץ בנימן,56.27482130822233,11298.869836129059,0.0,56.27482130822233,11298.869836129059,-0.30933129713601104,-0.049344473005124095,0.0,0.6214652370331439,0.5196776108349598,0.6934354144325707,0.579508538968416,False,1.0,1.0,False,1,1,False
Jer.1.2,אשר היה דבר יהוה אליו בימי יאשיהו בן אמון מלך יהודה בשלש עשרה שנה למלכו,15.665921247036524,45.679174973768575,0.0,15.665921247036524,45.679174973768575,-0.45823809009103167,-0.20004540973737694,0.0,0.6766093014018566,0.5792774665044991,0.6934354144325707,0.579508538968416,False,1.0,1.0,False,1,1,False
Jer.1.3,ויהי בימי יהויקים בן יאשיהו מלך יהודה עד תם עשתי עשרה שנה לצדקיהו בן יאשיהו מלך יהודה עד גלות ירושלם בחדש החמישי,7.261366436997055,45.83488559227476,0.0,7.261366436997055,45.83488559227476,-0.4890563417819671,-0.20004332448557818,0.0,0.6875990954778836,0.5792766510892544,0.6934354144325707,0.579508538968416,False,1.0,1.0,False,1,1,False
Jer.1.4,ויהי דבר יהוה אלי לאמר,10.585737335954954,3.77491560229214,0.0,10.585737335954954,3.77491560229214,-0.47686636844087776,-0.2006065849036479,0.0,0.6832713590483891,0.5794968956317573,0.6934354144325707,0.579508538968416,False,1.0,1.0,False,1,1,False
Jer.1.5,בטרם אצורך אצרך בבטן ידעתיך ובטרם תצא מרחם הקדשתיך נביא לגוים נתתיך,28.158375703225385,8562.9826021659,0.25,18.772250468816924,5708.655068110599,-0.4468476431303691,-0.12420773867278025,0.0,0.6725074654643917,0.5494246024425243,0.6934354144325707,0.579508538968416,False,1.0,1.0,False,1,1,False
Jer.1.6,ואמר אהה אדני יהוה הנה לא ידעתי דבר כי נער אנכי,28.516434109006656,13.762543660425237,0.0,28.516434109006656,13.762543660425237,-0.4111171718878771,-0.20047283217969475,0.0,0.6595066904761506,0.5794445982592835,0.6934354144325707,0.579508538968416,False,1.0,1.0,False,1,1,False
Jer.1.7,ויאמר יהוה אלי אל תאמר נער אנכי כי על כל אשר אשלחך תלך ואת כל אשר אצוך תדבר,17.932116836939894,75.99893616432215,0.0,17.932116836939894,75.99893616432215,-0.449928288126613,-0.19963937232536658,0.0,0.6736189252310533,0.5791186835390258,0.6934354144325707,0.579508538968416,False,1.0,1.0,False,1,1,False
Jer.1.8,אל תירא מפניהם כי אתך אני להצלך נאם יהוה,26.326837991337804,177.91122337200778,0.1111111111111111,21.54014017473093,145.5637282134609,-0.43669820350654603,-0.1987077717117222,0.0,0.6688348838610145,0.5787543278446405,0.6934354144325707,0.579508538968416,False,1.0,1.0,False,1,1,False
Jer.1.9,וישלח יהוה את ידו ויגע על פי ויאמר יהוה אלי הנה נתתי דברי בפיך,10.020532520524823,3.5771584907565255,0.0,10.020532520524823,3.5771584907565255,-0.4789388903831521,-0.20060923323538346,0.0,0.6840089484780341,0.5794979311164387,0.6934354144325707,0.579508538968416,False,1.0,1.0,False,1,1,False
Jer.1.10,ראה הפקדתיך היום הזה על הגוים ועל הממלכות לנתוש ולנתוץ ולהאביד ולהרוס לבנות ולנטוע,22.446116198766795,27695.82259700021,0.21428571428571427,15.712281339136757,19387.075817900146,-0.4580680945327835,0.0589714930740623,0.0589714930740623,0.6765482398961414,0.4764874069074594,0.6934354144325707,0.579508538968416,False,0.998262692371356,1.0,False,1,1,False
Jer.1.11,ויהי דבר יהוה אלי לאמר מה אתה ראה ירמיהו ואמר מקל שקד אני ראה,28.982620514256986,80.9337554813923,0.0,28.982620514256986,80.9337554813923,-0.40940773571943956,-0.19957328601117535,0.0,0.658879768185813,0.5790928389359234,0.6934354144325707,0.579508538968416,False,1.0,1.0,False,1,1,False
Jer.1.12,ויאמר יהוה אלי היטבת לראות כי שקד אני על דברי לעשתו,15.686743017100975,961.0125836621086,0.09090909090909091,13.273397937546978,813.164493867938,-0.4670111170026061,-0.18976736860502053,0.0,0.679754037814291,0.5752542863516173,0.6934354144325707,0.579508538968416,False,1.0,1.0,False,1,1,False
Jer.1.13,ויהי דבר יהוה אלי שנית לאמר מה אתה ראה ואמר סיר נפוח אני ראה ופניו מפני צפונה,19.92629382489387,69.06209523664805,0.11764705882352941,16.13080928681885,55.907410429667465,-0.45653341483553767,-0.199908434837481,0.0,0.6759967760003796,0.5792239032234682,0.6934354144325707,0.579508538968416,False,1.0,1.0,False,1,1,False
Jer.1.14,ויאמר יהוה אלי מצפון תפתח הרעה על כל ישבי הארץ,6.726349417631377,58.3010838335707,0.0,6.726349417631377,58.3010838335707,-0.4910181695687346,-0.1998763791445614,0.0,0.6882932016613451,0.579211367809283,0.6934354144325707,0.579508538968416,False,1.0,1.0,False,1,1,False
Jer.1.15,כי הנני קרא לכל משפחות ממלכות צפונה נאם יהוה ובאו ונתנו איש כסאו פתח שערי ירושלם ועל כל חומתיה סביב ועל כל ערי יהודה,39.159808914223866,102.49818278534333,0.041666666666666664,36.14751592082203,94.61370718647078,-0.3831351305702666,-0.19939008627711918,0.0,0.6491902135316274,0.579021192601429,0.6934354144325707,0.579508538968416,False,1.0,1.0,False,1,1,False
Jer.1.16,ודברתי משפטי אותם על כל רעתם אשר עזבוני ויקטרו לאלהים אחרים וישתחוו למעשי ידיהם,82.95527294240006,5840.368509223966,0.14285714285714285,64.52076784408894,4542.508840507529,-0.2790946383817871,-0.13982458318899352,0.0,0.6099139011653131,0.5556007052387639,0.6934354144325707,0.579508538968416,False,1.0,1.0,False,1,1,False
Jer.1.17,ואתה תאזר מתניך וקמת ודברת אליהם את כל אשר אנכי אצוך אל תחת מפניהם פן אחתך לפניהם,59.43445764054365,7583.64354789792,0.17647058823529413,43.929816516923566,5605.301752794115,-0.3545985924756274,-0.12559182980760322,0.0,0.6385548346169716,0.5499724846933138,0.6934354144325707,0.579508538968416,False,1.0,1.0,False,1,1,False
Jer.1.18,ואני הנה נתתיך היום לעיר מבצר ולעמוד ברזל ולחמות נחשת על כל הארץ למלכי יהודה לשריה לכהניה ולעם הארץ,37.77974957006778,1695.2668993639409,0.21052631578947367,26.585749697455103,1192.9655958486992,-0.41819670429331596,-0.18468113274855222,0.0,0.6620983474009786,0.5732604272532423,0.6934354144325707,0.579508538968416,False,1.0,1.0,False,1,1,False
Jer.1.19,ונלחמו אליך ולא יוכלו לך כי אתך אני נאם יהוה להצילך,30.301231765898702,63.41542816401398,0.09090909090909091,25.639503801914284,53.659208446473365,-0.4216664471683885,-0.1999385424003076,0.0,0.6633657508525946,0.5792356767460703,0.6934354144325707,0.579508538968416,False,1.0,1.0,False,1,1,False
Jer.2.1,ויהי דבר יהוה אלי לאמר,18.870788721971486,3.77491560229214,0.0,18.870788721971486,3.77491560229214,-0.44648631802088506,-0.2006065849036479,0.0,0.6723770032160707,0.5794968956317573,0.6934354144325707,0.579508538968416,False,1.0,1.0,False,2,1,False
Jer.2.2,הלך וקראת באזני ירושלם לאמר כה אמר יהוה זכרתי לך חסד נעוריך אהבת כלולתיך לכתך אחרי במדבר בארץ לא זרועה,6.045973909321758,261.7664887814946,0.2,4.318552792372685,186.9760634153533,-0.4998472014562022,-0.19815318431556814,0.0,0.6914086641499668,0.578537392678773,0.6934354144325707,0.579508538968416,False,1.0,1.0,False,2,1,False
Jer.2.3,קדש ישראל ליהוה ראשית תבואתה כל אכליו יאשמו רעה תבא אליהם נאם יהוה,108.6089866640192,1508.2654595120687,0.07692307692307693,94.12778844214998,1307.163398243793,-0.17053010007693528,-0.18315181397026906,0.0,0.567703367703227,0.5726605491877771,0.6934354144325707,0.579508538968416,False,1.0,1.0,False,2,1,False
Jer.2.4,שמעו דבר יהוה בית יעקב וכל משפחות בית ישראל,41.41147221414426,17.94448309481439,0.0,41.41147221414426,17.94448309481439,-0.36383298624444166,-0.2004168283129607,0.0,0.6420086355595057,0.5794227003067932,0.6934354144325707,0.579508538968416,False,1.0,1.0,False,2,1,False
Jer.2.5,כה אמר יהוה מה מצאו אבותיכם בי עול כי רחקו מעלי וילכו אחרי ההבל ויהבלו,42.45931663931779,354.4241794130966,0.13333333333333333,33.52051313630352,279.80856269455,-0.3927679588206543,-0.1969099862731798,0.0,0.6527545640561164,0.5780510106190042,0.6934354144325707,0.579508538968416,False,1.0,1.0,False,2,1,False
Jer.2.6,ולא אמרו איה יהוה המעלה אתנו מארץ מצרים המוליך אתנו במדבר בארץ ערבה ושוחה בארץ ציה וצלמות בארץ לא עבר בה איש ולא ישב אדם שם,39.4286925931919,179.68322560273893,0.07692307692307693,34.171533580766315,155.72546218904043,-0.39038076373812197,-0.19857168738905717,0.0,0.6518724949755057,0.5787010986345151,0.6934354144325707,0.579508538968416,False,1.0,1.0,False,2,1,False
Jer.2.7,ואביא אתכם אל ארץ הכרמל לאכל פריה וטובה ותבאו ותטמאו את ארצי ונחלתי שמתם לתועבה,28.80633206339532,11467.642585535712,0.3333333333333333,17.283799238037194,6880.585551321427,-0.4523055722767241,-0.10851343232688365,0.0,0.6744755688959814,0.5432057870120728,0.6934354144325707,0.579508538968416,False,1.0,1.0,False,2,1,False
Jer.2.8,הכהנים לא אמרו איה יהוה ותפשי התורה לא ידעוני והרעים פשעו בי והנביאים נבאו בבעל ואחרי לא יועלו הלכו,150.36717255217354,3461.7046616930243,0.21052631578947367,105.81393624041841,2436.0143915617577,-0.12767873527718368,-0.16803442129057491,0.0,0.5507983904343298,0.5667219001030347,0.6934354144325707,0.579508538968416,False,1.0,1.0,False,2,1,False
Jer.2.9,לכן עד אריב אתכם נאם יהוה ואת בני בניכם אריב,90.28778380756259,3416.4976965929413,0.0,90.28778380756259,3416.4976965929413,-0.1846108255880248,-0.15490394505785773,0.0,0.5732328528465673,0.5615514782575372,0.6934354144325707,0.579508538968416,False,1.0,1.0,False,2,1,False
Jer.2.10,כי עברו איי כתיים וראו וקדר שלחו והתבוננו מאד וראו הן היתה כזאת,654.225960369406,19055.49479039609,0.23076923076923078,447.6282886738041,13037.970119744692,1.1257036249976182,-0.026054719040776348,1.1257036249976182,0.1301454944340656,0.5103931531201769,0.6934354144325707,0.579508538968416,False,0.530675622049767,1.0,False,2,1,False
Jer.2.11,ההימיר גוי אלהים והמה לא אלהים ועמי המיר כבודו בלוא יועיל,268.15575663496537,16667.82625641479,0.2727272727272727,173.51254841085995,10785.064048268396,0.12056200038956345,-0.05622527826832274,0.12056200038956345,0.452018984263622,0.5224188280674393,0.6934354144325707,0.579508538968416,False,0.9927587471605821,1.0,False,2,1,False
Jer.2.12,שמו שמים על זאת ושערו חרבו מאד נאם יהוה,140.537604615461,382.7963823791976,0.1111111111111111,114.98531286719535,313.19704012843437,-0.09404866210558079,-0.1964628531020767,0.0,0.5374647493793695,0.5778760475080568,0.6934354144325707,0.579508538968416,False,1.0,1.0,False,2,2,True
Jer.2.13,כי שתים רעות עשה עמי אתי עזבו מקור מים חיים לחצב להם בארות בארת נשברים אשר לא יכלו המים,166.2819981469795,83.08836021691411,0.15789473684210525,126.37431859170441,63.14715376485472,-0.05228687306850303,-0.1998114813480071,0.0,0.5208499436082222,0.5791859892082446,0.6934354144325707,0.579508538968416,False,1.0,1.0,False,2,2,False
Jer.2.14,העבד ישראל אם יליד בית הוא מדוע היה לבז,331.0280709927351,505.06001210562465,0.0,331.0280709927351,505.06001210562465,0.6981479796443842,-0.19389345474459538,0.6981479796443842,0.24254232755351324,0.5768703455980299,0.6934354144325707,0.579508538968416,False,0.783718561513671,1.0,False,2,2,False
Jer.2.15,עליו ישאגו כפרים נתנו קולם וישיתו ארצו לשמה עריו נצתה נצתו מבלי ישב,953.4949461920135,141929.1069681427,0.3076923076923077,590.2587762141036,87860.87574218358,1.648708396001919,0.9759617139743972,1.9159177023533824,0.04960369462941803,0.1645417187368371,0.6934354144325707,0.579508538968416,False,0.15955440446444602,1.0,False,2,2,False
Jer.2.16,גם בני נף ותחפנס ותחפנחס ירעוך קדקד,2160.347337161841,2324973.0988871814,0.42857142857142855,1163.263950779453,1251908.5917084822,3.749833094346344,16.564703296635106,16.983834771364474,8.847615383427755e-05,6.269857474245682e-62,0.010056789485829547,4.2760427974355545e-59,True,2.310673610080572e-63,1.57587940207495e-60,True,2,2,False
Jer.2.17,הלוא זאת תעשה לך עזבך את יהוה אלהיך בעת מוליכך בדרך,233.35043844698538,746.1869835352176,0.18181818181818182,171.1236548611226,547.2037879258262,0.11180228326680576,-0.19332907201219737,0.11180228326680576,0.45549008854564654,0.5766493701902613,0.6934354144325707,0.579508538968416,False,0.9937696145744469,1.0,False,2,2,False
Jer.2.18,ועתה מה לך לדרך מצרים לשתות מי שחור ומה לך לדרך אשור לשתות מי נהר,182.89188875774946,8.91957053911688,0.06666666666666667,161.3751959627201,7.870209299220776,0.07605613528870762,-0.20055174138282753,0.07605613528870762,0.4696872189900074,0.5794754519612486,0.6934354144325707,0.579508538968416,False,0.9971119107196604,1.0,False,2,2,False
Jer.2.19,תיסרך רעתך ומשבותיך תוכחך ודעי וראי כי רע ומר עזבך את יהוה אלהיך ולא פחדתי אליך נאם אדני יהוה צבאות,65.62230248534837,4460.447336419434,0.35,38.601354403146104,2623.7925508349613,-0.37413727004506275,-0.1655197260941261,0.0,0.6458489042836459,0.5657325376039253,0.6934354144325707,0.579508538968416,False,1.0,1.0,False,2,2,False
Jer.2.20,כי מעולם שברתי עלך נתקתי מוסרתיך ותאמרי לא אעבד אעבור כי על כל גבעה גבהה ותחת כל עץ רענן את צעה זנה,212.39384413203146,5749.502547045372,0.13636363636363635,166.88087753231045,4517.466286964221,0.09624465022814235,-0.14015994907683646,0.09624465022814235,0.46166313481602517,0.5557331922594092,0.6934354144325707,0.579508538968416,False,0.9953791925838312,1.0,False,2,2,False
Jer.2.21,ואנכי נטעתיך שרק כלה זרע אמת ואיך נהפכת לי סורי הגפן נכריה,273.24288799252093,10966.11044512806,0.25,182.16192532834728,7310.74029675204,0.15227797831316278,-0.1027528684985301,0.15227797831316278,0.4394838465554266,0.5409204436632956,0.6934354144325707,0.579508538968416,False,0.9884726634420242,1.0,False,2,2,False
Jer.2.22,כי אם תכבסי בנתר ותרבי לך ברית נכתם עונך לפני נאם אדני יהוה,38.123649385639,32423.835475260825,0.3076923076923077,23.600354381586047,20071.89815135194,-0.42914370461884066,0.06814252467335782,0.06814252467335782,0.6660906758211591,0.472836089606292,0.6934354144325707,0.579508538968416,False,0.9976809912307065,1.0,False,2,2,False
Jer.2.23,איך תאמרי לא נטמאתי אחרי הבעלים לא הלכתי ראי דרכך בגיא דעי מה עשית בכרה קלה משרכת דרכיה,355.35454748392505,9246.54565119007,0.2777777777777778,228.44220909680897,5944.207918622188,0.32198089128609525,-0.12105325242164222,0.32198089128609525,0.37373358541707746,0.548175572023534,0.6934354144325707,0.579508538968416,False,0.9494847146477062,1.0,False,2,2,False
Jer.2.24,פרה למד מדבר באות נפשו נפשה שאפה רוח תאנתה מי ישיבנה כל מבקשיה לא ייעפו בחדשה ימצאונה,379.8816918833753,23967.32045810231,0.35294117647058826,222.68926765577172,14049.808544404801,0.3008857111962094,-0.012504340040771842,0.3008857111962094,0.38175082327189336,0.5049883799344912,0.6934354144325707,0.579508538968416,False,0.9557431193937548,1.0,False,2,2,False
Jer.2.25,מנעי רגלך מיחף וגורנך וגרונך מצמאה ותאמרי נואש לוא כי אהבתי זרים ואחריהם אלך,262.6995717324324,82986.47773888262,0.42857142857142855,141.45361554823282,44685.02647478295,0.003006664713359297,0.3977576183779371,0.39776898196112176,0.4988005161300791,0.3454044303552085,0.6934354144325707,0.579508538968416,False,0.9239382103378686,1.0,False,2,2,False
Jer.2.26,כבשת גנב כי ימצא כן הבישו בית ישראל המה מלכיהם שריהם וכהניהם ונביאיהם,165.31306087476236,42617.50928939646,0.15384615384615385,126.41587008070063,32589.86004483259,-0.05213450994220287,0.23578107627437622,0.23578107627437622,0.5207892423061825,0.40680127657809445,0.6934354144325707,0.579508538968416,False,0.9725864061113884,1.0,False,2,2,False
Jer.2.27,אמרים לעץ אבי אתה ולאבן את ילדתני ילדתנו כי פנו אלי ערף ולא פנים ובעת רעתם יאמרו קומה והושיענו,132.9467729731486,23782.90553643442,0.15789473684210525,101.03954745959292,18075.00820769016,-0.14518570839396291,0.041400492646847135,0.041400492646847135,0.5577178752882341,0.48348831003002074,0.6934354144325707,0.579508538968416,False,0.9991433667242569,1.0,False,2,2,False
Jer.2.28,ואיה אלהיך אשר עשית לך יקומו אם יושיעוך בעת רעתך כי מספר עריך היו אלהיך יהודה,155.2369826161837,5522.333874067041,0.0625,137.98842899216328,4908.741221392925,-0.009699658685642432,-0.13492005748397484,0.0,0.503869543278453,0.5536624595140595,0.6934354144325707,0.579508538968416,False,1.0,1.0,False,2,2,False
Jer.2.29,למה תריבו אלי כלכם פשעתם בי נאם יהוה,103.73385546094288,7971.719076121216,0.25,69.15590364062858,5314.479384080811,-0.26209828523423084,-0.12948647664221824,0.0,0.6033771656156385,0.5515136375290486,0.6934354144325707,0.579508538968416,False,1.0,1.0,False,2,2,False
Jer.2.30,לשוא הכיתי את בניכם מוסר לא לקחו אכלה חרבכם נביאיכם כאריה משחית,340.0507553056635,22003.062632780067,0.08333333333333333,291.47207597628295,18859.76797095434,0.5531020327911105,0.05190987038643585,0.5555326212934711,0.2900967723964995,0.47930025472502513,0.6934354144325707,0.579508538968416,False,0.8570078104968534,1.0,False,2,2,False
Jer.2.31,הדור אתם ראו דבר יהוה המדבר הייתי לישראל אם ארץ מאפליה מדוע אמרו עמי רדנו לוא נבוא עוד אליך,165.23984642825042,1710.4753118777867,0.10526315789473684,136.50248183203294,1413.0013445946934,-0.015148405777591314,-0.18173444905242794,0.0,0.5060431084215653,0.572104435152431,0.6934354144325707,0.579508538968416,False,1.0,1.0,False,2,2,False
Jer.2.32,התשכח בתולה עדיה כלה קשריה ועמי שכחוני ימים אין מספר,422.99744645258954,30847.2458102657,0.2,302.1410331804211,22033.747007332644,0.5922235110643189,0.09441529203559126,0.5997023715373447,0.27685046379723277,0.4623896343901382,0.6934354144325707,0.579508538968416,False,0.8354193478418556,1.0,False,2,2,False
Jer.2.33,מה תיטבי דרכך לבקש אהבה לכן גם את הרעות למדתי למדת את דרכיך,100.42529328176161,3899.048234890788,0.15384615384615385,76.7958125095824,2981.625120798838,-0.23408387641176956,-0.16072768931890188,0.0,0.5925400685044864,0.5638460599812901,0.6934354144325707,0.579508538968416,False,1.0,1.0,False,2,2,False
Jer.2.34,גם בכנפיך נמצאו דם נפשות אביונים נקיים לא במחתרת מצאתים כי על כל אלה,100.51665439144945,4905.757292113355,0.2857142857142857,63.96514370364965,3121.8455495266808,-0.28113202941470217,-0.1588498796741025,0.0,0.6106954322544242,0.5631064253003973,0.6934354144325707,0.579508538968416,False,1.0,1.0,False,2,2,False
Jer.2.35,ותאמרי כי נקיתי אך שב אפו ממני הנני נשפט אותך על אמרך לא חטאתי,137.58271919306256,990.3193105718407,0.14285714285714285,107.00878159460423,770.2483526669872,-0.12329741518476697,-0.19034209473156186,0.0,0.549064206199823,0.575479465134816,0.6934354144325707,0.579508538968416,False,1.0,1.0,False,2,2,False
Jer.2.36,מה תזלי מאד לשנות את דרכך גם ממצרים תבושי כאשר בשת מאשור,590.0991114323027,87013.63428010975,0.16666666666666666,442.57433357422707,65260.22571008231,1.1071715237960889,0.6732974089651178,1.2958233614285917,0.13410988838116322,0.250379050419951,0.6934354144325707,0.579508538968416,False,0.43189227208392134,1.0,False,2,2,False
Jer.2.37,גם מאת זה תצאי וידיך על ראשך כי מאס יהוה במבטחיך ולא תצליחי להם,109.88708668142233,1132.4830750313827,0.21428571428571427,76.92096067699563,792.7381525219679,-0.23362497670688653,-0.19004091491446645,0.0,0.5923619321683627,0.5753614653802794,0.6934354144325707,0.579508538968416,False,1.0,1.0,False,2,2,False
Jer.3.1,לאמר הן ישלח איש את אשתו והלכה מאתו והיתה לאיש אחר הישוב אליה עוד הלוא חנוף תחנף הארץ ההיא ואת זנית רעים רבים ושוב אלי נאם יהוה,70.52415105201128,889.7314334790747,0.18518518518518517,51.46356968660283,649.2634784847302,-0.3269734408039152,-0.19196230489405708,0.0,0.6281560133739075,0.5761141337072189,0.6934354144325707,0.579508538968416,False,1.0,1.0,False,3,2,False
Jer.3.2,שאי עיניך על שפים וראי איפה לא שגלת שכבת על דרכים ישבת להם כערבי במדבר ותחניפי ארץ בזנותיך וברעתך,297.67803916146977,33490.5536595953,0.2631578947368421,195.03043945061813,21942.08688042451,0.1994649044588248,0.09318779421724054,0.22015951740009532,0.420949546949883,0.4628771854982894,0.6934354144325707,0.579508538968416,False,0.9760562055720002,1.0,False,3,2,False
Jer.3.3,וימנעו רבבים ומלקוש לוא היה ומצח אשה זונה היה לך מאנת הכלם,228.6021128953003,90855.56493606923,0.4166666666666667,124.6920615792547,49557.58087421958,-0.05845545917333597,0.46301009071084376,0.46301009071084376,0.5233070798891385,0.3216785671126017,0.6934354144325707,0.579508538968416,False,0.8983557131230748,1.0,False,3,2,False
Jer.3.4,הלוא מעתה קראתי קראת לי אבי אלוף נערי אתה,394.5365076403094,2022.997823699034,0.0,394.5365076403094,2022.997823699034,0.9310239652664694,-0.17356547337500328,0.9310239652664694,0.1759205837819191,0.5688965158178266,0.6934354144325707,0.579508538968416,False,0.6482992964982442,1.0,False,3,2,False
Jer.3.5,הינטר לעולם אם ישמר לנצח הנה דברתי דברת ותעשי הרעות ותוכל,930.2439230105375,24974.10855470775,0.18181818181818182,682.1788768743941,18314.34627345235,1.9857657252278622,0.044605669897646916,1.9862666440527956,0.023529671597939016,0.48221081161763474,0.6934354144325707,0.579508538968416,False,0.13909090168510405,1.0,False,3,2,False
Jer.3.6,ויאמר יהוה אלי בימי יאשיהו המלך הראית אשר עשתה משבה ישראל הלכה היא על כל הר גבה ואל תחת כל עץ רענן ותזני שם,185.09135500053077,267.3645884864598,0.125,148.07308400042461,213.89167078916785,0.027279270393337718,-0.19779273478919934,0.027279270393337718,0.48911849527253815,0.5783963846610441,0.6934354144325707,0.579508538968416,False,0.9996279899163205,1.0,False,3,2,False
Jer.3.7,ואמר אחרי עשותה את כל אלה אלי תשוב ולא שבה ותראה ותרא בגודה אחותה יהודה,189.70487406624855,1506.2788739327066,0.2,135.50348147589182,1075.9134813805047,-0.018811591408567856,-0.18624867601943434,0.0,0.5075042965735307,0.5738751231260353,0.6934354144325707,0.579508538968416,False,1.0,1.0,False,3,2,False
Jer.3.8,וארא כי על כל אדות אשר נאפה משבה ישראל שלחתיה ואתן את ספר כריתתיה אליה ולא יראה בגדה יהודה אחותה ותלך ותזן גם היא,152.04508282949368,4913.692826756542,0.20833333333333334,107.32594082081906,3468.4890541810882,-0.12213443950306695,-0.15420768507911575,0.0,0.5486037263699685,0.5612770085718058,0.6934354144325707,0.579508538968416,False,1.0,1.0,False,3,2,False
Jer.3.9,והיה מקל זנותה ותחנף את הארץ ותנאף את האבן ואת העץ,348.1671186416451,5460.79453381092,0.2727272727272727,225.28460617988802,3533.4552865835367,0.3104024313160965,-0.15333766764372211,0.3104024313160965,0.37812747273395025,0.5609340012922504,0.6934354144325707,0.579508538968416,False,0.9529671607999852,1.0,False,3,2,False
Jer.3.10,וגם בכל זאת לא שבה אלי בגודה אחותה יהודה בכל לבה כי אם בשקר נאם יהוה,61.82236510752341,186.51611441564287,0.0625,54.9532134289097,165.79210170279367,-0.31417743654279173,-0.19843687655627665,0.0,0.6233068606446733,0.5786483661300619,0.6934354144325707,0.579508538968416,False,1.0,1.0,False,3,2,False
Jer.3.11,ויאמר יהוה אלי צדקה נפשה משבה ישראל מבגדה יהודה,145.71160669726547,15642.514888967786,0.1111111111111111,119.21858729776264,12798.421272791824,-0.07852587478052414,-0.029262719039704843,0.0,0.531295125665297,0.5116724699715866,0.6934354144325707,0.579508538968416,False,1.0,1.0,False,3,2,False
Jer.3.12,הלך וקראת את הדברים האלה צפונה ואמרת שובה משבה ישראל נאם יהוה לוא אפיל פני בכם כי חסיד אני נאם יהוה לא אטור לעולם,38.65013677935138,708.5572034960938,0.08333333333333333,33.128688668015464,607.3347458537947,-0.3942047208330745,-0.19252380780232017,0.0,0.6532850497033217,0.5763340396036625,0.6934354144325707,0.579508538968416,False,1.0,1.0,False,3,2,False
Jer.3.13,אך דעי עונך כי ביהוה אלהיך פשעת ותפזרי את דרכיך לזרים תחת כל עץ רענן ובקולי לא שמעתם נאם יהוה,93.93481728079938,2346.9258067251544,0.2,67.09629805771385,1676.3755762322533,-0.26965055238852453,-0.17820738329711952,0.0,0.6062854474110664,0.5707199442474999,0.6934354144325707,0.579508538968416,False,1.0,1.0,False,3,2,False
Jer.3.14,שובו בנים שובבים נאם יהוה כי אנכי בעלתי בכם ולקחתי אתכם אחד מעיר ושנים ממשפחה והבאתי אתכם ציון,6.217811336723523,15.115793299469335,0.05555555555555555,5.59603020305117,13.6042139695224,-0.49516288191024055,-0.20047495250569383,0.0,0.6897574253241798,0.5794454273186005,0.6934354144325707,0.579508538968416,False,1.0,1.0,False,3,2,False
Jer.3.15,ונתתי לכם רעים כלבי ורעו אתכם דעה והשכיל,283.3569852797201,42025.41586229355,0.125,226.68558822377608,33620.33268983484,0.3155396239716134,0.24958100178482326,0.402313224674585,0.3761759854392125,0.4014556960488457,0.6934354144325707,0.579508538968416,False,0.9222601237149248,1.0,False,3,2,False
Jer.3.16,והיה כי תרבו ופריתם בארץ בימים ההמה נאם יהוה לא יאמרו עוד ארון ברית יהוה ולא יעלה על לב ולא יזכרו בו ולא יפקדו ולא יעשה עוד,10.117184855602853,180.01691852627158,0.037037037037037035,9.419447969009553,167.60195862790803,-0.48114297797789335,-0.19841263924064068,0.0,0.6847925577940921,0.5786388853301795,0.6934354144325707,0.579508538968416,False,1.0,1.0,False,3,2,False
Jer.3.17,בעת ההיא יקראו לירושלם כסא יהוה ונקוו אליה כל הגוים לשם יהוה לירושלם ולא ילכו עוד אחרי שררות לבם הרע,38.04251309098289,1340.2374413580308,0.05,34.58410280998444,1218.397673961846,-0.38886793377468465,-0.18434055040972017,0.0,0.6513130779905616,0.5731268478274645,0.6934354144325707,0.579508538968416,False,1.0,1.0,False,3,2,False
Jer.3.18,בימים ההמה ילכו בית יהודה על בית ישראל ויבאו יחדו מארץ צפון על הארץ אשר הנחלתי את אבותיכם,121.91664505974386,522.9043031181262,0.0,121.91664505974386,522.9043031181262,-0.0686324985024499,-0.19365448684190184,0.0,0.5273589251074161,0.5767767843264032,0.6934354144325707,0.579508538968416,False,1.0,1.0,False,3,2,False
Jer.3.19,ואנכי אמרתי איך אשיתך בבנים ואתן לך ארץ חמדה נחלת צבי צבאות גוים ואמר אבי תקראו תקראי לי ומאחרי לא תשובו תשובי,93.7848404457393,3370.791451420295,0.22727272727272727,64.47707780644578,2317.419122851453,-0.2792548432477088,-0.16962263023724722,0.0,0.6099753709412647,0.5673465379524095,0.6934354144325707,0.579508538968416,False,1.0,1.0,False,3,2,False
Jer.3.20,אכן בגדה אשה מרעה כן בגדתם בי בית ישראל נאם יהוה,146.58564472617724,641.6419894149561,0.18181818181818182,107.4961394658633,470.5374589043011,-0.12151034640129266,-0.1943557752777209,0.0,0.5483565899079449,0.5770513421027805,0.6934354144325707,0.579508538968416,False,1.0,1.0,False,3,2,False
Jer.3.21,קול על שפיים נשמע בכי תחנוני בני ישראל כי העוו את דרכם שכחו את יהוה אלהיהם,71.15208454794075,1098.9483726472301,0.0625,63.24629737594733,976.8429979086491,-0.28376793191697053,-0.18757541215243728,0.0,0.611705884333303,0.5743952488242511,0.6934354144325707,0.579508538968416,False,1.0,1.0,False,3,2,False
Jer.3.22,שובו בנים שובבים ארפה משובתיכם הננו אתנו לך כי אתה יהוה אלהינו,46.51983577913836,2033.9997412202326,0.08333333333333333,39.874144953547166,1743.428349617342,-0.3694701365182222,-0.1773094232372665,0.0,0.6441113357088402,0.5703673253018406,0.6934354144325707,0.579508538968416,False,1.0,1.0,False,3,2,False
Jer.3.23,אכן לשקר מגבעות המון הרים אכן ביהוה אלהינו תשועת ישראל,324.47188971793776,35251.71997088496,0.0,324.47188971793776,35251.71997088496,0.6741074386252754,0.271428280377195,0.7267008670687346,0.2501215053230347,0.3930308267794238,0.6934354144325707,0.579508538968416,False,0.7679373880770508,1.0,False,3,2,False
Jer.3.24,והבשת אכלה את יגיע אבותינו מנעורינו את צאנם ואת בקרם את בניהם ואת בנותיהם,31.719362521092275,3575.1551374445494,0.14285714285714285,24.670615294182884,2780.6762180124274,-0.42521921713260524,-0.16341876501441682,0.0,0.6646615617696676,0.5649056354301839,0.6934354144325707,0.579508538968416,False,1.0,1.0,False,3,2,False
Jer.3.25,נשכבה בבשתנו ותכסנו כלמתנו כי ליהוה אלהינו חטאנו אנחנו ואבותינו מנעורינו ועד היום הזה ולא שמענו בקול יהוה אלהינו,14.700870975977146,1654.8992067415838,0.2631578947368421,9.631605122191925,1084.2443078651756,-0.4803650292711996,-0.1861371109182291,0.0,0.6845160718917076,0.5738313799398065,0.6934354144325707,0.579508538968416,False,1.0,1.0,False,3,2,False
Jer.4.1,אם תשוב ישראל נאם יהוה אלי תשוב ואם תסיר שקוציך מפני ולא תנוד,89.96006112680396,918.1170730044466,0.23076923076923078,61.55162077097113,628.1853657398844,-0.28998205881926764,-0.1922445796222514,0.0,0.6140850184179794,0.5762246861946425,0.6934354144325707,0.579508538968416,False,1.0,1.0,False,4,2,False
Jer.4.2,ונשבעת חי יהוה באמת במשפט ובצדקה והתברכו בו גוים ובו יתהללו,164.21401389192286,52306.8896772675,0.09090909090909091,138.95031944701165,44259.67588076481,-0.006172549539871228,0.3920613909800114,0.3920613909800114,0.5024624753524477,0.347506426972008,0.6934354144325707,0.579508538968416,False,0.9260231291643514,1.0,False,4,2,False
Jer.4.3,כי כה אמר יהוה לאיש יהודה ולירושלם נירו לכם ניר ואל תזרעו אל קוצים,60.47205966421253,1224.695246786864,0.21428571428571427,42.33044176494877,857.2866727508047,-0.3604632616661488,-0.18917649141396142,0.0,0.6407496372184509,0.5750227539462065,0.6934354144325707,0.579508538968416,False,1.0,1.0,False,4,2,False
Jer.4.4,המלו ליהוה והסרו ערלות לבבכם איש יהודה וישבי ירושלם פן תצא כאש חמתי ובערה ואין מכבה מפני רע מעלליכם,69.09489056151287,9290.197905100275,0.15789473684210525,52.512116826749775,7060.550407876208,-0.3231285744897282,-0.10610337163580259,0.0,0.6267010646324801,0.5422498319648744,0.6934354144325707,0.579508538968416,False,1.0,1.0,False,4,2,False
Jer.4.5,הגידו ביהודה ובירושלם השמיעו ואמרו ותקעו תקעו שופר בארץ קראו מלאו ואמרו האספו ונבואה אל ערי המבצר,147.97842673018593,25192.415628909403,0.17647058823529413,109.37535888752872,18620.481117019994,-0.11461952845455274,0.048705378956276635,0.048705378956276635,0.545626649871693,0.4805770445890528,0.6934354144325707,0.579508538968416,False,0.9988145961772045,1.0,False,4,2,False
Jer.4.6,שאו נס ציונה העיזו אל תעמדו כי רעה אנכי מביא מצפון ושבר גדול,410.8477914656121,581.271874890029,0.23076923076923078,281.1063836343661,397.7123354510725,0.5150925816346493,-0.19533103773016713,0.5150925816346493,0.3032441631756223,0.577433099785505,0.6934354144325707,0.579508538968416,False,0.8757626398584133,1.0,False,4,2,False
Jer.4.7,עלה אריה מסבכו ומשחית גוים נסע יצא ממקמו לשום ארצך לשמה עריך תצינה מאין יושב,659.9110196184168,104205.94587867663,0.2,471.3650140131549,74432.81848476903,1.212742664228214,0.7961353102352335,1.450715755012917,0.11261411129696097,0.21297669626707183,0.6934354144325707,0.579508538968416,False,0.3491379715598054,1.0,False,4,2,False
Jer.4.8,על זאת חגרו שקים ספדו והילילו כי לא שב חרון אף יהוה ממנו,68.03045307987794,2912.928319368104,0.15384615384615385,52.023287649318426,2227.533420693256,-0.3249210383339709,-0.17082636524200773,0.0,0.627379583109517,0.5678198513410126,0.6934354144325707,0.579508538968416,False,1.0,1.0,False,4,2,False
Jer.4.9,והיה ביום ההוא נאם יהוה יאבד לב המלך ולב השרים ונשמו הכהנים והנביאים יתמהו,67.8282347471721,777.6355851116901,0.14285714285714285,52.755293692244976,604.8276773090925,-0.32223688111445364,-0.1925573820649018,0.0,0.6263633768697955,0.5763471878094231,0.6934354144325707,0.579508538968416,False,1.0,1.0,False,4,2,False
Jer.4.10,ואמר אהה אדני יהוה אכן השא השאת לעם הזה ולירושלם לאמר שלום יהיה לכם ונגעה חרב עד הנפש,112.9054853518182,1643.517824200991,0.16666666666666666,84.67911401386365,1232.6383681507434,-0.20517698301817064,-0.18414984130164538,0.0,0.5812830741115494,0.573052046353367,0.6934354144325707,0.579508538968416,False,1.0,1.0,False,4,2,False
Jer.4.11,בעת ההיא יאמר לעם הזה ולירושלם רוח צח שפיים במדבר דרך בת עמי לוא לזרות ולוא להבר,424.5515761071502,7507.0419409714295,0.17647058823529413,313.79899103571967,5548.683173761491,0.6349715075385334,-0.12635005679882613,0.6349715075385334,0.26272349897635194,0.550272582938642,0.6934354144325707,0.579508538968416,False,0.8174264025764344,1.0,False,4,2,False
Jer.4.12,רוח מלא מאלה יבוא לי עתה גם אני אדבר משפטים אותם,2118.6887171192966,2699.2685697385677,0.0,2118.6887171192966,2699.2685697385677,7.25323352260487,-0.16450896327208867,7.25323352260487,2.0346878747606639e-13,0.5653347543962612,3.964734658819351e-11,0.579508538968416,False,3.7671654521535144e-12,4.282011397281161e-10,True,4,2,False
Jer.4.13,הנה כעננים יעלה וכסופה מרכבותיו קלו מנשרים סוסיו אוי לנו כי שדדנו,202.6571850894358,32506.418176842206,0.4166666666666667,110.54028277605589,17730.773551004837,-0.11034792592368114,0.03679055696013961,0.03679055696013961,0.5439332750417356,0.48532600170343765,0.6934354144325707,0.579508538968416,False,0.9993234564181633,1.0,False,4,2,False
Jer.4.14,כבסי מרעה לבך ירושלם למען תושעי עד מתי תלין בקרבך מחשבות אונך,433.1710392890787,104958.33870719737,0.25,288.7806928593858,69972.22580479825,0.5432331314432136,0.7363997636250587,0.9150884366904884,0.29348464886289055,0.23074372423193606,0.6934354144325707,0.579508538968416,False,0.6579058628413567,1.0,False,4,2,False
Jer.4.15,כי קול מגיד מדן ומשמיע און מהר אפרים,567.861990175076,1016.2893889717254,0.125,454.2895921400608,813.0315111773804,1.1501296334481284,-0.18976914948802873,1.1501296334481284,0.1250452413984337,0.5752549841429189,0.6934354144325707,0.579508538968416,False,0.5161287201949857,1.0,False,4,2,False
Jer.4.16,הזכירו לגוים הנה השמיעו על ירושלם נצרים באים מארץ המרחק ויתנו על ערי יהודה קולם,179.21748410362454,2417.7120781752546,0.2,128.0124886454461,1726.9371986966105,-0.046279947280065264,-0.1775302701034025,0.0,0.5184564390330795,0.5704540546311658,0.6934354144325707,0.579508538968416,False,1.0,1.0,False,4,2,False
Jer.4.17,כשמרי שדי היו עליה מסביב כי אתי מרתה נאם יהוה,449.6358419241061,11041.366762019494,0.1,374.6965349367551,9201.138968349578,0.8582737380219455,-0.07743695062374062,0.8582737380219455,0.19537066366549571,0.5308620266636841,0.6934354144325707,0.579508538968416,False,0.691897881258962,1.0,False,4,2,False
Jer.4.18,דרכך ומעלליך עשו אלה לך זאת רעתך כי מר כי נגע עד לבך,270.0888740853858,4801.707399742961,0.07692307692307693,234.07702420733438,4161.4797464439,0.3426429197019993,-0.1449272641198199,0.3426429197019993,0.3659335546249075,0.5576158499834369,0.6934354144325707,0.579508538968416,False,0.9429876572836502,1.0,False,4,2,False
Jer.4.19,מעי מעי אחולה אוחילה קירות לבי המה לי לבי לא אחריש כי קול שופר שמעתי שמעת נפשי תרועת מלחמה,397.42124777224376,1407.5933845470995,0.15789473684210525,302.0401483069052,1069.7709722557956,0.5918535812472028,-0.18633093552314786,0.5918535812472028,0.2769743198401784,0.5739073753967427,0.6934354144325707,0.579508538968416,False,0.8393350306587404,1.0,False,4,2,False
Jer.4.20,שבר על שבר נקרא כי שדדה כל הארץ פתאם שדדו אהלי רגע יריעתי,354.42432110863655,2852.1431257228132,0.15384615384615385,271.03036320072204,2181.0506255527393,0.47814531425576073,-0.1714488554299497,0.47814531425576073,0.31627339085292483,0.5680645788237633,0.6934354144325707,0.579508538968416,False,0.8919800868840185,1.0,False,4,2,False
Jer.4.21,עד מתי אראה נס אשמעה קול שופר,249.40492435599782,931.528285789535,0.14285714285714285,193.98160783244276,724.5220000585273,0.19561899500604465,-0.1909544547616137,0.19561899500604465,0.422454195827799,0.5757193618466493,0.6934354144325707,0.579508538968416,False,0.9810484859589066,1.0,False,4,2,False
Jer.4.22,כי אויל עמי אותי לא ידעו בנים סכלים המה ולא נבונים המה חכמים המה להרע ולהיטיב לא ידעו,121.94658794523008,173.9056375817536,0.16666666666666666,91.45994095892256,130.4292281863152,-0.18031269975882674,-0.19891045052520204,0.0,0.5715464569446731,0.5788336027368132,0.6934354144325707,0.579508538968416,False,1.0,1.0,False,4,2,False
Jer.4.23,ראיתי את הארץ והנה תהו ובהו ואל השמים ואין אורם,86.85877000443821,31.55227618006777,0.1,72.38230833703184,26.29356348338981,-0.2502675393782103,-0.20030501875838216,0.0,0.5988097711697266,0.5793789811561962,0.6934354144325707,0.579508538968416,False,1.0,1.0,False,4,2,False
Jer.4.24,ראיתי ההרים והנה רעשים וכל הגבעות התקלקלו,124.50585479207895,73433.87813906427,0.2857142857142857,79.23099850405025,46730.64972485908,-0.22515441178360102,0.4251522790808688,0.4251522790808688,0.5890704234983016,0.3353628346795338,0.6934354144325707,0.579508538968416,False,0.9135864878431512,1.0,False,4,2,False
Jer.4.25,ראיתי והנה אין האדם וכל עוף השמים נדדו,101.8384095243668,235.52266752147602,0.0,101.8384095243668,235.52266752147602,-0.1422564000920963,-0.1975030559267178,0.0,0.5565612580548841,0.5782830548718308,0.6934354144325707,0.579508538968416,False,1.0,1.0,False,4,2,False
Jer.4.26,ראיתי והנה הכרמל המדבר וכל עריו נתצו מפני יהוה מפני חרון אפו,127.47459373582328,800.0989127435773,0.0,127.47459373582328,800.0989127435773,-0.04825232786210722,-0.1899423407861273,0.0,0.5192424264400584,0.5753228433867723,0.6934354144325707,0.579508538968416,False,1.0,1.0,False,4,2,False
Jer.4.27,כי כה אמר יהוה שממה תהיה כל הארץ וכלה לא אעשה,38.63896992107536,57.76673315831376,0.0,38.63896992107536,57.76673315831376,-0.37399933953889913,-0.19988353508368387,0.0,0.6457975962214532,0.5792141661541587,0.6934354144325707,0.579508538968416,False,1.0,1.0,False,4,2,False
Jer.4.28,על זאת תאבל הארץ וקדרו השמים ממעל על כי דברתי זמתי ולא נחמתי ולא אשוב ממנה,222.58015096099848,13112.907263111312,0.0625,197.8490230764431,11655.917567210055,0.2098002311425014,-0.04456294666719679,0.2098002311425014,0.4169117963263219,0.5177721612107671,0.6934354144325707,0.579508538968416,False,0.9782323421578554,1.0,False,4,2,False
Jer.4.29,מקול פרש ורמה קשת ברחת כל העיר באו בעבים ובכפים עלו כל העיר עזובה ואין יושב בהן איש,561.1950839255435,3518.9736816958202,0.1111111111111111,459.15961412089916,2879.160285023853,1.167987279276862,-0.16209988207723747,1.167987279276862,0.12140594803702415,0.5643864004714083,0.6934354144325707,0.579508538968416,False,0.505555657726866,1.0,False,4,2,False
Jer.4.30,ואתי ואת שדוד מה תעשי כי תלבשי שני כי תעדי עדי זהב כי תקרעי בפוך עיניך לשוא תתיפי מאסו בך עגבים נפשך יבקשו,94.78136324411396,42257.48040709304,0.2608695652173913,62.28489584613203,27769.201410375426,-0.28729324824740915,0.17122358375922367,0.17122358375922367,0.6130561040112515,0.4320239820818179,0.6934354144325707,0.579508538968416,False,0.9854481587139753,1.0,False,4,2,False
Jer.4.31,כי קול כחולה שמעתי צרה כמבכירה קול בת ציון תתיפח תפרש כפיה אוי נא לי כי עיפה נפשי להרגים,122.98439717831661,8217.475278979076,0.3157894736842105,75.37753375445212,5036.517106471047,-0.23928449353324996,-0.13320890318535134,0.0,0.5945575057125422,0.552985915061723,0.6934354144325707,0.579508538968416,False,1.0,1.0,False,4,2,False
Jer.5.1,שוטטו בחוצות ירושלם וראו נא ודעו ובקשו ברחובותיה אם תמצאו איש אם יש עשה משפט מבקש אמונה ואסלח לה,212.17256735012296,927.4046384040253,0.15789473684210525,161.25115118609344,704.8275251870591,0.07560128155362814,-0.19121820003181741,0.07560128155362814,0.46986815842602264,0.5758226774303581,0.6934354144325707,0.579508538968416,False,0.9971463026710102,1.0,False,5,2,False
Jer.5.2,ואם חי יהוה יאמרו לכן לשקר ישבעו,230.12693724321093,4119.772549298783,0.0,230.12693724321093,4119.772549298783,0.32815853867136763,-0.14548580026014693,0.32815853867136763,0.37139589742845547,0.5578363368898152,0.6934354144325707,0.579508538968416,False,0.9475799048825451,1.0,False,5,2,False
Jer.5.3,יהוה עיניך הלוא לאמונה הכיתה אתם ולא חלו כליתם מאנו קחת מוסר חזקו פניהם מסלע מאנו לשוב,257.66899510507574,16253.299423541746,0.29411764705882354,162.23603395504767,10233.55889630406,0.07921270009342282,-0.06361094741019402,0.07921270009342282,0.4684317215609047,0.5253599926873033,0.6934354144325707,0.579508538968416,False,0.9968675903362924,1.0,False,5,2,False
Jer.5.4,ואני אמרתי אך דלים הם נואלו כי לא ידעו דרך יהוה משפט אלהיהם,105.10017072455864,626.5694440207803,0.07692307692307693,91.08681462795083,543.0268514846763,-0.18168089848443517,-0.1933850088796429,0.0,0.5720834213594458,0.5766712724908684,0.6934354144325707,0.579508538968416,False,1.0,1.0,False,5,2,False
Jer.5.5,אלכה לי אל הגדלים ואדברה אותם כי המה ידעו דרך יהוה משפט אלהיהם אך המה יחדו שברו על נתקו מוסרות,76.95561422295212,4643.675323146594,0.05,69.95964929359283,4221.523021042358,-0.2591510695412641,-0.1441231741511238,0.0,0.6022406587446967,0.5572983972820529,0.6934354144325707,0.579508538968416,False,1.0,1.0,False,5,2,False
Jer.5.6,על כן הכם אריה מיער זאב ערבות ישדדם נמר שקד על עריהם כל היוצא מהנה יטרף כי רבו פשעיהם עצמו משבותיהם משובותיהם,253.54723004518584,16021.52923664868,0.36363636363636365,146.79050160510758,9275.622189638709,0.022576231628449503,-0.07643948318920633,0.022576231628449503,0.4909941517039244,0.5304652707827281,0.6934354144325707,0.579508538968416,False,0.9997451893524782,1.0,False,5,2,False
Jer.5.7,אי לזאת אסלוח אסלח לך בניך עזבוני וישבעו בלא אלהים ואשבע אותם וינאפו ובית זונה יתגדדו,288.1611462700015,102703.37550896448,0.25,192.10743084666765,68468.91700597633,0.18874666692128023,0.7162676916641413,0.740719049569923,0.42514568699464994,0.23691303614215092,0.6934354144325707,0.579508538968416,False,0.7600794169320305,1.0,False,5,2,False
Jer.5.8,סוסים מיזנים משכים היו איש אל אשת רעהו יצהלו,315.2286607493559,25230.426167814257,0.2222222222222222,218.23522667263103,17467.2181161791,0.28455340577817534,0.03326106456060028,0.28649073136083014,0.3879931563844074,0.4867332012737738,0.6934354144325707,0.579508538968416,False,0.9597922064365998,1.0,False,5,2,False
Jer.5.9,העל אלה לוא אפקד נאם יהוה ואם בגוי אשר כזה לא תתנקם נפשי,140.3891810154945,7427.600054666658,0.0,140.3891810154945,7427.600054666658,-0.0008964583050387161,-0.10118790123597159,0.0,0.5003576350725955,0.5402993495818462,0.6934354144325707,0.579508538968416,False,1.0,1.0,False,5,2,False
Jer.5.10,עלו בשרותיה ושחתו וכלה אל תעשו הסירו נטישותיה כי לוא ליהוה המה,620.1492971181425,115456.65848800495,0.25,413.43286474542833,76971.10565866997,1.0003140945439553,0.8301276477260358,1.2999000727988494,0.1585792641829457,0.20323330843187787,0.6934354144325707,0.579508538968416,False,0.4296131614943349,1.0,False,5,2,False
Jer.5.11,כי בגוד בגדו בי בית ישראל ובית יהודה נאם יהוה,60.51835807534191,20.475478378352772,0.1,50.431965062784926,17.06289864862731,-0.33075618143217267,-0.20042863435143007,0.0,0.6295856691280458,0.5794273165811636,0.6934354144325707,0.579508538968416,False,1.0,1.0,False,5,2,False
Jer.5.12,כחשו ביהוה ויאמרו לא הוא ולא תבוא עלינו רעה וחרב ורעב לוא נראה,55.49617112831789,770.0443935640745,0.07692307692307693,48.09668164454217,667.3718077555313,-0.3393193181812012,-0.19171980103306893,0.0,0.6328154043951544,0.5760191526378935,0.6934354144325707,0.579508538968416,False,1.0,1.0,False,5,2,False
Jer.5.13,והנביאים יהיו לרוח והדבר אין בהם כה יעשה להם,339.541179406037,1344.311558454516,0.0,339.541179406037,1344.311558454516,0.7293642812431272,-0.18265433172632553,0.7293642812431272,0.23288943045520144,0.5724653745853112,0.6934354144325707,0.579508538968416,False,0.7664497600961052,1.0,False,5,2,False
Jer.5.14,לכן כה אמר יהוה אלהי צבאות יען דברכם את הדבר הזה הנני נתן דברי בפיך לאש והעם הזה עצים ואכלתם,41.803198692055474,130.38320304444247,0.1,34.83599891004623,108.65266920370206,-0.38794426826388373,-0.19920207873415197,0.0,0.6509713613723845,0.578947663292673,0.6934354144325707,0.579508538968416,False,1.0,1.0,False,5,2,False
Jer.5.15,הנני מביא עליכם גוי ממרחק בית ישראל נאם יהוה גוי איתן הוא גוי מעולם הוא גוי לא תדע לשנו ולא תשמע מה ידבר,52.89054161614195,130.1162583444813,0.0,52.89054161614195,130.1162583444813,-0.32174094710562856,-0.19891464176746862,0.0,0.6261755227133176,0.5788352420470072,0.6934354144325707,0.579508538968416,False,1.0,1.0,False,5,2,False
Jer.5.16,אשפתו כקבר פתוח כלם גבורים,1118.782328583296,281400.2104464992,0.2,799.1302347023543,201000.150318928,2.414608949241748,2.4911048563347453,3.4692851977046932,0.007876055622940529,0.006367326536042705,0.4883154486223128,0.4825018552867917,False,0.002434607098043631,0.12299274376783381,False,5,2,False
Jer.5.17,ואכל קצירך ולחמך יאכלו בניך ובנותיך יאכל צאנך ובקרך יאכל גפנך ותאנתך ירשש ערי מבצריך אשר אתה בוטח בהנה בחרב,50.09812506059555,5831.238108936427,0.3,31.31132816287222,3644.5238180852666,-0.40086871133900437,-0.15185025556275875,0.0,0.6557416064395281,0.5603474782537584,0.6934354144325707,0.579508538968416,False,1.0,1.0,False,5,2,False
Jer.5.18,וגם בימים ההמה נאם יהוה לא אעשה אתכם כלה,46.54244512323306,340.58359957172365,0.0,46.54244512323306,340.58359957172365,-0.3450184721975129,-0.19609609666061484,0.0,0.6349597581798498,0.5777325243179353,0.6934354144325707,0.579508538968416,False,1.0,1.0,False,5,2,False
Jer.5.19,והיה כי תאמרו תחת מה עשה יהוה אלהינו לנו את כל אלה ואמרת אליהם כאשר עזבתם אותי ותעבדו אלהי נכר בארצכם כן תעבדו זרים בארץ לא לכם,13.684598713639542,124.23339349453252,0.07407407407407407,11.918844040911859,108.20327820491542,-0.471978064551758,-0.19920809690682098,0.0,0.6815287771450975,0.5789500170285556,0.6934354144325707,0.579508538968416,False,1.0,1.0,False,5,2,False
Jer.5.20,הגידו זאת בבית יעקב והשמיעוה ביהודה לאמר,350.68255097540003,18585.689594047893,0.14285714285714285,272.75309520308895,14455.53635092614,0.4844623161249797,-0.0070708978871479285,0.4844623161249797,0.3140289010954609,0.5028208566215562,0.6934354144325707,0.579508538968416,False,0.8892722317777629,1.0,False,5,2,False
Jer.5.21,שמעו נא זאת עם סכל ואין לב עינים להם ולא יראו אזנים להם ולא ישמעו,45.41207400989403,240.03139076161895,0.06666666666666667,40.06947706755356,211.7924036131932,-0.36875388272622117,-0.19782084784081255,0.0,0.6438444089864475,0.5784073828612541,0.6934354144325707,0.579508538968416,False,1.0,1.0,False,5,2,False
Jer.5.22,האותי לא תיראו נאם יהוה אם מפני לא תחילו אשר שמתי חול גבול לים חק עולם ולא יעברנהו ויתגעשו ולא יוכלו והמו גליו ולא יעברנהו,89.04513460533771,9106.08475558147,0.24,60.16563149009305,6152.75996998748,-0.29506427524410633,-0.11826035657151933,0.0,0.6160276102000403,0.5470693161047204,0.6934354144325707,0.579508538968416,False,1.0,1.0,False,5,2,False
Jer.5.23,ולעם הזה היה לב סורר ומורה סרו וילכו,523.0885927108592,1642.3978296449975,0.0,523.0885927108592,1642.3978296449975,1.4024053296150407,-0.1786624078668556,1.4024053296150407,0.08039712137816857,0.5708986058216983,0.6934354144325707,0.579508538968416,False,0.37404829672882095,1.0,False,5,2,False
Jer.5.24,ולא אמרו בלבבם נירא נא את יהוה אלהינו הנתן גשם וירה יורה ומלקוש בעתו שבעות חקות קציר ישמר לנו,158.89498361061518,19063.003987609514,0.10526315789473684,131.26107341746473,15747.69894628612,-0.03436787038768549,0.01023353775200939,0.01023353775200939,0.5137080979773997,0.4959174803699423,0.6934354144325707,0.579508538968416,False,0.9999476387234386,1.0,False,5,2,False
Jer.5.25,עונותיכם הטו אלה וחטאותיכם מנעו הטוב מכם,235.37482804965575,1108.467654903161,0.42857142857142855,126.7402920267377,596.8671987940097,-0.05094490294777995,-0.19266398752509373,0.0,0.5203152877177608,0.5763889356096245,0.6934354144325707,0.579508538968416,False,1.0,1.0,False,5,2,False
Jer.5.26,כי נמצאו בעמי רשעים ישור כשך יקושים הציבו משחית אנשים ילכדו,558.253614801042,470640.7130813832,0.45454545454545453,292.4185601338791,246526.08780453404,0.5565726493376809,3.1007809589869026,3.1503358026735024,0.2889097225134737,0.0009650550475415704,0.6934354144325707,0.07743147557921777,False,0.006996761815084758,0.29865536000983184,False,5,2,False
Jer.5.27,ככלוב מלא עוף כן בתיהם מלאים מרמה על כן גדלו ויעשירו,256.4074322701344,1608.4063338108122,0.18181818181818182,188.03211699809853,1179.4979781279287,0.17380309754212256,-0.18486148893971474,0.17380309754212256,0.43101010498007924,0.5733311611556048,0.6934354144325707,0.579508538968416,False,0.9850097313087134,1.0,False,5,2,False
Jer.5.28,שמנו עשתו גם עברו דברי רע דין לא דנו דין יתום ויצליחו ומשפט אביונים לא שפטו,405.7397857469932,10289.611383025831,0.1875,295.0834805432678,7483.353733109695,0.5663445158754239,-0.10044125685566818,0.5663445158754239,0.2855798022193714,0.540002991439867,0.6934354144325707,0.579508538968416,False,0.8518259514720592,1.0,False,5,2,False
Jer.5.29,העל אלה לא אפקד נאם יהוה אם בגוי אשר כזה לא תתנקם נפשי,106.53704808896038,4171.532842367846,0.0,106.53704808896038,4171.532842367846,-0.1250271917448072,-0.1447926346606366,0.0,0.5497489883291876,0.5575627011837246,0.6934354144325707,0.579508538968416,False,1.0,1.0,False,5,2,False
Jer.5.30,שמה ושערורה נהיתה בארץ,597.3990272993941,232163.76932009554,0.25,398.2660181995961,154775.84621339702,0.9446995254475754,1.8720763391564106,2.096932763111431,0.17240614969419238,0.030598021450063496,0.6934354144325707,0.579508538968416,False,0.11096244075520949,1.0,False,5,2,False
Jer.5.31,הנביאים נבאו בשקר והכהנים ירדו על ידיהם ועמי אהבו כן ומה תעשו לאחריתה,159.2390348155341,11734.104203492814,0.07692307692307693,138.00716350679622,10169.55697636044,-0.009630962008624422,-0.06446805092675136,0.0,0.5038421385495533,0.5257012270795121,0.6934354144325707,0.579508538968416,False,1.0,1.0,False,5,2,False
Jer.6.1,העזו בני בנימן מקרב ירושלם ובתקוע תקעו שופר ועל בית הכרם שאו משאת כי רעה נשקפה מצפון ושבר גדול,115.55066933838305,1096.3802490409646,0.10526315789473684,95.45490075779469,905.7054231207968,-0.16566377672131583,-0.18852807522197862,0.0,0.5657892229634176,0.5747686453755534,0.6934354144325707,0.579508538968416,False,1.0,1.0,False,6,2,False
Jer.6.2,הנוה והמענגה דמיתי בת ציון,922.5228985434862,835879.947237171,0.4,512.5127214130479,464377.748465095,1.3636251835069377,6.018215695390181,6.1707693035257,0.08634278095800696,8.817505471828345e-10,0.6934354144325707,2.0045129105956436e-07,False,5.387432564271151e-09,5.652660013589116e-07,True,6,2,False
Jer.6.3,אליה יבאו רעים ועדריהם תקעו עליה אהלים סביב רעו איש את ידו,351.04945288433004,9927.256960273748,0.08333333333333333,300.8995310437114,8509.077394520355,0.5876711074940252,-0.08670492897697984,0.5876711074940252,0.2783765361432233,0.5345469707907817,0.6934354144325707,0.579508538968416,False,0.8414079449856933,1.0,False,6,2,False
Jer.6.4,קדשו עליה מלחמה קומו ונעלה בצהרים אוי לנו כי פנה היום כי ינטו צללי ערב,47.73174886985584,230.61391907484628,0.13333333333333333,37.68295963409672,182.06362032224706,-0.3775048869842007,-0.1982189709709325,0.0,0.6471007833479114,0.5785631273618377,0.6934354144325707,0.579508538968416,False,1.0,1.0,False,6,2,False
Jer.6.5,קומו ונעלה בלילה ונשחיתה ארמנותיה,217.09278451080058,1255118.244708858,0.2,155.06627465057184,896513.0319348986,0.05292225975447462,11.805302573670376,11.80542119627614,0.47889692426372876,1.8323516533330694e-32,0.6934354144325707,6.248319137865767e-30,False,5.452929962818586e-31,1.2396327448807584e-28,True,6,2,False
Jer.6.6,כי כה אמר יהוה צבאות כרתו עצה ושפכו על ירושלם סללה היא העיר הפקד כלה עשק בקרבה,198.72170987215293,1403.2368032513255,0.17647058823529413,146.8812638185478,1037.17502849011,0.022909043157560614,-0.18676745520961482,0.022909043157560614,0.4908614134465508,0.5740785175698897,0.6934354144325707,0.579508538968416,False,0.9997376222978539,1.0,False,6,2,False
Jer.6.7,כהקיר בור ביר מימיה כן הקרה רעתה חמס ושד ישמע בה על פני תמיד חלי ומכה,231.90397723828022,8789.429318756576,0.25,154.60265149218682,5859.619545837718,0.05122222263082013,-0.1221860464352796,0.05122222263082013,0.479574221993814,0.5486241615088423,0.6934354144325707,0.579508538968416,False,0.9986890020639902,1.0,False,6,2,False
Jer.6.8,הוסרי ירושלם פן תקע נפשי ממך פן אשימך שממה ארץ לוא נושבה,276.0963641935866,48933.86374264706,0.16666666666666666,207.07227314518997,36700.3978069853,0.24362051650580718,0.2908287431879052,0.3793841245055106,0.40376236854852177,0.3855911505835837,0.6934354144325707,0.579508538968416,False,0.9305623883352625,1.0,False,6,2,False
Jer.6.9,כה אמר יהוה צבאות עולל יעוללו כגפן שארית ישראל השב ידך כבוצר על סלסלות,338.3079209732605,17075.499014270717,0.21428571428571427,236.81554468128232,11952.849309989502,0.35268466672304244,-0.04058648406829428,0.35268466672304244,0.36216242790403275,0.5161872202850553,0.6934354144325707,0.579508538968416,False,0.9397012841219259,1.0,False,6,2,False
Jer.6.10,על מי אדברה ואעידה וישמעו הנה ערלה אזנם ולא יוכלו להקשיב הנה דבר יהוה היה להם לחרפה לא יחפצו בו,46.50041915315931,4750.429859094065,0.05,42.27310832105391,4318.572599176423,-0.36067349487233236,-0.14282350166047997,0.0,0.6408282295481138,0.5567852121404084,0.6934354144325707,0.579508538968416,False,1.0,1.0,False,6,2,False
Jer.6.11,ואת חמת יהוה מלאתי נלאיתי הכיל שפך על עולל בחוץ ועל סוד בחורים יחדו כי גם איש עם אשה ילכדו זקן עם מלא ימים,183.15091024167026,2825.3968157388476,0.08333333333333333,156.9864944928602,2421.7686992047265,0.059963420141801935,-0.16822519733332114,0.059963420141801935,0.4760923843696952,0.5667969405932904,0.6934354144325707,0.579508538968416,False,0.9982038092074208,1.0,False,6,2,False
Jer.6.12,ונסבו בתיהם לאחרים שדות ונשים יחדו כי אטה את ידי על ישבי הארץ נאם יהוה,149.40652580671477,3290.1851628173063,0.13333333333333333,117.9525203737222,2597.5146022241893,-0.08316835377013569,-0.1658716361959175,0.0,0.5331411622149596,0.5658710153566728,0.6934354144325707,0.579508538968416,False,1.0,1.0,False,6,2,False
Jer.6.13,כי מקטנם ועד גדולם כלו בוצע בצע ומנביא ועד כהן כלו עשה שקר,148.72082693976512,3230.653782850868,0.3076923076923077,92.0652738198546,1999.9285322410135,-0.17809303424570364,-0.17387441365133516,0.0,0.5706750437738892,0.5690179193691519,0.6934354144325707,0.579508538968416,False,1.0,1.0,False,6,2,False
Jer.6.14,וירפאו את שבר עמי על נקלה לאמר שלום שלום ואין שלום,146.01868715009792,127.15050406527659,0.09090909090909091,123.55427374239054,107.58888805523404,-0.06262755784124865,-0.19921632472183487,0.0,0.5249684577486783,0.5789532349614764,0.6934354144325707,0.579508538968416,False,1.0,1.0,False,6,2,False
Jer.6.15,הבישו כי תועבה עשו גם בוש לא יבושו גם הכלים לא ידעו לכן יפלו בנפלים בעת פקדתים יכשלו אמר יהוה,118.91058342901778,4123.731870017509,0.15,91.46967956078291,3172.101438475007,-0.18027698975514023,-0.15817686081492968,0.0,0.5715324403884811,0.5628412817030728,0.6934354144325707,0.579508538968416,False,1.0,1.0,False,6,2,False
Jer.6.16,כה אמר יהוה עמדו על דרכים וראו ושאלו לנתבות עולם אי זה דרך הטוב ולכו בה ומצאו מרגוע לנפשכם ויאמרו לא נלך,74.11544967284732,293.9553324793324,0.18181818181818182,54.35132976008803,215.56724381817708,-0.3163844543817679,-0.19777029578210895,0.0,0.6241446424875211,0.5783876061787325,0.6934354144325707,0.579508538968416,False,1.0,1.0,False,6,2,False
Jer.6.17,והקמתי עליכם צפים הקשיבו לקול שופר ויאמרו לא נקשיב,201.50914605396636,59548.62298370504,0.2222222222222222,139.50633188351517,41225.96975794964,-0.004133734683076289,0.351434481844209,0.351434481844209,0.5016491168444202,0.3626312086470548,0.6934354144325707,0.579508538968416,False,0.9401149748622477,1.0,False,6,2,False
Jer.6.18,לכן שמעו הגוים ודעי עדה את אשר בם,237.4198365453945,1379.9756489249962,0.125,189.9358692363156,1103.9805191399969,0.18078387367609125,-0.18587280672076018,0.18078387367609125,0.42826861074039857,0.5737277461695358,0.6934354144325707,0.579508538968416,False,0.9837913919157812,1.0,False,6,2,False
Jer.6.19,שמעי הארץ הנה אנכי מביא רעה אל העם הזה פרי מחשבותם כי על דברי לא הקשיבו ותורתי וימאסו בה,110.65608932816889,1561.4907339781998,0.10526315789473684,91.41155205370474,1289.9271280689477,-0.1804901346728415,-0.18338263935476073,0.0,0.5716161006966308,0.5727511016648534,0.6934354144325707,0.579508538968416,False,1.0,1.0,False,6,2,False
Jer.6.20,למה זה לי לבונה משבא תבוא וקנה הטוב מארץ מרחק עלותיכם לא לרצון וזבחיכם לא ערבו לי,199.29230672021106,15844.082639553944,0.23529411764705882,135.51876856974351,10773.97619489668,-0.018755535910496526,-0.05637376503441258,0.0,0.507481937610022,0.5224779719099147,0.6934354144325707,0.579508538968416,False,1.0,1.0,False,6,2,False
Jer.6.21,לכן כה אמר יהוה הנני נתן אל העם הזה מכשלים וכשלו בם אבות ובנים יחדו שכן ורעו יאבדו ואבדו,75.20291194284759,888.9052433100045,0.05263157894736842,68.0407298530526,804.2476010900042,-0.2661874615489117,-0.18988678221266642,0.0,0.6049525804895862,0.5753010748526495,0.6934354144325707,0.579508538968416,False,1.0,1.0,False,6,2,False
Jer.6.22,כה אמר יהוה הנה עם בא מארץ צפון וגוי גדול יעור מירכתי ארץ,31.43103774491288,375.8562999848046,0.0,31.43103774491288,375.8562999848046,-0.4004297541172918,-0.1956237302755258,0.0,0.6555799936122442,0.5775476574692576,0.6934354144325707,0.579508538968416,False,1.0,1.0,False,6,2,False
Jer.6.23,קשת וכידון יחזיקו אכזרי הוא ולא ירחמו קולם כים יהמה ועל סוסים ירכבו ערוך כאיש למלחמה עליך בת ציון,164.87292378721975,18308.8709541211,0.05263157894736842,149.17074056938932,16565.16895849052,0.03130421367434944,0.021180965934753965,0.03779665476862383,0.4875134650151025,0.49155064893034167,0.6934354144325707,0.579508538968416,False,0.999285961491063,1.0,False,6,2,False
Jer.6.24,שמענו את שמעו רפו ידינו צרה החזיקתנו חיל כיולדה,300.5442556410394,55800.85326179984,0.2222222222222222,208.06910005918112,38631.35995047681,0.24727573244787965,0.3166878806166507,0.401791614630148,0.402347419212572,0.3757402228497591,0.6934354144325707,0.579508538968416,False,0.9224535553918766,1.0,False,6,2,False
Jer.6.25,אל תצאי תצאו השדה ובדרך אל תלכי תלכו כי חרב לאיב מגור מסביב,1274.708292208388,5163.720456234379,0.15384615384615385,974.7769293358261,3948.727407708642,3.058679238060509,-0.1477764095493073,3.058679238060509,0.0011115752234059065,0.5587403863203635,0.08918756498386214,0.579508538968416,False,0.009299828306395884,0.3843929033310299,False,6,2,False
Jer.6.26,בת עמי חגרי שק והתפלשי באפר אבל יחיד עשי לך מספד תמרורים כי פתאם יבא השדד עלינו,106.93153382363889,4706.839580924796,0.23529411764705882,72.71344300007443,3200.650915028861,-0.24905331784953996,-0.15779453077277258,0.0,0.5983402306130244,0.5626906457617477,0.6934354144325707,0.579508538968416,False,1.0,1.0,False,6,2,False
Jer.6.27,בחון נתתיך בעמי מבצר ותדע ובחנת את דרכם,477.98074345186114,269651.82816622505,0.375,273.1318534010635,154086.7589521286,0.4858511660687318,1.8628481923231863,1.9251635627167134,0.3135363470563438,0.031241813755286632,0.6934354144325707,0.579508538968416,False,0.15674619538870668,1.0,False,6,2,False
Jer.6.28,כלם סרי סוררים הלכי רכיל נחשת וברזל כלם משחיתים המה,53.41065071191391,3509.217129122816,0.3,33.381656694946194,2193.26070570176,-0.39327712472597337,-0.1712853399816258,0.0,0.6529425941465623,0.5680002964418371,0.6934354144325707,0.579508538968416,False,1.0,1.0,False,6,2,False
Jer.6.29,נחר מפח מאשתם מאש תם עפרת לשוא צרף צרוף ורעים לא נתקו,436.39340425797684,60976.7627647335,0.4166666666666667,238.03276595889645,33260.052417127365,0.3571480359966016,0.24475618576436903,0.4329668695017578,0.36049049253942167,0.4033226104269303,0.6934354144325707,0.579508538968416,False,0.9105284305982253,1.0,False,6,2,False
Jer.6.30,כסף נמאס קראו להם כי מאס יהוה בהם,383.9602809035986,1073.0494226961791,0.125,307.16822472287885,858.4395381569433,0.6106574742849452,-0.18916105242409068,0.6106574742849452,0.27071318232619845,0.5750167039044483,0.6934354144325707,0.579508538968416,False,0.8298989974214042,1.0,False,6,2,False
Jer.7.1,הדבר אשר היה אל ירמיהו מאת יהוה לאמר,19.879363777467148,6.203249446008349,0.0,19.879363777467148,6.203249446008349,-0.44278802339231815,-0.20057406504363967,0.0,0.6710404665307951,0.5794841804816111,0.6934354144325707,0.579508538968416,False,1.0,1.0,False,7,2,False
Jer.7.2,עמד בשער בית יהוה וקראת שם את הדבר הזה ואמרת שמעו דבר יהוה כל יהודה הבאים בשערים האלה להשתחות ליהוה,24.050527894406585,153.31441515297058,0.0,24.050527894406585,153.31441515297058,-0.4274929853438443,-0.19860397574689112,0.0,0.6654898533703687,0.5787137283148999,0.6934354144325707,0.579508538968416,False,1.0,1.0,False,7,2,False
Jer.7.3,כה אמר יהוה צבאות אלהי ישראל היטיבו דרכיכם ומעלליכם ואשכנה אתכם במקום הזה,16.654139210702567,194.04389244637665,0.07692307692307693,14.433587315942226,168.17137345352643,-0.4627568752157807,-0.19840501372800218,0.0,0.678230677141155,0.5786359024838551,0.6934354144325707,0.579508538968416,False,1.0,1.0,False,7,3,True
Jer.7.4,אל תבטחו לכם אל דברי השקר לאמר היכל יהוה היכל יהוה היכל יהוה המה,25.8998437681416,85.7589087835874,0.0,25.8998437681416,85.7589087835874,-0.42071181925700657,-0.19950866832678585,0.0,0.6630172352724284,0.5790675683453586,0.6934354144325707,0.579508538968416,False,1.0,1.0,False,7,3,False
Jer.7.5,כי אם היטיב תיטיבו את דרכיכם ואת מעלליכם אם עשו תעשו משפט בין איש ובין רעהו,36.37342600782359,119.04047380300129,0.0625,32.331934229176525,105.81375449155671,-0.39712630078430255,-0.1992400970277458,0.0,0.6543628369758938,0.5789625323802716,0.6934354144325707,0.579508538968416,False,1.0,1.0,False,7,3,False
Jer.7.6,גר יתום ואלמנה לא תעשקו ודם נקי אל תשפכו במקום הזה ואחרי אלהים אחרים לא תלכו לרע לכם,32.309948163159234,301.5328466215281,0.05555555555555555,29.07895334684331,271.3795619593753,-0.40905449755896023,-0.1970228661083089,0.0,0.6587501660953279,0.5780951780396006,0.6934354144325707,0.579508538968416,False,1.0,1.0,False,7,3,False
Jer.7.7,ושכנתי אתכם במקום הזה בארץ אשר נתתי לאבותיכם למן עולם ועד עולם,15.784315423074357,24.667905464422017,0.08333333333333333,13.52941321977802,21.143918969504583,-0.4660723470638228,-0.2003739819773881,0.0,0.6794181419155534,0.5794059468865451,0.6934354144325707,0.579508538968416,False,1.0,1.0,False,7,3,False
Jer.7.8,הנה אתם בטחים לכם על דברי השקר לבלתי הועיל,52.764062583082406,731.2980075802466,0.1111111111111111,43.1705966588856,598.3347334747472,-0.35738253870509584,-0.1926443345344235,0.0,0.6395972765480666,0.5763812393597757,0.6934354144325707,0.579508538968416,False,1.0,1.0,False,7,3,False
Jer.7.9,הגנב רצח ונאף והשבע לשקר וקטר לבעל והלך אחרי אלהים אחרים אשר לא ידעתם,95.54998058252013,1743.6571611599284,0.2857142857142857,60.80453309796736,1109.6000116472271,-0.29272151813177316,-0.18579755137227286,0.0,0.6151324895547581,0.5736982375889895,0.6934354144325707,0.579508538968416,False,1.0,1.0,False,7,3,False
Jer.7.10,ובאתם ועמדתם לפני בבית הזה אשר נקרא שמי עליו ואמרתם נצלנו למען עשות את כל התועבות האלה,28.39732976341778,1069.855174560259,0.17647058823529413,20.989330694700097,790.762520327148,-0.43871793989627916,-0.1900673722661068,0.0,0.6695670368058138,0.5753718314219793,0.6934354144325707,0.579508538968416,False,1.0,1.0,False,7,3,False
Jer.7.11,המערת פרצים היה הבית הזה אשר נקרא שמי עליו בעיניכם גם אנכי הנה ראיתי נאם יהוה,39.09062183412438,416.9833164399965,0.0625,34.74721940811056,370.65183683555244,-0.3882698094849822,-0.19569342761696412,0.0,0.65109181164823,0.5775749355233897,0.6934354144325707,0.579508538968416,False,1.0,1.0,False,7,3,False
Jer.7.12,כי לכו נא אל מקומי אשר בשילו אשר שכנתי שמי שם בראשונה וראו את אשר עשיתי לו מפני רעת עמי ישראל,51.62073709073645,503.80463494317394,0.047619047619047616,47.13197734371588,459.9955362524631,-0.3428567452814063,-0.19449695102657538,0.0,0.6341468831074857,0.5771066085631154,0.6934354144325707,0.579508538968416,False,1.0,1.0,False,7,3,False
Jer.7.13,ועתה יען עשותכם את כל המעשים האלה נאם יהוה ואדבר אליכם השכם ודבר ולא שמעתם ואקרא אתכם ולא עניתם,16.061439040449425,360.4473615213496,0.10526315789473684,13.268145294284308,297.7608638654627,-0.4670303776637322,-0.19666957191565054,0.0,0.6797609278206621,0.5779569384464988,0.6934354144325707,0.579508538968416,False,1.0,1.0,False,7,3,False
Jer.7.14,ועשיתי לבית אשר נקרא שמי עליו אשר אתם בטחים בו ולמקום אשר נתתי לכם ולאבותיכם כאשר עשיתי לשלו,30.513603418042578,149.48405546661868,0.16666666666666666,22.885202563531934,112.11304159996402,-0.4317660599040599,-0.19915573797824893,0.0,0.6670442752403853,0.5789295391086751,0.6934354144325707,0.579508538968416,False,1.0,1.0,False,7,3,False
Jer.7.15,והשלכתי אתכם מעל פני כאשר השלכתי את כל אחיכם את כל זרע אפרים,38.021313242168624,219.47342886026553,0.15384615384615385,29.075121891070125,167.8326220696148,-0.4090685469370688,-0.19840955023257337,0.0,0.6587553211304691,0.5786376770137489,0.6934354144325707,0.579508538968416,False,1.0,1.0,False,7,3,False
Jer.7.16,ואתה אל תתפלל בעד העם הזה ואל תשא בעדם רנה ותפלה ואל תפגע בי כי אינני שמע אתך,17.586305531661477,223.87546382305217,0.1111111111111111,14.388795434995753,183.17083403704268,-0.4629211203771151,-0.19820414334124004,0.0,0.6782895459679883,0.57855732706052,0.6934354144325707,0.579508538968416,False,1.0,1.0,False,7,3,False
Jer.7.17,האינך ראה מה המה עשים בערי יהודה ובחצות ירושלם,125.77379981523771,3358.655775855104,0.1111111111111111,102.90583621246721,2747.991089335994,-0.13834230528528932,-0.16385647905100165,0.0,0.5550150539263693,0.5650779356873359,0.6934354144325707,0.579508538968416,False,1.0,1.0,False,7,3,False
Jer.7.18,הבנים מלקטים עצים והאבות מבערים את האש והנשים לשות בצק לעשות כונים למלכת השמים והסך נסכים לאלהים אחרים למען הכעסני,186.3297738748412,727.532640323598,0.35,109.60574933814189,427.96037666094,-0.11377472095972822,-0.19492596078071334,0.0,0.5452918109014464,0.5772745448796806,0.6934354144325707,0.579508538968416,False,1.0,1.0,False,7,3,False
Jer.7.19,האתי הם מכעסים נאם יהוה הלוא אתם למען בשת פניהם,113.40831366914958,2544.941379876484,0.2,81.00593833510685,1817.8152713403458,-0.21864597157634252,-0.17631324543118154,0.0,0.5865370805115131,0.5699760716543064,0.6934354144325707,0.579508538968416,False,1.0,1.0,False,7,3,False
Jer.7.20,לכן כה אמר אדני יהוה הנה אפי וחמתי נתכת אל המקום הזה על האדם ועל הבהמה ועל עץ השדה ועל פרי האדמה ובערה ולא תכבה,26.476177213711864,71.93800626858231,0.04,24.514978901585057,66.60926506350214,-0.42578991262186777,-0.19976511730500032,0.0,0.6648695310050527,0.579167858120715,0.6934354144325707,0.579508538968416,False,1.0,1.0,False,7,3,False
Jer.7.21,כה אמר יהוה צבאות אלהי ישראל עלותיכם ספו על זבחיכם ואכלו בשר,43.72829380027863,124.62403773640497,0.08333333333333333,37.481394685953106,106.8206037740614,-0.3782439956513891,-0.19922661346254278,0.0,0.6473753274350629,0.5789572589236481,0.6934354144325707,0.579508538968416,False,1.0,1.0,False,7,3,False
Jer.7.22,כי לא דברתי את אבותיכם ולא צויתים ביום הוציא הוציאי אותם מארץ מצרים על דברי עולה וזבח,34.342196178073785,637.4366784334387,0.058823529411764705,30.727228159329176,570.338080703603,-0.4030105191240358,-0.19301926124854582,0.0,0.6565297569621387,0.5765280582793605,0.6934354144325707,0.579508538968416,False,1.0,1.0,False,7,3,False
Jer.7.23,כי אם את הדבר הזה צויתי אותם לאמר שמעו בקולי והייתי לכם לאלהים ואתם תהיו לי לעם והלכתם בכל הדרך אשר אצוה אתכם למען ייטב לכם,9.931833806331538,42.233766516476045,0.0,9.931833806331538,42.233766516476045,-0.47926413536762247,-0.20009155009859303,0.0,0.6841246334838365,0.5792955091084933,0.6934354144325707,0.579508538968416,False,1.0,1.0,False,7,3,False
Jer.7.24,ולא שמעו ולא הטו את אזנם וילכו במעצות בשררות לבם הרע ויהיו לאחור ולא לפנים,163.2980796055479,1224.1124183435659,0.06666666666666667,144.08654082842463,1080.0991926560876,0.012661209873972878,-0.18619262164080388,0.012661209873972878,0.49494904301058007,0.5738531450663613,0.6934354144325707,0.579508538968416,False,0.999919850094439,1.0,False,7,3,False
Jer.7.25,למן היום אשר יצאו אבותיכם מארץ מצרים עד היום הזה ואשלח אליכם את כל עבדי הנביאים יום השכם ושלח,21.8604043749145,51.04253257584674,0.0,21.8604043749145,51.04253257584674,-0.43552384234739655,-0.19997358450673786,0.0,0.6684088816261213,0.5792493798261702,0.6934354144325707,0.579508538968416,False,1.0,1.0,False,7,3,False
Jer.7.26,ולוא שמעו אלי ולא הטו את אזנם ויקשו את ערפם הרעו מאבותם,42.21951226631163,40716.59800675584,0.0,42.21951226631163,40716.59800675584,-0.3608700236287057,0.34461305649372326,0.34461305649372326,0.6409016932988815,0.3651926443853132,0.6934354144325707,0.579508538968416,False,0.9423494762104725,1.0,False,7,3,False
Jer.7.27,ודברת אליהם את כל הדברים האלה ולא ישמעו אליך וקראת אליהם ולא יענוכה,46.69123240492751,94.61235308529162,0.07692307692307693,40.46573475093718,81.99737267391941,-0.36730086477381324,-0.1995590422191643,0.0,0.6433026954475352,0.5790872685223392,0.6934354144325707,0.579508538968416,False,1.0,1.0,False,7,3,False
Jer.7.28,ואמרת אליהם זה הגוי אשר לוא שמעו בקול יהוה אלהיו ולא לקחו מוסר אבדה האמונה ונכרתה מפיהם,45.712551649901634,183.72160805171197,0.058823529411764705,40.900704107806725,164.38249141468964,-0.3657058968759494,-0.19845575383270792,0.0,0.6427077272829331,0.578655750236341,0.6934354144325707,0.579508538968416,False,1.0,1.0,False,7,3,False
Jer.7.29,גזי נזרך והשליכי ושאי על שפים קינה כי מאס יהוה ויטש את דור עברתו,848.2521096964365,48454.44904731519,0.2857142857142857,539.7967970795505,30834.64939374603,1.4636718284571726,0.2122755748351945,1.478984834638535,0.07164181818901684,0.4159460248341261,0.6934354144325707,0.579508538968416,False,0.33497543756542547,1.0,False,7,3,False
Jer.7.30,כי עשו בני יהודה הרע בעיני נאום יהוה שמו שקוציהם בבית אשר נקרא שמי עליו לטמאו,332.29578968776724,293.4543159692777,0.125,265.83663175021377,234.76345277542214,0.45910067397740917,-0.19751322320965617,0.45910067397740917,0.32308093635517443,0.578287032683134,0.6934354144325707,0.579508538968416,False,0.8999764214199797,1.0,False,7,3,False
Jer.7.31,ובנו במות התפת אשר בגיא בן הנם לשרף את בניהם ואת בנתיהם באש אשר לא צויתי ולא עלתה על לבי,53.53299970775472,80.13815025793706,0.05,48.666363370686106,72.85286387085186,-0.33723038007361,-0.1996815040243602,0.0,0.6320283813719692,0.5791351599500651,0.6934354144325707,0.579508538968416,False,1.0,1.0,False,7,3,False
Jer.7.32,לכן הנה ימים באים נאם יהוה ולא יאמר עוד התפת וגיא בן הנם כי אם גיא ההרגה וקברו בתפת מאין מקום,40.7206612460329,385.0420584273624,0.14285714285714285,31.671625413581147,299.47715655461525,-0.3995475549414476,-0.19664658759735804,0.0,0.6552551045324468,0.5779479446376347,0.6934354144325707,0.579508538968416,False,1.0,1.0,False,7,3,False
Jer.7.33,והיתה נבלת העם הזה למאכל לעוף השמים ולבהמת הארץ ואין מחריד,30.308681013707293,467.8906379207281,0.0,30.308681013707293,467.8906379207281,-0.40454526921726974,-0.1943912210827017,0.0,0.6570941020553605,0.5770652183125733,0.6934354144325707,0.579508538968416,False,1.0,1.0,False,7,3,False
Jer.7.34,והשבתי מערי יהודה ומחצות ירושלם קול ששון וקול שמחה קול חתן וקול כלה כי לחרבה תהיה הארץ,26.80633164247632,137.61588663291863,0.058823529411764705,23.984612522215652,123.13000382945351,-0.4277346872038946,-0.19900820057504298,0.0,0.6655778536200444,0.5788718351155899,0.6934354144325707,0.579508538968416,False,1.0,1.0,False,7,3,False
Jer.8.1,בעת ההיא נאם יהוה ויציאו יוציאו את עצמות מלכי יהודה ואת עצמות שריו ואת עצמות הכהנים ואת עצמות הנביאים ואת עצמות יושבי ירושלם מקבריהם,15.878557073891368,38.53976707010316,0.125,12.702845659113095,30.831813656082527,-0.4691032472958857,-0.20024424323500006,0.0,0.6805020809664939,0.5793552166380355,0.6934354144325707,0.579508538968416,False,1.0,1.0,False,8,3,False
Jer.8.2,ושטחום לשמש ולירח ולכל צבא השמים אשר אהבום ואשר עבדום ואשר הלכו אחריהם ואשר דרשום ואשר השתחוו להם לא יאספו ולא יקברו לדמן על פני האדמה יהיו,50.62285684541114,934.1167405543458,0.2222222222222222,35.04659320066925,646.6962049991625,-0.38717205034160407,-0.19199668541161627,0.0,0.6506855798602742,0.5761275991075545,0.6934354144325707,0.579508538968416,False,1.0,1.0,False,8,3,False
Jer.8.3,ונבחר מות מחיים לכל השארית הנשארים מן המשפחה הרעה הזאת בכל המקמות הנשארים אשר הדחתים שם נאם יהוה צבאות,87.5785484315845,1450.7297192400788,0.10526315789473684,72.34749653043937,1198.4288985026737,-0.2503951890921608,-0.18460796906969906,0.0,0.5988591251527835,0.5732317325150192,0.6934354144325707,0.579508538968416,False,1.0,1.0,False,8,3,False
Jer.8.4,ואמרת אליהם כה אמר יהוה היפלו ולא יקומו אם ישוב ולא ישוב,84.6374957308279,91.95972403585091,0.08333333333333333,72.54642491213819,78.82262060215793,-0.2496657483217417,-0.19960155799318016,0.0,0.5985770758181873,0.5791038953992824,0.6934354144325707,0.579508538968416,False,1.0,1.0,False,8,4,True
Jer.8.5,מדוע שובבה העם הזה ירושלם משבה נצחת החזיקו בתרמית מאנו לשוב,476.1454257355654,19314.344457643034,0.2727272727272727,308.0940990053659,12497.517002004317,0.6140525174867296,-0.03329238110087864,0.6140525174867296,0.2695903118495673,0.5132792853028597,0.6934354144325707,0.579508538968416,False,0.8281754531408817,1.0,False,8,4,False
Jer.8.6,הקשבתי ואשמע לוא כן ידברו אין איש נחם על רעתו לאמר מה עשיתי כלה שב במרצותם במרוצתם כסוס שוטף במלחמה,246.34169820485312,8642.419999262447,0.2,175.95835586060937,6173.157142330319,0.12953041231352458,-0.1179872008887168,0.12953041231352458,0.44846898105135324,0.5469611003731268,0.6934354144325707,0.579508538968416,False,0.9916460261464904,1.0,False,8,4,False
Jer.8.7,גם חסידה בשמים ידעה מועדיה ותר וסוס וסיס ועגור שמרו את עת באנה ועמי לא ידעו את משפט יהוה,214.2031283521936,494.37436893814447,0.2631578947368421,140.33998064454065,323.9004486146464,-0.001076868743142121,-0.1963195147606525,0.0,0.5004296083890498,0.5778199559917292,0.6934354144325707,0.579508538968416,False,1.0,1.0,False,8,4,False
Jer.8.8,איכה תאמרו חכמים אנחנו ותורת יהוה אתנו אכן הנה לשקר עשה עט שקר ספרים,921.7063784382242,974.3954609784537,0.14285714285714285,716.8827387852856,757.8631363165752,2.1130196220957562,-0.19050795557599612,2.1130196220957562,0.017299544221145574,0.5755444451504504,0.6934354144325707,0.579508538968416,False,0.1072678864469678,1.0,False,8,4,False
Jer.8.9,הבישו חכמים חתו וילכדו הנה בדבר יהוה מאסו וחכמת מה להם,350.9364805053734,12606.172889635845,0.09090909090909091,296.94625273531597,10666.761675845715,0.5731750242788959,-0.05780956479456875,0.5731750242788959,0.28326309664906535,0.5230498403409068,0.6934354144325707,0.579508538968416,False,0.8485173011586711,1.0,False,8,4,False
Jer.8.10,לכן אתן את נשיהם לאחרים שדותיהם ליורשים כי מקטן ועד גדול כלה בצע בצע מנביא ועד כהן כלה עשה שקר,369.4079075474318,1514.975333024581,0.15,284.15992888263986,1165.3656407881392,0.5262894776199726,-0.18505074695012724,0.5262894776199726,0.2993435464287798,0.5734053837270389,0.6934354144325707,0.579508538968416,False,0.870671690538553,1.0,False,8,4,False
Jer.8.11,וירפו את שבר בת עמי על נקלה לאמר שלום שלום ואין שלום,84.33028222060682,126.75643205608822,0.08333333333333333,72.28309904623441,108.6483703337899,-0.2506313250828644,-0.19920213630393302,0.0,0.59895041968425,0.5789476858085009,0.6934354144325707,0.579508538968416,False,1.0,1.0,False,8,4,False
Jer.8.12,הבשו כי תועבה עשו גם בוש לא יבשו והכלם לא ידעו לכן יפלו בנפלים בעת פקדתם יכשלו אמר יהוה,100.08878518095705,6732.652354183553,0.15789473684210525,76.06747673752734,5116.8157891795,-0.2367545752942246,-0.1321335560178763,0.0,0.5935764033193665,0.5525606726330118,0.6934354144325707,0.579508538968416,False,1.0,1.0,False,8,4,False
Jer.8.13,אסף אסיפם נאם יהוה אין ענבים בגפן ואין תאנים בתאנה והעלה נבל ואתן להם יעברום,115.4203239263624,5146.196399690113,0.26666666666666666,75.27412429980157,3356.215043276161,-0.23966368061366927,-0.15571124074821724,0.0,0.5947045034567497,0.5618696817921965,0.6934354144325707,0.579508538968416,False,1.0,1.0,False,8,4,False
Jer.8.14,על מה אנחנו ישבים האספו ונבוא אל ערי המבצר ונדמה שם כי יהוה אלהינו הדמנו וישקנו מי ראש כי חטאנו ליהוה,108.67793943638183,6115.79569810895,0.19047619047619047,78.69781821255236,4428.679643458206,-0.22710950456262605,-0.1413489656632039,0.0,0.5898307032143617,0.5562028655595211,0.6934354144325707,0.579508538968416,False,1.0,1.0,False,8,4,False
Jer.8.15,קוה לשלום ואין טוב לעת מרפה והנה בעתה,544.2150817831349,1044.6932084836924,0.125,435.3720654265079,835.7545667869539,1.0807618783670556,-0.18946484594702478,1.0807618783670556,0.13990152499220404,0.5751357475311056,0.6934354144325707,0.579508538968416,False,0.5576503539270987,1.0,False,8,4,False
Jer.8.16,מדן נשמע נחרת סוסיו מקול מצהלות אביריו רעשה כל הארץ ויבואו ויאכלו ארץ ומלואה עיר וישבי בה,173.26461031944757,16990.482912535623,0.17647058823529413,128.06514675785255,12558.183022308938,-0.0460868578186493,-0.03247995142088727,0.0,0.5183794895899041,0.5129553479790289,0.6934354144325707,0.579508538968416,False,1.0,1.0,False,8,4,False
Jer.8.17,כי הנני משלח בכם נחשים צפענים אשר אין להם לחש ונשכו אתכם נאם יהוה,58.285613775261595,266.56974440919856,0.21428571428571427,40.79992964268312,186.598821086439,-0.3660754218419225,-0.1981582362847433,0.0,0.6428456014973245,0.5785393689398746,0.6934354144325707,0.579508538968416,False,1.0,1.0,False,8,4,False
Jer.8.18,מבליגיתי עלי יגון עלי לבי דוי,823.2969234283718,8924.74237375294,0.16666666666666666,617.4726925712789,6693.556780314706,1.7484977772062231,-0.11101809183504321,1.7484977772062231,0.04018893508154524,0.5441989998969933,0.6934354144325707,0.579508538968416,False,0.21683420744449952,1.0,False,8,4,False
Jer.8.19,הנה קול שועת בת עמי מארץ מרחקים היהוה אין בציון אם מלכה אין בה מדוע הכעסוני בפסליהם בהבלי נכר,455.0494756891922,6836.450262029317,0.3157894736842105,278.9012915514404,4190.08241866313,0.5070068371366638,-0.14454422168978603,0.5070068371366638,0.30607501063954523,0.5574646303948356,0.6934354144325707,0.579508538968416,False,0.8793889686854331,1.0,False,8,4,False
Jer.8.20,עבר קציר כלה קיץ ואנחנו לוא נושענו,419.7424799742867,5410.333730695694,0.14285714285714285,326.46637331333415,4208.037346096651,0.6814209131430387,-0.14430377216176624,0.6814209131430387,0.24780259683903616,0.5573697001341654,0.6934354144325707,0.579508538968416,False,0.7928135296692247,1.0,False,8,4,False
Jer.8.21,על שבר בת עמי השברתי קדרתי שמה החזקתני,371.9432266881199,11866.036903633525,0.375,212.53898667892568,6780.592516362014,0.26366614145713274,-0.10985252312244807,0.26366614145713274,0.39601859385593774,0.543736832182073,0.6934354144325707,0.579508538968416,False,0.9658372694607503,1.0,False,8,4,False
Jer.8.22,הצרי אין בגלעד אם רפא אין שם כי מדוע לא עלתה ארכת בת עמי,333.6397878839988,4681.56564134119,0.21428571428571427,233.54785151879915,3277.095948938833,0.3407025222066118,-0.1567707910561313,0.3407025222066118,0.3666637698573918,0.5622872532361572,0.6934354144325707,0.579508538968416,False,0.9436130473697354,1.0,False,8,4,False
Jer.8.23,מי יתן ראשי מים ועיני מקור דמעה ואבכה יומם ולילה את חללי בת עמי,62.39251167144912,60.30672925089857,0.0,62.39251167144912,60.30672925089857,-0.28689863703176355,-0.1998495198606263,0.0,0.6129050329339444,0.579200864394738,0.6934354144325707,0.579508538968416,False,1.0,1.0,False,8,4,False
Jer.9.1,מי יתנני במדבר מלון ארחים ואעזבה את עמי ואלכה מאתם כי כלם מנאפים עצרת בגדים,182.934975398598,20030.82043453248,0.2,130.66783957042716,14307.728881808916,-0.03654317061747836,-0.00905031196824752,0.0,0.5145753717470927,0.5036105028066241,0.6934354144325707,0.579508538968416,False,1.0,1.0,False,9,4,False
Jer.9.2,וידרכו את לשונם קשתם שקר ולא לאמונה גברו בארץ כי מרעה אל רעה יצאו ואתי לא ידעו נאם יהוה,147.01039685128916,1022.9100811863492,0.15789473684210525,111.72790160697976,777.4116617016253,-0.10599310441658762,-0.19024616483806517,0.0,0.542206088377079,0.5754418813317855,0.6934354144325707,0.579508538968416,False,1.0,1.0,False,9,4,False
Jer.9.3,איש מרעהו השמרו ועל כל אח אל תבטחו כי כל אח עקוב יעקב וכל רע רכיל יהלך,162.15489139096906,1908.009106696151,0.058823529411764705,145.08595545507757,1707.1660428333983,0.016325914573262934,-0.17779504227323256,0.016325914573262934,0.49348719172754235,0.5705580294947867,0.6934354144325707,0.579508538968416,False,0.9998667411364245,1.0,False,9,4,False
Jer.9.4,ואיש ברעהו יהתלו ואמת לא ידברו למדו לשונם דבר שקר העוה נלאו,51.037696002153965,18948.324917178637,0.25,34.02513066810264,12632.216611452424,-0.39091760143062726,-0.031488505388422315,0.0,0.6520709284424702,0.5125600205140415,0.6934354144325707,0.579508538968416,False,1.0,1.0,False,9,4,False
Jer.9.5,שבתך בתוך מרמה במרמה מאנו דעת אותי נאם יהוה,163.50104811194186,5324.541100568394,0.1111111111111111,133.7735848188615,4356.442718646867,-0.02515486500016665,-0.14231635105313636,0.0,0.5100342809678309,0.5565849341447471,0.6934354144325707,0.579508538968416,False,1.0,1.0,False,9,4,False
Jer.9.6,לכן כה אמר יהוה צבאות הנני צורפם ובחנתים כי איך אעשה מפני בת עמי,94.27904290481379,945.5189822153186,0.14285714285714285,73.32814448152185,735.4036528341368,-0.24679929899926034,-0.19080872940105975,0.0,0.5974682234847427,0.5756622753653968,0.6934354144325707,0.579508538968416,False,1.0,1.0,False,9,4,False
Jer.9.7,חץ שוחט שחוט לשונם מרמה דבר בפיו שלום את רעהו ידבר ובקרבו ישים ארבו,169.20954327234412,1488.1504307885932,0.21428571428571427,118.44668029064088,1041.7053015520153,-0.08135634289753357,-0.18670678651442968,0.0,0.5324207163545993,0.5740547325985369,0.6934354144325707,0.579508538968416,False,1.0,1.0,False,9,4,False
Jer.9.8,העל אלה לא אפקד בם נאם יהוה אם בגוי אשר כזה לא תתנקם נפשי,43.79437967631982,3077.0551314409363,0.0,43.79437967631982,3077.0551314409363,-0.35509521921390097,-0.1594497058181179,0.0,0.6387408709528503,0.5633427098924806,0.6934354144325707,0.579508538968416,False,1.0,1.0,False,9,4,False
Jer.9.9,על ההרים אשא בכי ונהי ועל נאות מדבר קינה כי נצתו מבלי איש עבר ולא שמעו קול מקנה מעוף השמים ועד בהמה נדדו הלכו,193.0150699666231,1049.6454170154057,0.041666666666666664,178.16775689226748,968.9034618603745,0.13763195708523773,-0.18768173715444977,0.13763195708523773,0.44526564888374426,0.5744369262521722,0.6934354144325707,0.579508538968416,False,0.9905734334770775,1.0,False,9,4,False
Jer.9.10,ונתתי את ירושלם לגלים מעון תנים ואת ערי יהודה אתן שממה מבלי יושב,137.1326225526572,88.23168905658987,0.0,137.1326225526572,88.23168905658987,-0.012837773534975838,-0.1994755532472768,0.0,0.5051213899742277,0.5790546176216871,0.6934354144325707,0.579508538968416,False,1.0,1.0,False,9,4,False
Jer.9.11,מי האיש החכם ויבן את זאת ואשר דבר פי יהוה אליו ויגדה על מה אבדה הארץ נצתה כמדבר מבלי עבר,62.84858831856579,386.2253928344748,0.15,48.345067937358294,297.0964560265191,-0.33840852261122745,-0.19667846955959134,0.0,0.6324723237528747,0.5779604201011229,0.6934354144325707,0.579508538968416,False,1.0,1.0,False,9,4,False
Jer.9.12,ויאמר יהוה על עזבם את תורתי אשר נתתי לפניהם ולא שמעו בקולי ולא הלכו בה,7.080634244784147,16.981531133778663,0.06666666666666667,6.24761845128013,14.98370394156941,-0.49277360477580046,-0.2004564785957371,0.0,0.6889137184580751,0.5794382039047089,0.6934354144325707,0.579508538968416,False,1.0,1.0,False,9,4,False
Jer.9.13,וילכו אחרי שררות לבם ואחרי הבעלים אשר למדום אבותם,153.55349901931245,3325.821295209225,0.1111111111111111,125.63468101580109,2721.1265142620928,-0.05499901398369265,-0.16421624516093933,0.0,0.5219303753337314,0.5652195435381309,0.6934354144325707,0.579508538968416,False,1.0,1.0,False,9,4,False
Jer.9.14,לכן כה אמר יהוה צבאות אלהי ישראל הנני מאכילם את העם הזה לענה והשקיתים מי ראש,28.393403173326693,521.3361087556434,0.125,22.714722538661356,417.06888700451475,-0.43239118478378136,-0.19507181787520822,0.0,0.6672714380362723,0.5773316375943794,0.6934354144325707,0.579508538968416,False,1.0,1.0,False,9,4,False
Jer.9.15,והפצותים בגוים אשר לא ידעו המה ואבותם ושלחתי אחריהם את החרב עד כלותי אותם,98.8947947989575,1103.6310855422835,0.21428571428571427,69.22635635927026,772.5417598795984,-0.26183994560001056,-0.19031138178750398,0.0,0.6032775795066967,0.5754674323676049,0.6934354144325707,0.579508538968416,False,1.0,1.0,False,9,4,False
Jer.9.16,כה אמר יהוה צבאות התבוננו וקראו למקוננות ותבואינה ואל החכמות שלחו ותבואנה,133.76752190736443,6500.548721712401,0.4166666666666667,72.96410285856241,3545.753848206764,-0.2481341854526081,-0.15317296726559046,0.0,0.5979847068164342,0.5608690624588275,0.6934354144325707,0.579508538968416,False,1.0,1.0,False,9,4,False
Jer.9.17,ותמהרנה ותשנה עלינו נהי ותרדנה עינינו דמעה ועפעפינו יזלו מים,37.41019404756806,99608.55123077243,0.4,20.78344113753781,55338.08401709579,-0.4394729062611345,0.5404216679821867,0.5404216679821867,0.6698405451829395,0.294453134061556,0.6934354144325707,0.579508538968416,False,0.8641336889107594,1.0,False,9,4,False
Jer.9.18,כי קול נהי נשמע מציון איך שדדנו בשנו מאד כי עזבנו ארץ כי השליכו משכנותינו,140.1645670426657,1587.8592384529356,0.2,100.11754788761837,1134.1851703235254,-0.14856654360894714,-0.1854683108436272,0.0,0.5590521628484145,0.5735691333356188,0.6934354144325707,0.579508538968416,False,1.0,1.0,False,9,4,False
Jer.9.19,כי שמענה נשים דבר יהוה ותקח אזנכם דבר פיו ולמדנה בנותיכם נהי ואשה רעותה קינה,203.65613378322865,59762.43127904067,0.06666666666666667,179.69658863226059,52731.55701091824,0.14323795554929883,0.5055154735279513,0.5254169828680186,0.4430511273386447,0.3065984165975119,0.6934354144325707,0.579508538968416,False,0.8710712500055575,1.0,False,9,4,False
Jer.9.20,כי עלה מות בחלונינו בא בארמנותינו להכרית עולל מחוץ בחורים מרחבות,202.50571886195203,463890.0122579174,0.18181818181818182,148.50419383209814,340186.0089891394,0.028860085986696805,4.35505970372648,4.3551553276071955,0.48848808955985407,6.651532750464058e-06,0.6934354144325707,0.0009072690671632975,False,7.608275231487795e-05,0.006104522009264326,True,9,4,False
Jer.9.21,דבר כה נאם יהוה ונפלה נבלת האדם כדמן על פני השדה וכעמיר מאחרי הקצר ואין מאסף,220.22106057214978,10564.766460576093,0.1875,160.16077132519985,7683.466516782613,0.07160302087816613,-0.0977613783341297,0.07160302087816613,0.47145891796780437,0.5389391119739056,0.6934354144325707,0.579508538968416,False,0.9974397866513225,1.0,False,9,4,False
Jer.9.22,כה אמר יהוה אל יתהלל חכם בחכמתו ואל יתהלל הגבור בגבורתו אל יתהלל עשיר בעשרו,7.152708884375552,14810.00597718213,0.13333333333333333,5.646875435033331,11692.109981985894,-0.49497644001154073,-0.04407826361386966,0.0,0.689691624383352,0.5175789904674846,0.6934354144325707,0.579508538968416,False,1.0,1.0,False,9,4,False
Jer.9.23,כי אם בזאת יתהלל המתהלל השכל וידע אותי כי אני יהוה עשה חסד משפט וצדקה בארץ כי באלה חפצתי נאם יהוה,7.324632659697583,60.0553051621635,0.09523809523809523,6.15269143414597,50.44645633621734,-0.4931216880202354,-0.19998156706478568,0.0,0.6890366963293982,0.5792525013611728,0.6934354144325707,0.579508538968416,False,1.0,1.0,False,9,4,False
Jer.9.24,הנה ימים באים נאם יהוה ופקדתי על כל מול בערלה,54.07682917833536,1256.2875652425387,0.1,45.06402431527947,1046.9063043687822,-0.3504396212761297,-0.18663713551321282,0.0,0.6369956021198568,0.5740274258101216,0.6934354144325707,0.579508538968416,False,1.0,1.0,False,9,4,False
Jer.9.25,על מצרים ועל יהודה ועל אדום ועל בני עמון ועל מואב ועל כל קצוצי פאה הישבים במדבר כי כל הגוים ערלים וכל בית ישראל ערלי לב,20.298459882958657,128.1449343029227,0.07692307692307693,17.59199856523084,111.05894306253302,-0.4511754512112888,-0.19916985429794723,0.0,0.6740684494086655,0.5789350601147885,0.6934354144325707,0.579508538968416,False,1.0,1.0,False,9,4,False
Jer.10.1,שמעו את הדבר אשר דבר יהוה עליכם בית ישראל,44.348133722833296,18.372861453620274,0.0,44.348133722833296,18.372861453620274,-0.3530646855370974,-0.20041109153821907,0.0,0.6379800264969172,0.5794204571688573,0.6934354144325707,0.579508538968416,False,1.0,1.0,False,10,4,False
Jer.10.2,כה אמר יהוה אל דרך הגוים אל תלמדו ומאתות השמים אל תחתו כי יחתו הגוים מהמה,18.615419629813754,607.8425154159987,0.1875,13.538487003500911,442.06728393890813,-0.46603907484930557,-0.19473704332563785,0.0,0.6794062342762346,0.5772005946731278,0.6934354144325707,0.579508538968416,False,1.0,1.0,False,10,4,False
Jer.10.3,כי חקות העמים הבל הוא כי עץ מיער כרתו מעשה ידי חרש במעצד,291.6110113078854,4955.9285281162975,0.15384615384615385,222.99665570603003,3789.8276979712864,0.30201285742986,-0.14990436914982866,0.30201285742986,0.38132113076889107,0.5595799677059378,0.6934354144325707,0.579508538968416,False,0.9554184346206575,1.0,False,10,4,False
Jer.10.4,בכסף ובזהב ייפהו במסמרות ובמקבות יחזקום ולוא יפיק,196.04554709683617,375737.0222323264,0.625,87.13135426526053,166994.23210325616,-0.19618498296792206,2.035703016638553,2.035703016638553,0.5777673092399662,0.020890093000470216,0.6934354144325707,0.579508538968416,False,0.12592819870874344,1.0,False,10,4,False
Jer.10.5,כתמר מקשה המה ולא ידברו נשוא ינשוא כי לא יצעדו אל תיראו מהם כי לא ירעו וגם היטיב אין אותם,118.629735428412,4215.798630322082,0.2,84.73552530600858,3011.284735944345,-0.20497013120521598,-0.1603304924775674,0.0,0.5812022692977378,0.5636896299781436,0.6934354144325707,0.579508538968416,False,1.0,1.0,False,10,4,False
Jer.10.6,מאין כמוך יהוה גדול אתה וגדול שמך בגבורה,123.85940726634585,189.289785884035,0.125,99.08752581307668,151.43182870722802,-0.15234348126452968,-0.19862918704468174,0.0,0.5605419839813515,0.5787235897273871,0.6934354144325707,0.579508538968416,False,1.0,1.0,False,10,4,False
Jer.10.7,מי לא יראך מלך הגוים כי לך יאתה כי בכל חכמי הגוים ובכל מלכותם מאין כמוך,31.061588995886535,551.9653093375877,0.1875,22.590246542462936,401.4293158818819,-0.4328476197368547,-0.1952812605203424,0.0,0.6674372621856046,0.5774136167041529,0.6934354144325707,0.579508538968416,False,1.0,1.0,False,10,4,False
Jer.10.8,ובאחת יבערו ויכסלו מוסר הבלים עץ הוא,307.727358548963,303938.38451741124,0.5714285714285714,143.60610065618275,141837.9127747919,0.010899507263276565,1.6988135955233832,1.6988485605237647,0.4956518118108958,0.0446771555768439,0.6934354144325707,0.579508538968416,False,0.23620783238534412,1.0,False,10,4,False
Jer.10.9,כסף מרקע מתרשיש יובא וזהב מאופז מעשה חרש וידי צורף תכלת וארגמן לבושם מעשה חכמים כלם,311.97833620319926,6812.947871152567,0.3125,191.986668432738,4192.583305324657,0.18830384912171722,-0.14451073021399913,0.18830384912171722,0.425319234083881,0.5574514080482228,0.6934354144325707,0.579508538968416,False,0.9824270672535625,1.0,False,10,4,False
Jer.10.10,ויהוה אלהים אמת הוא אלהים חיים ומלך עולם מקצפו תרעש הארץ ולא יכלו גוים זעמו,45.92068829799433,2108.5363552569625,0.13333333333333333,36.25317497210079,1664.6339646765493,-0.3827476945538051,-0.17836462508866746,0.0,0.6490465764121948,0.5707816855558636,0.6934354144325707,0.579508538968416,False,1.0,1.0,False,10,4,False
Jer.10.11,כדנה תאמרון להום אלהיא די שמיא וארקא לא עבדו יאבדו מארעא ומן תחות שמיא אלה,160.4953852988301,32835.81132833,0.4,89.16410294379449,18242.117404627777,-0.18873119608504707,0.04363839239220594,0.04363839239220594,0.5748482499916123,0.48259632406485503,0.6934354144325707,0.579508538968416,False,0.9990482985101101,1.0,False,10,4,False
Jer.10.12,עשה ארץ בכחו מכין תבל בחכמתו ובתבונתו נטה שמים,96.66850312613533,6656.486903686858,0.0,96.66850312613533,6656.486903686858,-0.16121367744948278,-0.11151452571771521,0.0,0.5640374455117416,0.5443958262077819,0.6934354144325707,0.579508538968416,False,1.0,1.0,False,10,4,False
Jer.10.13,לקול תתו המון מים בשמים ויעלה נשאים מקצה ארץ הארץ ברקים למטר עשה ויוצא רוח מאצרתיו,711.839523098039,7724.340876462474,0.0625,632.7462427538125,6866.080779077754,1.80450361265835,-0.10870767792620109,1.80450361265835,0.0355761966667006,0.5432828240773411,0.6934354144325707,0.579508538968416,False,0.19629892695866408,1.0,False,10,4,False
Jer.10.14,נבער כל אדם מדעת הביש כל צורף מפסל כי שקר נסכו ולא רוח בם,1003.5066916116107,5804.990914806168,0.2857142857142857,638.5951673892068,3694.0851276039252,1.8259507488373632,-0.15118653840066348,1.8259507488373632,0.03392884043706257,0.5600857154840181,0.6934354144325707,0.579508538968416,False,0.18880357905527229,1.0,False,10,4,False
Jer.10.15,הבל המה מעשה תעתעים בעת פקדתם יאבדו,73.31722050479826,95721.19708104078,0.14285714285714285,57.024504837065315,74449.81995192061,-0.3065823192064682,0.7963629911750412,0.7963629911750412,0.6204193434070798,0.21291054127371378,0.6934354144325707,0.579508538968416,False,0.728260105475366,1.0,False,10,4,False
Jer.10.16,לא כאלה חלק יעקב כי יוצר הכל הוא וישראל שבט נחלתו יהוה צבאות שמו,124.66108272107307,206.645763850091,0.0,124.66108272107307,206.645763850091,-0.058569054035897725,-0.19788977082067466,0.0,0.5233523201720821,0.5784343461901059,0.6934354144325707,0.579508538968416,False,1.0,1.0,False,10,4,False
Jer.10.17,אספי מארץ כנעתך ישבתי ישבת במצור,912.2291923189011,499184.5346760372,0.3333333333333333,547.3375153913407,299510.72080562235,1.491322520268427,3.810342723832971,4.091791115456242,0.06793841955158567,6.938713722598992e-05,0.6934354144325707,0.007887004598020853,False,0.0002313966393886386,0.016611842954005425,True,10,4,False
Jer.10.18,כי כה אמר יהוה הנני קולע את יושבי הארץ בפעם הזאת והצרותי להם למען ימצאו,62.156142039373655,258.46084918298976,0.13333333333333333,49.070638452137096,204.04803882867614,-0.3357479635156684,-0.19792455914035106,0.0,0.6314695332452352,0.5784479555738056,0.6934354144325707,0.579508538968416,False,1.0,1.0,False,10,4,False
Jer.10.19,אוי לי על שברי נחלה מכתי ואני אמרתי אך זה חלי ואשאנו,206.2855353433604,3884.4217960205983,0.25,137.52369022890693,2589.6145306803987,-0.01140378656633157,-0.16597743269557255,0.0,0.5045493540132906,0.5659126450387832,0.6934354144325707,0.579508538968416,False,1.0,1.0,False,10,4,False
Jer.10.20,אהלי שדד וכל מיתרי נתקו בני יצאני ואינם אין נטה עוד אהלי ומקים יריעותי,1173.9305597202938,41190.86180887305,0.2857142857142857,747.0467198220051,26212.366605646486,2.2236264514402198,0.15037470005374323,2.2287052622455215,0.013086793678636733,0.4402345003605177,0.6934354144325707,0.579508538968416,False,0.08344533159492817,1.0,False,10,4,False
Jer.10.21,כי נבערו הרעים ואת יהוה לא דרשו על כן לא השכילו וכל מרעיתם נפוצה,153.23371456591607,1940.4482544482576,0.14285714285714285,119.18177799571251,1509.2375312375339,-0.0786608490130431,-0.1804456693710636,0.0,0.5313488065459301,0.5715986481376463,0.6934354144325707,0.579508538968416,False,1.0,1.0,False,10,4,False
Jer.10.22,קול שמועה הנה באה ורעש גדול מארץ צפון לשום את ערי יהודה שממה מעון תנים,130.85280016608993,234.04559549786256,0.06666666666666667,115.45835308772642,206.51081955693755,-0.09231409401651934,-0.19789157797315232,0.0,0.5367757546100544,0.5784350531604904,0.6934354144325707,0.579508538968416,False,1.0,1.0,False,10,4,False
Jer.10.23,ידעתי יהוה כי לא לאדם דרכו לא לאיש הלך והכין את צעדו,179.492868794246,308.98153793680484,0.16666666666666666,134.6196515956845,231.73615345260365,-0.02205246404439882,-0.19755376431994698,0.0,0.5087969472796101,0.5783028937622554,0.6934354144325707,0.579508538968416,False,1.0,1.0,False,10,4,False
Jer.10.24,יסרני יהוה אך במשפט אל באפך פן תמעטני,427.66678992822926,64370.94122471187,0.25,285.1111932854862,42913.96081647458,0.5297776226144614,0.3740397892076994,0.6485137572431064,0.29813306099891757,0.3541873568391969,0.6934354144325707,0.579508538968416,False,0.8103532245602303,1.0,False,10,4,False
Jer.10.25,שפך חמתך על הגוים אשר לא ידעוך ועל משפחות אשר בשמך לא קראו כי אכלו את יעקב ואכלהו ויכלהו ואת נוהו השמו,23.36098345258098,557.6144140632831,0.13636363636363635,18.355058427027913,438.12561104972247,-0.44837742425951954,-0.1947898295810723,0.0,0.6730595840487673,0.5772212576989647,0.6934354144325707,0.579508538968416,False,1.0,1.0,False,10,4,False
Jer.11.1,הדבר אשר היה אל ירמיהו מאת יהוה לאמר,36.32289412286599,6.203249446008349,0.0,36.32289412286599,6.203249446008349,-0.3824920448038155,-0.20057406504363967,0.0,0.6489517857574538,0.5794841804816111,0.6934354144325707,0.579508538968416,False,1.0,1.0,False,11,4,False
Jer.11.2,שמעו את דברי הברית הזאת ודברתם אל איש יהודה ועל ישבי ירושלם,22.79398742697111,141.0558891518699,0.08333333333333333,19.53770350883238,120.90504784445992,-0.4440408407502348,-0.19903799683116472,0.0,0.6714934716451606,0.5788834889950095,0.6934354144325707,0.579508538968416,False,1.0,1.0,False,11,4,False
Jer.11.3,ואמרת אליהם כה אמר יהוה אלהי ישראל ארור האיש אשר לא ישמע את דברי הברית הזאת,6.155724456807544,2.494226824363836,0.0,6.155724456807544,2.494226824363836,-0.49311056637752126,-0.20062373568375177,0.0,0.6890327673774387,0.5795036014926572,0.6934354144325707,0.579508538968416,False,1.0,1.0,False,11,4,False
Jer.11.4,אשר צויתי את אבותיכם ביום הוציאי אותם מארץ מצרים מכור הברזל לאמר שמעו בקולי ועשיתם אותם ככל אשר אצוה אתכם והייתם לי לעם ואנכי אהיה לכם לאלהים,11.733576960728412,40.2236126118401,0.07407407407407407,10.219567030311843,35.033469049022024,-0.47820906045682793,-0.20018797533528984,0.0,0.6837492927958483,0.5793332144384615,0.6934354144325707,0.579508538968416,False,1.0,1.0,False,11,4,False
Jer.11.5,למען הקים את השבועה אשר נשבעתי לאבותיכם לתת להם ארץ זבת חלב ודבש כיום הזה ואען ואמר אמן יהוה,10.214489377813159,109.95027778238399,0.10526315789473684,8.438056442541304,90.82849034196938,-0.4847415946510718,-0.1994407772981262,0.0,0.6860701713665578,0.5790410172690937,0.6934354144325707,0.579508538968416,False,1.0,1.0,False,11,4,False
Jer.11.6,ויאמר יהוה אלי קרא את כל הדברים האלה בערי יהודה ובחצות ירושלם לאמר שמעו את דברי הברית הזאת ועשיתם אותם,17.232037327068745,16.339040623185927,0.0,17.232037327068745,16.339040623185927,-0.45249537550084296,-0.20043832814279824,0.0,0.6745439240006186,0.579431106938475,0.6934354144325707,0.579508538968416,False,1.0,1.0,False,11,4,False
Jer.11.7,כי העד העדתי באבותיכם ביום העלותי אותם מארץ מצרים ועד היום הזה השכם והעד לאמר שמעו בקולי,49.781114678389116,928.9012991014628,0.17647058823529413,36.79473693620065,686.5792210749942,-0.3807618674287407,-0.19146257841358216,0.0,0.6483100215201725,0.5759184018716921,0.6934354144325707,0.579508538968416,False,1.0,1.0,False,11,4,False
Jer.11.8,ולא שמעו ולא הטו את אזנם וילכו איש בשרירות לבם הרע ואביא עליהם את כל דברי הברית הזאת אשר צויתי לעשות ולא עשו,22.281317787179137,109.8878758915091,0.043478260869565216,20.498812364204806,101.09684582018838,-0.44051659761342127,-0.19930326511728236,0.0,0.6702185030869963,0.5789872373919853,0.6934354144325707,0.579508538968416,False,1.0,1.0,False,11,4,False
Jer.11.9,ויאמר יהוה אלי נמצא קשר באיש יהודה ובישבי ירושלם,76.92035812162148,469.110035797237,0.1111111111111111,62.934838463144835,383.81730201592114,-0.28491000539772965,-0.19551711780449055,0.0,0.6121434548283535,0.5775059309005611,0.6934354144325707,0.579508538968416,False,1.0,1.0,False,11,4,False
Jer.11.10,שבו על עונת אבותם הראשנים אשר מאנו לשמוע את דברי והמה הלכו אחרי אלהים אחרים לעבדם הפרו בית ישראל ובית יהודה את בריתי אשר כרתי את אבותם,47.578602231360065,104.85095557693266,0.037037037037037035,44.29731931885248,97.61985519231662,-0.3532510143941042,-0.19934982842189589,0.0,0.6380498670194258,0.5790054480805754,0.6934354144325707,0.579508538968416,False,1.0,1.0,False,11,4,False
Jer.11.11,לכן כה אמר יהוה הנני מביא אליהם רעה אשר לא יוכלו לצאת ממנה וזעקו אלי ולא אשמע אליהם,23.80800838404918,28.10184973106173,0.0,23.80800838404918,28.10184973106173,-0.42838226829565856,-0.2002808024770083,0.0,0.6658135839415875,0.5793695121114292,0.6934354144325707,0.579508538968416,False,1.0,1.0,False,11,4,False
Jer.11.12,והלכו ערי יהודה וישבי ירושלם וזעקו אל האלהים אשר הם מקטרים להם והושע לא יושיעו להם בעת רעתם,41.86970923021829,5540.837752507724,0.1111111111111111,34.25703482472405,4533.412706597228,-0.3900672434011459,-0.13994639716533147,0.0,0.6517565879569452,0.5556488288333108,0.6934354144325707,0.579508538968416,False,1.0,1.0,False,11,4,False
Jer.11.13,כי מספר עריך היו אלהיך יהודה ומספר חצות ירושלם שמתם מזבחות לבשת מזבחות לקטר לבעל,225.70235312812065,8799.67239462745,0.06666666666666667,199.14913511304763,7764.416818788927,0.21456754849316367,-0.09667730478481885,0.21456754849316367,0.41505224858687695,0.5385086682263118,0.6934354144325707,0.579508538968416,False,0.977243313557088,1.0,False,11,4,False
Jer.11.14,ואתה אל תתפלל בעד העם הזה ואל תשא בעדם רנה ותפלה כי אינני שמע בעת קראם אלי בעד רעתם,59.09032646529441,695.1494460236433,0.10526315789473684,48.81374794959103,574.2538901934445,-0.33668994275709335,-0.19296682135163543,0.0,0.6318246771523215,0.5765075237874863,0.6934354144325707,0.579508538968416,False,1.0,1.0,False,11,4,False
Jer.11.15,מה לידידי בביתי עשותה המזמתה הרבים ובשר קדש יעברו מעליך כי רעתכי אז תעלזי,671.151608895258,35019.51537432199,0.2857142857142857,427.0964783878915,22285.146147295814,1.0504165323004597,0.09778198927079504,1.0549579180023612,0.1467633239780055,0.46105270465928194,0.6934354144325707,0.579508538968416,False,0.5732300815515969,1.0,False,11,4,False
Jer.11.16,זית רענן יפה פרי תאר קרא יהוה שמך לקול המולה גדלה הצית אש עליה ורעו דליותיו,631.764291987734,1491.399641948968,0.1875,459.46493962744296,1084.654285053795,1.169106862469667,-0.18613162056902732,1.169106862469667,0.1211802896930253,0.5738292272237518,0.6934354144325707,0.579508538968416,False,0.5048946789780392,1.0,False,11,4,False
Jer.11.17,ויהוה צבאות הנוטע אותך דבר עליך רעה בגלל רעת בית ישראל ובית יהודה אשר עשו להם להכעסני לקטר לבעל,277.89292828151696,3991.21832795425,0.05263157894736842,251.4269351118487,3611.102296720512,0.4062624609098123,-0.15229783125292023,0.4062624609098123,0.34227488226205993,0.5605239823112519,0.6934354144325707,0.579508538968416,False,0.9207887920926517,1.0,False,11,4,False
Jer.11.18,ויהוה הודיעני ואדעה אז הראיתני מעלליהם,355.3142215640938,2013333.9174829596,0.16666666666666666,266.4856661730704,1510000.4381122198,0.4614805866142788,20.02102819036146,20.026346000483215,0.32222692319183033,1.8059510183148253e-89,0.6934354144325707,2.4633171889814218e-86,False,8.167975798894111e-88,1.1141118989691568e-84,True,11,4,False
Jer.11.19,ואני ככבש אלוף יובל לטבוח ולא ידעתי כי עלי חשבו מחשבות נשחיתה עץ בלחמו ונכרתנו מארץ חיים ושמו לא יזכר עוד,255.7446381840411,10363.33579795358,0.19047619047619047,185.1943931677539,7504.484543345696,0.16339758657698963,-0.1001582764110669,0.16339758657698963,0.43510270149038965,0.5398906650041365,0.6934354144325707,0.579508538968416,False,0.9867393222283994,1.0,False,11,4,False
Jer.11.20,ויהוה צבאות שפט צדק בחן כליות ולב אראה נקמתך מהם כי אליך גליתי את ריבי,190.36664285628356,725.1856404250498,0.0,190.36664285628356,725.1856404250498,0.18236345643116234,-0.1909455673955413,0.18236345643116234,0.42764875121500767,0.5757158803535989,0.6934354144325707,0.579508538968416,False,0.9835092705464229,1.0,False,11,4,False
Jer.11.21,לכן כה אמר יהוה על אנשי ענתות המבקשים את נפשך לאמר לא תנבא בשם יהוה ולא תמות בידנו,45.14038316968465,334.86262138780216,0.05555555555555555,40.62634485271618,301.37635924902196,-0.3667119314331894,-0.19662115377741224,0.0,0.6430830471521933,0.5779379922865864,0.6934354144325707,0.579508538968416,False,1.0,1.0,False,11,4,False
Jer.11.22,לכן כה אמר יהוה צבאות הנני פקד עליהם הבחורים ימתו בחרב בניהם ובנותיהם ימתו ברעב,27.194908699592187,711.9985470032947,0.13333333333333333,21.469664762835937,562.1041160552327,-0.4369566263535489,-0.19312952919146917,0.0,0.6689285980450144,0.5765712364843563,0.6934354144325707,0.579508538968416,False,1.0,1.0,False,11,4,False
Jer.11.23,ושארית לא תהיה להם כי אביא רעה אל אנשי ענתות שנת פקדתם,198.00814052573435,2387.753026564243,0.08333333333333333,169.7212633077723,2046.6454513407796,0.10665992214985939,-0.17324878811262626,0.10665992214985939,0.4575293893302978,0.5687720619803605,0.6934354144325707,0.579508538968416,False,0.9943279775094611,1.0,False,11,4,False
Jer.12.1,צדיק אתה יהוה כי אריב אליך אך משפטים אדבר אותך מדוע דרך רשעים צלחה שלו כל בגדי בגד,235.55537188348194,291.50551335419846,0.05555555555555555,211.99983469513373,262.3549620187786,0.26168915137119514,-0.19714372211311973,0.26168915137119514,0.39678055255283706,0.5781424652728001,0.6934354144325707,0.579508538968416,False,0.9663389697362256,1.0,False,12,4,False
Jer.12.2,נטעתם גם שרשו ילכו גם עשו פרי קרוב אתה בפיהם ורחוק מכליותיהם,219.48407912362376,7619.169945345609,0.3333333333333333,131.69044747417428,4571.501967207366,-0.03279341962279474,-0.13943631185475366,0.0,0.5130803371137996,0.55544731004762,0.6934354144325707,0.579508538968416,False,1.0,1.0,False,12,4,False
Jer.12.3,ואתה יהוה ידעתני תראני ובחנת לבי אתך התקם כצאן לטבחה והקדשם ליום הרגה,96.63559680222184,66210.58343236063,0.46153846153846156,50.250510337155355,34429.50338482753,-0.33142154890628106,0.2604172868335267,0.2604172868335267,0.6298369549471293,0.3972709549413108,0.6934354144325707,0.579508538968416,False,0.9666598710575397,1.0,False,12,4,False
Jer.12.4,עד מתי תאבל הארץ ועשב כל השדה ייבש מרעת ישבי בה ספתה בהמות ועוף כי אמרו לא יראה את אחריתנו,166.04081618467504,19409.508408317855,0.2,118.6005829890536,13863.934577369897,-0.08079200460683295,-0.01499353459809788,0.0,0.5321963166582051,0.505981330776416,0.6934354144325707,0.579508538968416,False,1.0,1.0,False,12,4,False
Jer.12.5,כי את רגלים רצתה וילאוך ואיך תתחרה את הסוסים ובארץ שלום אתה בוטח ואיך תעשה בגאון הירדן,147.60787848697768,1340.571258177688,0.23529411764705882,100.37335737114482,911.5884555608277,-0.1476285283033858,-0.1884492905886924,0.0,0.558682030271678,0.5747377682559552,0.6934354144325707,0.579508538968416,False,1.0,1.0,False,12,4,False
Jer.12.6,כי גם אחיך ובית אביך גם המה בגדו בך גם המה קראו אחריך מלא אל תאמן בם כי ידברו אליך טובות,52.18758927201309,80.23820322230114,0.09523809523809523,43.837574988491,67.40009070673295,-0.35493682843265817,-0.1997545266939625,0.0,0.6386815413399484,0.579163716540825,0.6934354144325707,0.579508538968416,False,1.0,1.0,False,12,4,False
Jer.12.7,עזבתי את ביתי נטשתי את נחלתי נתתי את ידדות נפשי בכף איביה,335.8282423849221,1751.5003608220304,0.3333333333333333,201.49694543095328,1050.9002164932183,0.22317661951895565,-0.18658364967826144,0.22317661951895565,0.4116990239876199,0.5740064563604922,0.6934354144325707,0.579508538968416,False,0.9754036421077069,1.0,False,12,4,False
Jer.12.8,היתה לי נחלתי כאריה ביער נתנה עלי בקולה על כן שנאתיה,74.37920834145658,5434.118677665642,0.18181818181818182,54.544752783734815,3985.0203636214706,-0.3156752009399974,-0.14729038006508952,0.0,0.6238754741568928,0.5585485873690077,0.6934354144325707,0.579508538968416,False,1.0,1.0,False,12,4,False
Jer.12.9,העיט צבוע נחלתי לי העיט סביב עליה לכו אספו כל חית השדה התיו לאכלה,669.6545803596198,9677.88987547851,0.14285714285714285,520.8424513908154,7527.2476809277305,1.3941690636736452,-0.09985343609867271,1.3941690636736452,0.08163327878568477,0.5397696579368887,0.6934354144325707,0.579508538968416,False,0.37838098691907224,1.0,False,12,4,False
Jer.12.10,רעים רבים שחתו כרמי בססו את חלקתי נתנו את חלקת חמדתי למדבר שממה,308.39955485068214,6022.211035678531,0.38461538461538464,174.3127918721247,3403.858411470474,0.12349637406677752,-0.1550732083508149,0.12349637406677752,0.4508570226946349,0.5616181983527601,0.6934354144325707,0.579508538968416,False,0.9924033245065378,1.0,False,12,4,False
Jer.12.11,שמה לשממה אבלה עלי שממה נשמה כל הארץ כי אין איש שם על לב,91.53642534376863,825.8806979555748,0.0,91.53642534376863,825.8806979555748,-0.18003224290229022,-0.18959707522553482,0.0,0.5714363722184277,0.5751875603634795,0.6934354144325707,0.579508538968416,False,1.0,1.0,False,12,4,False
Jer.12.12,על כל שפים במדבר באו שדדים כי חרב ליהוה אכלה מקצה ארץ ועד קצה הארץ אין שלום לכל בשר,196.25412238859408,425.45254187269023,0.05263157894736842,177.5632535896804,384.9332521705293,0.13541533343910755,-0.1955021731777878,0.13541533343910755,0.44614175073265694,0.5775000817217724,0.6934354144325707,0.579508538968416,False,0.9908732476981728,1.0,False,12,4,False
Jer.12.13,זרעו חטים וקצים קצרו נחלו לא יועלו ובשו מתבואתיכם מחרון אף יהוה,194.76911339122006,135025.27050466562,0.3333333333333333,116.86146803473204,81015.16230279938,-0.08716908032269709,0.8842850100972537,0.8842850100972537,0.534731441946125,0.18827118902024292,0.6934354144325707,0.579508538968416,False,0.6763936908518517,1.0,False,12,4,False
Jer.12.14,כה אמר יהוה על כל שכני הרעים הנגעים בנחלה אשר הנחלתי את עמי את ישראל הנני נתשם מעל אדמתם ואת בית יהודה אתוש מתוכם,78.34111337955756,1160.4189625207146,0.125,62.67289070364605,928.3351700165716,-0.28587052884776026,-0.18822502125640606,0.0,0.6125113566176026,0.5746498705480242,0.6934354144325707,0.579508538968416,False,1.0,1.0,False,12,4,False
Jer.12.15,והיה אחרי נתשי אותם אשוב ורחמתים והשבתים איש לנחלתו ואיש לארצו,126.48487043843129,18145.93218858093,0.18181818181818182,92.7555716548496,13307.01693829268,-0.17556181481749883,-0.022451686905190754,0.0,0.56968089815661,0.508956174731022,0.6934354144325707,0.579508538968416,False,1.0,1.0,False,12,4,False
Jer.12.16,והיה אם למד ילמדו את דרכי עמי להשבע בשמי חי יהוה כאשר למדו את עמי להשבע בבעל ונבנו בתוך עמי,344.2022562398746,1573.9816210514123,0.15,264.77096633836504,1210.755093116471,0.4551930375084973,-0.18444289863495958,0.4551930375084973,0.32448518452235453,0.5731669905948441,0.6934354144325707,0.579508538968416,False,0.901585543463413,1.0,False,12,4,False
Jer.12.17,ואם לא ישמעו ונתשתי את הגוי ההוא נתוש ואבד נאם יהוה,48.86101854493543,2320.7812002157475,0.18181818181818182,35.83141359961932,1701.906213491548,-0.3842942307385798,-0.17786548106990246,0.0,0.6496198082320686,0.5705856896756784,0.6934354144325707,0.579508538968416,False,1.0,1.0,False,12,4,False
Jer.13.1,כה אמר יהוה אלי הלוך וקנית לך אזור פשתים ושמתו על מתניך ובמים לא תבאהו,137.27622858914603,3858.27856944624,0.26666666666666666,89.52797516683438,2516.268632247548,-0.18739693079599354,-0.1669596692835879,0.0,0.5743252855757097,0.5662991086609679,0.6934354144325707,0.579508538968416,False,1.0,1.0,False,13,4,False
Jer.13.2,ואקנה את האזור כדבר יהוה ואשם על מתני,307.4190743393113,19300.249899383078,0.125,245.93525947144903,15440.199919506462,0.3861253036283046,0.0061155597691149675,0.38617373055833304,0.34970193534724897,0.4975602598475301,0.6934354144325707,0.579508538968416,False,0.9281470728424898,1.0,False,13,4,False
Jer.13.3,ויהי דבר יהוה אלי שנית לאמר,69.08925685227418,11.612839684522616,0.0,69.08925685227418,11.612839684522616,-0.26234266908850057,-0.20050162067289817,0.0,0.6034713657716303,0.5794558546909451,0.6934354144325707,0.579508538968416,False,1.0,1.0,False,13,4,False
Jer.13.4,קח את האזור אשר קנית אשר על מתניך וקום לך פרתה וטמנהו שם בנקיק הסלע,184.35269759830348,19021.561966804344,0.13333333333333333,145.5416033670817,15017.02260537185,0.017996707655344914,0.00044843658919209656,0.018002293792916405,0.4928207399485867,0.49982109969048827,0.6934354144325707,0.579508538968416,False,0.9998379718370777,1.0,False,13,4,False
Jer.13.5,ואלך ואטמנהו בפרת כאשר צוה יהוה אותי,21.99845939823797,21180.64596553281,0.2857142857142857,13.999019617060526,13478.592887157243,-0.46435037029357934,-0.020153969129567437,0.0,0.6788016293152939,0.5080397261340335,0.6934354144325707,0.579508538968416,False,1.0,1.0,False,13,4,False
Jer.13.6,ויהי מקץ ימים רבים ויאמר יהוה אלי קום לך פרתה וקח משם את האזור אשר צויתיך לטמנו שם,21.568213559583548,286.8543225667091,0.05555555555555555,19.41139220362519,258.16889031003814,-0.4445040055083057,-0.19719978131861363,0.0,0.6716608832209932,0.5781643991312321,0.6934354144325707,0.579508538968416,False,1.0,1.0,False,13,4,False
Jer.13.7,ואלך פרתה ואחפר ואקח את האזור מן המקום אשר טמנתיו שמה והנה נשחת האזור לא יצלח לכל,61.99160058097489,15361.204808046057,0.17647058823529413,45.81987869028578,11353.93398855578,-0.3476680157720745,-0.04860706264739161,0.0,0.6359552401939943,0.5193837792792849,0.6934354144325707,0.579508538968416,False,1.0,1.0,False,13,4,False
Jer.13.8,ויהי דבר יהוה אלי לאמר,25.490894356128493,3.77491560229214,0.0,25.490894356128493,3.77491560229214,-0.422211375889468,-0.2006065849036479,0.0,0.6635646305752431,0.5794968956317573,0.6934354144325707,0.579508538968416,False,1.0,1.0,False,13,4,False
Jer.13.9,כה אמר יהוה ככה אשחית את גאון יהודה ואת גאון ירושלם הרב,43.18737595227451,115.89351980165308,0.0,43.18737595227451,115.89351980165308,-0.35732101153339635,-0.19910511041639153,0.0,0.6395742490236418,0.5789097381345939,0.6934354144325707,0.579508538968416,False,1.0,1.0,False,13,4,False
Jer.13.10,העם הזה הרע המאנים לשמוע את דברי ההלכים בשררות לבם וילכו אחרי אלהים אחרים לעבדם ולהשתחות להם ויהי כאזור הזה אשר לא יצלח לכל,96.1078667178273,2507.6746015645144,0.125,76.88629337426184,2006.1396812516116,-0.23375209654669288,-0.17379123493320398,0.0,0.5924112796415226,0.5689852334602523,0.6934354144325707,0.579508538968416,False,1.0,1.0,False,13,4,False
Jer.13.11,כי כאשר ידבק האזור אל מתני איש כן הדבקתי אלי את כל בית ישראל ואת כל בית יהודה נאם יהוה להיות לי לעם ולשם ולתהלה ולתפארת ולא שמעו,24.098489732439727,259.2802047726244,0.07142857142857142,21.08617851588476,226.87017917604638,-0.43836281334925226,-0.1976189286723225,0.0,0.6694383506128536,0.5783283880358282,0.6934354144325707,0.579508538968416,False,1.0,1.0,False,13,4,False
Jer.13.12,ואמרת אליהם את הדבר הזה כה אמר יהוה אלהי ישראל כל נבל ימלא יין ואמרו אליך הידע לא נדע כי כל נבל ימלא יין,64.1870104868011,6.582319714448291,0.041666666666666664,59.24954814166256,6.0759874287215,-0.2984234165478291,-0.20057576931630272,0.0,0.6173099904994878,0.5794848468482489,0.6934354144325707,0.579508538968416,False,1.0,1.0,False,13,4,False
Jer.13.13,ואמרת אליהם כה אמר יהוה הנני ממלא את כל ישבי הארץ הזאת ואת המלכים הישבים לדוד על כסאו ואת הכהנים ואת הנביאים ואת כל ישבי ירושלם שכרון,31.084147417864116,142.90087637957672,0.07407407407407407,27.07328968652681,124.46205362092165,-0.4164089677109261,-0.19899036197642747,0.0,0.6614446162727909,0.578864858069151,0.6934354144325707,0.579508538968416,False,1.0,1.0,False,13,4,False
Jer.13.14,ונפצתים איש אל אחיו והאבות והבנים יחדו נאם יהוה לא אחמול ולא אחוס ולא ארחם מהשחיתם,78.17837333125061,20094.499619114442,0.375,44.67335618928606,11482.571210922539,-0.3518721431534466,-0.04688437345700732,0.0,0.6375329243042971,0.5186973087136849,0.6934354144325707,0.579508538968416,False,1.0,1.0,False,13,4,False
Jer.13.15,שמעו והאזינו אל תגבהו כי יהוה דבר,97.03236978494361,24925.228334356398,0.2857142857142857,61.74787168132775,15861.508940044982,-0.28926243593778905,0.011757663058812949,0.011757663058812949,0.613809722048926,0.49530947915903895,0.6934354144325707,0.579508538968416,False,0.9999308810685211,1.0,False,13,4,False
Jer.13.16,תנו ליהוה אלהיכם כבוד בטרם יחשך ובטרם יתנגפו רגליכם על הרי נשף וקויתם לאור ושמה לצלמות ישית ושית לערפל,300.8675950061739,22811.804156243175,0.21052631578947367,211.7216409302705,16052.751072911864,0.26066905623728476,0.01431874723782697,0.26106202979770443,0.39717386539637384,0.49428784151578153,0.6934354144325707,0.579508538968416,False,0.9664973794670598,1.0,False,13,4,False
Jer.13.17,ואם לא תשמעוה במסתרים תבכה נפשי מפני גוה ודמע תדמע ותרד עיני דמעה כי נשבה עדר יהוה,68.92637474853387,8615.70245275607,0.23529411764705882,46.86993482900303,5858.677667874127,-0.343817616184705,-0.1221986599149295,0.0,0.6345082744011084,0.5486291561323569,0.6934354144325707,0.579508538968416,False,1.0,1.0,False,13,4,False
Jer.13.18,אמר למלך ולגבירה השפילו שבו כי ירד מראשותיכם עטרת תפארתכם,439.85026594225957,18652.023085270102,0.4,244.36125885681088,10362.235047372278,0.38035367762312206,-0.061887736892841036,0.38035367762312206,0.35184144757741465,0.5246738833400487,0.6934354144325707,0.579508538968416,False,0.9302197224503326,1.0,False,13,4,False
Jer.13.19,ערי הנגב סגרו ואין פתח הגלת יהודה כלה הגלת שלומים,1025.4752021861127,44405.17267489501,0.3,640.9220013663204,27753.23292180938,1.8344829027432485,0.17100973630408295,1.8424363897752583,0.033291171719308704,0.43210805495357407,0.6934354144325707,0.579508538968416,False,0.18318001425566388,1.0,False,13,4,False
Jer.13.20,שאי שאו עיניכם וראי וראו הבאים מצפון איה העדר נתן לך צאן תפארתך,812.5315801630602,20874.098151044487,0.07692307692307693,704.1940361413189,18090.88506423856,2.0664920378808143,0.04161311298060425,2.066910978682134,0.01939102172232758,0.4834035598252722,0.6934354144325707,0.579508538968416,False,0.11811925882389977,1.0,False,13,4,False
Jer.13.21,מה תאמרי כי יפקד עליך ואת למדת אתם עליך אלפים לראש הלוא חבלים יאחזוך כמו אשת לדה,368.29720973071187,19072.10718916855,0.11764705882352941,298.1453602581953,15439.324867422158,0.5775719731095997,0.006103841210995328,0.5776042252262749,0.2817765667912495,0.4975649347885744,0.6934354144325707,0.579508538968416,False,0.8463575942034747,1.0,False,13,4,False
Jer.13.22,וכי תאמרי בלבבך מדוע קראני אלה ברב עונך נגלו שוליך נחמסו עקביך,281.25459525039395,34640.160538267955,0.3333333333333333,168.7527571502364,20784.096322960777,0.1031085542069068,0.0776801691363577,0.12909524634041247,0.45893840796831975,0.46904123458425406,0.6934354144325707,0.579508538968416,False,0.991701830160448,1.0,False,13,4,False
Jer.13.23,היהפך כושי עורו ונמר חברברתיו גם אתם תוכלו להיטיב למדי הרע,260.8287941851222,5324.456216876006,0.5454545454545454,124.74420591462366,2546.479060245046,-0.05826425365585423,-0.16655509604428245,0.0,0.5232309297134725,0.5661399358888678,0.6934354144325707,0.579508538968416,False,1.0,1.0,False,13,4,False
Jer.13.24,ואפיצם כקש עובר לרוח מדבר,1554.1207605915831,77248.46768770047,0.2,1110.0862575654166,55177.47691978605,3.5548384074349233,0.5382708433192781,3.59535973217453,0.00018910572808172147,0.2951950387258213,0.01984155485411293,0.579508538968416,False,0.0015596313466916761,0.08182065988028639,False,13,4,False
Jer.13.25,זה גורלך מנת מדיך מאתי נאם יהוה אשר שכחת אותי ותבטחי בשקר,131.26425753551445,16232.810733399563,0.3333333333333333,78.75855452130867,9739.686440039739,-0.22688679355742275,-0.07022480867197868,0.0,0.5897441142499937,0.5279926356991,0.6934354144325707,0.579508538968416,False,1.0,1.0,False,13,4,False
Jer.13.26,וגם אני חשפתי שוליך על פניך ונראה קלונך,134.24740843344253,4944.692241860698,0.375,76.71280481911002,2825.538423920399,-0.23438825325921486,-0.16281797749932175,0.0,0.5926582113868644,0.5646691234245551,0.6934354144325707,0.579508538968416,False,1.0,1.0,False,13,4,False
Jer.13.27,נאפיך ומצהלותיך זמת זנותך על גבעות בשדה ראיתי שקוציך אוי לך ירושלם לא תטהרי אחרי מתי עד,434.2874434181984,25187.506322662506,0.35294117647058826,254.58229441756455,14765.089913284915,0.4178326938914245,-0.0029254058910597757,0.4178326938914245,0.338034722659729,0.5011670664326533,0.6934354144325707,0.579508538968416,False,0.9164093916456996,1.0,False,13,4,False
Jer.14.1,אשר היה דבר יהוה אל ירמיהו על דברי הבצרות,40.27817830994617,431.4448523427857,0.1111111111111111,32.95487316268323,353.00033373500645,-0.3948420764232501,-0.19592981373465132,0.0,0.65352027995354,0.5776674492407343,0.6934354144325707,0.579508538968416,False,1.0,1.0,False,14,4,False
Jer.14.2,אבלה יהודה ושעריה אמללו קדרו לארץ וצוחת ירושלם עלתה,718.072479881976,117594.81547932043,0.2222222222222222,497.12710145675265,81411.79533183722,1.3072084048730725,0.8895966564395913,1.5811944930713941,0.09557097090280259,0.18684125110418903,0.6934354144325707,0.579508538968416,False,0.28647958197794465,1.0,False,14,4,False
Jer.14.3,ואדריהם שלחו צעוריהם צעיריהם למים באו על גבים לא מצאו מים שבו כליהם ריקם בשו והכלמו וחפו ראשם,551.554581386095,30040.291048802563,0.3333333333333333,330.9327488316571,18024.17462928154,0.697798447465914,0.040719737462446406,0.6989855293958885,0.24265162508259963,0.4837596632123586,0.6934354144325707,0.579508538968416,False,0.7832601541167907,1.0,False,14,4,False
Jer.14.4,בעבור האדמה חתה כי לא היה גשם בארץ בשו אכרים חפו ראשם,400.3266985323245,16729.89594959601,0.16666666666666666,300.2450238992434,12547.42196219701,0.5852711272014776,-0.0326240618236993,0.5852711272014776,0.2791827128264705,0.5130128092597017,0.6934354144325707,0.579508538968416,False,0.8425930766112208,1.0,False,14,4,False
Jer.14.5,כי גם אילת בשדה ילדה ועזוב כי לא היה דשא,1090.1317512632043,4862.944204942349,0.2,778.6655366165745,3473.531574958821,2.339567946994586,-0.15414015644411988,2.339567946994586,0.009653029714368383,0.5612503868258811,0.5724666317564554,0.579508538968416,False,0.06477800972575572,1.0,False,14,4,False
Jer.14.6,ופראים עמדו על שפים שאפו רוח כתנים כלו עיניהם כי אין עשב,309.9151533346093,8710.165978641682,0.25,206.61010222307286,5806.7773190944545,0.24192580451641985,-0.12289370111820581,0.24192580451641985,0.40441882741635377,0.5489043632014626,0.6934354144325707,0.579508538968416,False,0.9711599982917953,1.0,False,14,4,False
Jer.14.7,אם עונינו ענו בנו יהוה עשה למען שמך כי רבו משובתינו לך חטאנו,221.10153623396675,2563.4180704705573,0.15384615384615385,169.07764535538635,1960.2608774186615,0.10429987090410622,-0.17440563656576916,0.10429987090410622,0.4584656901796686,0.5692266575650561,0.6934354144325707,0.579508538968416,False,0.9945755343008099,1.0,False,14,4,False
Jer.14.8,מקוה ישראל מושיעו בעת צרה למה תהיה כגר בארץ וכארח נטה ללון,184.8633474968136,1049.506491474791,0.25,123.24223166454239,699.6709943165273,-0.06377176970144136,-0.19128725547181455,0.0,0.5254240214977592,0.5758497273037259,0.6934354144325707,0.579508538968416,False,1.0,1.0,False,14,4,False
Jer.14.9,למה תהיה כאיש נדהם כגבור לא יוכל להושיע ואתה בקרבנו יהוה ושמך עלינו נקרא אל תנחנו,25.128816011491768,4702.746419348378,0.1875,18.275502553812196,3420.179214071548,-0.44866914380679707,-0.1548546427622397,0.0,0.6731648266088496,0.5615320439815012,0.6934354144325707,0.579508538968416,False,1.0,1.0,False,14,4,False
Jer.14.10,כה אמר יהוה לעם הזה כן אהבו לנוע רגליהם לא חשכו ויהוה לא רצם עתה יזכר עונם ויפקד חטאתם,127.76151565394012,7095.272280589165,0.0,127.76151565394012,7095.272280589165,-0.04720022788917249,-0.1056383818475283,0.0,0.5188231770515906,0.5420653645967577,0.6934354144325707,0.579508538968416,False,1.0,1.0,False,14,4,False
Jer.14.11,ויאמר יהוה אלי אל תתפלל בעד העם הזה לטובה,61.723747482977714,438.9402175508818,0.0,61.723747482977714,438.9402175508818,-0.28935089578288464,-0.19477892050057333,0.0,0.6138435660246698,0.5772169873886146,0.6934354144325707,0.579508538968416,False,1.0,1.0,False,14,4,False
Jer.14.12,כי יצמו אינני שמע אל רנתם וכי יעלו עלה ומנחה אינני רצם כי בחרב וברעב ובדבר אנכי מכלה אותם,117.62334479669204,4376.987974959371,0.10526315789473684,97.16711091900646,3615.772674966437,-0.15938535687771274,-0.15223528629142907,0.0,0.5633173625229205,0.56049931806694,0.6934354144325707,0.579508538968416,False,1.0,1.0,False,14,4,False
Jer.14.13,ואמר אהה אדני יהוה הנה הנבאים אמרים להם לא תראו חרב ורעב לא יהיה לכם כי שלום אמת אתן לכם במקום הזה,27.149734921929326,101.36412722768128,0.0,27.149734921929326,101.36412722768128,-0.41612865440957275,-0.19929968572725038,0.0,0.6613420684233369,0.5789858375024481,0.6934354144325707,0.579508538968416,False,1.0,1.0,False,14,4,False
Jer.14.14,ויאמר יהוה אלי שקר הנבאים נבאים בשמי לא שלחתים ולא צויתים ולא דברתי אליהם חזון שקר וקסם ואלול ואליל ותרמות ותרמית לבם המה מתנבאים לכם,73.7365059808715,12692.686075485117,0.24,49.82196350058885,8576.139240192646,-0.33299296637801734,-0.08580684742250182,0.0,0.6304302037536239,0.5341900184490219,0.6934354144325707,0.579508538968416,False,1.0,1.0,False,14,4,False
Jer.14.15,לכן כה אמר יהוה על הנבאים הנבאים בשמי ואני לא שלחתים והמה אמרים חרב ורעב לא יהיה בארץ הזאת בחרב וברעב יתמו הנבאים ההמה,24.32886495537194,3461.184231700494,0.0,24.32886495537194,3461.184231700494,-0.42647236476445327,-0.154305510098138,0.0,0.6651181595464686,0.5613155735390495,0.6934354144325707,0.579508538968416,False,1.0,1.0,False,14,4,False
Jer.14.16,והעם אשר המה נבאים להם יהיו משלכים בחצות ירושלם מפני הרעב והחרב ואין מקבר להמה המה נשיהם ובניהם ובנתיהם ושפכתי עליהם את רעתם,124.05943024133506,14963.208721305313,0.2608695652173913,81.52476844430589,9832.965731143491,-0.2167434987801592,-0.06897562726464858,0.0,0.585795876716181,0.5274954900455981,0.6934354144325707,0.579508538968416,False,1.0,1.0,False,14,4,False
Jer.14.17,ואמרת אליהם את הדבר הזה תרדנה עיני דמעה לילה ויומם ואל תדמינה כי שבר גדול נשברה בתולת בת עמי מכה נחלה מאד,103.62316431333544,769.0404515361262,0.09090909090909091,87.68113903436075,650.7265359151836,-0.1941690040406701,-0.1919427118620094,0.0,0.5769782239207458,0.5761064599022322,0.6934354144325707,0.579508538968416,False,1.0,1.0,False,14,4,False
Jer.14.18,אם יצאתי השדה והנה חללי חרב ואם באתי העיר והנה תחלואי רעב כי גם נביא גם כהן סחרו אל ארץ ולא ידעו,184.70131122956943,72.04855874231431,0.09090909090909091,156.28572488655874,60.96416508965057,0.05739380228666478,-0.19984071558460142,0.05739380228666478,0.4771157499624156,0.5791974214403152,0.6934354144325707,0.579508538968416,False,0.9983543313296758,1.0,False,14,4,False
Jer.14.19,המאס מאסת את יהודה אם בציון געלה נפשך מדוע הכיתנו ואין לנו מרפא קוה לשלום ואין טוב ולעת מרפא והנה בעתה,357.8096238905588,2057.003956493914,0.19047619047619047,259.10352074833565,1489.554589185248,0.43441135798044295,-0.18070926019558994,0.43441135798044295,0.33199487568408736,0.5717021050631428,0.6934354144325707,0.579508538968416,False,0.9099582005650573,1.0,False,14,4,False
Jer.14.20,ידענו יהוה רשענו עון אבותינו כי חטאנו לך,121.92769109356435,910.3687982650074,0.125,97.54215287485148,728.2950386120059,-0.15801013384078447,-0.19090392683034005,0.0,0.5627755933077949,0.5756995682048149,0.6934354144325707,0.579508538968416,False,1.0,1.0,False,14,4,False
Jer.14.21,אל תנאץ למען שמך אל תנבל כסא כבודך זכר אל תפר בריתך אתנו,99.15790137728436,3740.458739619986,0.15384615384615385,75.82663046498216,2860.3508008858716,-0.23763772273199904,-0.16235177569251485,0.0,0.5939189550175575,0.5644855778243454,0.6934354144325707,0.579508538968416,False,1.0,1.0,False,14,4,False
Jer.14.22,היש בהבלי הגוים מגשמים ואם השמים יתנו רבבים הלא אתה הוא יהוה אלהינו ונקוה לך כי אתה עשית את כל אלה,79.61644210641477,826.9308611968489,0.19047619047619047,57.65328566326587,598.8120029356493,-0.30427667349431986,-0.1926379430178308,0.0,0.6195414424966723,0.5763787363904902,0.6934354144325707,0.579508538968416,False,1.0,1.0,False,14,4,False
Jer.15.1,ויאמר יהוה אלי אם יעמד משה ושמואל לפני אין נפשי אל העם הזה שלח מעל פני ויצאו,50.53397120578343,378.58257765538855,0.0,50.53397120578343,378.58257765538855,-0.3303821400867353,-0.1955872203992498,0.0,0.6294443826176672,0.5775333681332885,0.6934354144325707,0.579508538968416,False,1.0,1.0,False,15,4,False
Jer.15.2,והיה כי יאמרו אליך אנה נצא ואמרת אליהם כה אמר יהוה אשר למות למות ואשר לחרב לחרב ואשר לרעב לרעב ואשר לשבי לשבי,19.64985620890775,3.4974783266005396,0.0,19.64985620890775,3.4974783266005396,-0.4436295934900453,-0.20061030029944898,0.0,0.6713447968628994,0.5794983483330839,0.6934354144325707,0.579508538968416,False,1.0,1.0,False,15,4,False
Jer.15.3,ופקדתי עליהם ארבע משפחות נאם יהוה את החרב להרג ואת הכלבים לסחב ואת עוף השמים ואת בהמת הארץ לאכל ולהשחית,200.882865048241,1384.9921460225733,0.2,143.48776074874357,989.2801043018382,0.01046557243448752,-0.18740885640481608,0.01046557243448752,0.4958249168823125,0.574329960390918,0.6934354144325707,0.579508538968416,False,0.9999452373963353,1.0,False,15,4,False
Jer.15.4,ונתתים לזועה לזעוה לכל ממלכות הארץ בגלל מנשה בן יחזקיהו מלך יהודה על אשר עשה בירושלם,72.63262629631625,766.6563834469903,0.0,72.63262629631625,766.6563834469903,-0.2493496606747752,-0.19039019781116537,0.0,0.5984548397751398,0.5754983108962681,0.6934354144325707,0.579508538968416,False,1.0,1.0,False,15,4,False
Jer.15.5,כי מי יחמל עליך ירושלם ומי ינוד לך ומי יסור לשאל לשלם לך,220.286071098932,1762.3132370920491,0.07692307692307693,190.91459495240775,1527.3381388131095,0.18437271521935647,-0.18020326891778787,0.18437271521935647,0.4268605364889464,0.5715035038904563,0.6934354144325707,0.579508538968416,False,0.9831469790972268,1.0,False,15,4,False
Jer.15.6,את נטשת אתי נאם יהוה אחור תלכי ואט את ידי עליך ואשחיתך נלאיתי הנחם,175.06750164377607,22302.011492913196,0.2857142857142857,111.40659195513022,14192.189131853853,-0.10717129909140814,-0.010597601894485276,0.0,0.5426734578633808,0.5042277523305347,0.6934354144325707,0.579508538968416,False,1.0,1.0,False,15,4,False
Jer.15.7,ואזרם במזרה בשערי הארץ שכלתי אבדתי את עמי מדרכיהם לוא שבו,664.1715014605943,53882.508089288145,0.36363636363636365,384.5203429508704,31195.136262219454,0.8942961799936235,0.2171031575532362,0.9202713939761319,0.18558172164732506,0.41406397664061123,0.6934354144325707,0.579508538968416,False,0.6547840978511088,1.0,False,15,4,False
Jer.15.8,עצמו לי אלמנתו מחול ימים הבאתי להם על אם בחור שדד בצהרים הפלתי עליה פתאם עיר ובהלות,732.3395958778962,21703.89103888523,0.17647058823529413,541.2944839097493,16042.006420045605,1.4691636231721206,0.01417485655823532,1.469232002854103,0.07089420716122255,0.4943452397661806,0.6934354144325707,0.579508538968416,False,0.3398260740714478,1.0,False,15,4,False
Jer.15.9,אמללה ילדת השבעה נפחה נפשה באה בא שמשה בעד יומם בושה וחפרה ושאריתם לחרב אתן לפני איביהם נאם יהוה,236.08972908812203,25234.964617422855,0.21052631578947367,166.1372167657155,17757.93806411238,0.09351775687143286,0.037154339792444514,0.10062810648957306,0.46274612178435304,0.4851809725101225,0.6934354144325707,0.579508538968416,False,0.9949497875131518,1.0,False,15,4,False
Jer.15.10,אוי לי אמי כי ילדתני איש ריב ואיש מדון לכל הארץ לא נשיתי ולא נשו בי כלה מקללוני,149.18562353773797,2351.0473620133107,0.2222222222222222,103.28235475689551,1627.6481737015229,-0.1369616678177776,-0.1788599329096715,0.0,0.554469452915852,0.5709761578514372,0.6934354144325707,0.579508538968416,False,1.0,1.0,False,15,4,False
Jer.15.11,אמר יהוה אם לא שרותך שריתיך לטוב אם לוא הפגעתי בך בעת רעה ובעת צרה את האיב,399.7723544800064,4809.748940102639,0.23529411764705882,271.8452010464043,3270.629279269794,0.4811332033686427,-0.1568573916662166,0.4811332033686427,0.3152109154972791,0.5623213796948195,0.6934354144325707,0.579508538968416,False,0.8907026978029426,1.0,False,15,4,False
Jer.15.12,הירע ברזל ברזל מצפון ונחשת,4299.0564871752595,478916.88898015785,0.2,3070.7546336966143,342083.4921286842,10.744317548660879,4.380470495667484,11.602968643837466,3.1513146916197985e-27,5.921166366166624e-06,1.4327977464564683e-24,0.0008973856581612527,True,5.830554544031109e-30,1.1361251997226333e-27,True,15,4,False
Jer.15.13,חילך ואוצרותיך לבז אתן לא במחיר ובכל חטאותיך ובכל גבוליך,278.16616496129376,8194.656604485612,0.3,173.85385310080858,5121.660377803507,0.12181351389335654,-0.13206867805875308,0.12181351389335654,0.4515233555589291,0.552535014924142,0.6934354144325707,0.579508538968416,False,0.9926081887309356,1.0,False,15,4,False
Jer.15.14,והעברתי את איביך בארץ לא ידעת כי אש קדחה באפי עליכם תוקד,85.09469426594309,9896.375608835537,0.25,56.72979617729539,6597.583739223691,-0.30766297200219256,-0.11230334751309588,0.0,0.6208306010312847,0.5447085561676437,0.6934354144325707,0.579508538968416,False,1.0,1.0,False,15,4,False
Jer.15.15,אתה ידעת יהוה זכרני ופקדני והנקם לי מרדפי אל לארך אפך תקחני דע שאתי עליך חרפה,552.3412540005305,38520.06848679387,0.3125,339.9023101541726,23704.657530334687,0.7306884939517034,0.11679185958824082,0.7399635218438054,0.23248472256464364,0.45351249735562876,0.6934354144325707,0.579508538968416,False,0.7605046850389721,1.0,False,15,4,False
Jer.15.16,נמצאו דבריך ואכלם ויהי דבריך דברך לי לששון ולשמחת לבבי כי נקרא שמך עלי יהוה אלהי צבאות,56.07577126799909,2645.1054506275045,0.058823529411764705,50.17305850294655,2366.673297929872,-0.33170555325565126,-0.16896302617064998,0.0,0.6299441965030815,0.5670871379777328,0.6934354144325707,0.579508538968416,False,1.0,1.0,False,15,4,False
Jer.15.17,לא ישבתי בסוד משחקים ואעלז מפני ידך בדד ישבתי כי זעם מלאתני,150.5892499119608,22665.905450087568,0.16666666666666666,112.9419374339706,16999.429087565677,-0.10154141571639327,0.02699650840689904,0.02699650840689904,0.5404396587753105,0.4892312594527589,0.6934354144325707,0.579508538968416,False,0.999635660654623,1.0,False,15,4,False
Jer.15.18,למה היה כאבי נצח ומכתי אנושה מאנה הרפא היו תהיה לי כמו אכזב מים לא נאמנו,1180.3985855209164,20727.46595298361,0.1875,858.4716985606665,15074.520693078988,2.6322052657901827,0.001218441820480809,2.632205547797139,0.004241629614415107,0.4995139121618753,0.28927913970311026,0.579508538968416,False,0.03129637437133521,1.0,False,15,4,False
Jer.15.19,לכן כה אמר יהוה אם תשוב ואשיבך לפני תעמד ואם תוציא יקר מזולל כפי תהיה ישבו המה אליך ואתה לא תשוב אליהם,35.46213371443611,487.5454082670149,0.09090909090909091,30.006420835292094,412.5384223797818,-0.4056536123080209,-0.19513248913577225,0.0,0.6575014346809782,0.5773553856144278,0.6934354144325707,0.579508538968416,False,1.0,1.0,False,15,4,False
Jer.15.20,ונתתיך לעם הזה לחומת נחשת בצורה ונלחמו אליך ולא יוכלו לך כי אתך אני להושיעך ולהצילך נאם יהוה,31.587339920085324,370.7009490524341,0.16666666666666666,23.690504940063995,278.0257117893256,-0.42881313593744746,-0.19693386192849938,0.0,0.6659703907319205,0.5780603527247238,0.6934354144325707,0.579508538968416,False,1.0,1.0,False,15,4,False
Jer.15.21,והצלתיך מיד רעים ופדתיך מכף ערצים,292.09475325246194,72030.26517537213,0.5,146.04737662623097,36015.132587686065,0.019851302925565254,0.28165178053189127,0.2823504908878807,0.49208099605791167,0.38910526583162297,0.6934354144325707,0.579508538968416,False,0.9609230944007218,1.0,False,15,4,False
Jer.16.1,ויהי דבר יהוה אלי לאמר,16.551414827363885,3.77491560229214,0.0,16.551414827363885,3.77491560229214,-0.4549911169144586,-0.2006065849036479,0.0,0.6754421852214239,0.5794968956317573,0.6934354144325707,0.579508538968416,False,1.0,1.0,False,16,4,False
Jer.16.2,לא תקח לך אשה ולא יהיו לך בנים ובנות במקום הזה,76.9107856327251,4.4679776574153385,0.0,76.9107856327251,4.4679776574153385,-0.23366228707993822,-0.20059730352700855,0.0,0.5923764160754824,0.5794932666548047,0.6934354144325707,0.579508538968416,False,1.0,1.0,False,16,4,False
Jer.16.3,כי כה אמר יהוה על הבנים ועל הבנות הילודים במקום הזה ועל אמתם הילדות אותם ועל אבותם המולדים אותם בארץ הזאת,164.59885524762183,244.1241220896967,0.19047619047619047,119.1922744896572,176.77953668564243,-0.07862235993187568,-0.1982897345772541,0.0,0.5313334990320551,0.5785908085735612,0.6934354144325707,0.579508538968416,False,1.0,1.0,False,16,4,False
Jer.16.4,ממותי תחלאים ימתו לא יספדו ולא יקברו לדמן על פני האדמה יהיו ובחרב וברעב יכלו והיתה נבלתם למאכל לעוף השמים ולבהמת הארץ,71.27725296752347,34730.67554353102,0.09090909090909091,60.311521741750624,29387.49469068009,-0.2945293174032143,0.19289550957945018,0.19289550957945018,0.6158232678401239,0.4235204009144413,0.6934354144325707,0.579508538968416,False,0.9815676536497331,1.0,False,16,4,False
Jer.16.5,כי כה אמר יהוה אל תבוא בית מרזח ואל תלך לספוד ואל תנד להם כי אספתי את שלומי מאת העם הזה נאם יהוה את החסד ואת הרחמים,29.22482726004109,89.69775760313118,0.18518518518518517,21.326225297867822,65.45512041309573,-0.43748259752438595,-0.19978057342630653,0.0,0.6691193029752975,0.579173902398464,0.6934354144325707,0.579508538968416,False,1.0,1.0,False,16,4,False
Jer.16.6,ומתו גדלים וקטנים בארץ הזאת לא יקברו ולא יספדו להם ולא יתגדד ולא יקרח להם,212.92256083764033,2838.171549398188,0.2,152.0875434554574,2027.2653924272772,0.04199969576797751,-0.17350832277440642,0.04199969576797751,0.483249470323251,0.5688740567636159,0.6934354144325707,0.579508538968416,False,0.9991184016141041,1.0,False,16,4,False
Jer.16.7,ולא יפרסו להם על אבל לנחמו על מת ולא ישקו אותם כוס תנחומים על אביו ועל אמו,113.08156355845065,1998.9306588454617,0.11764705882352941,91.54221811874577,1618.1819619225166,-0.18001100165855163,-0.17898670290987478,0.0,0.5714280343939727,0.571025928683548,0.6934354144325707,0.579508538968416,False,1.0,1.0,False,16,4,False
Jer.16.8,ובית משתה לא תבוא לשבת אותם לאכל ולשתות,208.31527496733148,516.5365983945716,0.0,208.31527496733148,516.5365983945716,0.2481784191993906,-0.19373976212920205,0.2481784191993906,0.40199818154771594,0.5768101720032723,0.6934354144325707,0.579508538968416,False,0.9696731103915687,1.0,False,16,4,False
Jer.16.9,כי כה אמר יהוה צבאות אלהי ישראל הנני משבית מן המקום הזה לעיניכם ובימיכם קול ששון וקול שמחה קול חתן וקול כלה,16.731990613677496,21.28024998632917,0.09090909090909091,14.157838211573265,18.00636537304776,-0.4637680061434821,-0.20041599959534828,0.0,0.678593016092226,0.5794223762698415,0.6934354144325707,0.579508538968416,False,1.0,1.0,False,16,4,False
Jer.16.10,והיה כי תגיד לעם הזה את כל הדברים האלה ואמרו אליך על מה דבר יהוה עלינו את כל הרעה הגדולה הזאת ומה עוננו ומה חטאתנו אשר חטאנו ליהוה אלהינו,11.44544996427701,12.034380406197513,0.10344827586206896,9.483372827543809,9.971343765135083,-0.4809085750351863,-0.20052360332476488,0.0,0.6847092609903462,0.579464449963969,0.6934354144325707,0.579508538968416,False,1.0,1.0,False,16,4,False
Jer.16.11,ואמרת אליהם על אשר עזבו אבותיכם אותי נאם יהוה וילכו אחרי אלהים אחרים ויעבדום וישתחוו להם ואתי עזבו ואת תורתי לא שמרו,20.01462585015383,71.12691522468202,0.045454545454545456,18.34674036264101,65.19967228929185,-0.44840792536370067,-0.19978399434688832,0.0,0.6730705884615781,0.5791752401826826,0.6934354144325707,0.579508538968416,False,1.0,1.0,False,16,4,False
Jer.16.12,ואתם הרעתם לעשות מאבותיכם והנכם הלכים איש אחרי שררות לבו הרע לבלתי שמע אלי,190.93664680576197,4444.361437230775,0.14285714285714285,148.506280848926,3456.7255622906027,0.028867738766806858,-0.15436521988862165,0.028867738766806858,0.48848503781381397,0.5613391122835543,0.6934354144325707,0.579508538968416,False,0.9995834136254557,1.0,False,16,4,False
Jer.16.13,והטלתי אתכם מעל הארץ הזאת על הארץ אשר לא ידעתם אתם ואבותיכם ועבדתם שם את אלהים אחרים יומם ולילה אשר לא אתן לכם חנינה,13.808287234464949,77.05240255795366,0.125,11.046629787571959,61.64192204636292,-0.4751763444125475,-0.19983163917140193,0.0,0.6826693567672133,0.5791938720590017,0.6934354144325707,0.579508538968416,False,1.0,1.0,False,16,4,False
Jer.16.14,לכן הנה ימים באים נאם יהוה ולא יאמר עוד חי יהוה אשר העלה את בני ישראל מארץ מצרים,6.3022005837946615,2.4063947069431983,0.0,6.3022005837946615,2.4063947069431983,-0.492573460218988,-0.20062491191747686,0.0,0.6888429977981189,0.5795040613927434,0.6934354144325707,0.579508538968416,False,1.0,1.0,False,16,4,False
Jer.16.15,כי אם חי יהוה אשר העלה את בני ישראל מארץ צפון ומכל הארצות אשר הדיחם שמה והשבתים על אדמתם אשר נתתי לאבותם,3.8571345543145115,150.6125576413768,0.045454545454545456,3.5357066747883024,138.06151117126208,-0.5027177816632784,-0.19880824020726906,0.0,0.6924186469627283,0.5787936250456471,0.6934354144325707,0.579508538968416,False,1.0,1.0,False,16,4,False
Jer.16.16,הנני שלח לדוגים לדיגים רבים נאם יהוה ודיגום ואחרי כן אשלח לרבים צידים וצדום מעל כל הר ומעל כל גבעה ומנקיקי הסלעים,384.7474433318779,7592.03651073472,0.2727272727272727,248.95422803827392,4912.494212828348,0.39719541206858683,-0.13486979802051274,0.39719541206858683,0.34561168258370334,0.5536425904887351,0.6934354144325707,0.579508538968416,False,0.9241488773148724,1.0,False,16,4,False
Jer.16.17,כי עיני על כל דרכיהם לא נסתרו מלפני ולא נצפן עונם מנגד עיני,132.35371790152843,1346.6030499943256,0.23076923076923078,90.55780698525628,921.3599815750648,-0.18362069078128765,-0.18831843186888664,0.0,0.572844484893299,0.5746864813490806,0.6934354144325707,0.579508538968416,False,1.0,1.0,False,16,4,False
Jer.16.18,ושלמתי ראשונה משנה עונם וחטאתם על חללם את ארצי בנבלת שקוציהם ותועבותיהם מלאו את נחלתי,185.20886426435555,71014.57717100754,0.26666666666666666,120.78838973762319,46313.85467674405,-0.0727696428574629,0.4195706261908029,0.4195706261908029,0.5290052858098258,0.33739957521088804,0.6934354144325707,0.579508538968416,False,0.9157427858800825,1.0,False,16,4,False
Jer.16.19,יהוה עזי ומעזי ומנוסי ביום צרה אליך גוים יבאו מאפסי ארץ ויאמרו אך שקר נחלו אבותינו הבל ואין בם מועיל,59.02338895397084,1181.8577967083484,0.2,42.1595635385506,844.1841405059631,-0.3610898466916101,-0.18935195843858743,0.0,0.6409838584427405,0.5750915125671017,0.6934354144325707,0.579508538968416,False,1.0,1.0,False,16,4,False
Jer.16.20,היעשה לו אדם אלהים והמה לא אלהים,247.47890828935365,1335.0089651763524,0.14285714285714285,192.48359533616397,1038.3403062482741,0.19012600612204814,-0.186751849995503,0.19012600612204814,0.42460519590529355,0.574072399620464,0.6934354144325707,0.579508538968416,False,0.98208840511737,1.0,False,16,4,False
Jer.16.21,לכן הנני מודיעם בפעם הזאת אודיעם את ידי ואת גבורתי וידעו כי שמי יהוה,44.98976899186777,653.2560948303776,0.21428571428571427,31.49283829430744,457.27926638126434,-0.40020314070005236,-0.19453332687999625,0.0,0.6554965492245839,0.5771208484730914,0.6934354144325707,0.579508538968416,False,1.0,1.0,False,16,4,False
Jer.17.1,חטאת יהודה כתובה בעט ברזל בצפרן שמיר חרושה על לוח לבם ולקרנות מזבחותיכם,179.76096197050592,18581.2672821556,0.5384615384615384,86.55157428209546,8946.53609881566,-0.19831094988114914,-0.08084655169501063,0.0,0.5785991074717446,0.5322180068446501,0.6934354144325707,0.579508538968416,False,1.0,1.0,False,17,4,False
Jer.17.2,כזכר בניהם מזבחותם ואשריהם על עץ רענן על גבעות הגבהות,467.6257804646758,11358.340588460927,0.3,292.26611279042237,7098.962867788079,0.5560136476170124,-0.10558895809166072,0.5560136476170124,0.289100762541241,0.5420457570302184,0.6934354144325707,0.579508538968416,False,0.8567787273598586,1.0,False,17,4,False
Jer.17.3,הררי בשדה חילך כל אוצרותיך לבז אתן במתיך בחטאת בכל גבוליך,298.16672704297685,27784.199039999905,0.36363636363636365,172.62284197224974,16085.588917894682,0.11729957928864064,0.014758506426859596,0.1182243833278218,0.4533113292046397,0.49411242152388274,0.6934354144325707,0.579508538968416,False,0.993035860390131,1.0,False,17,4,False
Jer.17.4,ושמטתה ובך מנחלתך אשר נתתי לך והעבדתיך את איביך בארץ אשר לא ידעת כי אש קדחתם באפי עד עולם תוקד,86.86639115675172,15061.714363228804,0.25,57.91092743783448,10041.142908819204,-0.3033319394501953,-0.06618775166326019,0.0,0.6191815460442851,0.5263858259259109,0.6934354144325707,0.579508538968416,False,1.0,1.0,False,17,4,False
Jer.17.5,כה אמר יהוה ארור הגבר אשר יבטח באדם ושם בשר זרעו ומן יהוה יסור לבו,85.92833391584196,244.87504919070062,0.0,85.92833391584196,244.87504919070062,-0.20059627955122372,-0.1973778103212119,0.0,0.5794928662844169,0.5782340535753077,0.6934354144325707,0.579508538968416,False,1.0,1.0,False,17,4,False
Jer.17.6,והיה כערער בערבה ולא יראה כי יבוא טוב ושכן חררים במדבר ארץ מלחה ולא תשב,43.31716450948113,1784.2306468903007,0.2,30.940831792486524,1274.4504620645005,-0.40222726639054446,-0.1835899004005025,0.0,0.6562416113705543,0.5728324066187918,0.6934354144325707,0.579508538968416,False,1.0,1.0,False,17,4,False
Jer.17.7,ברוך הגבר אשר יבטח ביהוה והיה יהוה מבטחו,31.726230001106263,3559.2231980556553,0.0,31.726230001106263,3559.2231980556553,-0.39934732804545325,-0.15299258787804404,0.0,0.6551813506571957,0.5607979397528555,0.6934354144325707,0.579508538968416,False,1.0,1.0,False,17,4,False
Jer.17.8,והיה כעץ שתול על מים ועל יובל ישלח שרשיו ולא ירא יראה כי יבא חם והיה עלהו רענן ובשנת בצרת לא ידאג ולא ימיש מעשות פרי,11.556193390802976,836.9090014414307,0.19230769230769232,8.346139671135482,604.4342788188111,-0.485078639772417,-0.19256265039481638,0.0,0.6861897183385149,0.5763492509620098,0.6934354144325707,0.579508538968416,False,1.0,1.0,False,17,4,False
Jer.17.9,עקב הלב מכל ואנש הוא מי ידענו,1871.6576365917306,33361.74973334796,0.2857142857142857,1191.0548596492831,21230.204375766887,3.851738221224356,0.08365437711576645,3.8526465422682095,5.8641180611446456e-05,0.4666656158621028,0.007998657035401296,0.579508538968416,False,0.0005982853823590249,0.03709369370625955,True,17,4,False
Jer.17.10,אני יהוה חקר לב בחן כליות ולתת לאיש כדרכו כדרכיו כפרי מעלליו,141.0990233221495,992.9655908074898,0.16666666666666666,105.82426749161212,744.7241931056174,-0.12764085211659204,-0.19068391021048017,0.0,0.5507833998895092,0.5756133774091192,0.6934354144325707,0.579508538968416,False,1.0,1.0,False,17,4,False
Jer.17.11,קרא דגר ולא ילד עשה עשר ולא במשפט בחצי ימו ימיו יעזבנו ובאחריתו יהיה נבל,664.8480037834182,88110.82329926193,0.26666666666666666,433.59652420657716,57463.580412562136,1.0742512329562968,0.5688859771246144,1.215585030541735,0.14135504783292258,0.28471676118376765,0.6934354144325707,0.579508538968416,False,0.4776755783778489,1.0,False,17,4,False
Jer.17.12,כסא כבוד מרום מראשון מקום מקדשנו,259.504734754122,5.709317142072292,0.3333333333333333,155.70284085247323,3.4255902852433757,0.055256453280668985,-0.20061126301264728,0.055256453280668985,0.47796707718912845,0.5794987247489918,0.6934354144325707,0.579508538968416,False,0.9984745269041525,1.0,False,17,4,False
Jer.17.13,מקוה ישראל יהוה כל עזביך יבשו יסורי וסורי בארץ יכתבו כי עזבו מקור מים חיים את יהוה,72.52859126564569,405.52020814525065,0.17647058823529413,53.60808919634681,299.73232775953306,-0.31910980691714885,-0.19664317038522983,0.0,0.6251783763531006,0.57794660747235,0.6934354144325707,0.579508538968416,False,1.0,1.0,False,17,4,False
Jer.17.14,רפאני יהוה וארפא הושיעני ואושעה כי תהלתי אתה,61.59441103516291,551462.5162342129,0.375,35.19680630580738,315121.4378481217,-0.38662124124034225,4.019398959722364,4.019398959722364,0.6504816848431958,2.9173398655321753e-05,0.6934354144325707,0.0036175014332598975,False,0.0003103580277398235,0.021166417491855962,True,17,4,False
Jer.17.15,הנה המה אמרים אלי איה דבר יהוה יבוא נא,158.66209505536145,656.8968710406423,0.0,158.66209505536145,656.8968710406423,0.0661075980353118,-0.19186007971692648,0.0661075980353118,0.4736460808644655,0.5760740958870147,0.6934354144325707,0.579508538968416,False,0.9978172783499473,1.0,False,17,4,False
Jer.17.16,ואני לא אצתי מרעה אחריך ויום אנוש לא התאויתי אתה ידעת מוצא שפתי נכח פניך היה,246.2345935288493,4605.602692236349,0.125,196.98767482307943,3684.4821537890793,0.20664179528650578,-0.1513151398962649,0.20664179528650578,0.4181448083759746,0.5601364365587573,0.6934354144325707,0.579508538968416,False,0.9788758909052994,1.0,False,17,4,False
Jer.17.17,אל תהיה לי למחתה מחסי אתה ביום רעה,519.2906873447854,8027.739682812832,0.125,415.43254987582833,6422.191746250266,1.007646642316465,-0.11465216914353986,1.007646642316465,0.1568120644330695,0.545639586341202,0.6934354144325707,0.579508538968416,False,0.6018928269251268,1.0,False,17,4,False
Jer.17.18,יבשו רדפי ואל אבשה אני יחתו המה ואל אחתה אני הביא עליהם יום רעה ומשנה שברון שברם,911.9547582139573,11625.246016861765,0.23529411764705882,620.129235585491,7905.167291466,1.7582389250826087,-0.09479239687588588,1.7582389250826087,0.03935343234607962,0.5377601369537511,0.6934354144325707,0.579508538968416,False,0.2131621662954931,1.0,False,17,4,False
Jer.17.19,כה אמר יהוה אלי הלך ועמדת בשער בני עם העם אשר יבאו בו מלכי יהודה ואשר יצאו בו ובכל שערי ירושלם,214.18464180797773,33.138963782740376,0.047619047619047616,195.55989034641442,30.257314758154255,0.20140632209883477,-0.20025193683272507,0.20140632209883477,0.4201904360909033,0.5793582250138503,0.6934354144325707,0.579508538968416,False,0.9799220480467161,1.0,False,17,4,False
Jer.17.20,ואמרת אליהם שמעו דבר יהוה מלכי יהודה וכל יהודה וכל ישבי ירושלם הבאים בשערים האלה,15.50941794453864,38.978784770965056,0.0,15.50941794453864,38.978784770965056,-0.4588119644098809,-0.20013514029561938,0.0,0.6768153988840288,0.5793125543500549,0.6934354144325707,0.579508538968416,False,1.0,1.0,False,17,4,False
Jer.17.21,כה אמר יהוה השמרו בנפשותיכם ואל תשאו משא ביום השבת והבאתם בשערי ירושלם,31.03437771613403,2415.619918460766,0.15384615384615385,23.73217119469073,1847.2387611758797,-0.42866035198266006,-0.17591921074238406,0.0,0.6659147909804399,0.5698212936367404,0.6934354144325707,0.579508538968416,False,1.0,1.0,False,17,4,False
Jer.17.22,ולא תוציאו משא מבתיכם ביום השבת וכל מלאכה לא תעשו וקדשתם את יום השבת כאשר צויתי את אבותיכם,10.860970823680418,68.48565511458213,0.16666666666666666,8.145728117760314,51.3642413359366,-0.48581351911264214,-0.19996927623427005,0.0,0.6864503058716205,0.5792476950980723,0.6934354144325707,0.579508538968416,False,1.0,1.0,False,17,4,False
Jer.17.23,ולא שמעו ולא הטו את אזנם ויקשו את ערפם לבלתי שומע שמוע ולבלתי קחת מוסר,38.72028897826763,6186.829791040275,0.13333333333333333,30.568649193369186,4884.339308716007,-0.40359200459189254,-0.13524684401138737,0.0,0.6567436169378912,0.5537916444293018,0.6934354144325707,0.579508538968416,False,1.0,1.0,False,17,4,False
Jer.17.24,והיה אם שמע תשמעון אלי נאם יהוה לבלתי הביא משא בשערי העיר הזאת ביום השבת ולקדש את יום השבת לבלתי עשות בה בו כל מלאכה,27.528479067018417,46.642384015003294,0.04,25.489332469461495,43.18739260648453,-0.42221710309543004,-0.20007877928990564,0.0,0.6635667205601218,0.5792905152621386,0.6934354144325707,0.579508538968416,False,1.0,1.0,False,17,4,False
Jer.17.25,ובאו בשערי העיר הזאת מלכים ושרים ישבים על כסא דוד רכבים ברכב ובסוסים המה ושריהם איש יהודה וישבי ירושלם וישבה העיר הזאת לעולם,70.95770584790756,314.8994375138379,0.08695652173913043,60.44545312969904,268.2476689932693,-0.2940382109357807,-0.19706480792000916,0.0,0.615635647410055,0.5781115887066273,0.6934354144325707,0.579508538968416,False,1.0,1.0,False,17,4,False
Jer.17.26,ובאו מערי יהודה ומסביבות ירושלם ומארץ בנימן ומן השפלה ומן ההר ומן הנגב מבאים עולה וזבח ומנחה ולבונה ומבאי תודה בית יהוה,113.20030706190661,8205.038838307653,0.13636363636363635,88.94309840578377,6446.816230098871,-0.18954158683520522,-0.11432240197845107,0.0,0.5751658179037862,0.5455088876459063,0.6934354144325707,0.579508538968416,False,1.0,1.0,False,17,4,False
Jer.17.27,ואם לא תשמעו אלי לקדש את יום השבת ולבלתי שאת משא ובא בשערי ירושלם ביום השבת והצתי אש בשעריה ואכלה ארמנות ירושלם ולא תכבה,15.454813723641793,229.020193719301,0.041666666666666664,14.265981898746272,211.40325574089326,-0.4633714593369692,-0.19782605924712823,0.0,0.6784509337028221,0.5784094216260923,0.6934354144325707,0.579508538968416,False,1.0,1.0,False,17,4,False
Jer.18.1,הדבר אשר היה אל ירמיהו מאת יהוה לאמר,43.947561159833505,6.203249446008349,0.0,43.947561159833505,6.203249446008349,-0.3545335255109012,-0.20057406504363967,0.0,0.6385304581088243,0.5794841804816111,0.6934354144325707,0.579508538968416,False,1.0,1.0,False,18,4,False
Jer.18.2,קום וירדת בית היוצר ושמה אשמיעך את דברי,245.7230839533908,14354.953977623754,0.125,196.57846716271266,11483.963182099003,0.20514129169576498,-0.04686573240074924,0.20514129169576498,0.4187308681401509,0.518689880173933,0.6934354144325707,0.579508538968416,False,0.979178352521208,1.0,False,18,4,False
Jer.18.3,וארד בית היוצר והנהו והנה הוא עשה מלאכה על האבנים,91.61585544179259,391.7994127909649,0.1,76.34654620149382,326.4995106591374,-0.2357312691020275,-0.19628470853577604,0.0,0.5931793978347554,0.5778063352950068,0.6934354144325707,0.579508538968416,False,1.0,1.0,False,18,4,False
Jer.18.4,ונשחת הכלי אשר הוא עשה בחמר ביד היוצר ושב ויעשהו כלי אחר כאשר ישר בעיני היוצר לעשות,164.44901360856264,502.23504467203395,0.11764705882352941,133.12539196883642,406.57122663926555,-0.02753169171470907,-0.19521240087057157,0.0,0.5109821684553962,0.5773866643357207,0.6934354144325707,0.579508538968416,False,1.0,1.0,False,18,4,False
Jer.18.5,ויהי דבר יהוה אלי לאמור,49.22227823388368,4.4893351412951645,0.0,49.22227823388368,4.4893351412951645,-0.33519192300360673,-0.20059701751098663,0.0,0.631259842758887,0.5794931548237059,0.6934354144325707,0.579508538968416,False,1.0,1.0,False,18,4,False
Jer.18.6,הכיוצר הזה לא אוכל לעשות לכם בית ישראל נאם יהוה הנה כחמר ביד היוצר כן אתם בידי בית ישראל,50.2803797716324,238.02451676644498,0.05263157894736842,45.49177217433408,215.3555151696407,-0.3488711335360228,-0.19777313121844237,0.0,0.6364069713288966,0.5783887154468856,0.6934354144325707,0.579508538968416,False,1.0,1.0,False,18,4,False
Jer.18.7,רגע אדבר על גוי ועל ממלכה לנתוש ולנתוץ ולהאביד,69.21498782925973,80970.35965287863,0.0,69.21498782925973,80970.35965287863,-0.26188163230765177,0.8836850201464524,0.8836850201464524,0.6032936495720531,0.1884331344809827,0.6934354144325707,0.579508538968416,False,0.6767525331287902,1.0,False,18,4,False
Jer.18.8,ושב הגוי ההוא מרעתו אשר דברתי עליו ונחמתי על הרעה אשר חשבתי לעשות לו,46.190621742570265,101.99391029348352,0.07142857142857142,40.41679402474898,89.24467150679808,-0.3674803231332023,-0.19946198754766892,0.0,0.643369616710003,0.5790493122910755,0.6934354144325707,0.579508538968416,False,1.0,1.0,False,18,4,False
Jer.18.9,ורגע אדבר על גוי ועל ממלכה לבנת ולנטע,194.048454061784,23293.955445873693,0.25,129.36563604118933,15529.303630582463,-0.04131815716036313,0.007308822473871697,0.007308822473871697,0.5164788709452696,0.4970842276547992,0.6934354144325707,0.579508538968416,False,0.9999732909137167,1.0,False,18,4,False
Jer.18.10,ועשה הרעה הרע בעיני לבלתי שמע בקולי ונחמתי על הטובה אשר אמרתי להיטיב אותו,84.17597000721497,218.87064621067043,0.0,84.17597000721497,218.87064621067043,-0.2070219372107666,-0.19772605714349148,0.0,0.5820036369059531,0.5783702992334883,0.6934354144325707,0.579508538968416,False,1.0,1.0,False,18,4,False
Jer.18.11,ועתה אמר נא אל איש יהודה ועל יושבי ירושלם לאמר כה אמר יהוה הנה אנכי יוצר עליכם רעה וחשב עליכם מחשבה שובו נא איש מדרכו הרעה והיטיבו דרכיכם ומעלליכם,40.22484940727409,82.11568503197506,0.06896551724137931,35.349110085180264,72.16226866446293,-0.38606276594780353,-0.19969075236535427,0.0,0.650274907668561,0.5791387766730944,0.6934354144325707,0.579508538968416,False,1.0,1.0,False,18,4,False
Jer.18.12,ואמרו נואש כי אחרי מחשבותינו נלך ואיש שררות לבו הרע נעשה,177.13739230551636,4155.599604619442,0.09090909090909091,149.88548579697536,3516.2765885241433,0.03392507805283256,-0.15356772203161476,0.03392507805283256,0.48646844765047575,0.5610247054638943,0.6934354144325707,0.579508538968416,False,0.9994247100822924,1.0,False,18,4,False
Jer.18.13,לכן כה אמר יהוה שאלו נא בגוים מי שמע כאלה שעררת עשתה מאד בתולת ישראל,295.56056331789813,1027.0683216980458,0.06666666666666667,260.7887323393219,906.2367544394522,0.4405907780850578,-0.18852095971759877,0.4405907780850578,0.3297546401244721,0.5747658566998116,0.6934354144325707,0.579508538968416,False,0.9075014483496778,1.0,False,18,4,False
Jer.18.14,היעזב מצור שדי שלג לבנון אם ינתשו מים זרים קרים נוזלים,1453.3371029564416,85364.77219722592,0.36363636363636365,841.4056911853083,49421.710219446584,2.5696267565721937,0.4611905325459408,2.6106854225282947,0.005090406937331816,0.32233095675427736,0.3306340505962189,0.579508538968416,False,0.03311267340012246,1.0,False,18,4,False
Jer.18.15,כי שכחני עמי לשוא יקטרו ויכשלום בדרכיהם שבילי עולם ללכת נתיבות דרך לא סלולה,921.1729751673116,13110.933132303146,0.42857142857142855,496.0162173977832,7059.733225086309,1.303134958354778,-0.10611431521754996,1.303134958354778,0.09626434531067812,0.5422541733136,0.6934354144325707,0.579508538968416,False,0.42780818067972914,1.0,False,18,4,False
Jer.18.16,לשום ארצם לשמה שרוקת שריקות עולם כל עובר עליה ישם ויניד בראשו,819.5883673692896,172744.41121794886,0.25,546.3922449128597,115162.9408119659,1.4878563541025476,1.3415866202459767,2.0033899246193556,0.06839439006419068,0.08986503340742674,0.6934354144325707,0.579508538968416,False,0.13442006148468236,1.0,False,18,4,False
Jer.18.17,כרוח קדים אפיצם לפני אויב ערף ולא פנים אראם ביום אידם,257.88594514394464,38070.29851918858,0.18181818181818182,189.11635977222605,27918.218914071625,0.17777885443375774,0.17321920243064975,0.24821404709341016,0.4294483272579943,0.4312395652173678,0.6934354144325707,0.579508538968416,False,0.9696645358922514,1.0,False,18,4,False
Jer.18.18,ויאמרו לכו ונחשבה על ירמיהו מחשבות כי לא תאבד תורה מכהן ועצה מחכם ודבר מנביא לכו ונכהו בלשון ואל נקשיבה אל כל דבריו,218.78117160577165,9377.748069335314,0.34782608695652173,129.0247935110961,5530.466810120826,-0.04256797599274682,-0.1265940074388859,0.0,0.5169770381021579,0.5503691299242067,0.6934354144325707,0.579508538968416,False,1.0,1.0,False,18,4,False
Jer.18.19,הקשיבה יהוה אלי ושמע לקול יריבי,298.52992588760014,3748.9455509214336,0.16666666666666666,223.8974444157001,2811.7091631910753,0.30531591556945414,-0.16300317675604614,0.30531591556945414,0.3800627777065151,0.5647420332818232,0.6934354144325707,0.579508538968416,False,0.9544606101882913,1.0,False,18,4,False
Jer.18.20,הישלם תחת טובה רעה כי כרו שוחה לנפשי זכר עמדי לפניך לדבר עליהם טובה להשיב את חמתך מהם,236.31228479948228,1746.693046496321,0.05555555555555555,212.68105631953404,1572.0237418466888,0.264187089685905,-0.17960484644025432,0.264187089685905,0.39581787935702145,0.5712686001756277,0.6934354144325707,0.579508538968416,False,0.9657044835922187,1.0,False,18,4,False
Jer.18.21,לכן תן את בניהם לרעב והגרם על ידי חרב ותהינה נשיהם שכלות ואלמנות ואנשיהם יהיו הרגי מות בחוריהם מכי חרב במלחמה,354.60300197312137,11924.75966003159,0.3333333333333333,212.76180118387285,7154.855796018955,0.2644831690866808,-0.10484044890038068,0.2644831690866808,0.39570381616653927,0.5417487933447499,0.6934354144325707,0.579508538968416,False,0.965628906473735,1.0,False,18,4,False
Jer.18.22,תשמע זעקה מבתיהם כי תביא עליהם גדוד פתאם כי כרו שיחה שוחה ללכדני ופחים טמנו לרגלי,180.00696565922996,11656.448873297364,0.1875,130.91415684307634,8477.417362398082,-0.03563996183653741,-0.08712891508380635,0.0,0.5142152781941072,0.5347154790679878,0.6934354144325707,0.579508538968416,False,1.0,1.0,False,18,4,False
Jer.18.23,ואתה יהוה ידעת את כל עצתם עלי למות אל תכפר על עונם וחטאתם מלפניך אל תמחי והיו ויהיו מכשלים לפניך בעת אפך עשה בהם,90.8696983187581,8942.649818777954,0.08333333333333333,77.88831284464979,7665.128416095389,-0.2300778402730892,-0.09800695925732462,0.0,0.5909843580424352,0.5390366163566311,0.6934354144325707,0.579508538968416,False,1.0,1.0,False,18,4,False
Jer.19.1,כה אמר יהוה הלוך וקנית בקבק יוצר חרש ומזקני העם ומזקני הכהנים,313.30379451458083,9884.869378106689,0.3333333333333333,187.98227670874851,5930.921626864014,0.1736203406184955,-0.12123118032439843,0.1736203406184955,0.431081922651689,0.5482460360399976,0.6934354144325707,0.579508538968416,False,0.9850410029281276,1.0,False,19,4,False
Jer.19.2,ויצאת אל גיא בן הנם אשר פתח שער החרסות החרסית וקראת שם את הדברים אשר אדבר אליך,61.80609473002184,573.9336016104178,0.11764705882352941,50.033505257636726,464.6129155893858,-0.3322172742373632,-0.194435115818031,0.0,0.6301373995680505,0.5770824019499445,0.6934354144325707,0.579508538968416,False,1.0,1.0,False,19,4,False
Jer.19.3,ואמרת שמעו דבר יהוה מלכי יהודה וישבי ירושלם כה אמר יהוה צבאות אלהי ישראל הנני מביא רעה על המקום הזה אשר כל שמעה תצלנה אזניו,18.929142709089163,120.88959429003206,0.04,17.52698398989737,111.93480952780746,-0.45141384998332285,-0.19915812483376735,0.0,0.6741543484628606,0.5789304726281463,0.6934354144325707,0.579508538968416,False,1.0,1.0,False,19,4,False
Jer.19.4,יען אשר עזבני וינכרו את המקום הזה ויקטרו בו לאלהים אחרים אשר לא ידעום המה ואבותיהם ומלכי יהודה ומלאו את המקום הזה דם נקים,54.9579284374225,709.0296551727672,0.125,43.966342749938,567.2237241382138,-0.3544646562151349,-0.19306096821556118,0.0,0.6385046564932825,0.5765443898063907,0.6934354144325707,0.579508538968416,False,1.0,1.0,False,19,4,False
Jer.19.5,ובנו את במות הבעל לשרף את בניהם באש עלות לבעל אשר לא צויתי ולא דברתי ולא עלתה על לבי,67.31233026928966,212.45956103857705,0.05263157894736842,60.901632148404936,192.22531713014115,-0.2923654703644647,-0.1980828871460112,0.0,0.6149963969578554,0.578509893184231,0.6934354144325707,0.579508538968416,False,1.0,1.0,False,19,4,False
Jer.19.6,לכן הנה ימים באים נאם יהוה ולא יקרא למקום הזה עוד התפת וגיא בן הנם כי אם גיא ההרגה,33.710300064538785,38.09883480190682,0.05263157894736842,30.499795296487477,34.47037434458236,-0.40384448158466163,-0.20019551620987228,0.0,0.6568364578477354,0.579336163129237,0.6934354144325707,0.579508538968416,False,1.0,1.0,False,19,4,False
Jer.19.7,ובקתי את עצת יהודה וירושלם במקום הזה והפלתים בחרב לפני איביהם וביד מבקשי נפשם ונתתי את נבלתם למאכל לעוף השמים ולבהמת הארץ,29.877293574658847,1124.122841323342,0.09090909090909091,25.280786870865178,951.1808657351355,-0.42298180876894187,-0.18791907533859875,0.0,0.6638457332644445,0.5745299554156337,0.6934354144325707,0.579508538968416,False,1.0,1.0,False,19,4,False
Jer.19.8,ושמתי את העיר הזאת לשמה ולשרקה כל עבר עליה ישם וישרק על כל מכתה,242.28903625818623,4012.7979055030883,0.07142857142857142,212.00290672591296,3511.198167315202,0.2617004160508714,-0.15363573143946652,0.2617004160508714,0.3967762098734624,0.5610515191053551,0.6934354144325707,0.579508538968416,False,0.9663361210621304,1.0,False,19,4,False
Jer.19.9,והאכלתים את בשר בניהם ואת בשר בנתיהם ואיש בשר רעהו יאכלו במצור ובמצוק אשר יציקו להם איביהם ומבקשי נפשם,29.508134350580395,1537.2212323968565,0.15789473684210525,22.4261821064411,1168.2881366216109,-0.4334492196070599,-0.18501160935147082,0.0,0.6676557751255934,0.5733900350880373,0.6934354144325707,0.579508538968416,False,1.0,1.0,False,19,4,False
Jer.19.10,ושברת הבקבק לעיני האנשים ההלכים אותך,929.8004538815359,316529.59414233867,0.3333333333333333,557.8802723289216,189917.75648540322,1.5299812409457685,2.342691203510661,2.7980430076487717,0.06301068617017666,0.009572610676657947,0.6934354144325707,0.579508538968416,False,0.019950075796581427,0.777482953901059,False,19,4,False
Jer.19.11,ואמרת אליהם כה אמר יהוה צבאות ככה אשבר את העם הזה ואת העיר הזאת כאשר ישבר את כלי היוצר אשר לא יוכל להרפה עוד ובתפת יקברו מאין מקום לקבור,62.00008485242108,339.53439693375674,0.10344827586206896,51.37149887772033,281.3285003165413,-0.32731105075776307,-0.1968896315106679,0.0,0.6282836824642195,0.5780430461393357,0.6934354144325707,0.579508538968416,False,1.0,1.0,False,19,4,False
Jer.19.12,כן אעשה למקום הזה נאם יהוה וליושביו ולתת את העיר הזאת כתפת,125.94916487791322,1967.7893173536947,0.08333333333333333,107.95642703821133,1686.6765577317383,-0.11982254037522133,-0.1780694341937961,0.0,0.5476881370267808,0.5706657768275202,0.6934354144325707,0.579508538968416,False,1.0,1.0,False,19,4,False
Jer.19.13,והיו בתי ירושלם ובתי מלכי יהודה כמקום התפת הטמאים לכל הבתים אשר קטרו על גגתיהם לכל צבא השמים והסך נסכים לאלהים אחרים,156.35615050778932,1020.4087563833125,0.13636363636363635,122.85126111326304,801.749737158317,-0.06520540052727379,-0.18992023320853682,0.0,0.5259947693584113,0.5753141813927989,0.6934354144325707,0.579508538968416,False,1.0,1.0,False,19,4,False
Jer.19.14,ויבא ירמיהו מהתפת אשר שלחו יהוה שם להנבא ויעמד בחצר בית יהוה ויאמר אל כל העם,63.59057982872874,1390.483500197488,0.0625,56.52495984775888,1235.9853335088783,-0.3084140763380894,-0.18410501927473152,0.0,0.6211163638469059,0.5730344655128482,0.6934354144325707,0.579508538968416,False,1.0,1.0,False,19,4,False
Jer.19.15,כה אמר יהוה צבאות אלהי ישראל הנני מבי מביא אל העיר הזאת ועל כל עריה את כל הרעה אשר דברתי עליה כי הקשו את ערפם לבלתי שמוע את דברי,17.22629058097018,38.640526713138506,0.06896551724137931,15.1382553590344,33.95682650548535,-0.460172962373112,-0.20020239356072672,0.0,0.6773039617964245,0.57933885235998,0.6934354144325707,0.579508538968416,False,1.0,1.0,False,19,4,False
Jer.20.1,וישמע פשחור בן אמר הכהן והוא פקיד נגיד בבית יהוה את ירמיהו נבא את הדברים האלה,69.80220155907867,484.5392173469921,0.0,69.80220155907867,484.5392173469921,-0.2597284069517631,-0.19416826595909753,0.0,0.6024633605826879,0.5769779349674445,0.6934354144325707,0.579508538968416,False,1.0,1.0,False,20,4,False
Jer.20.2,ויכה פשחור את ירמיהו הנביא ויתן אתו על המהפכת אשר בשער בנימן העליון אשר בבית יהוה,66.15231313260962,2358.295066545377,0.0,66.15231313260962,2358.295066545377,-0.27311200462149227,-0.1690752261107222,0.0,0.6076164404729483,0.5671312644637777,0.6934354144325707,0.579508538968416,False,1.0,1.0,False,20,4,False
Jer.20.3,ויהי ממחרת ויצא פשחור את ירמיהו מן המהפכת ויאמר אליו ירמיהו לא פשחור קרא יהוה שמך כי אם מגור מסביב,48.74339681827049,2070.5375500610694,0.0,48.74339681827049,2070.5375500610694,-0.33694790988572565,-0.1729288289325089,0.0,0.6319219159843524,0.5686463145945018,0.6934354144325707,0.579508538968416,False,1.0,1.0,False,20,4,False
Jer.20.4,כי כה אמר יהוה הנני נתנך למגור לך ולכל אהביך ונפלו בחרב איביהם ועיניך ראות ואת כל יהודה אתן ביד מלך בבל והגלם בבלה והכם בחרב,34.70265200227432,1657.6452793465826,0.07692307692307693,30.075631735304412,1436.6259087670383,-0.4053998262379023,-0.1814180726523592,0.0,0.6574081806604632,0.5719802828400218,0.6934354144325707,0.579508538968416,False,1.0,1.0,False,20,4,False
Jer.20.5,ונתתי את כל חסן העיר הזאת ואת כל יגיעה ואת כל יקרה ואת כל אוצרות מלכי יהודה אתן ביד איביהם ובזזום ולקחום והביאום בבלה,112.53413389026643,773.1536983824849,0.20833333333333334,79.43585921665866,545.755551799401,-0.22440321803860827,-0.1933484665597025,0.0,0.5887782165472162,0.576656964228499,0.6934354144325707,0.579508538968416,False,1.0,1.0,False,20,4,False
Jer.20.6,ואתה פשחור וכל ישבי ביתך תלכו בשבי ובבל תבוא ושם תמות ושם תקבר אתה וכל אהביך אשר נבאת להם בשקר,87.72730097033252,2148.0310549531337,0.1,73.10608414194377,1790.0258791276115,-0.24761356121663763,-0.17668539654492166,0.0,0.5977832914504849,0.570122243864365,0.6934354144325707,0.579508538968416,False,1.0,1.0,False,20,4,False
Jer.20.7,פתיתני יהוה ואפת חזקתני ותוכל הייתי לשחוק כל היום כלה לעג לי,382.70672426204203,12356.433001830384,0.3333333333333333,229.62403455722523,7413.859801098231,0.3263144693657286,-0.10137190852297583,0.3263144693657286,0.372093220948141,0.5403723823351517,0.6934354144325707,0.579508538968416,False,0.9481518915014043,1.0,False,20,4,False
Jer.20.8,כי מדי אדבר אזעק חמס ושד אקרא כי היה דבר יהוה לי לחרפה ולקלס כל היום,60.54115971726515,2018.2370671430713,0.0625,53.81436419312458,1793.9885041271746,-0.31835342720258614,-0.17663232970216267,0.0,0.6248915692022781,0.5701014010429404,0.6934354144325707,0.579508538968416,False,1.0,1.0,False,20,4,False
Jer.20.9,ואמרתי לא אזכרנו ולא אדבר עוד בשמו והיה בלבי כאש בערת עצר בעצמתי ונלאיתי כלכל ולא אוכל,52.30248509949196,2613.7395211056114,0.29411764705882354,32.931194321902346,1645.6878466220514,-0.3949289032084194,-0.17861834848358946,0.0,0.6535523207298229,0.5708813069095479,0.6934354144325707,0.579508538968416,False,1.0,1.0,False,20,4,False
Jer.20.10,כי שמעתי דבת רבים מגור מסביב הגידו ונגידנו כל אנוש שלומי שמרי צלעי אולי יפתה ונוכלה לו ונקחה נקמתנו ממנו,403.2803113078784,39973.270110296755,0.25,268.85354087191894,26648.846740197838,0.4701632307389317,0.15621997248558483,0.49543732534223417,0.319119200865688,0.43792981712242385,0.6934354144325707,0.579508538968416,False,0.8845032670935581,1.0,False,20,4,False
Jer.20.11,ויהוה אותי כגבור עריץ על כן רדפי יכשלו ולא יכלו בשו מאד כי לא השכילו כלמת עולם לא תשכח,513.5257150190212,6146.489126135868,0.05263157894736842,464.6185040648287,5561.109209361024,1.1880042162887043,-0.12618364930951007,1.1880042162887043,0.11741587429059841,0.5502067230660872,0.6934354144325707,0.579508538968416,False,0.4937741715338141,1.0,False,20,4,False
Jer.20.12,ויהוה צבאות בחן צדיק ראה כליות ולב אראה נקמתך מהם כי אליך גליתי את ריבי,456.4091750689394,2319.7688704814277,0.0,456.4091750689394,2319.7688704814277,1.1579018286040175,-0.16959116279129485,1.1579018286040175,0.1234520506117755,0.5673341635283504,0.6934354144325707,0.579508538968416,False,0.5115201387898922,1.0,False,20,4,False
Jer.20.13,שירו ליהוה הללו את יהוה כי הציל את נפש אביון מיד מרעים,64.22399409343616,234.78059629089924,0.0,64.22399409343616,234.78059629089924,-0.2801828635584443,-0.19751299362642782,0.0,0.6103313933712199,0.5782869428619035,0.6934354144325707,0.579508538968416,False,1.0,1.0,False,20,4,False
Jer.20.14,ארור היום אשר ילדתי בו יום אשר ילדתני אמי אל יהי ברוך,272.8067570106507,154.76847522562207,0.0,272.8067570106507,154.76847522562207,0.4846590859871565,-0.1985845032060259,0.4846590859871565,0.31395909671517563,0.5787061115864272,0.6934354144325707,0.579508538968416,False,0.8891874464316105,1.0,False,20,4,False
Jer.20.15,ארור האיש אשר בשר את אבי לאמר ילד לך בן זכר שמח שמחהו,303.04216549335433,261.9974453025323,0.07692307692307693,262.63654342757377,227.06445259552802,0.4473664263474767,-0.19761632699363602,0.4473664263474767,0.3273052563359491,0.5783273701864092,0.6934354144325707,0.579508538968416,False,0.9047755657252751,1.0,False,20,4,False
Jer.20.16,והיה האיש ההוא כערים אשר הפך יהוה ולא נחם ושמע זעקה בבקר ותרועה בעת צהרים,170.90193564276805,2766.1870416594757,0.13333333333333333,134.92258077060637,2183.831874994323,-0.02094166784302027,-0.1714116093804733,0.0,0.5083539061145139,0.5680499365444192,0.6934354144325707,0.579508538968416,False,1.0,1.0,False,20,4,False
Jer.20.17,אשר לא מותתני מרחם ותהי לי אמי קברי ורחמה הרת עולם,502.69809271598206,6791.575865834171,0.2727272727272727,325.2752364632825,4394.549089657405,0.6770531915833684,-0.14180603660280205,0.6770531915833684,0.24918610309615608,0.5563833921299586,0.6934354144325707,0.579508538968416,False,0.7951690764845051,1.0,False,20,4,False
Jer.20.18,למה זה מרחם יצאתי לראות עמל ויגון ויכלו בבשת ימי,352.86802225613513,34821.05783453826,0.1,294.056685213446,29017.54819544855,0.5625794102125128,0.187941245046756,0.5931420608798398,0.28686065787536086,0.425461354962246,0.6934354144325707,0.579508538968416,False,0.8386945088808153,1.0,False,20,4,False
Jer.21.1,הדבר אשר היה אל ירמיהו מאת יהוה בשלח אליו המלך צדקיהו את פשחור בן מלכיה ואת צפניה בן מעשיה הכהן לאמר,36.16648489215345,61.15114833000826,0.0,36.16648489215345,61.15114833000826,-0.383065574175428,-0.19983821153483244,0.0,0.6491644279267251,0.5791964422185206,0.6934354144325707,0.579508538968416,False,1.0,1.0,False,21,4,False
Jer.21.2,דרש נא בעדנו את יהוה כי נבוכדראצר מלך בבל נלחם עלינו אולי יעשה יהוה אותנו ככל נפלאתיו ויעלה מעלינו,23.675000283137663,1253.218465477164,0.05263157894736842,21.42023835141027,1133.8643259079104,-0.4371378656484223,-0.1854726075409315,0.0,0.6689943161558625,0.5735708182394353,0.6934354144325707,0.579508538968416,False,1.0,1.0,False,21,4,False
Jer.21.3,ויאמר ירמיהו אליהם כה תאמרן אל צדקיהו,181.90013584521705,113.19200886379721,0.14285714285714285,141.47788343516882,88.03822911628673,0.0030956514431153452,-0.19947814403197972,0.0030956514431153452,0.4987650157264435,0.5790556308349853,0.6934354144325707,0.579508538968416,False,0.9999952084825507,1.0,False,21,4,False
Jer.21.4,כה אמר יהוה אלהי ישראל הנני מסב את כלי המלחמה אשר בידכם אשר אתם נלחמים בם את מלך בבל ואת הכשדים הצרים עליכם מחוץ לחומה ואספתי אותם אל תוך העיר הזאת,15.940605174877616,21.413847518200473,0.06451612903225806,14.118821726320176,18.966550658977564,-0.46391107378832497,-0.20040314094695397,0.0,0.6786442706971407,0.5794173484016242,0.6934354144325707,0.579508538968416,False,1.0,1.0,False,21,4,False
Jer.21.5,ונלחמתי אני אתכם ביד נטויה ובזרוע חזקה ובאף ובחמה ובקצף גדול,70.24461444553607,109000.98699432412,0.18181818181818182,51.51271726005978,79934.05712917102,-0.3267932239663754,0.8698070218290667,0.8698070218290667,0.6280878575993252,0.19220293674056815,0.6934354144325707,0.579508538968416,False,0.6850372054895744,1.0,False,21,4,False
Jer.21.6,והכיתי את יושבי העיר הזאת ואת האדם ואת הבהמה בדבר גדול ימתו,70.98816412680594,752.3735248530538,0.0,70.98816412680594,752.3735248530538,-0.25537965871532015,-0.19058147157823577,0.0,0.6007850599838914,0.5755732461738929,0.6934354144325707,0.579508538968416,False,1.0,1.0,False,21,4,False
Jer.21.7,ואחרי כן נאם יהוה אתן את צדקיהו מלך יהודה ואת עבדיו ואת העם ואת הנשארים בעיר הזאת מן הדבר מן החרב ומן הרעב ביד נבוכדראצר מלך בבל וביד איביהם וביד מבקשי נפשם והכם לפי חרב לא יחוס עליהם ולא יחמל ולא ירחם,28.474821557922308,74.58336624346958,0.023809523809523808,27.180511487107655,71.19321323240278,-0.4160158013253481,-0.19970372980133255,0.0,0.661300779665724,0.579143851711681,0.6934354144325707,0.579508538968416,False,1.0,1.0,False,21,4,False
Jer.21.8,ואל העם הזה תאמר כה אמר יהוה הנני נתן לפניכם את דרך החיים ואת דרך המות,30.142409744418597,3.6032932084863796,0.0,30.142409744418597,3.6032932084863796,-0.40515496121663525,-0.20060888324340678,0.0,0.6573181955959331,0.579497794271329,0.6934354144325707,0.579508538968416,False,1.0,1.0,False,21,4,False
Jer.21.9,הישב בעיר הזאת ימות בחרב וברעב ובדבר והיוצא ונפל על הכשדים הצרים עליכם יחיה וחיה והיתה לו נפשו לשלל,71.32260690625975,761.3814135811346,0.05263157894736842,64.52997767709216,688.868898001979,-0.2790608672948063,-0.1914319154249151,0.0,0.6099009430236256,0.5759063912453194,0.6934354144325707,0.579508538968416,False,1.0,1.0,False,21,4,False
Jer.21.10,כי שמתי פני בעיר הזאת לרעה ולא לטובה נאם יהוה ביד מלך בבל תנתן ושרפה באש,55.588390565669116,272.7688275290632,0.0,55.588390565669116,272.7688275290632,-0.31184833651174704,-0.19700426128510576,0.0,0.6224221063719447,0.578087898445147,0.6934354144325707,0.579508538968416,False,1.0,1.0,False,21,4,False
Jer.21.11,ולבית מלך יהודה שמעו דבר יהוה,268.95008749943935,86.32290844131026,0.0,268.95008749943935,86.32290844131026,0.47051725285361656,-0.19950111533321319,0.47051725285361656,0.31899275543043426,0.5790646145102871,0.6934354144325707,0.579508538968416,False,0.895213320109299,1.0,False,21,4,False
Jer.21.12,בית דוד כה אמר יהוה דינו לבקר משפט והצילו גזול מיד עושק פן תצא כאש חמתי ובערה ואין מכבה מפני רע מעלליהם מעלליכם,57.20115644510661,2455.9226242031514,0.13043478260869565,45.366434421981104,1947.8007019542233,-0.3493307284206651,-0.17457250125071766,0.0,0.6365794840785809,0.5692922212174013,0.6934354144325707,0.579508538968416,False,1.0,1.0,False,21,4,False
Jer.21.13,הנני אליך ישבת העמק צור המישר נאם יהוה האמרים מי יחת עלינו ומי יבוא במעונותינו,122.32595722316393,14074.21324451105,0.06666666666666667,107.93466813808583,12418.423451039162,-0.11990232702374014,-0.03435158933602156,0.0,0.5477197394608044,0.5137016066104776,0.6934354144325707,0.579508538968416,False,1.0,1.0,False,21,4,False
Jer.21.14,ופקדתי עליכם כפרי מעלליכם נאם יהוה והצתי אש ביערה ואכלה כל סביביה,44.05916669307877,10740.372140750596,0.25,29.372777795385847,7160.248093833731,-0.40797708703421504,-0.10476823610702321,0.0,0.6583547515766313,0.541720142391496,0.6934354144325707,0.579508538968416,False,1.0,1.0,False,21,4,False
Jer.22.1,כה אמר יהוה רד בית מלך יהודה ודברת שם את הדבר הזה,129.6790710011764,70.62476028028718,0.0,129.6790710011764,70.62476028028718,-0.040168837808661,-0.19971134243271432,0.0,0.516020739301968,0.5791468287495677,0.6934354144325707,0.579508538968416,False,1.0,1.0,False,22,4,False
Jer.22.2,ואמרת שמע דבר יהוה מלך יהודה הישב על כסא דוד אתה ועבדיך ועמך הבאים בשערים האלה,41.30988265727686,237.50063293252268,0.0,41.30988265727686,237.50063293252268,-0.3642055000305342,-0.19747656732901744,0.0,0.6421477198984149,0.5782726915303784,0.6934354144325707,0.579508538968416,False,1.0,1.0,False,22,4,False
Jer.22.3,כה אמר יהוה עשו משפט וצדקה והצילו גזול מיד עשוק וגר יתום ואלמנה אל תנו אל תחמסו ודם נקי אל תשפכו במקום הזה,31.180172033883025,884.2335506876533,0.08695652173913043,26.56088728812258,753.2359876228159,-0.41828787104822096,-0.19056992161421102,0.0,0.6621316717543438,0.5755687213247368,0.6934354144325707,0.579508538968416,False,1.0,1.0,False,22,4,False
Jer.22.4,כי אם עשו תעשו את הדבר הזה ובאו בשערי הבית הזה מלכים ישבים לדוד על כסאו רכבים ברכב ובסוסים הוא ועבדו ועבדיו ועמו,82.52904652913571,1125.2312772105417,0.043478260869565216,75.92672280680486,1035.2127750336986,-0.23727069901065423,-0.18679373339532157,0.0,0.59377660403841,0.5740888197663983,0.6934354144325707,0.579508538968416,False,1.0,1.0,False,22,4,False
Jer.22.5,ואם לא תשמעו את הדברים האלה בי נשבעתי נאם יהוה כי לחרבה יהיה הבית הזה,18.626491946547926,10.090597513307308,0.0,18.626491946547926,10.090597513307308,-0.44738211793919763,-0.20052200629756617,0.0,0.6727004075748461,0.5794638255235317,0.6934354144325707,0.579508538968416,False,1.0,1.0,False,22,4,False
Jer.22.6,כי כה אמר יהוה על בית מלך יהודה גלעד אתה לי ראש הלבנון אם לא אשיתך מדבר ערים לא נושבה נושבו,107.82695645265059,1520.5704942801976,0.14285714285714285,83.8654105742838,1182.6659399957093,-0.2081607124327015,-0.18481906409902893,0.0,0.582448258216857,0.5733145227675543,0.6934354144325707,0.579508538968416,False,1.0,1.0,False,22,4,False
Jer.22.7,וקדשתי עליך משחתים איש וכליו וכרתו מבחר ארזיך והפילו על האש,473.2727134016365,145744.6168935759,0.5454545454545454,226.3478194529566,69703.94720997108,0.3143010761570381,0.7328070194191664,0.7973652200738848,0.37664619047728987,0.2318380697246744,0.6934354144325707,0.579508538968416,False,0.7276787198433903,1.0,False,22,4,False
Jer.22.8,ועברו גוים רבים על העיר הזאת ואמרו איש אל רעהו על מה עשה יהוה ככה לעיר הגדולה הזאת,33.952206419671825,6.946525666813853,0.0,33.952206419671825,6.946525666813853,-0.3911850037967619,-0.2005641112068925,0.0,0.6521697539175972,0.5794802885501,0.6934354144325707,0.579508538968416,False,1.0,1.0,False,22,4,False
Jer.22.9,ואמרו על אשר עזבו את ברית יהוה אלהיהם וישתחוו לאלהים אחרים ויעבדום,12.164551364392869,350.4000558872506,0.08333333333333333,10.426758312336744,300.34290504621475,-0.4774493208606291,-0.19663499363146986,0.0,0.6834788996979011,0.5779434078806002,0.6934354144325707,0.579508538968416,False,1.0,1.0,False,22,4,False
Jer.22.10,אל תבכו למת ואל תנדו לו בכו בכו להלך כי לא ישוב עוד וראה את ארץ מולדתו,86.41063312783781,244.6491941603677,0.11764705882352941,69.95146491301156,198.04934765363097,-0.2591810804468253,-0.19800489265699248,0.0,0.6022522359577459,0.5784793821332274,0.6934354144325707,0.579508538968416,False,1.0,1.0,False,22,4,False
Jer.22.11,כי כה אמר יהוה אל שלם בן יאשיהו מלך יהודה המלך תחת יאשיהו אביו אשר יצא מן המקום הזה לא ישוב שם עוד,64.51109441365554,9.997278943536305,0.0,64.51109441365554,9.997278943536305,-0.27913010941155003,-0.20052325600498713,0.0,0.6099275114523749,0.5794643141613434,0.6934354144325707,0.579508538968416,False,1.0,1.0,False,22,4,False
Jer.22.12,כי במקום אשר הגלו אתו שם ימות ואת הארץ הזאת לא יראה עוד,34.554059960630404,46.88208664698299,0.0,34.554059960630404,46.88208664698299,-0.38897809643217596,-0.20002930053586973,0.0,0.6513538252623953,0.579271167166011,0.6934354144325707,0.579508538968416,False,1.0,1.0,False,22,4,False
Jer.22.13,הוי בנה ביתו בלא צדק ועליותיו בלא משפט ברעהו יעבד חנם ופעלו לא יתן לו,287.3739256373538,913.0995896418807,0.13333333333333333,226.87415181896355,720.8680970856954,0.3162310586124219,-0.19100338724816932,0.3162310586124219,0.37591356753084654,0.5757385303123084,0.6934354144325707,0.579508538968416,False,0.9512284340663455,1.0,False,22,4,False
Jer.22.14,האמר אבנה לי בית מדות ועליות מרוחים וקרע לו חלוני וספון בארז ומשוח בששר,175.95285388974372,60681.45624278033,0.7142857142857143,72.45117513107094,24986.48198232131,-0.2500150150934844,0.1339578484581796,0.1339578484581796,0.5987121315299478,0.4467179529981875,0.6934354144325707,0.579508538968416,False,0.9910677788594852,1.0,False,22,4,False
Jer.22.15,התמלך כי אתה מתחרה בארז אביך הלוא אכל ושתה ועשה משפט וצדקה אז טוב לו,207.12096088527244,1142.768889515631,0.2,147.94354348948033,816.2634925111649,0.026804264618411434,-0.1897258673088523,0.026804264618411434,0.4893079258838991,0.5752380251136506,0.6934354144325707,0.579508538968416,False,0.9996408302160488,1.0,False,22,4,False
Jer.22.16,דן דין עני ואביון אז טוב הלוא היא הדעת אתי נאם יהוה,230.30510295650845,1521.7462499295202,0.0,230.30510295650845,1521.7462499295202,0.3288118458267376,-0.18027815460294458,0.3288118458267376,0.37114895441762863,0.5715328976050552,0.6934354144325707,0.579508538968416,False,0.9473765744172475,1.0,False,22,4,False
Jer.22.17,כי אין עיניך ולבך כי אם על בצעך ועל דם הנקי לשפוך ועל העשק ועל המרוצה לעשות,110.83521280921882,268.90313555815777,0.29411764705882354,69.78513399098962,169.30938164772894,-0.2597909911838859,-0.19838977370354696,0.0,0.6024874997876187,0.5786299410808388,0.6934354144325707,0.579508538968416,False,1.0,1.0,False,22,4,False
Jer.22.18,לכן כה אמר יהוה אל יהויקים בן יאשיהו מלך יהודה לא יספדו לו הוי אחי והוי אחות לא יספדו לו הוי אדון והוי הדה,46.70042838971629,39.618579433744955,0.041666666666666664,43.108087744353504,36.57099640037996,-0.35761174959187314,-0.20016738501392428,0.0,0.6396830579175125,0.5793251630299723,0.6934354144325707,0.579508538968416,False,1.0,1.0,False,22,4,False
Jer.22.19,קבורת חמור יקבר סחוב והשלך מהלאה לשערי ירושלם,179.5225705891521,105052.7737236095,0.5,89.76128529457606,52526.38686180475,-0.18654141727965615,0.502767867574057,0.502767867574057,0.573989898741744,0.30756374375720813,0.6934354144325707,0.579508538968416,False,0.8812730542626037,1.0,False,22,4,False
Jer.22.20,עלי הלבנון וצעקי ובבשן תני קולך וצעקי מעברים כי נשברו כל מאהביך,365.1055678301229,54824.08855977869,0.4166666666666667,199.1484915437034,29904.04830533383,0.21456518862015675,0.19981311330134052,0.2931953280916628,0.4150531686158753,0.42081337260438123,0.6934354144325707,0.579508538968416,False,0.9579288719107587,1.0,False,22,4,False
Jer.22.21,דברתי אליך בשלותיך אמרת לא אשמע זה דרכך מנעוריך כי לא שמעת בקולי,95.74988669640248,1659.307217575131,0.07692307692307693,82.98323513688216,1438.0662552317804,-0.2113955184729845,-0.18139878376194654,0.0,0.583710673264164,0.5719727132700287,0.6934354144325707,0.579508538968416,False,1.0,1.0,False,22,4,False
Jer.22.22,כל רעיך תרעה רוח ומאהביך בשבי ילכו כי אז תבשי ונכלמת מכל רעתך,118.51484681913932,61336.18782146034,0.3076923076923077,73.36633374518148,37970.021032332595,-0.24665926465289043,0.3078313351743116,0.3078313351743116,0.5974140326647915,0.37910533829279625,0.6934354144325707,0.579508538968416,False,0.9537248508271308,1.0,False,22,4,False
Jer.22.23,ישבתי ישבת בלבנון מקננתי מקננת בארזים מה נחנת בבא לך חבלים חיל כילדה,2258.4662161348615,138558.48496240046,0.46153846153846156,1174.4024323901278,72050.41218044824,3.7906762487419337,0.7642305045184602,3.86694642926596,7.511883981281359e-05,0.22236494556877273,0.009314736136788886,0.579508538968416,False,0.0005661580132293592,0.036773310954516476,True,22,4,False
Jer.22.24,חי אני נאם יהוה כי אם יהיה כניהו בן יהויקים מלך יהודה חותם על יד ימיני כי משם אתקנך,57.35347511435423,132.5292544923198,0.05263157894736842,51.89123938917764,119.9074207311465,-0.32540523965198814,-0.199051356894547,0.0,0.6275628047721625,0.5788887143460866,0.6934354144325707,0.579508538968416,False,1.0,1.0,False,22,4,False
Jer.22.25,ונתתיך ביד מבקשי נפשך וביד אשר אתה יגור מפניהם וביד נבוכדראצר מלך בבל וביד הכשדים,23.571232983240304,1554.4841347941333,0.0,23.571232983240304,1554.4841347941333,-0.4292504884526184,-0.1798397340638916,0.0,0.6661295279525947,0.5713608055681656,0.6934354144325707,0.579508538968416,False,1.0,1.0,False,22,4,False
Jer.22.26,והטלתי אתך ואת אמך אשר ילדתך על הארץ אחרת אשר לא ילדתם שם ושם תמותו,79.69590258363682,1368.9216584546489,0.2,56.92564470259774,977.8011846104636,-0.3069448246068235,-0.18756258026876305,0.0,0.6205573151481075,0.5743902189077268,0.6934354144325707,0.579508538968416,False,1.0,1.0,False,22,4,False
Jer.22.27,ועל הארץ אשר הם מנשאים את נפשם לשוב שם שמה לא ישובו,33.76822537733816,122.1492028237174,0.08333333333333333,28.944193180575564,104.69931670604348,-0.40954864303314886,-0.19925502140104256,0.0,0.6589314614557101,0.5789683693240841,0.6934354144325707,0.579508538968416,False,1.0,1.0,False,22,4,False
Jer.22.28,העצב נבזה נפוץ האיש הזה כניהו אם כלי אין חפץ בו מדוע הוטלו הוא וזרעו והשלכו על הארץ אשר לא ידעו,294.17771996988125,1772.5567744470384,0.19047619047619047,213.02524549543125,1283.5755952892348,0.2654491801703915,-0.18346769806996518,0.2654491801703915,0.39533172711861736,0.5727844691142354,0.6934354144325707,0.579508538968416,False,0.9653817754755292,1.0,False,22,4,False
Jer.22.29,ארץ ארץ ארץ שמעי דבר יהוה,245.18387471889503,398.52840793130025,0.0,245.18387471889503,398.52840793130025,0.38337008756459595,-0.19532010901751,0.38337008756459595,0.35072268944763474,0.5774288222418111,0.6934354144325707,0.579508538968416,False,0.9291488638758741,1.0,False,22,4,False
Jer.22.30,כה אמר יהוה כתבו את האיש הזה ערירי גבר לא יצלח בימיו כי לא יצלח מזרעו איש ישב על כסא דוד ומשל עוד ביהודה,37.75912826723061,18.673281677359604,0.08333333333333333,32.36496708619766,16.005670009165375,-0.39700517421368015,-0.2004427925889562,0.0,0.6543181774824692,0.5794328525735399,0.6934354144325707,0.579508538968416,False,1.0,1.0,False,22,4,False
Jer.23.1,הוי רעים מאבדים ומפצים את צאן מרעיתי נאם יהוה,234.88195770139006,4541.011712276325,0.3333333333333333,140.92917462083406,2724.607027365795,0.0010836178818607201,-0.16416963468389056,0.0010836178818607201,0.49956769909573,0.5652011976191449,0.6934354144325707,0.579508538968416,False,0.9999994128863154,1.0,False,23,4,False
Jer.23.2,לכן כה אמר יהוה אלהי ישראל על הרעים הרעים את עמי אתם הפצתם את צאני ותדחום ולא פקדתם אתם הנני פקד עליכם את רע מעלליכם נאם יהוה,25.653852521372038,441.9760428836744,0.07407407407407407,22.343678002485323,384.94687605997444,-0.4337517498776945,-0.1955019907288306,0.0,0.6677656385627577,0.5775000103129531,0.6934354144325707,0.579508538968416,False,1.0,1.0,False,23,4,False
Jer.23.3,ואני אקבץ את שארית צאני מכל הארצות אשר הדחתי אתם שם והשבתי אתהן על נוהן ופרו ורבו,56.328299883105906,7163.606272468978,0.17647058823529413,41.633960783165236,5294.839418781418,-0.3630171537734279,-0.1297494919289159,0.0,0.641703964841373,0.5516176877012526,0.6934354144325707,0.579508538968416,False,1.0,1.0,False,23,4,False
Jer.23.4,והקמתי עליהם רעים ורעום ולא ייראו עוד ולא יחתו ולא יפקדו נאם יהוה,90.73006630222153,6321.399354361303,0.07692307692307693,78.632724128592,5478.54610711313,-0.2273481948809621,-0.12728932122274156,0.0,0.5899234999963209,0.5506442940071941,0.6934354144325707,0.579508538968416,False,1.0,1.0,False,23,4,False
Jer.23.5,הנה ימים באים נאם יהוה והקמתי לדוד צמח צדיק ומלך מלך והשכיל ועשה משפט וצדקה בארץ,26.27102737009082,335.84050823049074,0.0625,23.35202432896962,298.52489620488063,-0.430054293964372,-0.19665934011626926,0.0,0.6664219266272787,0.5779529347283372,0.6934354144325707,0.579508538968416,False,1.0,1.0,False,23,4,False
Jer.23.6,בימיו תושע יהודה וישראל ישכן לבטח וזה שמו אשר יקראו יהוה צדקנו,31.351427787225226,2029.7953749693438,0.08333333333333333,26.87265238905019,1739.8246071165804,-0.4171446748211751,-0.17735768398277055,0.0,0.6617137052459852,0.570386278190956,0.6934354144325707,0.579508538968416,False,1.0,1.0,False,23,4,False
Jer.23.7,לכן הנה ימים באים נאם יהוה ולא יאמרו עוד חי יהוה אשר העלה את בני ישראל מארץ מצרים,5.442276329705292,2.123841742537648,0.0,5.442276329705292,2.123841742537648,-0.49572667448156976,-0.2006286958217663,0.0,0.689956367676356,0.5795055408750991,0.6934354144325707,0.579508538968416,False,1.0,1.0,False,23,4,False
Jer.23.8,כי אם חי יהוה אשר העלה ואשר הביא את זרע בית ישראל מארץ צפונה ומכל הארצות אשר הדחתים שם וישבו על אדמתם,3.8412575644707077,27.52310269815191,0.0,3.8412575644707077,27.52310269815191,-0.5015973720240465,-0.20028855296508022,0.0,0.6920246158161423,0.579372542710488,0.6934354144325707,0.579508538968416,False,1.0,1.0,False,23,4,False
Jer.23.9,לנבאים נשבר לבי בקרבי רחפו כל עצמותי הייתי כאיש שכור וכגבר עברו יין מפני יהוה ומפני דברי קדשו,160.5119932035201,8644.6099459684,0.16666666666666666,120.38399490264007,6483.4574594763,-0.07425249853378464,-0.11383170847147434,0.0,0.5295952633422778,0.5453143988842947,0.6934354144325707,0.579508538968416,False,1.0,1.0,False,23,4,False
Jer.23.10,כי מנאפים מלאה הארץ כי מפני אלה אבלה הארץ יבשו נאות מדבר ותהי מרוצתם רעה וגבורתם לא כן,225.27774873701475,2289.630160448547,0.1111111111111111,184.3181580575575,1873.3337676397202,0.16018456283250643,-0.17556975057268218,0.16018456283250643,0.4363678447218444,0.5696840156469982,0.6934354144325707,0.579508538968416,False,0.9872524007288133,1.0,False,23,4,False
Jer.23.11,כי גם נביא גם כהן חנפו גם בביתי מצאתי רעתם נאם יהוה,226.33725311852058,963.0207585771528,0.08333333333333333,194.00335981587477,825.4463644947024,0.1956987562920778,-0.18960289175005468,0.1956987562920778,0.4224229789620375,0.5751898394855495,0.6934354144325707,0.579508538968416,False,0.9810331758322216,1.0,False,23,4,False
Jer.23.12,לכן יהיה דרכם להם כחלקלקות באפלה ידחו ונפלו בה כי אביא עליהם רעה שנת פקדתם נאם יהוה,251.00709961740256,1153.4267704919273,0.17647058823529413,185.52698667373232,852.5328303635984,0.16461715746559516,-0.18924015411393705,0.16461715746559516,0.43462266287823526,0.575047701116616,0.6934354144325707,0.579508538968416,False,0.986541975731531,1.0,False,23,4,False
Jer.23.13,ובנביאי שמרון ראיתי תפלה הנבאו בבעל ויתעו את עמי את ישראל,356.0226234871582,33104.092589480206,0.2727272727272727,230.36757990345532,21420.29520495778,0.3290409394931374,0.0862000432193511,0.3401446564530222,0.37106237205565556,0.46565369817646163,0.6934354144325707,0.579508538968416,False,0.9437922665657025,1.0,False,23,4,False
Jer.23.14,ובנבאי ירושלם ראיתי שערורה נאוף והלך בשקר וחזקו ידי מרעים לבלתי שבו איש מרעתו היו לי כלם כסדם וישביה כעמרה,260.80416952111665,131135.03370756996,0.3,163.0026059506979,81959.39606723122,0.08202360551734264,0.8969300382567155,0.9006727293469353,0.46731397110634953,0.1848781251326322,0.6934354144325707,0.579508538968416,False,0.6665729568624531,1.0,False,23,4,False
Jer.23.15,לכן כה אמר יהוה צבאות על הנבאים הנני מאכיל אותם לענה והשקתים מי ראש כי מאת נביאי ירושלם יצאה חנפה לכל הארץ,92.16914059569638,914.1741017674493,0.18181818181818182,67.59070310351068,670.3943412961295,-0.2678376426648073,-0.1916793237453744,0.0,0.605587852860824,0.576003298538166,0.6934354144325707,0.579508538968416,False,1.0,1.0,False,23,4,False
Jer.23.16,כה אמר יהוה צבאות אל תשמעו על דברי הנבאים הנבאים לכם מהבלים המה אתכם חזון לבם ידברו לא מפי יהוה,47.62938067697859,1579.8460627188651,0.05,43.299436979071444,1436.2236933807865,-0.3569101004254757,-0.1814234590567401,0.0,0.6394204460164999,0.5719823966305427,0.6934354144325707,0.579508538968416,False,1.0,1.0,False,23,4,False
Jer.23.17,אמרים אמור למנאצי דבר יהוה שלום יהיה לכם וכל הלך בשררות לבו אמרו לא תבוא עליכם רעה,233.57185977971594,2372.037365787344,0.11764705882352941,189.0819817264367,1920.2207246849925,0.17765279525611838,-0.1749418479128936,0.17765279525611838,0.4294978296736472,0.5694373362989029,0.6934354144325707,0.579508538968416,False,0.9843435980888443,1.0,False,23,4,False
Jer.23.18,כי מי עמד בסוד יהוה וירא וישמע את דברו מי הקשיב דברי דברו וישמע,52.67917864832023,113.30496595945257,0.07142857142857142,46.094281317280206,99.14184521452101,-0.34666182217651764,-0.1993294461739673,0.0,0.6355773024580724,0.5789974767004432,0.6934354144325707,0.579508538968416,False,1.0,1.0,False,23,4,False
Jer.23.19,הנה סערת יהוה חמה יצאה וסער מתחולל על ראש רשעים יחול,68.64014340444187,1278.8221327783733,0.36363636363636365,39.739030392045294,740.3707084506372,-0.369965581506992,-0.1907422113834817,0.0,0.6442959321671777,0.5756362170564573,0.6934354144325707,0.579508538968416,False,1.0,1.0,False,23,4,False
Jer.23.20,לא ישוב אף יהוה עד עשתו ועד הקימו מזמות לבו באחרית הימים תתבוננו בה בינה,329.83705715698534,10818.255288309121,0.06666666666666667,291.03269749145767,9545.519372037461,0.5514908972772159,-0.0728250631163919,0.5514908972772159,0.2906486024895758,0.5290273367877434,0.6934354144325707,0.579508538968416,False,0.8589272046454998,1.0,False,23,4,False
Jer.23.21,לא שלחתי את הנבאים והם רצו לא דברתי אליהם והם נבאו,135.8999722515031,937.9178542170926,0.09090909090909091,114.9922842128103,793.6227997221552,-0.09402309921871263,-0.1900290678600834,0.0,0.5374545962531373,0.575356823664494,0.6934354144325707,0.579508538968416,False,1.0,1.0,False,23,4,False
Jer.23.22,ואם עמדו בסודי וישמעו דברי את עמי וישבום מדרכם הרע ומרע מעלליהם,232.92055319932206,3076.901043262556,0.25,155.28036879954803,2051.2673621750373,0.05370731113647326,-0.17318689221899142,0.05370731113647326,0.4785841788832986,0.5687477367743927,0.6934354144325707,0.579508538968416,False,0.9985588018901352,1.0,False,23,4,False
Jer.23.23,האלהי מקרב אני נאם יהוה ולא אלהי מרחק,262.76258754264745,3456.28834586819,0.125,210.21007003411796,2765.030676694552,0.25512635071876333,-0.16362828761145465,0.25512635071876333,0.39931275624883905,0.5649881127289075,0.6934354144325707,0.579508538968416,False,0.9679791536572138,1.0,False,23,4,False
Jer.23.24,אם יסתר איש במסתרים ואני לא אראנו נאם יהוה הלוא את השמים ואת הארץ אני מלא נאם יהוה,8.627606063995104,344.71673984907255,0.05555555555555555,7.764845457595594,310.24506586416527,-0.48721015914307514,-0.1965023854711825,0.0,0.6869452966697354,0.5778915171352291,0.6934354144325707,0.579508538968416,False,1.0,1.0,False,23,4,False
Jer.23.25,שמעתי את אשר אמרו הנבאים הנבאים בשמי שקר לאמר חלמתי חלמתי,68.36582504661283,1545.5969452679833,0.0,68.36582504661283,1545.5969452679833,-0.2649953858560166,-0.17995874989032123,0.0,0.604493491827061,0.5714075238740612,0.6934354144325707,0.579508538968416,False,1.0,1.0,False,23,4,False
Jer.23.26,עד מתי היש בלב הנבאים נבאי השקר ונביאי תרמת לבם,292.56144057918266,75150.33399722523,0.3,182.85090036198915,46968.958748265766,0.15480434722566988,0.42834367556036723,0.45545876905877103,0.43848778196912824,0.33420046262651465,0.6934354144325707,0.579508538968416,False,0.9014764632082837,1.0,False,23,4,False
Jer.23.27,החשבים להשכיח את עמי שמי בחלומתם אשר יספרו איש לרעהו כאשר שכחו אבותם את שמי בבעל,98.90677332942244,1326.6987558972232,0.1875,71.9321987850345,964.8718224707078,-0.25191802411838693,-0.18773572822692727,0.0,0.5994477862204861,0.5744580894324192,0.6934354144325707,0.579508538968416,False,1.0,1.0,False,23,4,False
Jer.23.28,הנביא אשר אתו חלום יספר חלום ואשר דברי אתו ידבר דברי אמת מה לתבן את הבר נאם יהוה,76.97789149167572,77.55036298989329,0.05555555555555555,69.28010234250814,69.79532669090395,-0.26164286707815676,-0.19972245007521688,0.0,0.6032016041205907,0.5791511725577841,0.6934354144325707,0.579508538968416,False,1.0,1.0,False,23,5,True
Jer.23.29,הלוא כה דברי כאש נאם יהוה וכפטיש יפצץ סלע,18.550985758062893,1408.1957257509127,0.2222222222222222,12.842990140197388,974.9047332121704,-0.46858935834057874,-0.18760136908449235,0.0,0.6803184073733055,0.5744054235366939,0.6934354144325707,0.579508538968416,False,1.0,1.0,False,23,5,False
Jer.23.30,לכן הנני על הנבאים נאם יהוה מגנבי דברי איש מאת רעהו,63.876280136540565,4493.829029795443,0.09090909090909091,54.04916011553432,3802.4707175192207,-0.3174924654983225,-0.14973505584604052,0.0,0.6245650221777861,0.5595131753020581,0.6934354144325707,0.579508538968416,False,1.0,1.0,False,23,5,False
Jer.23.31,הנני על הנביאם נאם יהוה הלקחים לשונם וינאמו נאם,59.88569992446932,26376.993988537328,0.3333333333333333,35.931419954681594,15826.196393122398,-0.3839275223178886,0.011284763055616114,0.011284763055616114,0.6494839165765649,0.49549812644217833,0.6934354144325707,0.579508538968416,False,0.9999363290884679,1.0,False,23,5,False
Jer.23.32,הנני על נבאי חלמות שקר נאם יהוה ויספרום ויתעו את עמי בשקריהם ובפחזותם ואנכי לא שלחתים ולא צויתים והועיל לא יועילו לעם הזה נאם יהוה,48.78761278403103,5676.0940078372005,0.28,31.27411075899425,3638.5217998956414,-0.40100518202019075,-0.1519306336342494,0.0,0.6557918456622253,0.560379176695057,0.6934354144325707,0.579508538968416,False,1.0,1.0,False,23,5,False
Jer.23.33,וכי ישאלך העם הזה או הנביא או כהן לאמר מה משא יהוה ואמרת אליהם את מה משא ונטשתי אתכם נאם יהוה,104.9600405899589,379.72898566949345,0.047619047619047616,95.83308053865811,346.7090738721462,-0.164277047747028,-0.1960140652845546,0.0,0.5652434752708861,0.5777004214786302,0.6934354144325707,0.579508538968416,False,1.0,1.0,False,23,5,False
Jer.23.34,והנביא והכהן והעם אשר יאמר משא יהוה ופקדתי על האיש ההוא ועל ביתו,67.13391512280124,3815.620635055946,0.15384615384615385,51.337699799789185,2917.827544454547,-0.32743498694643053,-0.16158205629852837,0.0,0.6283305460872016,0.5641825056952943,0.6934354144325707,0.579508538968416,False,1.0,1.0,False,23,5,False
Jer.23.35,כה תאמרו איש על רעהו ואיש אל אחיו מה ענה יהוה ומה דבר יהוה,37.99322216328761,8.294679824072334,0.0,37.99322216328761,8.294679824072334,-0.37636720046409505,-0.2005460569411757,0.0,0.6466780366650817,0.5794732293462179,0.6934354144325707,0.579508538968416,False,1.0,1.0,False,23,5,False
Jer.23.36,ומשא יהוה לא תזכרו עוד כי המשא יהיה לאיש דברו והפכתם את דברי אלהים חיים יהוה צבאות אלהינו,83.68690708899591,917.9512192353128,0.1111111111111111,68.47110580008756,751.0509975561649,-0.2646093370013028,-0.19059918265312079,0.0,0.6043447867131329,0.5755801846992962,0.6934354144325707,0.579508538968416,False,1.0,1.0,False,23,5,False
Jer.23.37,כה תאמר אל הנביא מה ענך יהוה ומה דבר יהוה,27.956883339598235,103.39807165534857,0.1,23.29740278299853,86.16505971279048,-0.43025458304446396,-0.19950322921824068,0.0,0.6664947696511858,0.5790654412117876,0.6934354144325707,0.579508538968416,False,1.0,1.0,False,23,5,False
Jer.23.38,ואם משא יהוה תאמרו לכן כה אמר יהוה יען אמרכם את הדבר הזה משא יהוה ואשלח אליכם לאמר לא תאמרו משא יהוה,31.099299271725695,82.21620776509947,0.045454545454545456,28.507690999081888,75.36485711800785,-0.4111492315707887,-0.19964786381094782,0.0,0.6595184439103321,0.5791220043088966,0.6934354144325707,0.579508538968416,False,1.0,1.0,False,23,5,False
Jer.23.39,לכן הנני ונשיתי אתכם נשא ונטשתי אתכם ואת העיר אשר נתתי לכם ולאבותיכם מעל פני,47.6847606724033,1833.88181004376,0.13333333333333333,37.645863688739446,1447.801428981916,-0.37764091229506763,-0.1812684118658708,0.0,0.6471513161057774,0.5719215505248156,0.6934354144325707,0.579508538968416,False,1.0,1.0,False,23,5,False
Jer.23.40,ונתתי עליכם חרפת עולם וכלמות עולם אשר לא תשכח,186.7202293392245,447.01890172373845,0.1111111111111111,152.77109673209276,365.7427377739678,0.04450618390442806,-0.19575916948959105,0.04450618390442806,0.4822504614100904,0.5776006651503469,0.6934354144325707,0.579508538968416,False,0.999010090081541,1.0,False,23,5,False
Jer.24.1,הראני יהוה והנה שני דודאי תאנים מועדים לפני היכל יהוה אחרי הגלות נבוכדראצר מלך בבל את יכניהו בן יהויקים מלך יהודה ואת שרי יהודה ואת החרש ואת המסגר מירושלם ויבאם בבל,86.5116414296875,1301.9560266838903,0.16129032258064516,65.41124108098323,984.4057762731854,-0.27582940554567437,-0.18747413262930893,0.0,0.6086604514243227,0.5743555483574361,0.6934354144325707,0.579508538968416,False,1.0,1.0,False,24,5,False
Jer.24.2,הדוד אחד תאנים טבות מאד כתאני הבכרות והדוד אחד תאנים רעות מאד אשר לא תאכלנה מרע,199.24004708587435,1959.0552363527538,0.25,132.82669805724956,1306.0368242351692,-0.028626957835745988,-0.18316690086993245,0.0,0.5114189441760248,0.5726664678745003,0.6934354144325707,0.579508538968416,False,1.0,1.0,False,24,5,False
Jer.24.3,ויאמר יהוה אלי מה אתה ראה ירמיהו ואמר תאנים התאנים הטבות טבות מאד והרעות רעות מאד אשר לא תאכלנה מרע,42.26120573251235,1244.2338282671838,0.1,35.217671443760295,1036.8615235559864,-0.38654473188469723,-0.18677165361775216,0.0,0.6504533596594709,0.5740801635326409,0.6934354144325707,0.579508538968416,False,1.0,1.0,False,24,5,False
Jer.24.4,ויהי דבר יהוה אלי לאמר,54.8781891244833,3.77491560229214,0.0,54.8781891244833,3.77491560229214,-0.31445253950172397,-0.2006065849036479,0.0,0.6234113212410175,0.5794968956317573,0.6934354144325707,0.579508538968416,False,1.0,1.0,False,24,5,False
Jer.24.5,כה אמר יהוה אלהי ישראל כתאנים הטבות האלה כן אכיר את גלות יהודה אשר שלחתי מן המקום הזה ארץ כשדים לטובה,72.72058043451352,485.2688878174426,0.09523809523809523,61.08528756499136,407.62586576665177,-0.2916920332841326,-0.1951982773113787,0.0,0.614738949507465,0.5773811361859879,0.6934354144325707,0.579508538968416,False,1.0,1.0,False,24,5,False
Jer.24.6,ושמתי עיני עליהם לטובה והשבתים על הארץ הזאת ובניתים ולא אהרס ונטעתים ולא אתוש,53.57699998028655,11050.012539815898,0.14285714285714285,41.67099998466732,8594.454197634588,-0.3628813365338332,-0.08556157642996105,0.0,0.6416532354454241,0.5340925280147168,0.6934354144325707,0.579508538968416,False,1.0,1.0,False,24,5,False
Jer.24.7,ונתתי להם לב לדעת אתי כי אני יהוה והיו לי לעם ואנכי אהיה להם לאלהים כי ישבו אלי בכל לבם,43.033868609109724,10.586987150445678,0.0,43.033868609109724,10.586987150445678,-0.357883900115241,-0.20051535872661908,0.0,0.6397849001646089,0.5794612263094772,0.6934354144325707,0.579508538968416,False,1.0,1.0,False,24,5,False
Jer.24.8,וכתאנים הרעות אשר לא תאכלנה מרע כי כה אמר יהוה כן אתן את צדקיהו מלך יהודה ואת שריו ואת שארית ירושלם הנשארים בארץ הזאת והישבים בארץ מצרים,50.76391532072189,248.54081535032222,0.07407407407407407,44.21373269869326,216.47103272447418,-0.3535575140905527,-0.19775819238504688,0.0,0.6381647404526216,0.5783828711287584,0.6934354144325707,0.579508538968416,False,1.0,1.0,False,24,5,False
Jer.24.9,ונתתים לזועה לזעוה לרעה לכל ממלכות הארץ לחרפה ולמשל לשנינה ולקללה בכל המקמות אשר אדיחם שם,82.0963582254229,30821.620834994326,0.1875,59.70644234576211,22415.724243632238,-0.2967480534981111,0.09953067033620526,0.09953067033620526,0.6166705664220414,0.46035846869369307,0.6934354144325707,0.579508538968416,False,0.9950590695847887,1.0,False,24,5,False
Jer.24.10,ושלחתי בם את החרב את הרעב ואת הדבר עד תמם מעל האדמה אשר נתתי להם ולאבותיהם,61.402744251772376,59.0199165805944,0.0625,54.580217112686555,52.46214807163946,-0.3155451585236663,-0.19995457324215898,0.0,0.6238261152985519,0.579241945556649,0.6934354144325707,0.579508538968416,False,1.0,1.0,False,24,5,False
Jer.25.1,הדבר אשר היה על ירמיהו על כל עם יהודה בשנה הרבעית ליהויקים בן יאשיהו מלך יהודה היא השנה הראשנית לנבוכדראצר מלך בבל,21.76192859488264,1731.249625092485,0.045454545454545456,19.948434545309087,1586.9788230014449,-0.44253475116601343,-0.17940457037573262,0.0,0.6709488554882411,0.5711899785157533,0.6934354144325707,0.579508538968416,False,1.0,1.0,False,25,5,False
Jer.25.2,אשר דבר ירמיהו הנביא על כל עם יהודה ואל כל ישבי ירושלם לאמר,32.94085837865708,44.51367584555562,0.0,32.94085837865708,44.51367584555562,-0.3948934665505411,-0.2000610179160412,0.0,0.6535392440449684,0.5792835699037658,0.6934354144325707,0.579508538968416,False,1.0,1.0,False,25,5,False
Jer.25.3,מן שלש עשרה שנה ליאשיהו בן אמון מלך יהודה ועד היום הזה זה שלש ועשרים שנה היה דבר יהוה אלי ואדבר אליכם אשכים ודבר ולא שמעתם,37.172442144184004,149.0433373668015,0.07692307692307693,32.216116524959475,129.1708923845613,-0.3975509870692398,-0.19892730195780972,0.0,0.6545194022804974,0.5788401937875605,0.6934354144325707,0.579508538968416,False,1.0,1.0,False,25,5,False
Jer.25.4,ושלח יהוה אליכם את כל עבדיו הנבאים השכם ושלח ולא שמעתם ולא הטיתם את אזנכם לשמע,33.365083428204116,1381.5873860348947,0.0625,29.657851936181437,1228.0776764754619,-0.4069317625857242,-0.18421091735805525,0.0,0.6579709466315905,0.5730760023859496,0.6934354144325707,0.579508538968416,False,1.0,1.0,False,25,5,False
Jer.25.5,לאמר שובו נא איש מדרכו הרעה ומרע מעלליכם ושבו על האדמה אשר נתן יהוה לכם ולאבותיכם למן עולם ועד עולם,14.67357168043023,77.81079901066906,0.0,14.67357168043023,77.81079901066906,-0.4618768882665795,-0.199615108146753,0.0,0.6779151956330833,0.5791091945025133,0.6934354144325707,0.579508538968416,False,1.0,1.0,False,25,5,False
Jer.25.6,ואל תלכו אחרי אלהים אחרים לעבדם ולהשתחות להם ולא תכעיסו אותי במעשה ידיכם ולא ארע לכם,35.167244625216725,1517.9412612117244,0.125,28.13379570017338,1214.3530089693795,-0.41252024998738057,-0.18439471591899542,0.0,0.6600209293116146,0.5731480925837151,0.6934354144325707,0.579508538968416,False,1.0,1.0,False,25,5,False
Jer.25.7,ולא שמעתם אלי נאם יהוה למען הכעסוני הכעיסני במעשה ידיכם לרע לכם,70.56397848009681,426.71869228785306,0.16666666666666666,52.922983860072605,320.0390192158898,-0.3216219862253117,-0.19637122640804572,0.0,0.6261304572269062,0.577840192104286,0.6934354144325707,0.579508538968416,False,1.0,1.0,False,25,5,False
Jer.25.8,לכן כה אמר יהוה צבאות יען אשר לא שמעתם את דברי,16.054455832827177,2.779265765288366,0.0,16.054455832827177,2.779265765288366,-0.45681339158811674,-0.20061991848766084,0.0,0.6760974102586165,0.57950210899193,0.6934354144325707,0.579508538968416,False,1.0,1.0,False,25,5,False
Jer.25.9,הנני שלח ולקחתי את כל משפחות צפון נאם יהוה ואל נבוכדראצר מלך בבל עבדי והבאתים על הארץ הזאת ועל ישביה ועל כל הגוים האלה סביב והחרמתים ושמתים לשמה ולשרקה ולחרבות עולם,53.456984688373005,2411.9628508975425,0.12903225806451613,42.491449367681106,1917.201240457021,-0.3598728707486868,-0.17498228436467916,0.0,0.640528897155028,0.5694532230779128,0.6934354144325707,0.579508538968416,False,1.0,1.0,False,25,5,False
Jer.25.10,והאבדתי מהם קול ששון וקול שמחה קול חתן וקול כלה קול רחים ואור נר,35.11658830889585,59.59106339839417,0.0,35.11658830889585,59.59106339839417,-0.3869153886966726,-0.19985910394371945,0.0,0.6505905758879336,0.5792046122895734,0.6934354144325707,0.579508538968416,False,1.0,1.0,False,25,5,False
Jer.25.11,והיתה כל הארץ הזאת לחרבה לשמה ועבדו הגוים האלה את מלך בבל שבעים שנה,59.16117635863502,41.68304608942002,0.0,59.16117635863502,41.68304608942002,-0.29874746272436975,-0.20009892525882395,0.0,0.617433630096297,0.5792983930560727,0.6934354144325707,0.579508538968416,False,1.0,1.0,False,25,5,False
Jer.25.12,והיה כמלאות שבעים שנה אפקד על מלך בבל ועל הגוי ההוא נאם יהוה את עונם ועל ארץ כשדים ושמתי אתו לשממות עולם,39.990027241445794,1479.6189481489973,0.09090909090909091,33.83771535814644,1251.9852638183822,-0.39160482548038483,-0.18389075075677097,0.0,0.6523248890453832,0.5729504195488705,0.6934354144325707,0.579508538968416,False,1.0,1.0,False,25,5,False
Jer.25.13,והבאיתי והבאתי על הארץ ההיא את כל דברי אשר דברתי עליה את כל הכתוב בספר הזה אשר נבא ירמיהו על כל הגוים,31.767708483996635,25.156030309729072,0.045454545454545456,29.120399443663583,23.059694450584985,-0.4089025208900844,-0.20034832621732315,0.0,0.6586944005188335,0.5793959151142971,0.6934354144325707,0.579508538968416,False,1.0,1.0,False,25,5,False
Jer.25.14,כי עבדו בם גם המה גוים רבים ומלכים גדולים ושלמתי להם כפעלם וכמעשה ידיהם,84.38981670738933,2624.4586994177484,0.14285714285714285,65.63652410574726,2041.2456551026935,-0.27500332622133233,-0.17332110132367418,0.0,0.6083431585768652,0.5688004808818286,0.6934354144325707,0.579508538968416,False,1.0,1.0,False,25,5,False
Jer.25.15,כי כה אמר יהוה אלהי ישראל אלי קח את כוס היין החמה הזאת מידי והשקיתה אתו את כל הגוים אשר אנכי שלח אותך אליהם,37.94770436905061,25.59873040659374,0.041666666666666664,35.02865018681595,23.629597298394224,-0.3872378447030573,-0.20034069416916925,0.0,0.6507099322935423,0.5793929308634316,0.6934354144325707,0.579508538968416,False,1.0,1.0,False,25,5,False
Jer.25.16,ושתו והתגעשו והתהללו מפני החרב אשר אנכי שלח בינתם,337.8776376622744,95272.68333232318,0.3333333333333333,202.72658259736468,57163.60999939391,0.22768551600895517,0.5648688211359171,0.6090299494209992,0.4099453666357341,0.286081496093444,0.6934354144325707,0.579508538968416,False,0.8307231108035475,1.0,False,25,5,False
Jer.25.17,ואקח את הכוס מיד יהוה ואשקה את כל הגוים אשר שלחני יהוה אליהם,22.404551615968852,562.0642359851231,0.07692307692307693,19.417278067173008,487.1223378537734,-0.4444824229226322,-0.19413367322075462,0.0,0.6716530829293064,0.5769643921280075,0.6934354144325707,0.579508538968416,False,1.0,1.0,False,25,5,False
Jer.25.18,את ירושלם ואת ערי יהודה ואת מלכיה את שריה לתת אתם לחרבה לשמה לשרקה ולקללה כיום הזה,115.11373712806244,455.12387863600765,0.058823529411764705,102.99650164089797,407.2161019374805,-0.13800984865240398,-0.19520376480330473,0.0,0.5548836830326759,0.5773832840654409,0.6934354144325707,0.579508538968416,False,1.0,1.0,False,25,5,False
Jer.25.19,את פרעה מלך מצרים ואת עבדיו ואת שריו ואת כל עמו,19.336959244426744,2.000537630198714,0.0,19.336959244426744,2.000537630198714,-0.4447769400922933,-0.20063034709079675,0.0,0.6717595196875548,0.5795061865103679,0.6934354144325707,0.579508538968416,False,1.0,1.0,False,25,5,False
Jer.25.20,ואת כל הערב ואת כל מלכי ארץ העוץ ואת כל מלכי ארץ פלשתים ואת אשקלון ואת עזה ואת עקרון ואת שארית אשדוד,100.46681947043928,25.784013171082766,0.045454545454545456,92.09458451456935,23.63534540682587,-0.17798555629031254,-0.20034061719141677,0.0,0.5706328404817234,0.5793929007638965,0.6934354144325707,0.579508538968416,False,1.0,1.0,False,25,5,False
Jer.25.21,את אדום ואת מואב ואת בני עמון,34.929753594095395,1.5512623372128111,0.0,34.929753594095395,1.5512623372128111,-0.3876004837904004,-0.2006363637139521,0.0,0.6508441445765064,0.579508538968416,0.6934354144325707,0.579508538968416,False,1.0,1.0,False,25,5,False
Jer.25.22,ואת כל מלכי צר ואת כל מלכי צידון ואת מלכי האי אשר בעבר הים,93.77410823662079,16.460645945919687,0.07142857142857142,82.05234470704319,14.403065202679727,-0.2148089551405866,-0.20046425441723417,0.0,0.5850418646577268,0.5794412443026205,0.6934354144325707,0.579508538968416,False,1.0,1.0,False,25,5,False
Jer.25.23,ואת דדן ואת תימא ואת בוז ואת כל קצוצי פאה,89.32828270689366,1465.8286446187499,0.1,74.44023558907806,1221.523870515625,-0.24272142641343594,-0.18429868488346637,0.0,0.5958893960758606,0.5731104272161724,0.6934354144325707,0.579508538968416,False,1.0,1.0,False,25,5,False
Jer.25.24,ואת כל מלכי ערב ואת כל מלכי הערב השכנים במדבר,150.65195007956785,83.14408045858073,0.1,125.54329173297322,69.28673371548395,-0.05533412488292544,-0.19972926107132627,0.0,0.5220638619615229,0.5791538360939861,0.6934354144325707,0.579508538968416,False,1.0,1.0,False,25,5,False
Jer.25.25,ואת כל מלכי זמרי ואת כל מלכי עילם ואת כל מלכי מדי,13.730846624971251,7.222534311569461,0.0,13.730846624971251,7.222534311569461,-0.4653337207450567,-0.20056041494308932,0.0,0.6791537549188962,0.5794788433159027,0.6934354144325707,0.579508538968416,False,1.0,1.0,False,25,5,False
Jer.25.26,ואת כל מלכי הצפון הקרבים והרחקים איש אל אחיו ואת כל הממלכות הארץ אשר על פני האדמה ומלך ששך ישתה אחריהם,225.5961539546061,217.6106134279084,0.14285714285714285,175.463675298027,169.25269933281766,0.12771649231075818,-0.19839053278407892,0.12771649231075818,0.44918666900204895,0.5786302380089366,0.6934354144325707,0.579508538968416,False,0.9918774167037845,1.0,False,25,5,False
Jer.25.27,ואמרת אליהם כה אמר יהוה צבאות אלהי ישראל שתו ושכרו וקיו ונפלו ולא תקומו מפני החרב אשר אנכי שלח ביניכם,24.73484778664422,224.5552315050965,0.2,17.667748419031586,160.3965939322118,-0.4508976877707799,-0.19850913233685089,0.0,0.6739683549538092,0.5786766298225943,0.6934354144325707,0.579508538968416,False,1.0,1.0,False,25,5,False
Jer.25.28,והיה כי ימאנו לקחת הכוס מידך לשתות ואמרת אליהם כה אמר יהוה צבאות שתו תשתו,34.48788723144205,899.2421559732171,0.06666666666666667,30.430488733625342,793.4489611528386,-0.4040986184362136,-0.19003139587851167,0.0,0.6569298995620404,0.5753577357907755,0.6934354144325707,0.579508538968416,False,1.0,1.0,False,25,5,False
Jer.25.29,כי הנה בעיר אשר נקרא שמי עליה אנכי מחל להרע ואתם הנקה תנקו לא תנקו כי חרב אני קרא על כל ישבי הארץ נאם יהוה צבאות,48.236294992646194,1193.6583790026937,0.15384615384615385,36.886578523788266,912.7975839432363,-0.3804250979952676,-0.18843309813400597,0.0,0.6481850564467373,0.5747314220839421,0.6934354144325707,0.579508538968416,False,1.0,1.0,False,25,5,False
Jer.25.30,ואתה תנבא אליהם את כל הדברים האלה ואמרת אליהם יהוה ממרום ישאג וממעון קדשו יתן קולו שאג ישאג על נוהו הידד כדרכים יענה אל כל ישבי הארץ,20.134907415568442,1368.7192581520155,0.07407407407407407,17.536854845817675,1192.1103216162717,-0.45137765502368105,-0.18469258644483005,0.0,0.6741413074102256,0.5732649193489624,0.6934354144325707,0.579508538968416,False,1.0,1.0,False,25,5,False
Jer.25.31,בא שאון עד קצה הארץ כי ריב ליהוה בגוים נשפט הוא לכל בשר הרשעים נתנם לחרב נאם יהוה,132.01782541584637,260.4791551981972,0.0,132.01782541584637,260.4791551981972,-0.0315929734323006,-0.19716884261925013,0.0,0.5126016765084509,0.5781522940119148,0.6934354144325707,0.579508538968416,False,1.0,1.0,False,25,5,False
Jer.25.32,כה אמר יהוה צבאות הנה רעה יצאת מגוי אל גוי וסער גדול יעור מירכתי ארץ,61.93859279866707,341.9874409206134,0.06666666666666667,54.651699528235646,301.7536243417177,-0.31528304314412997,-0.19661610150338812,0.0,0.623726620713266,0.5779360153065066,0.6934354144325707,0.579508538968416,False,1.0,1.0,False,25,5,False
Jer.25.33,והיו חללי יהוה ביום ההוא מקצה הארץ ועד קצה הארץ לא יספדו ולא יאספו ולא יקברו לדמן על פני האדמה יהיו,50.90628925361451,387.30073226689456,0.0,50.90628925361451,387.30073226689456,-0.32901690521511184,-0.19547046826147027,0.0,0.6289285448718726,0.5774876726751405,0.6934354144325707,0.579508538968416,False,1.0,1.0,False,25,5,False
Jer.25.34,הילילו הרעים וזעקו והתפלשו אדירי הצאן כי מלאו ימיכם לטבוח ותפוצותיכם ונפלתם ככלי חמדה,112.99607640256285,158862.93639451556,0.2857142857142857,71.90659407435818,101094.595887419,-0.2520119127818476,1.153185586064619,1.153185586064619,0.5994840720735589,0.12441710922359767,0.6934354144325707,0.579508538968416,False,0.5143154437596485,1.0,False,25,5,False
Jer.25.35,ואבד מנוס מן הרעים ופליטה מאדירי הצאן,230.3445310042103,200282.66786815817,0.14285714285714285,179.15685744771915,155775.40834190082,0.14125884162041166,1.8854623159538697,1.8907464677259271,0.443832731571472,0.029683723785257014,0.6934354144325707,0.579508538968416,False,0.1673846029745205,1.0,False,25,5,False
Jer.25.36,קול צעקת הרעים ויללת אדירי הצאן כי שדד יהוה את מרעיתם,33.839341938507864,8468.254989241093,0.18181818181818182,24.81551742157243,6210.053658776801,-0.42468788259634777,-0.11749308861797786,0.0,0.6644678908299209,0.5467653397022847,0.6934354144325707,0.579508538968416,False,1.0,1.0,False,25,5,False
Jer.25.37,ונדמו נאות השלום מפני חרון אף יהוה,251.08874113894655,2450.288805307381,0.14285714285714285,195.29124310806955,1905.780181905741,0.20042123265691728,-0.1751352333614551,0.20042123265691728,0.42057557755116404,0.569513313063154,0.6934354144325707,0.579508538968416,False,0.9801160114924318,1.0,False,25,5,False
Jer.25.38,עזב ככפיר סכו כי היתה ארצם לשמה מפני חרון היונה ומפני חרון אפו,125.12804798927121,6102.534717740737,0.15384615384615385,95.6861543447368,4666.644195919387,-0.16481580423402825,-0.1381621822837344,0.0,0.5654555179082428,0.5549438787163786,0.6934354144325707,0.579508538968416,False,1.0,1.0,False,25,5,False
Jer.26.1,בראשית ממלכות יהויקים בן יאשיהו מלך יהודה היה הדבר הזה מאת יהוה לאמר,24.414240468878763,8.135696959517015,0.0,24.414240468878763,8.135696959517015,-0.42615930546232905,-0.2005481860143723,0.0,0.6650041158697568,0.5794740618135147,0.6934354144325707,0.579508538968416,False,1.0,1.0,False,26,5,False
Jer.26.2,כה אמר יהוה עמד בחצר בית יהוה ודברת על כל ערי יהודה הבאים להשתחות בית יהוה את כל הדברים אשר צויתיך לדבר אליהם אל תגרע דבר,29.327111123142117,242.16607473886654,0.038461538461538464,27.23231747148911,224.86849797180466,-0.41582583649058286,-0.19764573486814746,0.0,0.6612312742011391,0.5783388753383922,0.6934354144325707,0.579508538968416,False,1.0,1.0,False,26,5,False
Jer.26.3,אולי ישמעו וישבו איש מדרכו הרעה ונחמתי אל הרעה אשר אנכי חשב לעשות להם מפני רע מעלליהם,48.56035674533983,182.8217345817773,0.0,48.56035674533983,182.8217345817773,-0.3376190905924498,-0.19820881842553437,0.0,0.63217487305186,0.5785591558710204,0.6934354144325707,0.579508538968416,False,1.0,1.0,False,26,5,False
Jer.26.4,ואמרת אליהם כה אמר יהוה אם לא תשמעו אלי ללכת בתורתי אשר נתתי לפניכם,7.720083264504763,16.51094244801269,0.0,7.720083264504763,16.51094244801269,-0.48737429544346117,-0.20043602606094366,0.0,0.6870034470135279,0.5794302068049778,0.6934354144325707,0.579508538968416,False,1.0,1.0,False,26,5,False
Jer.26.5,לשמע על דברי עבדי הנבאים אשר אנכי שלח אליכם והשכם ושלח ולא שמעתם,90.36677675680025,1412.1223273144794,0.07692307692307693,78.31787318922689,1223.8393503392156,-0.2285027064183122,-0.18426767634651833,0.0,0.5903722738215091,0.5730982648812663,0.6934354144325707,0.579508538968416,False,1.0,1.0,False,26,5,False
Jer.26.6,ונתתי את הבית הזה כשלה ואת העיר הזאתה הזאת אתן לקללה לכל גויי הארץ,143.0115554177826,90.31203673848626,0.14285714285714285,111.23120976938648,70.24269524104487,-0.10781439946549347,-0.19971645898685797,0.0,0.5429285398241432,0.5791488296550902,0.6934354144325707,0.579508538968416,False,1.0,1.0,False,26,5,False
Jer.26.7,וישמעו הכהנים והנבאים וכל העם את ירמיהו מדבר את הדברים האלה בבית יהוה,81.80687184917504,75.8456808586536,0.0,81.80687184917504,75.8456808586536,-0.21570906757819452,-0.19964142469600696,0.0,0.5853927336455808,0.579119486161241,0.6934354144325707,0.579508538968416,False,1.0,1.0,False,26,5,False
Jer.26.8,ויהי ככלות ירמיהו לדבר את כל אשר צוה יהוה לדבר אל כל העם ויתפשו אתו הכהנים והנבאים וכל העם לאמר מות תמות,15.19380320705481,76.97455783767644,0.045454545454545456,13.927652939800243,70.56001135120341,-0.4646120612780353,-0.1997122095400583,0.0,0.6788953533275359,0.5791471678450918,0.6934354144325707,0.579508538968416,False,1.0,1.0,False,26,5,False
Jer.26.9,מדוע נבית בשם יהוה לאמר כשלו יהיה הבית הזה והעיר הזאת תחרב מאין יושב ויקהל כל העם אל ירמיהו בבית יהוה,74.37608733114897,335.9094621128398,0.09523809523809523,62.47591335816513,282.1639481747854,-0.28659281545872883,-0.19687844332603482,0.0,0.6127879418947864,0.5780386683753754,0.6934354144325707,0.579508538968416,False,1.0,1.0,False,26,5,False
Jer.26.10,וישמעו שרי יהודה את הדברים האלה ויעלו מבית המלך בית יהוה וישבו בפתח שער יהוה החדש,43.08892857834285,20.94695963643451,0.0,43.08892857834285,20.94695963643451,-0.35768200340229495,-0.2003766196254015,0.0,0.6397093487517432,0.5794069782420407,0.6934354144325707,0.579508538968416,False,1.0,1.0,False,26,5,False
Jer.26.11,ויאמרו הכהנים והנבאים אל השרים ואל כל העם לאמר משפט מות לאיש הזה כי נבא אל העיר הזאת כאשר שמעתם באזניכם,23.167357943602166,78.06898313849895,0.0,23.167357943602166,78.06898313849895,-0.43073143811676795,-0.19961165058604113,0.0,0.6666681715398213,0.5791078423442086,0.6934354144325707,0.579508538968416,False,1.0,1.0,False,26,5,False
Jer.26.12,ויאמר ירמיהו אל כל השרים ואל כל העם לאמר יהוה שלחני להנבא אל הבית הזה ואל העיר הזאת את כל הדברים אשר שמעתם,9.695302528944733,15.819123448678386,0.0,9.695302528944733,15.819123448678386,-0.48013146036032495,-0.20044529079077789,0.0,0.6844330404433581,0.5794338293902608,0.6934354144325707,0.579508538968416,False,1.0,1.0,False,26,5,False
Jer.26.13,ועתה היטיבו דרכיכם ומעלליכם ושמעו בקול יהוה אלהיכם וינחם יהוה אל הרעה אשר דבר עליכם,12.284955777668243,361.6229711267248,0.0,12.284955777668243,361.6229711267248,-0.47063558729919897,-0.19581434074826357,0.0,0.6810495051726473,0.5776222574635559,0.6934354144325707,0.579508538968416,False,1.0,1.0,False,26,5,False
Jer.26.14,ואני הנני בידכם עשו לי כטוב וכישר בעיניכם,36.97007687690035,1444.6151668163463,0.125,29.57606150152028,1155.692133453077,-0.4072316759372663,-0.1851802930193956,0.0,0.658081080576425,0.5734561871713341,0.6934354144325707,0.579508538968416,False,1.0,1.0,False,26,5,False
Jer.26.15,אך ידע תדעו כי אם ממתים אתם אתי כי דם נקי אתם נתנים עליכם ואל העיר הזאת ואל ישביה כי באמת שלחני יהוה עליכם לדבר באזניכם את כל הדברים האלה,43.84571875360454,206.59065433953754,0.0,43.84571875360454,206.59065433953754,-0.35490696645797265,-0.19789050883846118,0.0,0.6386703553442536,0.5784346349077321,0.6934354144325707,0.579508538968416,False,1.0,1.0,False,26,5,False
Jer.26.16,ויאמרו השרים וכל העם אל הכהנים ואל הנביאים אין לאיש הזה משפט מות כי בשם יהוה אלהינו דבר אלינו,53.90718004385699,14.74901965831259,0.0,53.90718004385699,14.74901965831259,-0.3180130852911547,-0.2004596214502739,0.0,0.6247624944251152,0.5794394327823021,0.6934354144325707,0.579508538968416,False,1.0,1.0,False,26,5,False
Jer.26.17,ויקמו אנשים מזקני הארץ ויאמרו אל כל קהל העם לאמר,43.05169404810967,309.29713153899394,0.0,43.05169404810967,309.29713153899394,-0.35781853688327714,-0.1965150800566619,0.0,0.6397604413022887,0.5778964846972868,0.6934354144325707,0.579508538968416,False,1.0,1.0,False,26,5,False
Jer.26.18,מיכיה מיכה המורשתי היה נבא בימי חזקיהו מלך יהודה ויאמר אל כל עם יהודה לאמר כה אמר יהוה צבאות ציון שדה תחרש וירושלים עיים תהיה והר הבית לבמות יער,21.033213051263246,393.0166139883769,0.13793103448275862,16.48549131044957,308.0400488017008,-0.45523284863999747,-0.19653191470842996,0.0,0.6755291346392706,0.577903072303859,0.6934354144325707,0.579508538968416,False,1.0,1.0,False,26,5,False
Jer.26.19,ההמת המתהו חזקיהו מלך יהודה וכל יהודה הלא ירא את יהוה ויחל את פני יהוה וינחם יהוה אל הרעה אשר דבר עליהם ואנחנו עשים רעה גדולה על נפשותינו,39.44403724792802,260.77934090818565,0.10714285714285714,32.48332479241132,214.75945721850584,-0.396571174119434,-0.1977811135315736,0.0,0.6541581435638941,0.5783918382524192,0.6934354144325707,0.579508538968416,False,1.0,1.0,False,26,5,False
Jer.26.20,וגם איש היה מתנבא בשם יהוה אוריהו בן שמעיהו מקרית היערים וינבא על העיר הזאת ועל הארץ הזאת ככל דברי ירמיהו,42.515243019014434,1985.033990436926,0.19047619047619047,30.78690011721735,1437.4384068681188,-0.40279171093506516,-0.1814071918072182,0.0,0.6564492702336397,0.5719760128558857,0.6934354144325707,0.579508538968416,False,1.0,1.0,False,26,5,False
Jer.26.21,וישמע המלך יהויקים וכל גבוריו וכל השרים את דבריו ויבקש המלך המיתו וישמע אוריהו וירא ויברח ויבא מצרים,36.74335579527329,2215.6791969205656,0.05555555555555555,33.06902021574596,1994.111277228509,-0.3944235161674632,-0.1739523174037901,0.0,0.6533658076525547,0.5690485319988509,0.6934354144325707,0.579508538968416,False,1.0,1.0,False,26,5,False
Jer.26.22,וישלח המלך יהויקים אנשים מצרים את אלנתן בן עכבור ואנשים אתו אל מצרים,25.22162855470526,920.9097403595612,0.07692307692307693,21.858744747411226,798.1217749782865,-0.43552992795445905,-0.18996881830012752,0.0,0.6684110897563746,0.5753332175224053,0.6934354144325707,0.579508538968416,False,1.0,1.0,False,26,5,False
Jer.26.23,ויוציאו את אוריהו ממצרים ויבאהו אל המלך יהויקים ויכהו בחרב וישלך את נבלתו אל קברי בני העם,17.387018383875734,1744.6244581248018,0.058823529411764705,15.55680592241513,1560.9797783221911,-0.45863819974746506,-0.17975274544050177,0.0,0.6767529999005881,0.5713266585431489,0.6934354144325707,0.579508538968416,False,1.0,1.0,False,26,5,False
Jer.26.24,אך יד אחיקם בן שפן היתה את ירמיהו לבלתי תת אתו ביד העם להמיתו,35.18093921945301,65.49989645272319,0.0,35.18093921945301,65.49989645272319,-0.38667942348460416,-0.19977997379271653,0.0,0.6505032244292435,0.5791736679058306,0.6934354144325707,0.579508538968416,False,1.0,1.0,False,26,5,False
Jer.27.1,בראשית ממלכת יהויקם בן יאושיהו מלך יהודה היה הדבר הזה אל ירמיה מאת יהוה לאמר,102.79220293141104,243.64553965143023,0.13333333333333333,81.15173915637715,192.3517418300765,-0.21811134166337132,-0.19808119408656877,0.0,0.5863288196173284,0.5785092308729147,0.6934354144325707,0.579508538968416,False,1.0,1.0,False,27,5,False
Jer.27.2,כה אמר יהוה אלי עשה לך מוסרות ומטות ונתתם על צוארך,86.82013608169306,538.447330039472,0.18181818181818182,63.66809979324157,394.86137536227943,-0.2822212452269759,-0.19536921733352627,0.0,0.6111130655797045,0.5774480433697481,0.6934354144325707,0.579508538968416,False,1.0,1.0,False,27,5,False
Jer.27.3,ושלחתם אל מלך אדום ואל מלך מואב ואל מלך בני עמון ואל מלך צר ואל מלך צידון ביד מלאכים הבאים ירושלם אל צדקיהו מלך יהודה,33.899509495425626,15.978905489614922,0.04,31.388434717986687,14.795282860754556,-0.40058597307668736,-0.2004590019008364,0.0,0.6556375126969437,0.5794391905343012,0.6934354144325707,0.579508538968416,False,1.0,1.0,False,27,5,False
Jer.27.4,וצוית אתם אל אדניהם לאמר כה אמר יהוה צבאות אלהי ישראל כה תאמרו אל אדניכם,15.879405102971512,77.3141367895258,0.06666666666666667,14.01123979673957,68.21835599075807,-0.4643055607133494,-0.1997435686156262,0.0,0.6787855797269975,0.579159431249411,0.6934354144325707,0.579508538968416,False,1.0,1.0,False,27,5,False
Jer.27.5,אנכי עשיתי את הארץ את האדם ואת הבהמה אשר על פני הארץ בכחי הגדול ובזרועי הנטויה ונתתיה לאשר ישר בעיני,35.07000145272129,251.5320225413981,0.15,26.976924194400993,193.48617118569084,-0.4167623256290763,-0.19806600198934984,0.0,0.6615738691970134,0.5785032878360197,0.6934354144325707,0.579508538968416,False,1.0,1.0,False,27,5,False
Jer.27.6,ועתה אנכי נתתי את כל הארצות האלה ביד נבוכדנאצר מלך בבל עבדי וגם את חית השדה נתתי לו לעבדו,18.69455736340112,28.848404468497428,0.05263157894736842,16.91412332879149,26.10093737625958,-0.4536611188193679,-0.20030759837652407,0.0,0.6749636221147519,0.5793799898351812,0.6934354144325707,0.579508538968416,False,1.0,1.0,False,27,5,False
Jer.27.7,ועבדו אתו כל הגוים ואת בנו ואת בן בנו עד בא עת ארצו גם הוא ועבדו בו גוים רבים ומלכים גדלים,159.42297013073684,36.158562609413416,0.0,159.42297013073684,36.158562609413416,0.06889761370042093,-0.20017290826155335,0.06889761370042093,0.47253555899935784,0.5793273227820772,0.6934354144325707,0.579508538968416,False,0.9976293737962727,1.0,False,27,5,False
Jer.27.8,והיה הגוי והממלכה אשר לא יעבדו אתו את נבוכדנאצר מלך בבל ואת אשר לא יתן את צוארו בעל מלך בבל בחרב וברעב ובדבר אפקד על הגוי ההוא נאם יהוה עד תמי אתם בידו,23.670298831593744,247.03040306283316,0.06060606060606061,21.111347606556585,220.32441354252688,-0.4382705220395175,-0.19770658852296435,0.0,0.6694049039940082,0.578362682713581,0.6934354144325707,0.579508538968416,False,1.0,1.0,False,27,5,False
Jer.27.9,ואתם אל תשמעו אל נביאיכם ואל קסמיכם ואל חלמתיכם ואל ענניכם ואל כשפיכם אשר הם אמרים אליכם לאמר לא תעבדו את מלך בבל,25.257288584737275,313.10399611755224,0.17391304347826086,18.73927862738572,232.30296486140972,-0.4469685459659038,-0.19754617367185173,0.0,0.6725511146774955,0.5782999240488624,0.6934354144325707,0.579508538968416,False,1.0,1.0,False,27,5,False
Jer.27.10,כי שקר הם נבאים לכם למען הרחיק אתכם מעל אדמתכם והדחתי אתכם ואבדתם,24.66258253924009,2711.5420208762307,0.07692307692307693,21.374238200674746,2350.0030847594003,-0.4373065413552539,-0.1691862710099104,0.0,0.6690554739806942,0.567174935866064,0.6934354144325707,0.579508538968416,False,1.0,1.0,False,27,5,False
Jer.27.11,והגוי אשר יביא את צוארו בעל מלך בבל ועבדו והנחתיו על אדמתו נאם יהוה ועבדה וישב בה,57.741513766548195,3073.530408513586,0.17647058823529413,42.67851017527475,2271.7398671622154,-0.35918694660633427,-0.17023435955285926,0.0,0.6402723794688849,0.5675870844708917,0.6934354144325707,0.579508538968416,False,1.0,1.0,False,27,5,False
Jer.27.12,ואל צדקיה מלך יהודה דברתי ככל הדברים האלה לאמר הביאו את צואריכם בעל מלך בבל ועבדו אתו ועמו וחיו,39.82195685182191,627.8631236687645,0.05263157894736842,36.02938953260078,568.0666357003108,-0.3835682824558602,-0.19304968007819506,0.0,0.6493507740023472,0.5765399696341165,0.6934354144325707,0.579508538968416,False,1.0,1.0,False,27,5,False
Jer.27.13,למה תמותו אתה ועמך בחרב ברעב ובדבר כאשר דבר יהוה אל הגוי אשר לא יעבד את מלך בבל,50.73326752357475,123.54479598236442,0.0,50.73326752357475,123.54479598236442,-0.3296513501494226,-0.19900264574460644,0.0,0.6291682912161165,0.5788696625086838,0.6934354144325707,0.579508538968416,False,1.0,1.0,False,27,5,False
Jer.27.14,ואל תשמעו אל דברי הנבאים האמרים אליכם לאמר לא תעבדו את מלך בבל כי שקר הם נבאים לכם,23.91905032618099,226.6001070418262,0.0,23.91905032618099,226.6001070418262,-0.4279750940195409,-0.19762254543532223,0.0,0.6656653733378783,0.5783298030137327,0.6934354144325707,0.579508538968416,False,1.0,1.0,False,27,5,False
Jer.27.15,כי לא שלחתים נאם יהוה והם נבאים בשמי לשקר למען הדיחי אתכם ואבדתם אתם והנבאים הנבאים לכם,55.631029539564985,3944.1414759362374,0.058823529411764705,49.77513169329499,3528.9686889955806,-0.33316469164567813,-0.1533977514439175,0.0,0.630495015485296,0.5609576910051061,0.6934354144325707,0.579508538968416,False,1.0,1.0,False,27,5,False
Jer.27.16,ואל הכהנים ואל כל העם הזה דברתי לאמר כה אמר יהוה אל תשמעו אל דברי נביאיכם הנבאים לכם לאמר הנה כלי בית יהוה מושבים מבבלה עתה מהרה כי שקר המה נבאים לכם,27.55758956061813,198.6797736869004,0.0625,24.495635164993892,176.6042432772448,-0.42586084322513984,-0.19829208207865562,0.0,0.6648953755569582,0.5785917268593259,0.6934354144325707,0.579508538968416,False,1.0,1.0,False,27,5,False
Jer.27.17,אל תשמעו אליהם עבדו את מלך בבל וחיו למה תהיה העיר הזאת חרבה,60.70856692494856,21.29231392274707,0.0,60.70856692494856,21.29231392274707,-0.293073411806186,-0.20037199469581315,0.0,0.6152669803914756,0.5794051698326269,0.6934354144325707,0.579508538968416,False,1.0,1.0,False,27,5,False
Jer.27.18,ואם נבאים הם ואם יש דבר יהוה אתם יפגעו נא ביהוה צבאות לבלתי באו הכלים הנותרים בבית יהוה ובית מלך יהודה ובירושלם בבלה,98.9024816418863,2376.26801900255,0.043478260869565216,90.9902831105354,2186.166577482346,-0.18203486519261378,-0.1713803434166653,0.0,0.5722223177385661,0.5680376451022208,0.6934354144325707,0.579508538968416,False,1.0,1.0,False,27,5,False
Jer.27.19,כי כה אמר יהוה צבאות אל העמדים ועל הים ועל המכנות ועל יתר הכלים הנותרים בעיר הזאת,127.75846961834924,494.6820134492018,0.0,127.75846961834924,494.6820134492018,-0.04721139724836178,-0.1940324352494159,0.0,0.5188276280192093,0.5769247575766153,0.6934354144325707,0.579508538968416,False,1.0,1.0,False,27,5,False
Jer.27.20,אשר לא לקחם נבוכדנאצר מלך בבל בגלותו את יכוניה בן יהויקים מלך יהודה מירושלם בבלה ואת כל חרי יהודה וירושלם,29.600101942526837,4230.354225136739,0.15,22.769309186559106,3254.1186347205685,-0.4321910236697307,-0.1570784995879201,0.0,0.6671987085945181,0.5624085089678456,0.6934354144325707,0.579508538968416,False,1.0,1.0,False,27,5,False
Jer.27.21,כי כה אמר יהוה צבאות אלהי ישראל על הכלים הנותרים בית יהוה ובית מלך יהודה וירושלם,8.972092949818796,72.02279099699018,0.0,8.972092949818796,72.02279099699018,-0.48278336225620816,-0.19969262022805864,0.0,0.6853752172788038,0.5791395071321644,0.6934354144325707,0.579508538968416,False,1.0,1.0,False,27,5,False
Jer.27.22,בבלה יובאו ושמה יהיו עד יום פקדי אתם נאם יהוה והעליתים והשיבתים אל המקום הזה,34.57767908270514,3124.660745473346,0.2,24.698342201932242,2231.900532480962,-0.42511754668831114,-0.17076788157661552,0.0,0.6646245063717396,0.5677968575751634,0.6934354144325707,0.579508538968416,False,1.0,1.0,False,27,5,False
Jer.28.1,ויהי בשנה ההיא בראשית ממלכת צדקיה מלך יהודה בשנת בשנה הרבעית בחדש החמישי אמר אלי חנניה בן עזור הנביא אשר מגבעון בבית יהוה לעיני הכהנים וכל העם לאמר,86.33077588138931,285.45607949644926,0.03571428571428571,80.57539082263003,266.425674196686,-0.22022472522889375,-0.1970892077840863,0.0,0.5871519293331506,0.5781211356339359,0.6934354144325707,0.579508538968416,False,1.0,1.0,False,28,5,False
Jer.28.2,כה אמר יהוה צבאות אלהי ישראל לאמר שברתי את על מלך בבל,19.69455867407112,19.957811679262946,0.0,19.69455867407112,19.957811679262946,-0.44346567620308036,-0.2003898661372754,0.0,0.671285529655,0.5794121577963286,0.6934354144325707,0.579508538968416,False,1.0,1.0,False,28,5,False
Jer.28.3,בעוד שנתים ימים אני משיב אל המקום הזה את כל כלי בית יהוה אשר לקח נבוכדנאצר מלך בבל מן המקום הזה ויביאם בבל,19.24056860357234,33.708665048002906,0.0,19.24056860357234,33.708665048002906,-0.4451303902270884,-0.2002057168994339,0.0,0.6718872360637671,0.5793401518742384,0.6934354144325707,0.579508538968416,False,1.0,1.0,False,28,5,False
Jer.28.4,ואת יכניה בן יהויקים מלך יהודה ואת כל גלות יהודה הבאים בבלה אני משיב אל המקום הזה נאם יהוה כי אשבר את על מלך בבל,16.347574572671025,144.9095492829517,0.0,16.347574572671025,144.9095492829517,-0.4557385687921435,-0.19871653237175071,0.0,0.6757110081228569,0.5787577545163909,0.6934354144325707,0.579508538968416,False,1.0,1.0,False,28,5,False
Jer.28.5,ויאמר ירמיה הנביא אל חנניה הנביא לעיני הכהנים ולעיני כל העם העמדים בבית יהוה,64.82961149077707,89.81184942203176,0.0,64.82961149077707,89.81184942203176,-0.2779621546926556,-0.19945439199137796,0.0,0.6094792947459794,0.5790463417828443,0.6934354144325707,0.579508538968416,False,1.0,1.0,False,28,5,False
Jer.28.6,ויאמר ירמיה הנביא אמן כן יעשה יהוה יקם יהוה את דבריך אשר נבאת להשיב כלי בית יהוה וכל הגולה מבבל אל המקום הזה,30.007612841089763,190.7914782289479,0.043478260869565216,27.607003813802585,175.5281599706321,-0.41445191743555104,-0.1983064928148807,0.0,0.6607284131874175,0.5785973639813906,0.6934354144325707,0.579508538968416,False,1.0,1.0,False,28,5,False
Jer.28.7,אך שמע נא הדבר הזה אשר אנכי דבר באזניך ובאזני כל העם,18.640686033086165,50.63902727709722,0.0,18.640686033086165,50.63902727709722,-0.44733007033627925,-0.19997898818542142,0.0,0.6726816207377568,0.5792514929052611,0.6934354144325707,0.579508538968416,False,1.0,1.0,False,28,5,False
Jer.28.8,הנביאים אשר היו לפני ולפניך מן העולם וינבאו אל ארצות רבות ועל ממלכות גדלות למלחמה ולרעה ולדבר,105.43557766706857,4005.260412369728,0.23529411764705882,71.69619281360663,2723.577080411415,-0.25278342289231603,-0.16418342756943596,0.0,0.5997822108076691,0.5652066265239439,0.6934354144325707,0.579508538968416,False,1.0,1.0,False,28,5,False
Jer.28.9,הנביא אשר ינבא לשלום בבא דבר הנביא יודע הנביא אשר שלחו יהוה באמת,372.856489775872,1330.608424361692,0.0,372.856489775872,1330.608424361692,0.8515265662594333,-0.18283784191522554,0.8515265662594333,0.19723845614283675,0.572537372243304,0.6934354144325707,0.579508538968416,False,0.6959003901275937,1.0,False,28,5,False
Jer.28.10,ויקח חנניה הנביא את המוטה מעל צואר ירמיה הנביא וישברהו,139.36841778705812,974.4033833003572,0.2,99.54886984789866,696.0024166431123,-0.15065180134779313,-0.19133638447962273,0.0,0.5598748019425669,0.5758689715286389,0.6934354144325707,0.579508538968416,False,1.0,1.0,False,28,5,False
Jer.28.11,ויאמר חנניה לעיני כל העם לאמר כה אמר יהוה ככה אשבר את על נבכדנאצר מלך בבל בעוד שנתים ימים מעל צואר כל הגוים וילך ירמיה הנביא לדרכו,26.81653382289172,116.04245674154942,0.0,26.81653382289172,116.04245674154942,-0.417350453251502,-0.19910311587661766,0.0,0.6617889550808764,0.5789089580449386,0.6934354144325707,0.579508538968416,False,1.0,1.0,False,28,5,False
Jer.28.12,ויהי דבר יהוה אל ירמיה אחרי שבור חנניה הנביא את המוטה מעל צואר ירמיה הנביא לאמר,14.857817296726429,98.36601195676559,0.125,11.886253837381144,78.69280956541247,-0.47209756797790847,-0.19960329640190572,0.0,0.6815714258393485,0.5791045752453154,0.6934354144325707,0.579508538968416,False,1.0,1.0,False,28,5,False
Jer.28.13,הלוך ואמרת אל חנניה לאמר כה אמר יהוה מוטת עץ שברת ועשית תחתיהן מטות ברזל,78.77943706601665,578.3404165427452,0.13333333333333333,62.19429242053947,456.5845393758515,-0.2876254775251143,-0.19454263055338467,0.0,0.6131832798067686,0.5771244905287528,0.6934354144325707,0.579508538968416,False,1.0,1.0,False,28,5,False
Jer.28.14,כי כה אמר יהוה צבאות אלהי ישראל על ברזל נתתי על צואר כל הגוים האלה לעבד את נבכדנאצר מלך בבל ועבדהו וגם את חית השדה נתתי לו,23.072256236790487,58.35001797997329,0.0,23.072256236790487,58.35001797997329,-0.43108016192225246,-0.19987572382626786,0.0,0.6667949576860314,0.5792111115455014,0.6934354144325707,0.579508538968416,False,1.0,1.0,False,28,5,False
Jer.28.15,ויאמר ירמיה הנביא אל חנניה הנביא שמע נא חנניה לא שלחך יהוה ואתה הבטחת את העם הזה על שקר,65.90883347791083,67.93315971936926,0.05263157894736842,59.631801718109806,61.46333498419124,-0.297021749571413,-0.1998340307808901,0.0,0.6167750478581563,0.5791948073116737,0.6934354144325707,0.579508538968416,False,1.0,1.0,False,28,5,False
Jer.28.16,לכן כה אמר יהוה הנני משלחך מעל פני האדמה השנה אתה מת כי סרה דברת אל יהוה,35.40219739254411,34.05019249744886,0.058823529411764705,31.6756502985921,30.465961708243718,-0.39953279628711097,-0.20024914266600635,0.0,0.6552496683615366,0.579357132430152,0.6934354144325707,0.579508538968416,False,1.0,1.0,False,28,5,False
Jer.28.17,וימת חנניה הנביא בשנה ההיא בחדש השביעי,344.5117774062037,21.206689491565196,0.0,344.5117774062037,21.206689491565196,0.7475907243666363,-0.2003731413645558,0.7475907243666363,0.2273535306410021,0.5794056181956196,0.6934354144325707,0.579508538968416,False,0.7562026028038846,1.0,False,28,5,False
Jer.29.1,ואלה דברי הספר אשר שלח ירמיה הנביא מירושלם אל יתר זקני הגולה ואל הכהנים ואל הנביאים ואל כל העם אשר הגלה נבוכדנאצר מירושלם בבלה,22.520529785588963,517.1578647841992,0.0,22.520529785588963,517.1578647841992,-0.43310326070880145,-0.19373144222867814,0.0,0.667530122986327,0.5768069145521557,0.6934354144325707,0.579508538968416,False,1.0,1.0,False,29,5,False
Jer.29.2,אחרי צאת יכניה המלך והגבירה והסריסים שרי יהודה וירושלם והחרש והמסגר מירושלם,96.62499911139743,147255.808601024,0.3333333333333333,57.97499946683846,88353.48516061441,-0.3030969968552783,0.9825586608347142,0.9825586608347142,0.6190920286312674,0.16291234931839188,0.6934354144325707,0.579508538968416,False,0.6171082893529136,1.0,False,29,5,False
Jer.29.3,ביד אלעשה בן שפן וגמריה בן חלקיה אשר שלח צדקיה מלך יהודה אל נבוכדנאצר מלך בבל בבלה לאמר,25.613656777386094,1861.1156452412004,0.05555555555555555,23.052291099647483,1675.0040807170803,-0.43115337110886903,-0.1782257501465833,0.0,0.6668215720627186,0.570727156117463,0.6934354144325707,0.579508538968416,False,1.0,1.0,False,29,5,False
Jer.29.4,כה אמר יהוה צבאות אלהי ישראל לכל הגולה אשר הגליתי מירושלם בבלה,13.206365747976287,1137.2366851432773,0.0,13.206365747976287,1137.2366851432773,-0.46725691406577907,-0.1854274454432589,0.0,0.679841960742913,0.5735531083395541,0.6934354144325707,0.579508538968416,False,1.0,1.0,False,29,5,False
Jer.29.5,בנו בתים ושבו ונטעו גנות ואכלו את פרין,102.48260033207748,835.5529634624922,0.125,81.98608026566198,668.4423707699938,-0.21505193698540792,-0.19170546422371695,0.0,0.5851365870705478,0.5760135372261731,0.6934354144325707,0.579508538968416,False,1.0,1.0,False,29,5,False
Jer.29.6,קחו נשים והולידו בנים ובנות וקחו לבניכם נשים ואת בנותיכם תנו לאנשים ותלדנה בנים ובנות ורבו שם ואל תמעטו,24.656150638525386,765.1026322237782,0.15789473684210525,18.73867448527929,581.4780004900714,-0.4469707612650973,-0.19287007721732363,0.0,0.6725519144387735,0.5764696400319955,0.6934354144325707,0.579508538968416,False,1.0,1.0,False,29,5,False
Jer.29.7,ודרשו את שלום העיר אשר הגליתי אתכם שמה והתפללו בעדה אל יהוה כי בשלומה יהיה לכם שלום,15.279403673572734,111.09596121943906,0.17647058823529413,11.293472280466803,82.11440611871582,-0.47427120972713094,-0.1995574749259147,0.0,0.6823467404113998,0.5790866555896752,0.6934354144325707,0.579508538968416,False,1.0,1.0,False,29,5,False
Jer.29.8,כי כה אמר יהוה צבאות אלהי ישראל אל ישיאו לכם נביאיכם אשר בקרבכם וקסמיכם ואל תשמעו אל חלמתיכם אשר אתם מחלמים,33.92610251615983,1345.9558616307581,0.23809523809523808,22.982198478688915,911.7765514272877,-0.4314103903184764,-0.18844677163881193,0.0,0.666915001854285,0.5747367810264741,0.6934354144325707,0.579508538968416,False,1.0,1.0,False,29,5,False
Jer.29.9,כי בשקר הם נבאים לכם בשמי לא שלחתים נאם יהוה,32.90507275481078,1343.1093912873348,0.0,32.90507275481078,1343.1093912873348,-0.3950246871074342,-0.18267043095752655,0.0,0.6535876655811836,0.572471690990287,0.6934354144325707,0.579508538968416,False,1.0,1.0,False,29,5,False
Jer.29.10,כי כה אמר יהוה כי לפי מלאת לבבל שבעים שנה אפקד אתכם והקמתי עליכם את דברי הטוב להשיב אתכם אל המקום הזה,42.07538340602558,99.29126418940571,0.0,42.07538340602558,99.29126418940571,-0.3613985227095752,-0.19932744517885767,0.0,0.6410992239052372,0.5789966941209995,0.6934354144325707,0.579508538968416,False,1.0,1.0,False,29,5,False
Jer.29.11,כי אנכי ידעתי את המחשבת אשר אנכי חשב עליכם נאם יהוה מחשבות שלום ולא לרעה לתת לכם אחרית ותקוה,31.485376833147715,149.84922734528212,0.10526315789473684,26.009659123035068,123.78849215479828,-0.4203091426937467,-0.19899938220428534,0.0,0.6628701841061576,0.5788683860707182,0.6934354144325707,0.579508538968416,False,1.0,1.0,False,29,5,False
Jer.29.12,וקראתם אתי והלכתם והתפללתם אלי ושמעתי אליכם,43.04916909851994,21787.896705732677,0.42857142857142855,23.180321822279968,11731.944380009903,-0.4306839015029897,-0.043544807701040814,0.0,0.6666508870916286,0.5173663765006026,0.6934354144325707,0.579508538968416,False,1.0,1.0,False,29,5,False
Jer.29.13,ובקשתם אתי ומצאתם כי תדרשני בכל לבבכם,36.808546378677086,9480.852877923842,0.2857142857142857,23.42362042279451,6033.2700132242635,-0.4297917617435163,-0.11986054703807492,0.0,0.6663264369280556,0.5477031909999084,0.6934354144325707,0.579508538968416,False,1.0,1.0,False,29,5,False
Jer.29.14,ונמצאתי לכם נאם יהוה ושבתי את שביתכם שבותכם וקבצתי אתכם מכל הגוים ומכל המקומות אשר הדחתי אתכם שם נאם יהוה והשבתי אתכם אל המקום אשר הגליתי אתכם משם,10.992641508756703,916.9445144486434,0.21428571428571427,7.6948490561296925,641.8611601140503,-0.48746682553012266,-0.1920614355625085,0.0,0.6870362265986882,0.5761529587724998,0.6934354144325707,0.579508538968416,False,1.0,1.0,False,29,5,False
Jer.29.15,כי אמרתם הקים לנו יהוה נבאים בבלה,247.0932078098954,19512.68246535725,0.0,247.0932078098954,19512.68246535725,0.39037132785515755,0.060653597288018654,0.3950552271206851,0.3481309932197948,0.4758175437988427,0.6934354144325707,0.579508538968416,False,0.9249326857890399,1.0,False,29,5,False
Jer.29.16,כי כה אמר יהוה אל המלך היושב אל כסא דוד ואל כל העם היושב בעיר הזאת אחיכם אשר לא יצאו אתכם בגולה,49.35309139985989,14.411488277184617,0.0,49.35309139985989,14.411488277184617,-0.33471225059207965,-0.20046414161676218,0.0,0.6310789203239817,0.5794412001969196,0.6934354144325707,0.579508538968416,False,1.0,1.0,False,29,5,False
Jer.29.17,כה אמר יהוה צבאות הנני משלח בם את החרב את הרעב ואת הדבר ונתתי אותם כתאנים השערים אשר לא תאכלנה מרע,72.00089591224807,306.7572826751857,0.047619047619047616,65.7399484416178,280.0827363556043,-0.27462408457369397,-0.19690631458318605,0.0,0.6081974696414367,0.5780495739502022,0.6934354144325707,0.579508538968416,False,1.0,1.0,False,29,5,False
Jer.29.18,ורדפתי אחריהם בחרב ברעב ובדבר ונתתים לזועה לזעוה לכל ממלכות הארץ לאלה ולשמה ולשרקה ולחרפה בכל הגוים אשר הדחתים שם,27.590690589681817,13538.475616097176,0.05,25.08244599061983,12307.705105542886,-0.4237090952589652,-0.035834311781783534,0.0,0.6641110093813984,0.51429276310888,0.6934354144325707,0.579508538968416,False,1.0,1.0,False,29,5,False
Jer.29.19,תחת אשר לא שמעו אל דברי נאם יהוה אשר שלחתי אליהם את עבדי הנבאים השכם ושלח ולא שמעתם נאם יהוה,21.08686855030804,58.34467637041682,0.0,21.08686855030804,58.34467637041682,-0.4383602830957156,-0.19987579536025216,0.0,0.6694374336602065,0.5792111395190382,0.6934354144325707,0.579508538968416,False,1.0,1.0,False,29,5,False
Jer.29.20,ואתם שמעו דבר יהוה כל הגולה אשר שלחתי מירושלם בבלה,39.24327201659272,2312.5402885523436,0.0,39.24327201659272,2312.5402885523436,-0.3717834536891492,-0.1696879668089962,0.0,0.6449729579523296,0.5673722310387928,0.6934354144325707,0.579508538968416,False,1.0,1.0,False,29,5,False
Jer.29.21,כה אמר יהוה צבאות אלהי ישראל אל אחאב בן קוליה ואל צדקיהו בן מעשיה הנבאים לכם בשמי שקר הנני נתן אתם ביד נבוכדראצר מלך בבל והכם לעיניכם,20.480150487107018,558.4409647347113,0.07407407407407407,17.8375504242545,486.3840660592647,-0.45027504908820093,-0.19414356003902203,0.0,0.673743936186598,0.5769682627644439,0.6934354144325707,0.579508538968416,False,1.0,1.0,False,29,5,False
Jer.29.22,ולקח מהם קללה לכל גלות יהודה אשר בבבל לאמר ישמך יהוה כצדקיהו וכאחב אשר קלם מלך בבל באש,142.21266117124455,3899.2428532711897,0.2222222222222222,98.45491927240008,2699.475821495439,-0.15466315530230446,-0.16450618778957526,0.0,0.5614565608935891,0.5653336620207353,0.6934354144325707,0.579508538968416,False,1.0,1.0,False,29,5,False
Jer.29.23,יען אשר עשו נבלה בישראל וינאפו את נשי רעיהם וידברו דבר בשמי שקר אשר לוא צויתם ואנכי הו ידע היודע ועד נאם יהוה,144.86951141683213,2511.0392409804467,0.08695652173913043,123.40736157730146,2139.033427501862,-0.06316626288660895,-0.1720115430530244,0.0,0.5251829452868405,0.568285772892204,0.6934354144325707,0.579508538968416,False,1.0,1.0,False,29,5,False
Jer.29.24,ואל שמעיהו הנחלמי תאמר לאמר,436.919144385287,71182.71309874069,0.0,436.919144385287,71182.71309874069,1.0864347866667854,0.7526104166382803,1.321651612533405,0.1386433390676468,0.2258420281155683,0.6934354144325707,0.579508538968416,False,0.41753726029574734,1.0,False,29,5,False
Jer.29.25,כה אמר יהוה צבאות אלהי ישראל לאמר יען אשר אתה שלחת בשמכה ספרים אל כל העם אשר בירושלם ואל צפניה בן מעשיה הכהן ואל כל הכהנים לאמר,26.98078666327545,33.97392511706042,0.037037037037037035,25.120042755463352,31.630895798642463,-0.4235712335175761,-0.2002335420542385,0.0,0.6640607308949578,0.5793510322195312,0.6934354144325707,0.579508538968416,False,1.0,1.0,False,29,5,False
Jer.29.26,יהוה נתנך כהן תחת יהוידע הכהן להיות פקדים בית יהוה לכל איש משגע ומתנבא ונתתה אתו אל המהפכת ואל הצינק,195.65257006798612,13333.61316254966,0.15,150.50197697537394,10256.625509653584,0.03618565945548267,-0.06330204299866449,0.03618565945548267,0.48556716029912284,0.5252370055247201,0.6934354144325707,0.579508538968416,False,0.9993455132948059,1.0,False,29,5,False
Jer.29.27,ועתה למה לא גערת בירמיהו הענתתי המתנבא לכם,137.77231565888357,263216.0852958984,0.25,91.84821043925571,175477.39019726557,-0.17888897335817047,2.1493081184900635,2.1493081184900635,0.5709875594442468,0.015804991694044604,0.6934354144325707,0.579508538968416,False,0.09928480963504452,1.0,False,29,5,False
Jer.29.28,כי על כן שלח אלינו בבל לאמר ארכה היא בנו בתים ושבו ונטעו גנות ואכלו את פריהן,62.2685135955131,767.3248226744616,0.058823529411764705,55.71393321703803,686.5537887087288,-0.3113879902929071,-0.19146291899977988,0.0,0.6222471586189594,0.5759185352781736,0.6934354144325707,0.579508538968416,False,1.0,1.0,False,29,5,False
Jer.29.29,ויקרא צפניה הכהן את הספר הזה באזני ירמיהו הנביא,95.54802144601335,28.2227562521902,0.0,95.54802144601335,28.2227562521902,-0.1653223170161893,-0.20027918331613745,0.0,0.5656548529664842,0.5793688789858803,0.6934354144325707,0.579508538968416,False,1.0,1.0,False,29,5,False
Jer.29.30,ויהי דבר יהוה אל ירמיהו לאמר,20.454726640574577,4.858938778977586,0.0,20.454726640574577,4.858938778977586,-0.44067825340097005,-0.2005920678379476,0.0,0.6702770288895756,0.5794912195207063,0.6934354144325707,0.579508538968416,False,1.0,1.0,False,29,5,False
Jer.29.31,שלח על כל הגולה לאמר כה אמר יהוה אל שמעיה הנחלמי יען אשר נבא לכם שמעיה ואני לא שלחתיו ויבטח אתכם על שקר,39.273598221717805,708.5823953243403,0.08695652173913043,33.455287374055914,603.6072256466603,-0.3930071319836728,-0.19257372615915055,0.0,0.652842893099808,0.5763535883813152,0.6934354144325707,0.579508538968416,False,1.0,1.0,False,29,5,False
Jer.29.32,לכן כה אמר יהוה הנני פקד על שמעיה הנחלמי ועל זרעו לא יהיה לו איש יושב בתוך העם הזה ולא יראה בטוב אשר אני עשה לעמי נאם יהוה כי סרה דבר על יהוה,26.310103067370253,55.571825652606584,0.0,26.310103067370253,55.571825652606584,-0.41920745946306814,-0.19991292893535764,0.0,0.6624677395219515,0.5792256606389953,0.6934354144325707,0.579508538968416,False,1.0,1.0,False,29,5,False
Jer.30.1,הדבר אשר היה אל ירמיהו מאת יהוה לאמר,22.43666731350339,6.203249446008349,0.0,22.43666731350339,6.203249446008349,-0.4334107719132105,-0.20057406504363967,0.0,0.667641811868275,0.5794841804816111,0.6934354144325707,0.579508538968416,False,1.0,1.0,False,30,5,False
Jer.30.2,כה אמר יהוה אלהי ישראל לאמר כתב לך את כל הדברים אשר דברתי אליך אל ספר,12.353072406050645,6.0785382371915055,0.0,12.353072406050645,6.0785382371915055,-0.47038581376029376,-0.20057573515628202,0.0,0.6809603011649361,0.5794848334917626,0.6934354144325707,0.579508538968416,False,1.0,1.0,False,30,5,False
Jer.30.3,כי הנה ימים באים נאם יהוה ושבתי את שבות עמי ישראל ויהודה אמר יהוה והשבתים אל הארץ אשר נתתי לאבותם וירשוה,9.952064697460143,210.94381000371763,0.0,9.952064697460143,210.94381000371763,-0.4791899517006912,-0.19783221207125207,0.0,0.6840982489977095,0.5784118286821955,0.6934354144325707,0.579508538968416,False,1.0,1.0,False,30,5,False
Jer.30.4,ואלה הדברים אשר דבר יהוה אל ישראל ואל יהודה,64.5441712739824,3.600694781026186,0.0,64.5441712739824,3.600694781026186,-0.2790088214873543,-0.20060891804113343,0.0,0.6098809725375416,0.5794978078770662,0.6934354144325707,0.579508538968416,False,1.0,1.0,False,30,5,False
Jer.30.5,כי כה אמר יהוה קול חרדה שמענו פחד ואין שלום,95.79980291754642,41.4663191923644,0.0,95.79980291754642,41.4663191923644,-0.16439907183114377,-0.2001018276309053,0.0,0.5652915028976674,0.5792995279846804,0.6934354144325707,0.579508538968416,False,1.0,1.0,False,30,5,False
Jer.30.6,שאלו נא וראו אם ילד זכר מדוע ראיתי כל גבר ידיו על חלציו כיולדה ונהפכו כל פנים לירקון,69.05174345422735,6157.277950403148,0.05555555555555555,62.14656910880461,5541.550155362833,-0.2878004718068831,-0.12644558104495102,0.0,0.6132502619044908,0.5503103883920961,0.6934354144325707,0.579508538968416,False,1.0,1.0,False,30,5,False
Jer.30.7,הוי כי גדול היום ההוא מאין כמהו ועת צרה היא ליעקב וממנה יושע,39.84468318072255,36.9720907636751,0.07692307692307693,34.53205875662621,32.04247866185175,-0.3890587715729574,-0.2002280302020984,0.0,0.6513836645015809,0.5793488769495626,0.6934354144325707,0.579508538968416,False,1.0,1.0,False,30,5,False
Jer.30.8,והיה ביום ההוא נאם יהוה צבאות אשבר עלו מעל צוארך ומוסרותיך אנתק ולא יעבדו בו עוד זרים,73.3477122906953,2074.780639467753,0.11764705882352941,59.37671947342,1679.584327188181,-0.29795709820039085,-0.17816441221546284,0.0,0.617132046072495,0.5707030712640647,0.6934354144325707,0.579508538968416,False,1.0,1.0,False,30,5,False
Jer.30.9,ועבדו את יהוה אלהיהם ואת דוד מלכם אשר אקים להם,19.526181769559653,14.22678296431727,0.0,19.526181769559653,14.22678296431727,-0.44408308925343926,-0.20046661516088904,0.0,0.6715087438557933,0.5794421673681496,0.6934354144325707,0.579508538968416,False,1.0,1.0,False,30,5,False
Jer.30.10,ואתה אל תירא עבדי יעקב נאם יהוה ואל תחת ישראל כי הנני מושיעך מרחוק ואת זרעך מארץ שבים ושב יעקב ושקט ושאנן ואין מחריד,4.446722172980693,22.3055735191399,0.041666666666666664,4.104666621212948,20.589760171513756,-0.5006314902144999,-0.20038140318373482,0.0,0.6916847519725071,0.5794088486756553,0.6934354144325707,0.579508538968416,False,1.0,1.0,False,30,5,False
Jer.30.11,כי אתך אני נאם יהוה להושיעך כי אעשה כלה בכל הגוים אשר הפצותיך שם אך אתך לא אעשה כלה ויסרתיך למשפט ונקה לא אנקך,9.679206780482703,998.1418804186841,0.16666666666666666,7.259405085362028,748.6064103140131,-0.48906353376651707,-0.19063192017605174,0.0,0.6876016412622573,0.5755930099537693,0.6934354144325707,0.579508538968416,False,1.0,1.0,False,30,5,False
Jer.30.12,כי כה אמר יהוה אנוש לשברך נחלה מכתך,84.25295017305494,2680.53341225402,0.25,56.1686334487033,1787.0222748360131,-0.3097206722135904,-0.17672562033512895,0.0,0.6216133094389087,0.5701380422485047,0.6934354144325707,0.579508538968416,False,1.0,1.0,False,30,5,False
Jer.30.13,אין דן דינך למזור רפאות תעלה אין לך,276.1810300551265,74881.05329713957,0.375,157.81773146007228,42789.17331265118,0.06301144239275462,0.37236865483479836,0.37766235843130125,0.4748786963586808,0.35480919421881585,0.6934354144325707,0.579508538968416,False,0.9311690600130629,1.0,False,30,5,False
Jer.30.14,כל מאהביך שכחוך אותך לא ידרשו כי מכת אויב הכיתיך מוסר אכזרי על רב עונך עצמו חטאתיך,152.2943269565036,4636.07604032081,0.29411764705882354,95.88902067631707,2919.010840201991,-0.16407192358745443,-0.16156620979037434,0.0,0.5651627380021893,0.5641762658366007,0.6934354144325707,0.579508538968416,False,1.0,1.0,False,30,5,False
Jer.30.15,מה תזעק על שברך אנוש מכאבך על רב עונך עצמו חטאתיך עשיתי אלה לך,47.3594393012922,9293.131086790729,0.14285714285714285,36.835119456560605,7227.990845281679,-0.3806137907364594,-0.10386103597086398,0.0,0.6482550766575267,0.541360185692269,0.6934354144325707,0.579508538968416,False,1.0,1.0,False,30,5,False
Jer.30.16,לכן כל אכליך יאכלו וכל צריך כלם בשבי ילכו והיו שאסיך למשסה וכל בזזיך אתן לבז,304.7009450794091,9955.958759405665,0.25,203.13396338627274,6637.305839603777,0.22917932073393874,-0.11177139547242573,0.22917932073393874,0.40936477227148715,0.5444976657596797,0.6934354144325707,0.579508538968416,False,0.9740802558547021,1.0,False,30,5,False
Jer.30.17,כי אעלה ארכה לך וממכותיך ארפאך נאם יהוה כי נדחה קראו לך ציון היא דרש אין לה,59.05714391189703,4539.36198451226,0.17647058823529413,43.65093245661954,3355.180597248192,-0.35562121882018677,-0.15572509388463943,0.0,0.6389378745895639,0.5618751417936527,0.6934354144325707,0.579508538968416,False,1.0,1.0,False,30,5,False
Jer.30.18,כה אמר יהוה הנני שב שבות אהלי יעקוב ומשכנתיו ארחם ונבנתה עיר על תלה וארמון על משפטו ישב,66.98503283739646,417.153216865975,0.2222222222222222,46.374253502812934,288.79838090721347,-0.3456352058386835,-0.19678959605972882,0.0,0.6351915578182117,0.5780039034691058,0.6934354144325707,0.579508538968416,False,1.0,1.0,False,30,5,False
Jer.30.19,ויצא מהם תודה וקול משחקים והרבתים ולא ימעטו והכבדתים ולא יצערו,419.86719120678174,66877.27322660614,0.36363636363636365,243.0810054355052,38718.42134171934,0.37565917885932687,0.3178537928995334,0.49208825663887085,0.353585144621655,0.37529792206509777,0.6934354144325707,0.579508538968416,False,0.8859671319731467,1.0,False,30,5,False
Jer.30.20,והיו בניו כקדם ועדתו לפני תכון ופקדתי על כל לחציו,337.73862608195424,77962.09832348468,0.3,211.0866413012214,48726.31145217792,0.2583406071005965,0.4518778630297662,0.5205127014525706,0.39807202483008297,0.32567848640501623,0.6934354144325707,0.579508538968416,False,0.8733082120066294,1.0,False,30,5,False
Jer.30.21,והיה אדירו ממנו ומשלו מקרבו יצא והקרבתיו ונגש אלי כי מי הוא זה ערב את לבו לגשת אלי נאם יהוה,83.79340149731738,2760.0687100145087,0.25,55.86226766487825,1840.0458066763392,-0.31084406994836783,-0.1760155376432243,0.0,0.6220404174386613,0.5698591321264921,0.6934354144325707,0.579508538968416,False,1.0,1.0,False,30,5,False
Jer.30.22,והייתם לי לעם ואנכי אהיה לכם לאלהים,35.72632028599094,1.6222926504487365,0.0,35.72632028599094,1.6222926504487365,-0.38467959227927256,-0.20063541248731218,0.0,0.649762591565344,0.5795081670455666,0.6934354144325707,0.579508538968416,False,1.0,1.0,False,30,5,False
Jer.30.23,הנה סערת יהוה חמה יצאה סער מתגורר על ראש רשעים יחול,188.89663680482852,7026.62487763014,0.36363636363636365,109.36121078174283,4068.0459817858705,-0.11467140745289525,-0.14617851421238168,0.0,0.545647211028976,0.5581097667359344,0.6934354144325707,0.579508538968416,False,1.0,1.0,False,30,5,False
Jer.30.24,לא ישוב חרון אף יהוה עד עשתו ועד הקימו מזמות לבו באחרית הימים תתבוננו בה,145.06672839600452,3139.7205742733395,0.06666666666666667,128.00005446706282,2770.3416831823583,-0.04632554156169551,-0.1635571634585985,0.0,0.5184746090315903,0.5649601154546242,0.6934354144325707,0.579508538968416,False,1.0,1.0,False,30,5,False
Jer.31.1,בעת ההיא נאם יהוה אהיה לאלהים לכל משפחות ישראל והמה יהיו לי לעם,49.411889266583174,4.883863264431603,0.0,49.411889266583174,4.883863264431603,-0.3344966475653252,-0.20059173405320882,0.0,0.6309975898911495,0.5794910890120962,0.6934354144325707,0.579508538968416,False,1.0,1.0,False,31,5,False
Jer.31.2,כה אמר יהוה מצא חן במדבר עם שרידי חרב הלוך להרגיעו ישראל,222.23134822258245,683.0433201631,0.16666666666666666,166.67351116693686,512.282490122325,0.09548426862736037,-0.19379673246951637,0.09548426862736037,0.46196509249122086,0.5768324771888128,0.6934354144325707,0.579508538968416,False,0.9954517519723193,1.0,False,31,5,False
Jer.31.3,מרחוק יהוה נראה לי ואהבת עולם אהבתיך על כן משכתיך חסד,36.614857183936905,499.37263637793205,0.09090909090909091,30.981802232561996,422.54607693517323,-0.40207703388416277,-0.19499846822015793,0.0,0.6561863329599871,0.5773029266061435,0.6934354144325707,0.579508538968416,False,1.0,1.0,False,31,5,False
Jer.31.4,עוד אבנך ונבנית בתולת ישראל עוד תעדי תפיך ויצאת במחול משחקים,69.51591302600731,4576.121551192955,0.36363636363636365,40.246054909793706,2649.3335296380264,-0.36810639805770556,-0.16517768537460226,0.0,0.6436030498099669,0.56559793575444,0.6934354144325707,0.579508538968416,False,1.0,1.0,False,31,5,False
Jer.31.5,עוד תטעי כרמים בהרי שמרון נטעו נטעים וחללו,74.37463326879573,18729.87146177932,0.625,33.055392563909216,8324.387316346365,-0.39447348673863003,-0.08917826908327071,0.0,0.6533842509479649,0.5355298823416584,0.6934354144325707,0.579508538968416,False,1.0,1.0,False,31,5,False
Jer.31.6,כי יש יום קראו נצרים בהר אפרים קומו ונעלה ציון אל יהוה אלהינו,70.44506748143279,163.57067912181543,0.07692307692307693,61.052391817241755,141.76125523890673,-0.2918126570954614,-0.19875869382407407,0.0,0.6147850663603767,0.5787742455942498,0.6934354144325707,0.579508538968416,False,1.0,1.0,False,31,5,False
Jer.31.7,כי כה אמר יהוה רנו ליעקב שמחה וצהלו בראש הגוים השמיעו הללו ואמרו הושע יהוה את עמך את שארית ישראל,37.3913790885202,271.28185277052637,0.05,33.992162807745636,246.61986615502394,-0.3910384896681553,-0.19735444401037017,0.0,0.6521156071037879,0.5782249115673527,0.6934354144325707,0.579508538968416,False,1.0,1.0,False,31,5,False
Jer.31.8,הנני מביא אותם מארץ צפון וקבצתים מירכתי ארץ בם עור ופסח הרה וילדת יחדו קהל גדול ישובו הנה,101.86701558024589,1261.0903927203592,0.1111111111111111,83.34574002020118,1031.8012304075664,-0.21006626701519476,-0.18683942025750516,0.0,0.5831920234669188,0.5741067308913776,0.6934354144325707,0.579508538968416,False,1.0,1.0,False,31,5,False
Jer.31.9,בבכי יבאו ובתחנונים אובילם אוליכם אל נחלי מים בדרך ישר לא יכשלו בה כי הייתי לישראל לאב ואפרים בכרי הוא,116.36097094214007,1135.8567559638748,0.15,89.50843918626158,873.7359661260575,-0.1874685663293358,-0.18895620509740665,0.0,0.5743533664067891,0.574936429177674,0.6934354144325707,0.579508538968416,False,1.0,1.0,False,31,5,False
Jer.31.10,שמעו דבר יהוה גוים והגידו באיים ממרחק ואמרו מזרה ישראל יקבצנו ושמרו כרעה עדרו,139.84645658772854,116877.23001077764,0.2857142857142857,88.99319964673634,74376.41909776759,-0.1893578730408874,0.7953800186287756,0.7953800186287756,0.5750938302271666,0.21319623973318924,0.6934354144325707,0.579508538968416,False,0.7288300607189009,1.0,False,31,5,False
Jer.31.11,כי פדה יהוה את יעקב וגאלו מיד חזק ממנו,77.19166941324202,235.87952226481073,0.1111111111111111,63.1568204290162,192.99233639848148,-0.28409603056507104,-0.1980726153461536,0.0,0.6118316055760924,0.5785058749348455,0.6934354144325707,0.579508538968416,False,1.0,1.0,False,31,5,False
Jer.31.12,ובאו ורננו במרום ציון ונהרו אל טוב יהוה על דגן ועל תירש ועל יצהר ועל בני צאן ובקר והיתה נפשם כגן רוה ולא יוסיפו לדאבה עוד,36.85499986750224,608.7046319672353,0.07692307692307693,31.94099988516861,527.5440143716039,-0.3985597988434591,-0.19359235256788834,0.0,0.6548912059107646,0.5767524566607867,0.6934354144325707,0.579508538968416,False,1.0,1.0,False,31,5,False
Jer.31.13,אז תשמח בתולה במחול ובחרים וזקנים יחדו והפכתי אבלם לששון ונחמתים ושמחתים מיגונם,81.51133203745998,111291.64419453358,0.5384615384615384,39.24619690692518,53584.86572329395,-0.37177272855159327,0.516942847874385,0.516942847874385,0.6449689649545072,0.3025980277995889,0.6934354144325707,0.579508538968416,False,0.8749268868650065,1.0,False,31,5,False
Jer.31.14,ורויתי נפש הכהנים דשן ועמי את טובי ישבעו נאם יהוה,788.1302982204894,22629.709569765077,0.2,562.9502130146353,16164.078264117912,1.5485719589126261,0.01580962324834679,1.5486526583187539,0.060742325536833716,0.49369313557746175,0.6934354144325707,0.579508538968416,False,0.301446559265674,1.0,False,31,5,False
Jer.31.15,כה אמר יהוה קול ברמה נשמע נהי בכי תמרורים רחל מבכה על בניה מאנה להנחם על בניה כי איננו,5.23184847351933,8.169576317946738,0.10526315789473684,4.32196178247249,6.748780436564697,-0.4998347011968449,-0.20056675937951574,0.0,0.691404262892134,0.5794813239813907,0.6934354144325707,0.579508538968416,False,1.0,1.0,False,31,5,False
Jer.31.16,כה אמר יהוה מנעי קולך מבכי ועיניך מדמעה כי יש שכר לפעלתך נאם יהוה ושבו מארץ אויב,5.2476640328594435,723.8337780101087,0.17647058823529413,3.878708198200458,535.0075750509499,-0.5014600461237038,-0.19349240175219498,0.0,0.6919763051252981,0.5767133219286575,0.6934354144325707,0.579508538968416,False,1.0,1.0,False,31,5,False
Jer.31.17,ויש תקוה לאחריתך נאם יהוה ושבו בנים לגבולם,3.564532147071684,789.2803548058749,0.25,2.376354764714456,526.1869032039166,-0.5069689525784046,-0.193610526784462,0.0,0.6939116983659729,0.5767595725103285,0.6944208045276501,0.579508538968416,False,1.0,1.0,False,31,5,False
Jer.31.18,שמוע שמעתי אפרים מתנודד יסרתני ואוסר כעגל לא למד השיבני ואשובה כי אתה יהוה אלהי,134.19121577105827,35089.593341733445,0.26666666666666666,87.51601028547279,22884.517396782685,-0.19477450658776035,0.10580867356575206,0.10580867356575206,0.5772152595797768,0.45786707745720534,0.6934354144325707,0.579508538968416,False,0.9944179004398023,1.0,False,31,5,False
Jer.31.19,כי אחרי שובי נחמתי ואחרי הודעי ספקתי על ירך בשתי וגם נכלמתי כי נשאתי חרפת נעורי,71.61845326635158,3711.4075176195925,0.1875,52.08614783007388,2699.2054673597036,-0.3246905394062294,-0.16450980832909437,0.0,0.6272923522401197,0.5653350869940389,0.6934354144325707,0.579508538968416,False,1.0,1.0,False,31,5,False
Jer.31.20,הבן יקיר לי אפרים אם ילד שעשעים כי מדי דברי בו זכר אזכרנו עוד על כן המו מעי לו רחם ארחמנו נאם יהוה,25.272697064819454,107.20706193316418,0.17391304347826086,18.750710725511208,79.54072336976698,-0.4469266261634455,-0.1995919412753081,0.0,0.6725359807553783,0.5791001345490236,0.6934354144325707,0.579508538968416,False,1.0,1.0,False,31,5,False
Jer.31.21,הציבי לך צינים שמי לך תמרורים שתי לבך למסלה דרך הלכתי הלכת שובי בתולת ישראל שבי אל עריך אלה,348.5023062653802,7673.605652402789,0.10526315789473684,287.8932095235749,6339.065538941434,0.5399788621294054,-0.11576538207004636,0.5399788621294054,0.2946058049755891,0.5460807564461002,0.6934354144325707,0.579508538968416,False,0.8643404177307692,1.0,False,31,5,False
Jer.31.22,עד מתי תתחמקין הבת השובבה כי ברא יהוה חדשה בארץ נקבה תסובב גבר,205.83443736879772,1771.9441505311324,0.23076923076923078,140.83408872601947,1212.3828398370906,0.0007349520566163698,-0.18442110011017257,0.0007349520566163698,0.4997067965769436,0.5731584408949455,0.6934354144325707,0.579508538968416,False,0.9999997299227738,1.0,False,31,5,False
Jer.31.23,כה אמר יהוה צבאות אלהי ישראל עוד יאמרו את הדבר הזה בארץ יהודה ובעריו בשובי את שבותם יברכך יהוה נוה צדק הר הקדש,31.731638809825174,112.2722278498747,0.043478260869565216,29.19310770503916,103.29044962188473,-0.4086359105163373,-0.199273888724605,0.0,0.6585965634387891,0.5789757483365614,0.6934354144325707,0.579508538968416,False,1.0,1.0,False,31,5,False
Jer.31.24,וישבו בה יהודה וכל עריו יחדו אכרים ונסעו בעדר,241.8530630395621,19487.30786401103,0.3333333333333333,145.11183782373726,11692.384718406618,0.016420821367226515,-0.04407458438748807,0.016420821367226515,0.49344933446961,0.5175775240935989,0.6934354144325707,0.579508538968416,False,0.9998651874008481,1.0,False,31,5,False
Jer.31.25,כי הרויתי נפש עיפה וכל נפש דאבה מלאתי,364.9496112207595,20812.614481911896,0.125,291.9596889766076,16650.091585529517,0.5548900370948989,0.022318236228122162,0.5553386866908451,0.2894849384393361,0.49109705104933865,0.6934354144325707,0.579508538968416,False,0.8571001308016499,1.0,False,31,5,False
Jer.31.26,על זאת הקיצתי ואראה ושנתי ערבה לי,191.11308377254366,4716.692490858633,0.2857142857142857,121.61741694616416,3001.531585091858,-0.06972972346269259,-0.16046110512013412,0.0,0.527795608273464,0.5637410709038622,0.6934354144325707,0.579508538968416,False,1.0,1.0,False,31,5,False
Jer.31.27,הנה ימים באים נאם יהוה וזרעתי את בית ישראל ואת בית יהודה זרע אדם וזרע בהמה,16.75128960129404,6.972545310023231,0.0625,14.890035201150258,6.197818053353983,-0.461083148751015,-0.20057413777998492,0.0,0.6776305244177898,0.5794842089213572,0.6934354144325707,0.579508538968416,False,1.0,1.0,False,31,5,False
Jer.31.28,והיה כאשר שקדתי עליהם לנתוש ולנתוץ ולהרס ולהאביד ולהרע כן אשקד עליהם לבנות ולנטוע נאם יהוה,17.820625995055853,56949.72534563755,0.3125,10.966539073880524,35045.98482808464,-0.4754700251402526,0.2686731081178486,0.2686731081178486,0.682774003331317,0.3940906238549007,0.6934354144325707,0.579508538968416,False,0.9645509531064576,1.0,False,31,5,False
Jer.31.29,בימים ההם לא יאמרו עוד אבות אכלו בסר ושני בנים תקהינה,21.723624901149158,216.04631922058178,0.18181818181818182,15.930658260842714,158.43396742842663,-0.45726733886056314,-0.19853541551834863,0.0,0.6762605487635625,0.5786869106954852,0.6934354144325707,0.579508538968416,False,1.0,1.0,False,31,5,False
Jer.31.30,כי אם איש בעונו ימות כל האדם האכל הבסר תקהינה שניו,127.09452813810772,54107.458485817704,0.2727272727272727,82.23763585406971,35010.708431999694,-0.21412952008016625,0.26820069224091064,0.26820069224091064,0.5847769720259245,0.3942724210887603,0.6934354144325707,0.579508538968416,False,0.9646732792859785,1.0,False,31,5,False
Jer.31.31,הנה ימים באים נאם יהוה וכרתי את בית ישראל ואת בית יהודה ברית חדשה,12.870524144623067,8.712882283298216,0.0,12.870524144623067,8.712882283298216,-0.46848839524406394,-0.20054045644046023,0.0,0.6802823160604246,0.579471039549591,0.6934354144325707,0.579508538968416,False,1.0,1.0,False,31,5,False
Jer.31.32,לא כברית אשר כרתי את אבותם ביום החזיקי בידם להוציאם מארץ מצרים אשר המה הפרו את בריתי ואנכי בעלתי בם נאם יהוה,5.791125591771358,163.02947727008092,0.13636363636363635,4.550170107820353,128.094589283635,-0.4989978952306163,-0.19894171563748522,0.0,0.6911095665880052,0.578845831349718,0.6934354144325707,0.579508538968416,False,1.0,1.0,False,31,5,False
Jer.31.33,כי זאת הברית אשר אכרת את בית ישראל אחרי הימים ההם נאם יהוה נתתי את תורתי בקרבם ועל לבם אכתבנה והייתי להם לאלהים והמה יהיו לי לעם,7.004625762704019,35.26472574580451,0.07407407407407407,6.100803083645436,30.71443855279748,-0.49331195487930124,-0.20024581510368575,0.0,0.6891039087228785,0.5793558312756608,0.6934354144325707,0.579508538968416,False,1.0,1.0,False,31,5,False
Jer.31.34,ולא ילמדו עוד איש את רעהו ואיש את אחיו לאמר דעו את יהוה כי כולם ידעו אותי למקטנם ועד גדולם נאם יהוה כי אסלח לעונם ולחטאתם לא אזכר עוד,2.3652990335185504,625.2893479249236,0.20689655172413793,1.6730163895619017,442.27783145909234,-0.5095479897266249,-0.19473422370678717,0.0,0.6948159153285006,0.5771994909355704,0.6948159153285006,0.579508538968416,False,1.0,1.0,False,31,5,False
Jer.31.35,כה אמר יהוה נתן שמש לאור יומם חקת ירח וכוכבים לאור לילה רגע הים ויהמו גליו יהוה צבאות שמו,85.52393448608376,260.7681061155023,0.05263157894736842,77.3787978683615,235.93304839021638,-0.23194615586320189,-0.19749756017149617,0.0,0.5917100826449393,0.5782809047289474,0.6934354144325707,0.579508538968416,False,1.0,1.0,False,31,5,False
Jer.31.36,אם ימשו החקים האלה מלפני נאם יהוה גם זרע ישראל ישבתו מהיות גוי לפני כל הימים,51.4633941571425,955.300985230211,0.125,41.170715325714,764.2407881841689,-0.3647158059239691,-0.19042254707812747,0.0,0.6423382206253642,0.5755109845525997,0.6934354144325707,0.579508538968416,False,1.0,1.0,False,31,5,False
Jer.31.37,כה אמר יהוה אם ימדו שמים מלמעלה ויחקרו מוסדי ארץ למטה גם אני אמאס בכל זרע ישראל על כל אשר עשו נאם יהוה,17.3801384009859,207.96542723192647,0.08695652173913043,14.805303082321323,177.15573430867812,-0.4613938488206079,-0.19828469659861364,0.0,0.6777419680617326,0.5785888378367373,0.6934354144325707,0.579508538968416,False,1.0,1.0,False,31,5,False
Jer.31.38,הנה ימים באים נאם יהוה ונבנתה העיר ליהוה ממגדל חננאל שער הפנה,47.91933111228646,59.87489471327637,0.16666666666666666,35.939498334214846,44.90617103495728,-0.383897900102395,-0.20005576168298814,0.0,0.649472938595063,0.579281514516239,0.6934354144325707,0.579508538968416,False,1.0,1.0,False,31,5,False
Jer.31.39,ויצא עוד קוה קו המדה נגדו על גבעת גרב ונסב געתה,1208.0959499876496,41660.97257161045,0.36363636363636365,699.4239710454814,24119.510436195524,2.049000919073419,0.12234750361861635,2.052650403260483,0.02023101252674445,0.4513119060529704,0.6934354144325707,0.579508538968416,False,0.12164031348739453,1.0,False,31,5,False
Jer.31.40,וכל העמק הפגרים והדשן וכל השרמות השדמות עד נחל קדרון עד פנת שער הסוסים מזרחה קדש ליהוה לא ינתש ולא יהרס עוד לעולם,197.62008710697432,9487.023922692772,0.30434782608695654,122.8449190124435,5897.339195187398,-0.06522865606712372,-0.1216809108998238,0.0,0.5260040272674106,0.5484241341102716,0.6934354144325707,0.579508538968416,False,1.0,1.0,False,31,5,False
Jer.32.1,הדבר אשר היה אל ירמיהו מאת יהוה בשנת בשנה העשרית לצדקיהו מלך יהודה היא השנה שמנה עשרה שנה לנבוכדראצר,28.426721950822337,538.9241760386183,0.05263157894736842,25.71941509836307,487.59806403494036,-0.42137342433701075,-0.19412730237151826,0.0,0.6632587889773861,0.5769618979706931,0.6934354144325707,0.579508538968416,False,1.0,1.0,False,32,5,False
Jer.32.2,ואז חיל מלך בבל צרים על ירושלם וירמיהו הנביא היה כלוא בחצר המטרה אשר בית מלך יהודה,64.96493581388323,169.0918100264552,0.11764705882352941,52.59066232552452,136.8838462118923,-0.32284055983515797,-0.19882401130880617,0.0,0.6265920029833,0.5787997936757608,0.6934354144325707,0.579508538968416,False,1.0,1.0,False,32,5,False
Jer.32.3,אשר כלאו צדקיהו מלך יהודה לאמר מדוע אתה נבא לאמר כה אמר יהוה הנני נתן את העיר הזאת ביד מלך בבל ולכדה,20.814587603697024,33.26045660791052,0.045454545454545456,19.080038636722275,30.488751890584645,-0.4457190297248537,-0.20024883746351482,0.0,0.6720998916321947,0.5793570130888943,0.6934354144325707,0.579508538968416,False,1.0,1.0,False,32,5,False
Jer.32.4,וצדקיהו מלך יהודה לא ימלט מיד הכשדים כי הנתן ינתן ביד מלך בבל ודבר פיו עם פיו ועיניו את עינו עיניו תראינה,52.97229287994447,1736.450121111054,0.045454545454545456,48.5579351399491,1591.7459443517996,-0.3376279702590252,-0.17934072984599783,0.0,0.6321782192695196,0.5711649162729253,0.6934354144325707,0.579508538968416,False,1.0,1.0,False,32,5,False
Jer.32.5,ובבל יולך את צדקיהו ושם יהיה עד פקדי אתו נאם יהוה כי תלחמו את הכשדים לא תצליחו,82.79688326919403,5595.512788738573,0.17647058823529413,61.19769632940428,4135.813800371989,-0.2912798470741258,-0.1452709783811012,0.0,0.6145813503790674,0.557751536236914,0.6934354144325707,0.579508538968416,False,1.0,1.0,False,32,5,False
Jer.32.6,ויאמר ירמיהו היה דבר יהוה אלי לאמר,18.059515216649775,10.669210990683464,0.0,18.059515216649775,10.669210990683464,-0.44946113722812325,-0.20051425759804864,0.0,0.6734504816066027,0.5794607957655835,0.6934354144325707,0.579508538968416,False,1.0,1.0,False,32,5,False
Jer.32.7,הנה חנמאל בן שלם דדך בא אליך לאמר קנה לך את שדי אשר בענתות כי לך משפט הגאלה לקנות,74.77154434259204,3250.2187905767637,0.10526315789473684,61.76779750040212,2684.9633487373267,-0.2891893709246787,-0.1647005365129554,0.0,0.6137817673503949,0.5654101526637991,0.6934354144325707,0.579508538968416,False,1.0,1.0,False,32,5,False
Jer.32.8,ויבא אלי חנמאל בן דדי כדבר יהוה אל חצר המטרה ויאמר אלי קנה נא את שדי אשר בענתות אשר בארץ בנימין כי לך משפט הירשה ולך הגאלה קנה לך ואדע כי דבר יהוה הוא,31.282116293308754,762.4637280069568,0.11764705882352941,25.32361795172613,617.2325417199173,-0.42282475356970733,-0.1923912580967724,0.0,0.6637884370128503,0.576282130238178,0.6934354144325707,0.579508538968416,False,1.0,1.0,False,32,5,False
Jer.32.9,ואקנה את השדה מאת חנמאל בן דדי אשר בענתות ואשקלה לו את הכסף שבעה שקלים ועשרה הכסף,52.01470168985079,6247.787439761002,0.058823529411764705,46.539469933024385,5590.125603996686,-0.34502938177722914,-0.12579506637478013,0.0,0.6349638589794864,0.5500529263934187,0.6934354144325707,0.579508538968416,False,1.0,1.0,False,32,5,False
Jer.32.10,ואכתב בספר ואחתם ואעד עדים ואשקל הכסף במאזנים,349.51563965439755,790468.3386616823,0.5,174.75781982719877,395234.16933084116,0.1251282253472989,5.092255898003884,5.09379300752729,0.4502110191519078,1.7691405102431725e-07,0.6934354144325707,3.016384569964609e-05,False,2.3213454575949476e-06,0.0001978947002599693,True,32,5,False
Jer.32.11,ואקח את ספר המקנה את החתום המצוה והחקים ואת הגלוי,188.49947298131283,2469.8623084188293,0.1,157.08289415109402,2058.2185903490245,0.060316903341985396,-0.17309380247859665,0.060316903341985396,0.47595161976823175,0.5687111518353236,0.6934354144325707,0.579508538968416,False,0.998182589080532,1.0,False,32,5,False
Jer.32.12,ואתן את הספר המקנה אל ברוך בן נריה בן מחסיה לעיני חנמאל דדי ולעיני העדים הכתבים בספר המקנה לעיני כל היהודים הישבים בחצר המטרה,119.44602200447791,606.9550146550798,0.125,95.55681760358233,485.56401172406385,-0.16529006281546113,-0.19415454207604665,0.0,0.5656421600169003,0.5769725621644521,0.6934354144325707,0.579508538968416,False,1.0,1.0,False,32,5,False
Jer.32.13,ואצוה את ברוך לעיניהם לאמר,97.6204609595807,71762.75389772898,0.0,97.6204609595807,71762.75389772898,-0.15772298974818633,0.7603782306194473,0.7603782306194473,0.5626624579801052,0.2235142659909244,0.6934354144325707,0.579508538968416,False,0.7489466496301693,1.0,False,32,5,False
Jer.32.14,כה אמר יהוה צבאות אלהי ישראל לקוח את הספרים האלה את ספר המקנה הזה ואת החתום ואת ספר הגלוי הזה ונתתם בכלי חרש למען יעמדו ימים רבים,22.740195005393765,11.148990552130664,0.1111111111111111,18.60561409532217,9.12190136083418,-0.4474586739125221,-0.2005349789221295,0.0,0.6727280400332808,0.5794688978367161,0.6934354144325707,0.579508538968416,False,1.0,1.0,False,32,5,False
Jer.32.15,כי כה אמר יהוה צבאות אלהי ישראל עוד יקנו בתים ושדות וכרמים בארץ הזאת,14.286007169090595,37.87851762194496,0.14285714285714285,11.111338909292687,29.461069261512748,-0.4749390656934526,-0.2002626000255764,0.0,0.682584797131502,0.579362394562827,0.6934354144325707,0.579508538968416,False,1.0,1.0,False,32,5,False
Jer.32.16,ואתפלל אל יהוה אחרי תתי את ספר המקנה אל ברוך בן נריה לאמר,112.43222519384803,129.0060552118003,0.0,112.43222519384803,129.0060552118003,-0.10341045464362875,-0.1989295094309692,0.0,0.5411813924866838,0.5788410571883393,0.6934354144325707,0.579508538968416,False,1.0,1.0,False,32,5,False
Jer.32.17,אהה אדני יהוה הנה אתה עשית את השמים ואת הארץ בכחך הגדול ובזרעך הנטויה לא יפלא ממך כל דבר,15.729609646394746,203.60276567378614,0.0,15.729609646394746,203.60276567378614,-0.4580045542089324,-0.1979305221675106,0.0,0.6765254153268772,0.5784502883337123,0.6934354144325707,0.579508538968416,False,1.0,1.0,False,32,5,False
Jer.32.18,עשה חסד לאלפים ומשלם עון אבות אל חיק בניהם אחריהם האל הגדול הגבור יהוה צבאות שמו,62.39661745391341,337.28903069373837,0.0625,55.46365995903414,299.81247172776744,-0.31230570508339917,-0.19664209710997396,0.0,0.6225958976441033,0.57794618749636,0.6934354144325707,0.579508538968416,False,1.0,1.0,False,32,5,False
Jer.32.19,גדל העצה ורב העליליה אשר עיניך פקחות על כל דרכי בני אדם לתת לאיש כדרכיו וכפרי מעלליו,18.192697703125138,287.53611204154726,0.23529411764705882,12.371034438125093,195.52455618825212,-0.470319949661854,-0.19803870426210457,0.0,0.6809367767443709,0.5784926091206014,0.6934354144325707,0.579508538968416,False,1.0,1.0,False,32,5,False
Jer.32.20,אשר שמת אתות ומפתים בארץ מצרים עד היום הזה ובישראל ובאדם ותעשה לך שם כיום הזה,245.8387578599351,1552.8502523079212,0.125,196.67100628794807,1242.280201846337,0.20548061889598235,-0.18402071940071127,0.20548061889598235,0.41859831945642606,0.5730013996218656,0.6934354144325707,0.579508538968416,False,0.9791101378998089,1.0,False,32,5,False
Jer.32.21,ותצא את עמך את ישראל מארץ מצרים באתות ובמופתים וביד חזקה ובאזרוע נטויה ובמורא גדול,34.70381862161772,6491.80562609188,0.26666666666666666,22.63292518801156,4233.786277886009,-0.4326911234952246,-0.1439589465689763,0.0,0.6673804103336395,0.5572335561138085,0.6934354144325707,0.579508538968416,False,1.0,1.0,False,32,5,False
Jer.32.22,ותתן להם את הארץ הזאת אשר נשבעת לאבותם לתת להם ארץ זבת חלב ודבש,14.239393256392113,7.024311795175728,0.0,14.239393256392113,7.024311795175728,-0.46346895593146015,-0.2005630695074526,0.0,0.6784858690724067,0.5794798812471225,0.6934354144325707,0.579508538968416,False,1.0,1.0,False,32,5,False
Jer.32.23,ויבאו וירשו אתה ולא שמעו בקולך ובתרותך ובתורתך לא הלכו את כל אשר צויתה להם לעשות לא עשו ותקרא אתם את כל הרעה הזאת,34.62306711979172,881.7598610721539,0.08333333333333333,29.676914674107188,755.7941666332747,-0.4068618623627388,-0.19053566288841375,0.0,0.6579452759948886,0.5755552999631826,0.6934354144325707,0.579508538968416,False,1.0,1.0,False,32,5,False
Jer.32.24,הנה הסללות באו העיר ללכדה והעיר נתנה ביד הכשדים הנלחמים עליה מפני החרב והרעב והדבר ואשר דברת היה והנך ראה,155.7297924896971,3136.7277125674323,0.15,119.79214806899776,2412.8674712057173,-0.07642271279187765,-0.16834440116074303,0.0,0.5304585998754205,0.5668438274053313,0.6934354144325707,0.579508538968416,False,1.0,1.0,False,32,5,False
Jer.32.25,ואתה אמרת אלי אדני יהוה קנה לך השדה בכסף והעד עדים והעיר נתנה ביד הכשדים,93.91842498150646,350.0447527869465,0.0,93.91842498150646,350.0447527869465,-0.17129780472885686,-0.1959693944038919,0.0,0.56800519673731,0.5776829393884666,0.6934354144325707,0.579508538968416,False,1.0,1.0,False,32,5,False
Jer.32.26,ויהי דבר יהוה אל ירמיהו לאמר,17.509012023192653,4.858938778977586,0.0,17.509012023192653,4.858938778977586,-0.4514797505105733,-0.2005920678379476,0.0,0.6741780918914724,0.5794912195207063,0.6934354144325707,0.579508538968416,False,1.0,1.0,False,32,5,False
Jer.32.27,הנה אני יהוה אלהי כל בשר הממני יפלא כל דבר,79.03288146673773,949.025328473245,0.1,65.86073455561478,790.854440394371,-0.2741811798695111,-0.19006614128720914,0.0,0.6080273047887015,0.5753713491232154,0.6934354144325707,0.579508538968416,False,1.0,1.0,False,32,5,False
Jer.32.28,לכן כה אמר יהוה הנני נתן את העיר הזאת ביד הכשדים וביד נבוכדראצר מלך בבל ולכדה,7.629954198209765,763.4964155266996,0.0,7.629954198209765,763.4964155266996,-0.4877047853162181,-0.19043251559817984,0.0,0.6871205191245242,0.5755148899606702,0.6934354144325707,0.579508538968416,False,1.0,1.0,False,32,5,False
Jer.32.29,ובאו הכשדים הנלחמים על העיר הזאת והציתו את העיר הזאת באש ושרפוה ואת הבתים אשר קטרו על גגותיהם לבעל והסכו נסכים לאלהים אחרים למען הכעסני,47.91479565797754,1787.8949919707693,0.2,34.224854041412534,1277.0678514076924,-0.390185245544284,-0.18355484873936131,0.0,0.6518002144676596,0.5728186566704901,0.6934354144325707,0.579508538968416,False,1.0,1.0,False,32,5,False
Jer.32.30,כי היו בני ישראל ובני יהודה אך עשים הרע בעיני מנערתיהם כי בני ישראל אך מכעסים אתי במעשה ידיהם נאם יהוה,93.2014108399321,189.95683540488272,0.09523809523809523,78.28918510554296,159.56374174010148,-0.22860790135171258,-0.1985202857607366,0.0,0.5904131586004375,0.5786809925785065,0.6934354144325707,0.579508538968416,False,1.0,1.0,False,32,5,False
Jer.32.31,כי על אפי ועל חמתי היתה לי העיר הזאת למן היום אשר בנו אותה ועד היום הזה להסירה מעל פני,25.658060918804328,17.030662682699845,0.05,23.32550992618575,15.482420620636221,-0.43015151833340726,-0.2004497998614152,0.0,0.6664572868876725,0.5794355924713948,0.6934354144325707,0.579508538968416,False,1.0,1.0,False,32,5,False
Jer.32.32,על כל רעת בני ישראל ובני יהודה אשר עשו להכעסני המה מלכיהם שריהם כהניהם ונביאיהם ואיש יהודה וישבי ירושלם,71.91885319840364,2614.896239839854,0.10526315789473684,59.41122655520301,2160.1316763894447,-0.2978305658669663,-0.17172899866481417,0.0,0.6170837577879947,0.5681747065796627,0.6934354144325707,0.579508538968416,False,1.0,1.0,False,32,5,False
Jer.32.33,ויפנו אלי ערף ולא פנים ולמד אתם השכם ולמד ואינם שמעים לקחת מוסר,379.5831066143539,18092.5102409651,0.15384615384615385,290.26943446980005,13835.449007796842,0.548692125368473,-0.015375008808148311,0.548692125368473,0.2916083755870153,0.5061334994235922,0.6934354144325707,0.579508538968416,False,0.8602506108498584,1.0,False,32,5,False
Jer.32.34,וישימו שקוציהם בבית אשר נקרא שמי עליו לטמאו,349.6688356369754,4189.913972453814,0.125,279.73506850958034,3351.9311779630507,0.510064173156338,-0.15576860959008257,0.510064173156338,0.30500325192989747,0.5618922927655672,0.6934354144325707,0.579508538968416,False,0.8780227887665915,1.0,False,32,5,False
Jer.32.35,ויבנו את במות הבעל אשר בגיא בן הנם להעביר את בניהם ואת בנותיהם למלך אשר לא צויתים ולא עלתה על לבי לעשות התועבה הזאת למען החטי החטיא את יהודה,81.94625099464923,97.3266778075683,0.10344827586206896,67.89832225270936,80.64210446912803,-0.2667096490257353,-0.1995771917550724,0.0,0.6051536379448588,0.5790943663781553,0.6934354144325707,0.579508538968416,False,1.0,1.0,False,32,5,False
Jer.32.36,ועתה לכן כה אמר יהוה אלהי ישראל אל העיר הזאת אשר אתם אמרים נתנה ביד מלך בבל בחרב וברעב ובדבר,30.77728401801099,79.15187234148591,0.0,30.77728401801099,79.15187234148591,-0.40282697173975085,-0.19959714870633596,0.0,0.6564622410998557,0.5791021710418487,0.6934354144325707,0.579508538968416,False,1.0,1.0,False,32,5,False
Jer.32.37,הנני מקבצם מכל הארצות אשר הדחתים שם באפי ובחמתי ובקצף גדול והשבתים אל המקום הזה והשבתים לבטח,25.255759092107983,13244.316664963984,0.11764705882352941,20.44513831265884,10721.58968116132,-0.440713412372466,-0.05707531688133076,0.0,0.6702897572788986,0.5227574006807164,0.6934354144325707,0.579508538968416,False,1.0,1.0,False,32,5,False
Jer.32.38,והיו לי לעם ואני אהיה להם לאלהים,15.662343480918604,2.4393369912959795,0.0,15.662343480918604,2.4393369912959795,-0.45825120922692947,-0.20062447075965242,0.0,0.6766140135284266,0.5795038889027848,0.6934354144325707,0.579508538968416,False,1.0,1.0,False,32,5,False
Jer.32.39,ונתתי להם לב אחד ודרך אחד ליראה אותי כל הימים לטוב להם ולבניהם אחריהם,31.278991447789483,19.10168398288287,0.0,31.278991447789483,19.10168398288287,-0.4009872852607411,-0.20040133126300658,0.0,0.6557852574492654,0.5794166407949227,0.6934354144325707,0.579508538968416,False,1.0,1.0,False,32,5,False
Jer.32.40,וכרתי להם ברית עולם אשר לא אשוב מאחריהם להיטיבי אותם ואת יראתי אתן בלבבם לבלתי סור מעלי,32.73577926955501,548.4515938664038,0.058823529411764705,29.289907767496587,490.7198471436244,-0.4082809590934555,-0.19408549594941815,0.0,0.658466291609865,0.5769455308778331,0.6934354144325707,0.579508538968416,False,1.0,1.0,False,32,5,False
Jer.32.41,וששתי עליהם להטיב אותם ונטעתים בארץ הזאת באמת בכל לבי ובכל נפשי,162.1327016452911,635.4600588486521,0.16666666666666666,121.59952623396832,476.5950441364891,-0.06979532604175159,-0.1942746530612479,0.0,0.5278217163071698,0.5770195842785272,0.6934354144325707,0.579508538968416,False,1.0,1.0,False,32,5,False
Jer.32.42,כי כה אמר יהוה כאשר הבאתי אל העם הזה את כל הרעה הגדולה הזאת כן אנכי מביא עליהם את כל הטובה אשר אנכי דבר עליהם,35.70647928034264,4.376718418946817,0.0,35.70647928034264,4.376718418946817,-0.3847523462941717,-0.2005985256561928,0.0,0.6497895458526993,0.5794937445022621,0.6934354144325707,0.579508538968416,False,1.0,1.0,False,32,5,False
Jer.32.43,ונקנה השדה בארץ הזאת אשר אתם אמרים שממה היא מאין אדם ובהמה נתנה ביד הכשדים,149.04363006886942,6630.377255306017,0.06666666666666667,131.50908535488477,5850.332872328839,-0.03345844752323616,-0.12231041208756928,0.0,0.513345499331237,0.5486734068706439,0.6934354144325707,0.579508538968416,False,1.0,1.0,False,32,5,False
Jer.32.44,שדות בכסף יקנו וכתוב בספר וחתום והעד עדים בארץ בנימן ובסביבי ירושלם ובערי יהודה ובערי ההר ובערי השפלה ובערי הנגב כי אשיב את שבותם נאם יהוה,62.27617458754197,2573.2257799042027,0.15384615384615385,47.622957037532096,1967.7608905149784,-0.3410563958136281,-0.17430519758511448,0.0,0.6334694368172067,0.5691871926541311,0.6934354144325707,0.579508538968416,False,1.0,1.0,False,32,5,False
Jer.33.1,ויהי דבר יהוה אל ירמיהו שנית והוא עודנו עצור בחצר המטרה לאמר,69.30719714058075,61.24769840660899,0.0,69.30719714058075,61.24769840660899,-0.2615435144859743,-0.19983691855158678,0.0,0.6031633013961546,0.5791959365904495,0.6934354144325707,0.579508538968416,False,1.0,1.0,False,33,5,False
Jer.33.2,כה אמר יהוה עשה יהוה יוצר אותה להכינה יהוה שמו,354.891075595754,648.6496041703227,0.1,295.7425629964617,540.5413368086023,0.5687612731441546,-0.19341829449624934,0.5687612731441546,0.284759079672675,0.576684305492624,0.6934354144325707,0.579508538968416,False,0.8506583559247045,1.0,False,33,5,False
Jer.33.3,קרא אלי ואענך ואגידה לך גדלות ובצרות לא ידעתם,274.1888808225265,39719.581014974065,0.2222222222222222,189.8230713386722,27498.171471905123,0.1803702605724406,0.1675939939975439,0.2462136830540068,0.42843095001386605,0.4334513482325487,0.6934354144325707,0.579508538968416,False,0.970144170777469,1.0,False,33,5,False
Jer.33.4,כי כה אמר יהוה אלהי ישראל על בתי העיר הזאת ועל בתי מלכי יהודה הנתצים אל הסללות ואל החרב,83.39296532736023,60.26902010246764,0.10526315789473684,68.88984092260193,49.78745138899501,-0.2630738976247795,-0.19999039235406124,0.0,0.603753188900338,0.5792559524357428,0.6934354144325707,0.579508538968416,False,1.0,1.0,False,33,5,False
Jer.33.5,באים להלחם את הכשדים ולמלאם את פגרי האדם אשר הכיתי באפי ובחמתי ואשר הסתרתי פני מהעיר הזאת על כל רעתם,69.28535569163864,2285.688571461282,0.15,53.296427455106645,1758.22197804714,-0.32025262413960315,-0.17711130932191846,0.0,0.6256115831126654,0.5702895205969485,0.6934354144325707,0.579508538968416,False,1.0,1.0,False,33,5,False
Jer.33.6,הנני מעלה לה ארכה ומרפא ורפאתים וגליתי להם עתרת שלום ואמת,115.43810214927495,32976.081744408104,0.2727272727272727,74.69524256717791,21337.464658146422,-0.24178635377584204,0.08509078973112887,0.08509078973112887,0.595527143325936,0.46609460624049887,0.6934354144325707,0.579508538968416,False,0.9963863238517913,1.0,False,33,5,False
Jer.33.7,והשבתי את שבות יהודה ואת שבות ישראל ובנתים כבראשנה,84.48713334039546,7721.025771025769,0.1111111111111111,69.12583636941446,6317.202903566538,-0.26220853744304856,-0.11605816300033003,0.0,0.6034196641593418,0.5461967771137834,0.6934354144325707,0.579508538968416,False,1.0,1.0,False,33,5,False
Jer.33.8,וטהרתים מכל עונם אשר חטאו לי וסלחתי לכול לכל עונותיהם אשר חטאו לי ואשר פשעו בי,74.25064613481702,1211.4801206907043,0.25,49.50043075654468,807.6534137938029,-0.33417197909871416,-0.18984117211147364,0.0,0.6308751063938125,0.5752832040809704,0.6934354144325707,0.579508538968416,False,1.0,1.0,False,33,5,False
Jer.33.9,והיתה לי לשם ששון לתהלה ולתפארת לכל גויי הארץ אשר ישמעו את כל הטובה אשר אנכי עשה אתם ופחדו ורגזו על כל הטובה ועל כל השלום אשר אנכי עשה לה,56.019567312043726,129.37876693747762,0.06666666666666667,49.42902998121505,114.15773553306849,-0.3344337951157158,-0.19912835576281082,0.0,0.6309738793936092,0.578918829659841,0.6934354144325707,0.579508538968416,False,1.0,1.0,False,33,5,False
Jer.33.10,כה אמר יהוה עוד ישמע במקום הזה אשר אתם אמרים חרב הוא מאין אדם ומאין בהמה בערי יהודה ובחצות ירושלם הנשמות מאין אדם ומאין יושב ומאין בהמה,47.0897254712981,105.43993430315909,0.037037037037037035,43.84215819741548,98.16821469604469,-0.35492002248762256,-0.1993424848787741,0.0,0.6386752460163728,0.5790025760667588,0.6934354144325707,0.579508538968416,False,1.0,1.0,False,33,5,False
Jer.33.11,קול ששון וקול שמחה קול חתן וקול כלה קול אמרים הודו את יהוה צבאות כי טוב יהוה כי לעולם חסדו מבאים תודה בית יהוה כי אשיב את שבות הארץ כבראשנה אמר יהוה,12.66183484352137,55.668483103063146,0.03125,11.917021029196585,52.39386644994178,-0.47198474926441053,-0.1999554876587597,0.0,0.6815311628662968,0.5792423031357956,0.6934354144325707,0.579508538968416,False,1.0,1.0,False,33,5,False
Jer.33.12,כה אמר יהוה צבאות עוד יהיה במקום הזה החרב מאין אדם ועד בהמה ובכל עריו נוה רעים מרבצים צאן,157.09076046776036,369.55138138273975,0.05263157894736842,142.129735661307,334.35601172724074,0.005485896545262347,-0.19617949552499075,0.005485896545262347,0.4978114548995919,0.5777651617920747,0.6934354144325707,0.579508538968416,False,0.9999849525827609,1.0,False,33,5,False
Jer.33.13,בערי ההר בערי השפלה ובערי הנגב ובארץ בנימן ובסביבי ירושלם ובערי יהודה עד תעברנה הצאן על ידי מונה אמר יהוה,191.30747134036912,6618.669682392063,0.15,147.15959333874548,5091.2843710708175,0.02392963608607873,-0.13247546870210394,0.02392963608607873,0.4904543674345952,0.5526958874316773,0.6934354144325707,0.579508538968416,False,0.9997137272422617,1.0,False,33,5,False
Jer.33.14,הנה ימים באים נאם יהוה והקמתי את הדבר הטוב אשר דברתי אל בית ישראל ועל בית יהודה,13.55511650829614,26.863747455880567,0.0,13.55511650829614,26.863747455880567,-0.46597809693008696,-0.2002973829454513,0.0,0.6793844106908306,0.57937599540734,0.6934354144325707,0.579508538968416,False,1.0,1.0,False,33,5,False
Jer.33.15,בימים ההם ובעת ההיא אצמיח לדוד צמח צדקה ועשה משפט וצדקה בארץ,21.20450718788699,57.666909932838415,0.08333333333333333,18.175291875331705,49.428779942432925,-0.44903660145105473,-0.19999519562493823,0.0,0.6732973733133296,0.5792578307224334,0.6934354144325707,0.579508538968416,False,1.0,1.0,False,33,5,False
Jer.33.16,בימים ההם תושע יהודה וירושלם תשכון לבטח וזה אשר יקרא לה יהוה צדקנו,34.99039165575786,4708.01773122992,0.07692307692307693,30.325006101656815,4080.282033732598,-0.4044854075493199,-0.1460146509538801,0.0,0.657072096795631,0.5580450887011627,0.6934354144325707,0.579508538968416,False,1.0,1.0,False,33,5,False
Jer.33.17,כי כה אמר יהוה לא יכרת לדוד איש ישב על כסא בית ישראל,18.013502686057276,66.22373233804743,0.0,18.013502686057276,66.22373233804743,-0.449629858330048,-0.19977028029784533,0.0,0.6735113225489247,0.5791698771650948,0.6934354144325707,0.579508538968416,False,1.0,1.0,False,33,5,False
Jer.33.18,ולכהנים הלוים לא יכרת איש מלפני מעלה עולה ומקטיר מנחה ועשה זבח כל הימים,143.01046433036595,15577.875088666893,0.14285714285714285,111.23036114584019,12116.12506896314,-0.10781751124174237,-0.03839992111349311,0.0,0.5429297740488819,0.5153155880603286,0.6934354144325707,0.579508538968416,False,1.0,1.0,False,33,5,False
Jer.33.19,ויהי דבר יהוה אל ירמיהו לאמור,20.907186365293104,5.635608910516647,0.0,20.907186365293104,5.635608910516647,-0.43901915092718635,-0.20058166679526743,0.0,0.6696761700743057,0.5794871527470162,0.6934354144325707,0.579508538968416,False,1.0,1.0,False,33,5,False
Jer.33.20,כה אמר יהוה אם תפרו את בריתי היום ואת בריתי הלילה ולבלתי היות יומם ולילה בעתם,29.83382322464716,54.600208712012304,0.125,23.867058579717728,43.68016696960984,-0.4281657400162143,-0.20007218013413222,0.0,0.6657347713076015,0.57928793474945,0.6934354144325707,0.579508538968416,False,1.0,1.0,False,33,5,False
Jer.33.21,גם בריתי תפר את דוד עבדי מהיות לו בן מלך על כסאו ואת הלוים הכהנים משרתי,259.89568085684226,49.565771419185744,0.0,259.89568085684226,49.565771419185744,0.4373160912060879,-0.1999933610569039,0.4373160912060879,0.33094106360400966,0.5792571133271861,0.6934354144325707,0.579508538968416,False,0.9088068607400965,1.0,False,33,5,False
Jer.33.22,אשר לא יספר צבא השמים ולא ימד חול הים כן ארבה את זרע דוד עבדי ואת הלוים משרתי אתי,104.33121624100305,73.46272958656988,0.05263157894736842,94.3949099323361,66.4662791497537,-0.1695506053264483,-0.19976703214957997,0.0,0.5673182144000151,0.5791686069417104,0.6934354144325707,0.579508538968416,False,1.0,1.0,False,33,5,False
Jer.33.23,ויהי דבר יהוה אל ירמיהו לאמר,28.84371803119245,4.858938778977586,0.0,28.84371803119245,4.858938778977586,-0.40991707045284687,-0.2005920678379476,0.0,0.6590666086734298,0.5794912195207063,0.6934354144325707,0.579508538968416,False,1.0,1.0,False,33,5,False
Jer.33.24,הלוא ראית מה העם הזה דברו לאמר שתי המשפחות אשר בחר יהוה בהם וימאסם ואת עמי ינאצון מהיות עוד גוי לפניהם,117.26560500216104,1021.0045057287957,0.14285714285714285,91.20658166834748,794.1146155668412,-0.18124173057148235,-0.19002248154063625,0.0,0.5719110796507787,0.5753542431178449,0.6934354144325707,0.579508538968416,False,1.0,1.0,False,33,5,False
Jer.33.25,כה אמר יהוה אם לא בריתי יומם ולילה חקות שמים וארץ לא שמתי,6.059005150162777,11.98026946451035,0.0,6.059005150162777,11.98026946451035,-0.4934652216808564,-0.2004967001118151,0.0,0.6891580461370026,0.5794539307338052,0.6934354144325707,0.579508538968416,False,1.0,1.0,False,33,5,False
Jer.33.26,גם זרע יעקוב ודוד עבדי אמאס מקחת מזרעו משלים אל זרע אברהם ישחק ויעקב כי אשוב אשיב את שבותם ורחמתים,247.42887831994574,10303.550457032396,0.15,190.32990639995825,7925.808043871073,0.18222874931307512,-0.09451597920769153,0.18222874931307512,0.4277016060111097,0.5376503551527662,0.6934354144325707,0.579508538968416,False,0.9835334224696616,1.0,False,33,5,False
Jer.34.1,הדבר אשר היה אל ירמיהו מאת יהוה ונבוכדראצר מלך בבל וכל חילו וכל ממלכות ארץ ממשלת ידו וכל העמים נלחמים על ירושלם ועל כל עריה לאמר,31.396809987967515,164.26333318671604,0.07692307692307693,27.210568656238515,142.36155542848724,-0.4159055861593663,-0.19875065469956135,0.0,0.661260454153489,0.5787711011727125,0.6934354144325707,0.579508538968416,False,1.0,1.0,False,34,5,False
Jer.34.2,כה אמר יהוה אלהי ישראל הלך ואמרת אל צדקיהו מלך יהודה ואמרת אליו כה אמר יהוה הנני נתן את העיר הזאת ביד מלך בבל ושרפה באש,10.864368722980611,7.2666281231113885,0.0,10.864368722980611,7.2666281231113885,-0.4758446686116264,-0.20055982444578918,0.0,0.6829074779499514,0.5794786124321499,0.6934354144325707,0.579508538968416,False,1.0,1.0,False,34,5,False
Jer.34.3,ואתה לא תמלט מידו כי תפש תתפש ובידו תנתן ועיניך את עיני מלך בבל תראינה ופיהו את פיך ידבר ובבל תבוא,66.73291942037582,3204.4727936823438,0.14285714285714285,51.903381771403424,2492.367728419601,-0.32536071534344124,-0.16727974638030432,0.0,0.6275459579890528,0.5664250301812871,0.6934354144325707,0.579508538968416,False,1.0,1.0,False,34,5,False
Jer.34.4,אך שמע דבר יהוה צדקיהו מלך יהודה כה אמר יהוה עליך לא תמות בחרב,32.484721550588006,15.597918887438658,0.0,32.484721550588006,15.597918887438658,-0.39656605241507087,-0.20044825312702474,0.0,0.6541562548135792,0.5794349876865881,0.6934354144325707,0.579508538968416,False,1.0,1.0,False,34,5,False
Jer.34.5,בשלום תמות וכמשרפות אבותיך המלכים הראשנים אשר היו לפניך כן ישרפו לך והוי אדון יספדו לך כי דבר אני דברתי נאם יהוה,63.54629430112005,1593.5902714683045,0.09090909090909091,53.769941331716964,1348.4225373962577,-0.31851631922419044,-0.18259927815120522,0.0,0.6249533411053795,0.5724437746137963,0.6934354144325707,0.579508538968416,False,1.0,1.0,False,34,5,False
Jer.34.6,וידבר ירמיהו הנביא אל צדקיהו מלך יהודה את כל הדברים האלה בירושלם,16.57043047208546,3.3751476628458663,0.0,16.57043047208546,3.3751476628458663,-0.4549213893752444,-0.20061193853221107,0.0,0.6754171028762053,0.5794989888736227,0.6934354144325707,0.579508538968416,False,1.0,1.0,False,34,5,False
Jer.34.7,וחיל מלך בבל נלחמים על ירושלם ועל כל ערי יהודה הנותרות אל לכיש ואל עזקה כי הנה נשארו בערי יהודה ערי מבצר,65.31259610585504,55.24095291662149,0.045454545454545456,59.86987976370045,50.637540173569704,-0.29614875280990294,-0.19997900810047498,0.0,0.6164417582259147,0.57925150069293,0.6934354144325707,0.579508538968416,False,1.0,1.0,False,34,5,False
Jer.34.8,הדבר אשר היה אל ירמיהו מאת יהוה אחרי כרת המלך צדקיהו ברית את כל העם אשר בירושלם לקרא להם דרור,36.01335071221226,4.850464444565775,0.0,36.01335071221226,4.850464444565775,-0.3836270944232673,-0.20059218132488413,0.0,0.6493725723295909,0.5794912638936807,0.6934354144325707,0.579508538968416,False,1.0,1.0,False,34,5,False
Jer.34.9,לשלח איש את עבדו ואיש את שפחתו העברי והעבריה חפשים לבלתי עבד בם ביהודי אחיהו איש,64.43580399161947,4357.494772372694,0.1875,46.862402902995974,3169.0871071801407,-0.34384523463644334,-0.15821722825945594,0.0,0.634518660160025,0.5628571857236832,0.6934354144325707,0.579508538968416,False,1.0,1.0,False,34,5,False
Jer.34.10,וישמעו כל השרים וכל העם אשר באו בברית לשלח איש את עבדו ואיש את שפחתו חפשים לבלתי עבד בם עוד וישמעו וישלחו,10.621380779631004,118.79838013853067,0.0,10.621380779631004,118.79838013853067,-0.4767356692375091,-0.19906620898949623,0.0,0.683224820061643,0.5788945232401171,0.6934354144325707,0.579508538968416,False,1.0,1.0,False,34,5,False
Jer.34.11,וישובו אחרי כן וישבו את העבדים ואת השפחות אשר שלחו חפשים ויכבישום ויכבשום לעבדים ולשפחות,38.53862245869202,4712.134795042311,0.2,27.5275874704943,3365.8105678873653,-0.4147431253474234,-0.15558273901116434,0.0,0.6608350206374839,0.561819034240312,0.6934354144325707,0.579508538968416,False,1.0,1.0,False,34,5,False
Jer.34.12,ויהי דבר יהוה אל ירמיהו מאת יהוה לאמר,23.313877992076396,4.196882863251011,0.0,23.313877992076396,4.196882863251011,-0.43019417090467804,-0.20060093398530737,0.0,0.6664727990547453,0.5794946861486442,0.6934354144325707,0.579508538968416,False,1.0,1.0,False,34,5,False
Jer.34.13,כה אמר יהוה אלהי ישראל אנכי כרתי ברית את אבותיכם ביום הוצאי אותם מארץ מצרים מבית עבדים לאמר,8.35492655751484,35.759148145646954,0.05555555555555555,7.519433901763356,32.183233331082256,-0.4881100467952405,-0.20022614523798987,0.0,0.6872640524331688,0.5793481398816152,0.6934354144325707,0.579508538968416,False,1.0,1.0,False,34,5,False
Jer.34.14,מקץ שבע שנים תשלחו איש את אחיו העברי אשר ימכר לך ועבדך שש שנים ושלחתו חפשי מעמך ולא שמעו אבותיכם אלי ולא הטו את אזנם,29.58246416390067,147.70483195109804,0.04,27.39117052213025,136.76373328805374,-0.4152433459949907,-0.19882561984194858,0.0,0.6610181148900418,0.5788004228283166,0.6934354144325707,0.579508538968416,False,1.0,1.0,False,34,5,False
Jer.34.15,ותשבו אתם היום ותעשו את הישר בעיני לקרא דרור איש לרעהו ותכרתו ברית לפני בבית אשר נקרא שמי עליו,240.11161964874893,192.03051577023754,0.05263157894736842,217.2438463488681,173.74189522069113,0.2809181616718877,-0.1983304141878649,0.2809181616718877,0.3893865851695852,0.578606721392756,0.6934354144325707,0.579508538968416,False,0.9613108023155025,1.0,False,34,5,False
Jer.34.16,ותשבו ותחללו את שמי ותשבו איש את עבדו ואיש את שפחתו אשר שלחתם חפשים לנפשם ותכבשו אתם להיות לכם לעבדים ולשפחות,19.020054766674868,15703.382416178067,0.09523809523809523,15.97684600400689,13190.841229589576,-0.4570979752802139,-0.024007493489675805,0.0,0.6761996872361102,0.5095766842547779,0.6934354144325707,0.579508538968416,False,1.0,1.0,False,34,5,False
Jer.34.17,לכן כה אמר יהוה אתם לא שמעתם אלי לקרא דרור איש לאחיו ואיש לרעהו הנני קרא לכם דרור נאם יהוה אל החרב אל הדבר ואל הרעב ונתתי אתכם לזועה לזעוה לכל ממלכות הארץ,22.525556023093674,30.551127747748154,0.0,22.525556023093674,30.551127747748154,-0.43308483024389527,-0.200248002135972,0.0,0.6675234285201757,0.5793566864564005,0.6934354144325707,0.579508538968416,False,1.0,1.0,False,34,5,False
Jer.34.18,ונתתי את האנשים העברים את ברתי אשר לא הקימו את דברי הברית אשר כרתו לפני העגל אשר כרתו לשנים ויעברו בין בתריו,95.40356618669594,308.34126095416343,0.09090909090909091,80.7260944656658,260.9041438842921,-0.21967211739816495,-0.19716315123846548,0.0,0.5869367393277817,0.5781500671861692,0.6934354144325707,0.579508538968416,False,1.0,1.0,False,34,5,False
Jer.34.19,שרי יהודה ושרי ירושלם הסרסים והכהנים וכל עם הארץ העברים בין בתרי העגל,151.26668415065032,1741.3705294657605,0.15384615384615385,115.67452317402672,1331.6362872385228,-0.091521430481302,-0.1828240769393147,0.0,0.5364608606833867,0.5725319718311499,0.6934354144325707,0.579508538968416,False,1.0,1.0,False,34,5,False
Jer.34.20,ונתתי אותם ביד איביהם וביד מבקשי נפשם והיתה נבלתם למאכל לעוף השמים ולבהמת הארץ,24.46708649309484,288.6104599030653,0.0,24.46708649309484,288.6104599030653,-0.4259655269562729,-0.19679211266788108,0.0,0.6649335171041726,0.5780048881970943,0.6934354144325707,0.579508538968416,False,1.0,1.0,False,34,5,False
Jer.34.21,ואת צדקיהו מלך יהודה ואת שריו אתן ביד איביהם וביד מבקשי נפשם וביד חיל מלך בבל העלים מעליכם,29.08061752921597,115.51820993944273,0.0,29.08061752921597,115.51820993944273,-0.4090483952498695,-0.19911013650628046,0.0,0.6587479270106354,0.5789117039003511,0.6934354144325707,0.579508538968416,False,1.0,1.0,False,34,5,False
Jer.34.22,הנני מצוה נאם יהוה והשבתים אל העיר הזאת ונלחמו עליה ולכדוה ושרפה באש ואת ערי יהודה אתן שממה מאין ישב,57.58226091354479,1367.3028216342107,0.05,52.34750992140435,1243.0025651220096,-0.3237321635142107,-0.1840110456267939,0.0,0.6269295909536251,0.5729976051355318,0.6934354144325707,0.579508538968416,False,1.0,1.0,False,34,5,False
Jer.35.1,הדבר אשר היה אל ירמיהו מאת יהוה בימי יהויקים בן יאשיהו מלך יהודה לאמר,14.83911114796517,3.2840967728956088,0.0,14.83911114796517,3.2840967728956088,-0.4612698796753355,-0.20061315787122513,0.0,0.6776975040281623,0.5794994656287356,0.6934354144325707,0.579508538968416,False,1.0,1.0,False,35,5,False
Jer.35.2,הלוך אל בית הרכבים ודברת אותם והבאותם בית יהוה אל אחת הלשכות והשקית אותם יין,244.58741092174594,2636.6660634853192,0.13333333333333333,193.0953244119047,2081.5784711726205,0.19236912560296596,-0.17278097067577103,0.19236912560296596,0.42372653745975314,0.568588202364096,0.6934354144325707,0.579508538968416,False,0.9816671882478379,1.0,False,35,5,False
Jer.35.3,ואקח את יאזניה בן ירמיהו בן חבצניה ואת אחיו ואת כל בניו ואת כל בית הרכבים,118.91058342901778,4210.753091040398,0.125,95.12846674321422,3368.6024728323187,-0.16686076167164376,-0.1555453502648842,0.0,0.5662601960589255,0.5618042976853619,0.6934354144325707,0.579508538968416,False,1.0,1.0,False,35,5,False
Jer.35.4,ואבא אתם בית יהוה אל לשכת בני חנן בן יגדליהו איש האלהים אשר אצל לשכת השרים אשר ממעל ללשכת מעשיהו בן שלם שמר הסף,61.840379523368085,161.6583997712881,0.125,49.47230361869447,129.32671981703047,-0.33427511712722435,-0.19892521514165695,0.0,0.6309140173923762,0.5788393775785601,0.6934354144325707,0.579508538968416,False,1.0,1.0,False,35,5,False
Jer.35.5,ואתן לפני בני בית הרכבים גבעים מלאים יין וכסות ואמר אליהם שתו יין,195.4640196712604,7391.725660335228,0.07692307692307693,169.40215038175901,6406.1622389571985,0.10548978254175541,-0.11486683375175274,0.10548978254175541,0.4579935885519441,0.545724663061542,0.6934354144325707,0.579508538968416,False,0.9944514035304566,1.0,False,35,5,False
Jer.35.6,ויאמרו לא נשתה יין כי יונדב בן רכב אבינו צוה עלינו לאמר לא תשתו יין אתם ובניכם עד עולם,17.551220828337385,73.01965960973345,0.05263157894736842,15.87967598754335,66.06540631356837,-0.45745428326937815,-0.19977240057474424,0.0,0.6763277225644314,0.5791707063217817,0.6934354144325707,0.579508538968416,False,1.0,1.0,False,35,5,False
Jer.35.7,ובית לא תבנו וזרע לא תזרעו וכרם לא תטעו ולא יהיה לכם כי באהלים תשבו כל ימיכם למען תחיו ימים רבים על פני האדמה אשר אתם גרים שם,20.08183076091387,251.90475811057289,0.10714285714285714,16.537978273693778,207.45097726753062,-0.4550403867570884,-0.19787898753085656,0.0,0.6754599080575036,0.5784301276882697,0.6934354144325707,0.579508538968416,False,1.0,1.0,False,35,5,False
Jer.35.8,ונשמע בקול יהונדב בן רכב אבינו לכל אשר צונו לבלתי שתות יין כל ימינו אנחנו נשינו בנינו ובנתינו,29.83027407984032,3448.8705059111026,0.16666666666666666,22.37270555988024,2586.652879433327,-0.43364531014471763,-0.16601709465729053,0.0,0.667726986768531,0.5659282513673011,0.6934354144325707,0.579508538968416,False,1.0,1.0,False,35,5,False
Jer.35.9,ולבלתי בנות בתים לשבתנו וכרם ושדה וזרע לא יהיה לנו,151.53748429604735,12299.656289992552,0.2,108.2410602114624,8785.46877856611,-0.11877883288908979,-0.08300353959021699,0.0,0.5472747105718998,0.5330756374288221,0.6934354144325707,0.579508538968416,False,1.0,1.0,False,35,5,False
Jer.35.10,ונשב באהלים ונשמע ונעש ככל אשר צונו יונדב אבינו,42.44074483213415,132785.1429909749,0.2222222222222222,29.382054114554414,91928.17591682878,-0.4079430721523606,1.0304303500036531,1.0304303500036531,0.6583422651287842,0.15140401610566806,0.6934354144325707,0.579508538968416,False,0.5880793724084037,1.0,False,35,5,False
Jer.35.11,ויהי בעלות נבוכדראצר מלך בבל אל הארץ ונאמר באו ונבוא ירושלם מפני חיל הכשדים ומפני חיל ארם ונשב בירושלם,54.71605690885608,4614.042668092932,0.0,54.71605690885608,4614.042668092932,-0.31504705420730245,-0.13886661356510935,0.0,0.6236370362515289,0.5552222230928874,0.6934354144325707,0.579508538968416,False,1.0,1.0,False,35,5,False
Jer.35.12,ויהי דבר יהוה אל ירמיהו לאמר,15.172474509982976,4.858938778977586,0.0,15.172474509982976,4.858938778977586,-0.4600474858392064,-0.2005920678379476,0.0,0.6772589317701694,0.5794912195207063,0.6934354144325707,0.579508538968416,False,1.0,1.0,False,35,5,False
Jer.35.13,כה אמר יהוה צבאות אלהי ישראל הלך ואמרת לאיש יהודה וליושבי ירושלם הלוא תקחו מוסר לשמע אל דברי נאם יהוה,24.04830316934619,37.33752124604824,0.05,21.862093790314717,33.94320113277112,-0.4355176475125491,-0.2002025760295476,0.0,0.6684066338571346,0.5793389237101882,0.6934354144325707,0.579508538968416,False,1.0,1.0,False,35,5,False
Jer.35.14,הוקם את דברי יהונדב בן רכב אשר צוה את בניו לבלתי שתות יין ולא שתו עד היום הזה כי שמעו את מצות אביהם ואנכי דברתי אליכם השכם ודבר ולא שמעתם אלי,30.511581032293833,59.81978242084107,0.06451612903225806,27.024543200031683,52.98323585845924,-0.41658771382226817,-0.19994759491752573,0.0,0.6615100012455917,0.5792392167070916,0.6934354144325707,0.579508538968416,False,1.0,1.0,False,35,5,False
Jer.35.15,ואשלח אליכם את כל עבדי הנבאים השכים ושלח לאמר שבו נא איש מדרכו הרעה והיטיבו מעלליכם ואל תלכו אחרי אלהים אחרים לעבדם ושבו אל האדמה אשר נתתי לכם ולאבתיכם ולא הטיתם את אזנכם ולא שמעתם אלי,21.011189958763282,1394.8565869752533,0.1111111111111111,17.190973602624503,1141.246298434298,-0.452645950067122,-0.1853737493407858,0.0,0.6745981472505577,0.5735320517154446,0.6934354144325707,0.579508538968416,False,1.0,1.0,False,35,5,False
Jer.35.16,כי הקימו בני יהונדב בן רכב את מצות אביהם אשר צום והעם הזה לא שמעו אלי,44.040031606926405,300.78912574877796,0.0,44.040031606926405,300.78912574877796,-0.3541944501432115,-0.19662901791490286,0.0,0.6384034187499411,0.5779410695589884,0.6934354144325707,0.579508538968416,False,1.0,1.0,False,35,5,False
Jer.35.17,לכן כה אמר יהוה אלהי צבאות אלהי ישראל הנני מביא אל יהודה ואל כל יושבי ירושלם את כל הרעה אשר דברתי עליהם יען דברתי אליהם ולא שמעו ואקרא להם ולא ענו,11.242568114197654,10.239797192912668,0.0,11.242568114197654,10.239797192912668,-0.47445786772909027,-0.20052000823922395,0.0,0.6824132821024147,0.5794630442789319,0.6934354144325707,0.579508538968416,False,1.0,1.0,False,35,5,False
Jer.35.18,ולבית הרכבים אמר ירמיהו כה אמר יהוה צבאות אלהי ישראל יען אשר שמעתם על מצות יהונדב אביכם ותשמרו את כל מצותיו ותעשו ככל אשר צוה אתכם,20.75107924361902,158.41685947303515,0.038461538461538464,19.268859297646234,147.1013695106755,-0.44502665246224704,-0.19868717986441187,0.0,0.6718497533356148,0.5787462734620927,0.6934354144325707,0.579508538968416,False,1.0,1.0,False,35,5,False
Jer.35.19,לכן כה אמר יהוה צבאות אלהי ישראל לא יכרת איש ליונדב בן רכב עמד לפני כל הימים,15.835031578730844,185.49674947899993,0.058823529411764705,14.168186149390754,165.9707758496315,-0.46373006179552445,-0.19843448378056447,0.0,0.678579421794196,0.5786474301609609,0.6934354144325707,0.579508538968416,False,1.0,1.0,False,35,5,False
Jer.36.1,ויהי בשנה הרביעת ליהויקים בן יאשיהו מלך יהודה היה הדבר הזה אל ירמיהו מאת יהוה לאמר,37.508765834816245,218.69482232851857,0.0625,33.34112518650333,194.39539762534983,-0.39342574773538175,-0.19805382577370714,0.0,0.6529974721033052,0.5784985245769452,0.6934354144325707,0.579508538968416,False,1.0,1.0,False,36,5,False
Jer.36.2,קח לך מגלת ספר וכתבת אליה את כל הדברים אשר דברתי אליך על ישראל ועל יהודה ועל כל הגוים מיום דברתי אליך מימי יאשיהו ועד היום הזה,16.30146915031096,17.14993877696968,0.037037037037037035,15.177229898565379,15.96718437855798,-0.4600300485369896,-0.20044330798239063,0.0,0.6772526738033054,0.5794330540964995,0.6934354144325707,0.579508538968416,False,1.0,1.0,False,36,5,False
Jer.36.3,אולי ישמעו בית יהודה את כל הרעה אשר אנכי חשב לעשות להם למען ישובו איש מדרכו הרעה וסלחתי לעונם ולחטאתם,14.479202069245735,410.4233448393453,0.15,11.137847745573643,315.71026526103486,-0.4748418617359551,-0.19642919639145068,0.0,0.6825501535518907,0.5778628770221916,0.6934354144325707,0.579508538968416,False,1.0,1.0,False,36,5,False
Jer.36.4,ויקרא ירמיהו את ברוך בן נריה ויכתב ברוך מפי ירמיהו את כל דברי יהוה אשר דבר אליו על מגלת ספר,26.045345013243196,116.59417546141705,0.05,23.67758637567563,105.99470496492458,-0.4288605063904702,-0.19923767376783136,0.0,0.6659876286179482,0.5789615846382039,0.6934354144325707,0.579508538968416,False,1.0,1.0,False,36,5,False
Jer.36.5,ויצוה ירמיהו את ברוך לאמר אני עצור לא אוכל לבוא בית יהוה,35.148543725125684,179.86262187210386,0.0,35.148543725125684,179.86262187210386,-0.38679821294108313,-0.19824844639156392,0.0,0.650547199841367,0.5785746575641674,0.6934354144325707,0.579508538968416,False,1.0,1.0,False,36,5,False
Jer.36.6,ובאת אתה וקראת במגלה אשר כתבת מפי את דברי יהוה באזני העם בית יהוה ביום צום וגם באזני כל יהודה הבאים מעריהם תקראם,90.33730784067758,1037.525362418234,0.13043478260869565,71.64683035639946,822.8649426075648,-0.252964427676588,-0.18963746174075394,0.0,0.5998521490302503,0.5752033851908612,0.6934354144325707,0.579508538968416,False,1.0,1.0,False,36,5,False
Jer.36.7,אולי תפל תחנתם לפני יהוה וישבו איש מדרכו הרעה כי גדול האף והחמה אשר דבר יהוה אל העם הזה,28.090543972905515,141.46019986336492,0.10526315789473684,23.2052319776176,116.85842597408407,-0.4305925596705897,-0.1990921885466372,0.0,0.6666176739479154,0.5789046842228995,0.6934354144325707,0.579508538968416,False,1.0,1.0,False,36,5,False
Jer.36.8,ויעש ברוך בן נריה ככל אשר צוהו ירמיהו הנביא לקרא בספר דברי יהוה בית יהוה,26.923069786577376,19.599270012259154,0.0,26.923069786577376,19.599270012259154,-0.4169598017277498,-0.20039466767016526,0.0,0.6616460946450653,0.579414035253242,0.6934354144325707,0.579508538968416,False,1.0,1.0,False,36,5,False
Jer.36.9,ויהי בשנה החמשית ליהויקים בן יאשיהו מלך יהודה בחדש התשעי קראו צום לפני יהוה כל העם בירושלם וכל העם הבאים מערי יהודה בירושלם,20.924525219707512,311.0845875236634,0.043478260869565216,19.250563202130913,286.1978205217703,-0.4450937415216079,-0.19682442235014863,0.0,0.6718739942809179,0.5780175306656349,0.6934354144325707,0.579508538968416,False,1.0,1.0,False,36,5,False
Jer.36.10,ויקרא ברוך בספר את דברי ירמיהו בית יהוה בלשכת גמריהו בן שפן הספר בחצר העליון פתח שער בית יהוה החדש באזני כל העם,89.32606779204117,154.5489153944774,0.043478260869565216,82.17998236867788,142.18500216291923,-0.21434092683088937,-0.1987530190727694,0.0,0.5848593977114489,0.5787720259736928,0.6934354144325707,0.579508538968416,False,1.0,1.0,False,36,5,False
Jer.36.11,וישמע מכיהו בן גמריהו בן שפן את כל דברי יהוה מעל הספר,44.637048391857846,220.31997372428444,0.16666666666666666,33.47778629389339,165.23998029321334,-0.39292463179300274,-0.1984442704782423,0.0,0.6528124258911623,0.5786512583676164,0.6934354144325707,0.579508538968416,False,1.0,1.0,False,36,5,False
Jer.36.12,וירד בית המלך על לשכת הספר והנה שם כל השרים יושבים אלישמע הספר ודליהו בן שמעיהו ואלנתן בן עכבור וגמריהו בן שפן וצדקיהו בן חנניהו וכל השרים,47.18642228808516,2538.1385721891484,0.18518518518518517,34.433335183197286,1852.1551743001896,-0.3894207762243075,-0.17585337092099423,0.0,0.6515175472924462,0.5697954305089601,0.6934354144325707,0.579508538968416,False,1.0,1.0,False,36,5,False
Jer.36.13,ויגד להם מכיהו את כל הדברים אשר שמע בקרא ברוך בספר באזני העם,108.74133583447801,965.7568670374133,0.15384615384615385,83.155139167542,738.5199571462572,-0.21076517197595968,-0.19076699635013042,0.0,0.5834647416125457,0.5756459265594236,0.6934354144325707,0.579508538968416,False,1.0,1.0,False,36,5,False
Jer.36.14,וישלחו כל השרים אל ברוך את יהודי בן נתניהו בן שלמיהו בן כושי לאמר המגלה אשר קראת בה באזני העם קחנה בידך ולך ויקח ברוך בן נריהו את המגלה בידו ויבא אליהם,45.006108260498436,135.5345281668796,0.0625,40.0054295648875,120.47513614833741,-0.3689887353867072,-0.19904375414011546,0.0,0.6439319394409568,0.578885740779483,0.6934354144325707,0.579508538968416,False,1.0,1.0,False,36,5,False
Jer.36.15,ויאמרו אליו שב נא וקראנה באזנינו ויקרא ברוך באזניהם,203.80379572326376,2021.8225899362844,0.1111111111111111,166.7485601372158,1654.2184826751418,0.09575946203230302,-0.17850410756447305,0.09575946203230302,0.4618558069791674,0.5708364521836458,0.6934354144325707,0.579508538968416,False,0.9954255574951644,1.0,False,36,5,False
Jer.36.16,ויהי כשמעם את כל הדברים פחדו איש אל רעהו ויאמרו אל ברוך הגיד נגיד למלך את כל הדברים האלה,21.705489332254224,69.92414601089908,0.0,21.705489332254224,69.92414601089908,-0.43609189275379207,-0.1997207249474041,0.0,0.6686149704718245,0.5791504979216185,0.6934354144325707,0.579508538968416,False,1.0,1.0,False,36,5,False
Jer.36.17,ואת ברוך שאלו לאמר הגד נא לנו איך כתבת את כל הדברים האלה מפיו,78.5557178907365,40.53974877999789,0.0,78.5557178907365,40.53974877999789,-0.2276305652948201,-0.20011423611426762,0.0,0.5900332719963768,0.5793043801265758,0.6934354144325707,0.579508538968416,False,1.0,1.0,False,36,5,False
Jer.36.18,ויאמר להם ברוך מפיו יקרא אלי את כל הדברים האלה ואני כתב על הספר בדיו,47.32935735746958,96.13595873024042,0.0,47.32935735746958,96.13595873024042,-0.342132982145808,-0.19936970052693545,0.0,0.6338745913144579,0.5790132199155695,0.6934354144325707,0.579508538968416,False,1.0,1.0,False,36,5,False
Jer.36.19,ויאמרו השרים אל ברוך לך הסתר אתה וירמיהו ואיש אל ידע איפה אתם,355.0456118872184,1981.6864936471381,0.0,355.0456118872184,1981.6864936471381,0.7862167277236233,-0.17411870812627842,0.7862167277236233,0.2158702638720033,0.5691139145916825,0.6934354144325707,0.579508538968416,False,0.7341305747191869,1.0,False,36,5,False
Jer.36.20,ויבאו אל המלך חצרה ואת המגלה הפקדו בלשכת אלישמע הספר ויגידו באזני המלך את כל הדברים,82.98019706457104,1005.6331202170442,0.125,66.38415765165684,804.5064961736354,-0.27226186527412005,-0.18988331513094772,0.0,0.6072896619535181,0.5752997163996691,0.6934354144325707,0.579508538968416,False,1.0,1.0,False,36,5,False
Jer.36.21,וישלח המלך את יהודי לקחת את המגלה ויקחה מלשכת אלישמע הספר ויקראה יהודי באזני המלך ובאזני כל השרים העמדים מעל המלך,37.25929057830566,1828.1917723857239,0.09523809523809523,31.297804085776754,1535.6810888040081,-0.40091830211700935,-0.18009154146051845,0.0,0.655759862709004,0.5714596485100749,0.6934354144325707,0.579508538968416,False,1.0,1.0,False,36,5,False
Jer.36.22,והמלך יושב בית החרף בחדש התשיעי ואת האח לפניו מבערת,833.5555764880993,8752.35098429481,0.2,595.3968403486424,6251.679274496293,1.66754891251723,-0.11693564500310709,1.66754891251723,0.047702653483648425,0.5465444743590673,0.6934354144325707,0.579508538968416,False,0.2489857313888215,1.0,False,36,5,False
Jer.36.23,ויהי כקרוא יהודי שלש דלתות וארבעה יקרעה בתער הספר והשלך אל האש אשר אל האח עד תם כל המגלה על האש אשר על האח,133.25179372310745,1538.1770546223454,0.125,106.60143497848597,1230.5416436978762,-0.12479109460321608,-0.18417792030151584,0.0,0.5496555311219682,0.5730630598915575,0.6934354144325707,0.579508538968416,False,1.0,1.0,False,36,5,False
Jer.36.24,ולא פחדו ולא קרעו את בגדיהם המלך וכל עבדיו השמעים את כל הדברים האלה,66.56045154000445,47.19245179995842,0.21428571428571427,46.592316078003115,33.03471625997089,-0.3448356028283543,-0.20021474231424508,0.0,0.6348910171534337,0.5793436810482919,0.6934354144325707,0.579508538968416,False,1.0,1.0,False,36,5,False
Jer.36.25,וגם אלנתן ודליהו וגמריהו הפגעו במלך לבלתי שרף את המגלה ולא שמע אליהם,246.70363818775834,8783.013279266874,0.3076923076923077,152.72129983051707,5437.103458593779,0.04432358607731232,-0.12784431457001422,0.04432358607731232,0.48232323558796814,0.5508639100879488,0.6934354144325707,0.579508538968416,False,0.9990181921476556,1.0,False,36,5,False
Jer.36.26,ויצוה המלך את ירחמאל בן המלך ואת שריהו בן עזריאל ואת שלמיהו בן עבדאל לקחת את ברוך הספר ואת ירמיהו הנביא ויסתרם יהוה,89.5045016119533,1187.6675195687635,0.17391304347826086,66.40656571209439,881.1726758090826,-0.27217969825134747,-0.18885661386597874,0.0,0.6072580743917467,0.5748974006532815,0.6934354144325707,0.579508538968416,False,1.0,1.0,False,36,5,False
Jer.36.27,ויהי דבר יהוה אל ירמיהו אחרי שרף המלך את המגלה ואת הדברים אשר כתב ברוך מפי ירמיהו לאמר,31.44024890494561,34.20614531801483,0.0,31.44024890494561,34.20614531801483,-0.4003959781642913,-0.20019905472290514,0.0,0.6555675569923878,0.579337546784283,0.6934354144325707,0.579508538968416,False,1.0,1.0,False,36,5,False
Jer.36.28,שוב קח לך מגלה אחרת וכתב עליה את כל הדברים הראשנים אשר היו על המגלה הראשנה אשר שרף יהויקים מלך יהודה,53.655872029259086,88.57142611635334,0.0,53.655872029259086,88.57142611635334,-0.3189345943800806,-0.19947100354269162,0.0,0.6251119447018783,0.5790528383057651,0.6934354144325707,0.579508538968416,False,1.0,1.0,False,36,5,False
Jer.36.29,ועל יהויקים מלך יהודה תאמר כה אמר יהוה אתה שרפת את המגלה הזאת לאמר מדוע כתבת עליה לאמר בא יבוא מלך בבל והשחית את הארץ הזאת והשבית ממנה אדם ובהמה,19.303117089895277,209.87296124176692,0.1,16.085930908246066,174.8941343681391,-0.45669797717079486,-0.19831498358475078,0.0,0.6760559275007219,0.5786006853521206,0.6934354144325707,0.579508538968416,False,1.0,1.0,False,36,5,False
Jer.36.30,לכן כה אמר יהוה על יהויקים מלך יהודה לא יהיה לו יושב על כסא דוד ונבלתו תהיה משלכת לחרב ביום ולקרח בלילה,29.99257811795617,111.32264804828506,0.13636363636363635,23.565597092679848,87.46779489508113,-0.4292711544245491,-0.19948578319620153,0.0,0.6661370468350702,0.5790586183834573,0.6934354144325707,0.579508538968416,False,1.0,1.0,False,36,5,False
Jer.36.31,ופקדתי עליו ועל זרעו ועל עבדיו את עונם והבאתי עליהם ועל ישבי ירושלם ואל איש יהודה את כל הרעה אשר דברתי אליהם ולא שמעו,32.09968834164953,77.9525337039666,0.0,32.09968834164953,77.9525337039666,-0.3979779118901569,-0.1996132100583183,0.0,0.6546767662054176,0.5791084522116747,0.6934354144325707,0.579508538968416,False,1.0,1.0,False,36,5,False
Jer.36.32,וירמיהו לקח מגלה אחרת ויתנה אל ברוך בן נריהו הספר ויכתב עליה מפי ירמיהו את כל דברי הספר אשר שרף יהויקים מלך יהודה באש ועוד נוסף עליהם דברים רבים כהמה,141.13361012674605,461.99853781422456,0.06666666666666667,124.52965599418769,407.6457686596099,-0.059050976283966265,-0.19519801077500668,0.0,0.5235442471426771,0.5773810318599448,0.6934354144325707,0.579508538968416,False,1.0,1.0,False,36,5,False
Jer.37.1,וימלך מלך צדקיהו בן יאשיהו תחת כניהו בן יהויקים אשר המליך נבוכדראצר מלך בבל בארץ יהודה,29.85081375624195,4547.578032958106,0.0625,26.53405667221507,4042.2915848516495,-0.41838625492372056,-0.14652341299352103,0.0,0.6621676327695624,0.5582458957604479,0.6934354144325707,0.579508538968416,False,1.0,1.0,False,37,5,False
Jer.37.2,ולא שמע הוא ועבדיו ועם הארץ אל דברי יהוה אשר דבר ביד ירמיהו הנביא,89.00599506301793,61.88171623279581,0.0,89.00599506301793,61.88171623279581,-0.1893109541536448,-0.19982842788585575,0.0,0.5750754448061579,0.579192616266581,0.6934354144325707,0.579508538968416,False,1.0,1.0,False,37,5,False
Jer.37.3,וישלח המלך צדקיהו את יהוכל בן שלמיה ואת צפניהו בן מעשיה הכהן אל ירמיהו הנביא לאמר התפלל נא בעדנו אל יהוה אלהינו,16.15037198950767,147.62405001012633,0.09090909090909091,13.665699375737256,124.91265770087611,-0.4655726060125389,-0.1989843275583687,0.0,0.6792392724609891,0.5788624978773029,0.6934354144325707,0.579508538968416,False,1.0,1.0,False,37,5,False
Jer.37.4,וירמיהו בא ויצא בתוך העם ולא נתנו אתו בית הכליא הכלוא,219.78014726268782,7562.58796444997,0.18181818181818182,161.1721079926377,5545.8978405966445,0.07531144192673152,-0.12638735753687394,0.07531144192673152,0.4699834589983835,0.550287345436773,0.6934354144325707,0.579508538968416,False,0.9971681107421609,1.0,False,37,5,False
Jer.37.5,וחיל פרעה יצא ממצרים וישמעו הכשדים הצרים על ירושלם את שמעם ויעלו מעל ירושלם,89.85828292875216,150.660742391249,0.07142857142857142,78.62599756265814,131.82814959234287,-0.22737286019716874,-0.1988917163925768,0.0,0.589933088962841,0.5788262752852711,0.6934354144325707,0.579508538968416,False,1.0,1.0,False,37,5,False
Jer.37.6,ויהי דבר יהוה אל ירמיהו הנביא לאמר,6.910273018556877,3.246751460871421,0.0,6.910273018556877,3.246751460871421,-0.4903437490963434,-0.20061365799369477,0.0,0.68805466302054,0.5794996611739454,0.6934354144325707,0.579508538968416,False,1.0,1.0,False,37,5,False
Jer.37.7,כה אמר יהוה אלהי ישראל כה תאמרו אל מלך יהודה השלח אתכם אלי לדרשני הנה חיל פרעה היצא לכם לעזרה שב לארצו מצרים,91.38225974235397,667.8659710090126,0.043478260869565216,84.07167896296565,614.4366933282917,-0.20740435694904313,-0.1924286996530622,0.0,0.5821529598863253,0.5762967933052039,0.6934354144325707,0.579508538968416,False,1.0,1.0,False,37,5,False
Jer.37.8,ושבו הכשדים ונלחמו על העיר הזאת ולכדה ושרפה באש,142.72352491011452,28523.78706337844,0.0,142.72352491011452,28523.78706337844,0.007663233350688676,0.1813288746208466,0.18149073231614282,0.4969428421338639,0.42805472150751467,0.6934354144325707,0.579508538968416,False,0.9836654368371845,1.0,False,37,5,False
Jer.37.9,כה אמר יהוה אל תשאו נפשתיכם לאמר הלך ילכו מעלינו הכשדים כי לא ילכו,58.32005916228344,2734.56411802523,0.0,58.32005916228344,2734.56411802523,-0.3018317143051641,-0.16403629091191624,0.0,0.6186098234074502,0.5651487126345981,0.6934354144325707,0.579508538968416,False,1.0,1.0,False,37,5,False
Jer.37.10,כי אם הכיתם כל חיל כשדים הנלחמים אתכם ונשארו בם אנשים מדקרים איש באהלו יקומו ושרפו את העיר הזאת באש,58.74605886869109,884.4890775951499,0.2,41.961470620493635,631.7779125679642,-0.3618162239411914,-0.19219646880741242,0.0,0.6412553162731951,0.5762058440877388,0.6934354144325707,0.579508538968416,False,1.0,1.0,False,37,5,False
Jer.37.11,והיה בהעלות חיל הכשדים מעל ירושלם מפני חיל פרעה,129.78677182744477,1173.9554139362083,0.1111111111111111,106.18917694972752,960.5089750387158,-0.12630278344088183,-0.18779415478474706,0.0,0.5502538734807746,0.5744809909727964,0.6934354144325707,0.579508538968416,False,1.0,1.0,False,37,5,False
Jer.37.12,ויצא ירמיהו מירושלם ללכת ארץ בנימן לחלק משם בתוך העם,641.9824620034477,36659.86355393496,0.0,641.9824620034477,36659.86355393496,1.8383714540778513,0.2902859149280488,1.8611489772648313,0.03300384426233452,0.3857987567106235,0.6934354144325707,0.579508538968416,False,0.17694120835214583,1.0,False,37,5,False
Jer.37.13,ויהי הוא בשער בנימן ושם בעל פקדת ושמו יראייה בן שלמיה בן חנניה ויתפש את ירמיהו הנביא לאמר אל הכשדים אתה נפל,130.2856101919265,4801.271950039622,0.045454545454545456,119.42847600926598,4401.165954202987,-0.0777562441118694,-0.14171742460685569,0.0,0.5309890234208383,0.5563483944939982,0.6934354144325707,0.579508538968416,False,1.0,1.0,False,37,5,False
Jer.37.14,ויאמר ירמיהו שקר אינני נפל על הכשדים ולא שמע אליו ויתפש יראייה בירמיהו ויבאהו אל השרים,59.889240939298666,15721.842549906056,0.125,47.91139275143893,12577.474039924844,-0.3399987449768203,-0.03222160918598045,0.0,0.6330712634730611,0.5128523382566997,0.6934354144325707,0.579508538968416,False,1.0,1.0,False,37,5,False
Jer.37.15,ויקצפו השרים על ירמיהו והכו אתו ונתנו אותו בית האסור בית יהונתן הספר כי אתו עשו לבית הכלא,126.65518740530875,894.8908237171565,0.2222222222222222,87.6843605113676,619.5398010349545,-0.19415719136391832,-0.1923603596475654,0.0,0.5769735993430011,0.5762700295389787,0.6934354144325707,0.579508538968416,False,1.0,1.0,False,37,5,False
Jer.37.16,כי בא ירמיהו אל בית הבור ואל החניות וישב שם ירמיהו ימים רבים,60.57017928603483,11.324641258429093,0.07692307692307693,52.49415538123019,9.814689090638549,-0.32319443643735857,-0.20052570121921107,0.0,0.6267260029539715,0.5794652702440751,0.6934354144325707,0.579508538968416,False,1.0,1.0,False,37,5,False
Jer.37.17,וישלח המלך צדקיהו ויקחהו וישאלהו המלך בביתו בסתר ויאמר היש דבר מאת יהוה ויאמר ירמיהו יש ויאמר ביד מלך בבל תנתן,50.790391616221584,395.308904777746,0.0,50.790391616221584,395.308904777746,-0.32944188460310914,-0.19536322409088452,0.0,0.6290891431583208,0.5774456976082194,0.6934354144325707,0.579508538968416,False,1.0,1.0,False,37,5,False
Jer.37.18,ויאמר ירמיהו אל המלך צדקיהו מה חטאתי לך ולעבדיך ולעם הזה כי נתתם אותי אל בית הכלא,40.36526649937331,30.963411700542352,0.17647058823529413,29.835196977797665,22.88599995257478,-0.406281464711274,-0.20035065230637147,0.0,0.6577320985974558,0.5793968246507926,0.6934354144325707,0.579508538968416,False,1.0,1.0,False,37,5,False
Jer.37.19,ואיו ואיה נביאיכם אשר נבאו לכם לאמר לא יבא מלך בבל עליכם ועל הארץ הזאת,52.432832846677165,187.23154415199107,0.0,52.432832846677165,187.23154415199107,-0.32341929704531414,-0.19814976295824047,0.0,0.626811141381407,0.5785360542895542,0.6934354144325707,0.579508538968416,False,1.0,1.0,False,37,5,False
Jer.37.20,ועתה שמע נא אדני המלך תפל נא תחנתי לפניך ואל תשבני בית יהונתן הספר ולא אמות שם,118.83853831152443,452.7994515392051,0.058823529411764705,106.3292184892587,405.13635137718353,-0.12578927195693004,-0.19523161649150975,0.0,0.5500506329722878,0.5773941855619662,0.6934354144325707,0.579508538968416,False,1.0,1.0,False,37,5,False
Jer.37.21,ויצוה המלך צדקיהו ויפקדו את ירמיהו בחצר המטרה ונתן לו ככר לחם ליום מחוץ האפים עד תם כל הלחם מן העיר וישב ירמיהו בחצר המטרה,92.48621025249673,326.829936204775,0.0,92.48621025249673,326.829936204775,-0.1765495229925491,-0.19628028352950475,0.0,0.5700688770396026,0.577804603653592,0.6934354144325707,0.579508538968416,False,1.0,1.0,False,37,5,False
Jer.38.1,וישמע שפטיה בן מתן וגדליהו בן פשחור ויוכל בן שלמיהו ופשחור בן מלכיה את הדברים אשר ירמיהו מדבר אל כל העם לאמר,42.07121048686775,1081.783733417736,0.18181818181818182,30.852221023703013,793.3080711730063,-0.40255218889228545,-0.1900332826546782,0.0,0.656361155957508,0.5753584750364013,0.6934354144325707,0.579508538968416,False,1.0,1.0,False,38,5,False
Jer.38.2,כה אמר יהוה הישב בעיר הזאת ימות בחרב ברעב ובדבר והיצא אל הכשדים יחיה וחיה והיתה לו נפשו לשלל וחי,47.30251986191974,301.1998482369356,0.05,43.002290783563396,273.8180438517596,-0.35799969130198855,-0.19699021034724948,0.0,0.6398282277174302,0.578082400652602,0.6934354144325707,0.579508538968416,False,1.0,1.0,False,38,5,False
Jer.38.3,כה אמר יהוה הנתן תנתן העיר הזאת ביד חיל מלך בבל ולכדה,99.40506913947307,13227.09790677423,0.0,99.40506913947307,13227.09790677423,-0.1511790971446271,-0.02352194984440664,0.0,0.5600827805851329,0.5093830350581763,0.6934354144325707,0.579508538968416,False,1.0,1.0,False,38,5,False
Jer.38.4,ויאמרו השרים אל המלך יומת נא את האיש הזה כי על כן הוא מרפא את ידי אנשי המלחמה הנשארים בעיר הזאת ואת ידי כל העם לדבר אליהם כדברים האלה כי האיש הזה איננו דרש לשלום לעם הזה כי אם לרעה,49.03181661794161,8.300523167719032,0.0,49.03181661794161,8.300523167719032,-0.3358903174040518,-0.20054597868804838,0.0,0.6315232105535105,0.5794731987492503,0.6934354144325707,0.579508538968416,False,1.0,1.0,False,38,5,False
Jer.38.5,ויאמר המלך צדקיהו הנה הוא בידכם כי אין המלך יוכל אתכם דבר,100.00878058426902,108.51678780861914,0.0,100.00878058426902,108.51678780861914,-0.14896537712316976,-0.19920389843614938,0.0,0.5592095234311162,0.578948374987055,0.6934354144325707,0.579508538968416,False,1.0,1.0,False,38,5,False
Jer.38.6,ויקחו את ירמיהו וישלכו אתו אל הבור מלכיהו בן המלך אשר בחצר המטרה וישלחו את ירמיהו בחבלים ובבור אין מים כי אם טיט ויטבע ירמיהו בטיט,42.171655846786294,376.5637772009147,0.15384615384615385,32.24891329460128,287.96053550658183,-0.39743072619590203,-0.19680081635186764,0.0,0.6544750694585972,0.5780082938730052,0.6934354144325707,0.579508538968416,False,1.0,1.0,False,38,5,False
Jer.38.7,וישמע עבד מלך הכושי איש סריס והוא בבית המלך כי נתנו את ירמיהו אל הבור והמלך יושב בשער בנימן,59.027104150838944,177.44874827368886,0.0,59.027104150838944,177.44874827368886,-0.2992390855572274,-0.19828077260227053,0.0,0.6176211855943549,0.5785873028617974,0.6934354144325707,0.579508538968416,False,1.0,1.0,False,38,5,False
Jer.38.8,ויצא עבד מלך מבית המלך וידבר אל המלך לאמר,61.72981080909516,18.44861572065174,0.0,61.72981080909516,18.44861572065174,-0.2893286624683789,-0.2004100770491424,0.0,0.6138350598312966,0.5794200604929243,0.6934354144325707,0.579508538968416,False,1.0,1.0,False,38,5,False
Jer.38.9,אדני המלך הרעו האנשים האלה את כל אשר עשו לירמיהו הנביא את אשר השליכו אל הבור וימת תחתיו מפני הרעב כי אין הלחם עוד בעיר,60.813710527994594,86.3726245214077,0.04,56.308991229624624,79.97465233463676,-0.3092060011195251,-0.19958613016773424,0.0,0.6214175853960038,0.579097861971273,0.6934354144325707,0.579508538968416,False,1.0,1.0,False,38,5,False
Jer.38.10,ויצוה המלך את עבד מלך הכושי לאמר קח בידך מזה שלשים אנשים והעלית את ירמיהו הנביא מן הבור בטרם ימות,25.932659986357855,95.96478294254158,0.0,25.932659986357855,95.96478294254158,-0.4205914870686407,-0.19937199288581647,0.0,0.6629732944530564,0.5790141164383875,0.6934354144325707,0.579508538968416,False,1.0,1.0,False,38,5,False
Jer.38.11,ויקח עבד מלך את האנשים בידו ויבא בית המלך אל תחת האוצר ויקח משם בלוי הסחבות סחבות ובלוי מלחים וישלחם אל ירמיהו אל הבור בחבלים,135.07444781942215,2572.892875142228,0.24,91.26651879690685,1738.4411318528569,-0.1810219500411242,-0.1773762112631186,0.0,0.5718248265029154,0.5703935541542006,0.6934354144325707,0.579508538968416,False,1.0,1.0,False,38,5,False
Jer.38.12,ויאמר עבד מלך הכושי אל ירמיהו שים נא בלואי הסחבות והמלחים תחת אצלות ידיך מתחת לחבלים ויעש ירמיהו כן,28.0865727502472,3114.0839319978577,0.2631578947368421,18.401547663955064,2040.2618864813553,-0.4482069551464109,-0.17333427579633953,0.0,0.6729980781769057,0.5688056583765315,0.6934354144325707,0.579508538968416,False,1.0,1.0,False,38,5,False
Jer.38.13,וימשכו את ירמיהו בחבלים ויעלו אתו מן הבור וישב ירמיהו בחצר המטרה,24.692671290176435,949.6442309029618,0.08333333333333333,21.16514682015123,813.9807693453957,-0.43807324832986744,-0.18975643717385685,0.0,0.6693334069348272,0.5752500031579746,0.6934354144325707,0.579508538968416,False,1.0,1.0,False,38,5,False
Jer.38.14,וישלח המלך צדקיהו ויקח את ירמיהו הנביא אליו אל מבוא השלישי אשר בבית יהוה ויאמר המלך אל ירמיהו שאל אני אתך דבר אל תכחד ממני דבר,28.04741965877797,86.99687726366429,0.0,28.04741965877797,86.99687726366429,-0.41283697807636993,-0.1994920896501056,0.0,0.6601369714383203,0.5790610847279382,0.6934354144325707,0.579508538968416,False,1.0,1.0,False,38,5,False
Jer.38.15,ויאמר ירמיהו אל צדקיהו כי אגיד לך הלוא המת תמיתני וכי איעצך לא תשמע אלי,32.767911855480904,612.1780507569388,0.13333333333333333,25.869404096432294,483.2984611238991,-0.4208234370030181,-0.19418488196878816,0.0,0.6630579919144041,0.5769844399983671,0.6934354144325707,0.579508538968416,False,1.0,1.0,False,38,5,False
Jer.38.16,וישבע המלך צדקיהו אל ירמיהו בסתר לאמר חי יהוה את אשר עשה לנו את הנפש הזאת אם אמיתך ואם אתנך ביד האנשים האלה אשר מבקשים את נפשך,56.554101848660764,58.0197273272948,0.037037037037037035,52.65381896254623,54.01836682196413,-0.32260897384640774,-0.19993373260855596,0.0,0.6265043016525218,0.5792337958881271,0.6934354144325707,0.579508538968416,False,1.0,1.0,False,38,5,False
Jer.38.17,ויאמר ירמיהו אל צדקיהו כה אמר יהוה אלהי צבאות אלהי ישראל אם יצא תצא אל שרי מלך בבל וחיתה נפשך והעיר הזאת לא תשרף באש וחיתה אתה וביתך,19.140655852226043,124.92288927957172,0.0,19.140655852226043,124.92288927957172,-0.44549675541688355,-0.19898419053869668,0.0,0.6720195979846499,0.5788624442859029,0.6934354144325707,0.579508538968416,False,1.0,1.0,False,38,5,False
Jer.38.18,ואם לא תצא אל שרי מלך בבל ונתנה העיר הזאת ביד הכשדים ושרפוה באש ואתה לא תמלט מידם,13.113850434570367,352.31071428242734,0.05555555555555555,11.80246539111333,317.0796428541846,-0.4724048077406606,-0.19641085790486124,0.0,0.6816810633208399,0.5778557008006489,0.6934354144325707,0.579508538968416,False,1.0,1.0,False,38,5,False
Jer.38.19,ויאמר המלך צדקיהו אל ירמיהו אני דאג את היהודים אשר נפלו אל הכשדים פן יתנו אתי בידם והתעללו בי,54.306849670124336,321.65820971512187,0.0,54.306849670124336,321.65820971512187,-0.3165475562519703,-0.19634954246681252,0.0,0.6242065326397674,0.5778317066391336,0.6934354144325707,0.579508538968416,False,1.0,1.0,False,38,5,False
Jer.38.20,ויאמר ירמיהו לא יתנו שמע נא בקול יהוה לאשר אני דבר אליך וייטב לך ותחי נפשך,93.32054675770327,1018.8156744592663,0.0,93.32054675770327,1018.8156744592663,-0.17349013519705567,-0.1870133207542019,0.0,0.56886690935919,0.5741749056241615,0.6934354144325707,0.579508538968416,False,1.0,1.0,False,38,5,False
Jer.38.21,ואם מאן אתה לצאת זה הדבר אשר הראני יהוה,87.93016761985282,1280.6394655682645,0.0,87.93016761985282,1280.6394655682645,-0.19325585327904204,-0.1835070182514711,0.0,0.5766207007491982,0.5727998937440866,0.6934354144325707,0.579508538968416,False,1.0,1.0,False,38,5,False
Jer.38.22,והנה כל הנשים אשר נשארו בבית מלך יהודה מוצאות אל שרי מלך בבל והנה אמרות הסיתוך ויכלו לך אנשי שלמך הטבעו בבץ רגלך נסגו אחור,287.23706470202484,5567.960189595904,0.24,194.0790977716384,3762.1352632404755,0.1959764761042554,-0.1502752218244159,0.1959764761042554,0.4223142891555322,0.5597262594490011,0.6934354144325707,0.579508538968416,False,0.9809798208645486,1.0,False,38,5,False
Jer.38.23,ואת כל נשיך ואת בניך מוצאים אל הכשדים ואתה לא תמלט מידם כי ביד מלך בבל תתפש ואת העיר הזאת תשרף באש,41.962689653118034,1771.9609805490813,0.13636363636363635,32.970684727449886,1392.2550561457067,-0.39478409776838735,-0.1820122800425108,0.0,0.6534988840880276,0.5722134556028106,0.6934354144325707,0.579508538968416,False,1.0,1.0,False,38,5,False
Jer.38.24,ויאמר צדקיהו אל ירמיהו איש אל ידע בדברים האלה ולא תמות,211.61725530496517,57.97122291215144,0.0,211.61725530496517,57.97122291215144,0.2602862896843518,-0.19988079658947513,0.2602862896843518,0.39732147373908866,0.579213095260776,0.6934354144325707,0.579508538968416,False,0.9666928398852862,1.0,False,38,5,False
Jer.38.25,וכי ישמעו השרים כי דברתי אתך ובאו אליך ואמרו אליך הגידה נא לנו מה דברת אל המלך אל תכחד ממנו ולא נמיתך ומה דבר אליך המלך,30.126553287859508,224.25812213715596,0.038461538461538464,27.974656624440975,208.23968484164484,-0.4131037892944151,-0.19786842528466295,0.0,0.6602347133602394,0.5784259956515896,0.6934354144325707,0.579508538968416,False,1.0,1.0,False,38,5,False
Jer.38.26,ואמרת אליהם מפיל אני תחנתי לפני המלך לבלתי השיבני בית יהונתן למות שם,136.77638399954273,3310.508069904956,0.07692307692307693,118.5395327996037,2869.1069939176286,-0.08101586656582677,-0.16223451415027074,0.0,0.5322853328558091,0.5644394092767813,0.6934354144325707,0.579508538968416,False,1.0,1.0,False,38,5,False
Jer.38.27,ויבאו כל השרים אל ירמיהו וישאלו אתו ויגד להם ככל הדברים האלה אשר צוה המלך ויחרשו ממנו כי לא נשמע הדבר,26.75329308623595,49.38277818332975,0.047619047619047616,24.426919774389344,45.088623558692376,-0.4261128123360037,-0.20005331830785444,0.0,0.6649871776943023,0.579280559062668,0.6934354144325707,0.579508538968416,False,1.0,1.0,False,38,5,False
Jer.38.28,וישב ירמיהו בחצר המטרה עד יום אשר נלכדה ירושלם והיה כאשר נלכדה ירושלם,45.148035817864944,17.552502746740334,0.0,45.148035817864944,17.552502746740334,-0.3501315635990567,-0.20042207765134074,0.0,0.6368800180094158,0.5794247528498381,0.6934354144325707,0.579508538968416,False,1.0,1.0,False,38,5,False
Jer.39.1,בשנה התשעית לצדקיהו מלך יהודה בחדש העשרי בא נבוכדראצר מלך בבל וכל חילו אל ירושלם ויצרו עליה,34.576623871783674,1593.7997173731344,0.11764705882352941,27.99060027715821,1290.2188188258706,-0.4130453262926954,-0.18337873307860955,0.0,0.6602132973180449,0.5727495692700267,0.6934354144325707,0.579508538968416,False,1.0,1.0,False,39,5,False
Jer.39.2,בעשתי עשרה שנה לצדקיהו בחדש הרביעי בתשעה לחדש הבקעה העיר,102.86712535947693,1473.0366393323275,0.3,64.29195334967308,920.6478995827047,-0.2799336670797758,-0.18832796795749562,0.0,0.610235801593935,0.5746902188308289,0.6934354144325707,0.579508538968416,False,1.0,1.0,False,39,5,False
Jer.39.3,ויבאו כל שרי מלך בבל וישבו בשער התוך נרגל שר אצר סמגר נבו שר סכים רב סריס נרגל שר אצר רב מג וכל שארית שרי מלך בבל,140.5696407441489,425.5855163646909,0.2222222222222222,97.31744359210309,294.63612671401677,-0.1588341093385416,-0.19671141789782076,0.0,0.5631002127173671,0.5779733127570709,0.6934354144325707,0.579508538968416,False,1.0,1.0,False,39,5,False
Jer.39.4,ויהי כאשר ראם צדקיהו מלך יהודה וכל אנשי המלחמה ויברחו ויצאו לילה מן העיר דרך גן המלך בשער בין החמתים ויצא דרך הערבה,132.52188970029746,422.25577685900237,0.043478260869565216,121.92013852427367,388.4753147102822,-0.06861968848792963,-0.19545473844049613,0.0,0.5273538266708052,0.5774815161224792,0.6934354144325707,0.579508538968416,False,1.0,1.0,False,39,5,False
Jer.39.5,וירדפו חיל כשדים אחריהם וישגו את צדקיהו בערבות ירחו ויקחו אתו ויעלהו אל נבוכדראצר מלך בבל רבלתה בארץ חמת וידבר אתו משפטים,43.688600572536636,5157.687791030162,0.09090909090909091,36.967277407531,4364.197361640906,-0.38012918719849464,-0.14221250210945324,0.0,0.6480752395770146,0.5565439215478246,0.6934354144325707,0.579508538968416,False,1.0,1.0,False,39,5,False
Jer.39.6,וישחט מלך בבל את בני צדקיהו ברבלה לעיניו ואת כל חרי יהודה שחט מלך בבל,68.7237544130427,330.3062795042618,0.26666666666666666,44.81983983459307,215.4171388071273,-0.35133500942635326,-0.19777230596450562,0.0,0.6373314834102468,0.5783883925943788,0.6934354144325707,0.579508538968416,False,1.0,1.0,False,39,5,False
Jer.39.7,ואת עיני צדקיהו עור ויאסרהו בנחשתים לביא אתו בבלה,71.2342036296556,63538.97724291106,0.0,71.2342036296556,63538.97724291106,-0.2544774684748953,0.6502467236828485,0.6502467236828485,0.6004366455907635,0.2577664322658478,0.6934354144325707,0.579508538968416,False,0.8094418031173287,1.0,False,39,5,False
Jer.39.8,ואת בית המלך ואת בית העם שרפו הכשדים באש ואת חמות ירושלם נתצו,82.73176584876968,1572.4134045269634,0.0,82.73176584876968,1572.4134045269634,-0.212317618927887,-0.17959962813971225,0.0,0.5840703745771734,0.5712665516818773,0.6934354144325707,0.579508538968416,False,1.0,1.0,False,39,5,False
Jer.39.9,ואת יתר העם הנשארים בעיר ואת הנפלים אשר נפלו עליו ואת יתר העם הנשארים הגלה נבוזר אדן רב טבחים בבל,150.70842410990522,808.2920523689924,0.1,125.59035342492102,673.5767103074936,-0.05516155666245096,-0.19163670596651675,0.0,0.5219951221903247,0.5759866059202676,0.6934354144325707,0.579508538968416,False,1.0,1.0,False,39,5,False
Jer.39.10,ומן העם הדלים אשר אין להם מאומה השאיר נבוזראדן רב טבחים בארץ יהודה ויתן להם כרמים ויגבים ביום ההוא,44.953356891217425,795.9934869302232,0.10526315789473684,37.13538177970135,657.5598370293148,-0.3795127734836713,-0.1918512013820148,0.0,0.6478464396780842,0.5760706185346035,0.6934354144325707,0.579508538968416,False,1.0,1.0,False,39,5,False
Jer.39.11,ויצו נבוכדראצר מלך בבל על ירמיהו ביד נבוזראדן רב טבחים לאמר,22.669551971413522,7061.597992735387,0.0,22.669551971413522,7061.597992735387,-0.4325568185314253,-0.1060893425462458,0.0,0.66733161704481,0.5422442665794127,0.6934354144325707,0.579508538968416,False,1.0,1.0,False,39,5,False
Jer.39.12,קחנו ועיניך שים עליו ואל תעש לו מאומה רע כי אם כאשר ידבר אליך כן עשה עמו,47.300681616308665,165.82897082389684,0.058823529411764705,42.32166249880249,148.3732896845393,-0.3604954539285438,-0.19867014651205683,0.0,0.6407616721683518,0.5787396109394605,0.6934354144325707,0.579508538968416,False,1.0,1.0,False,39,5,False
Jer.39.13,וישלח נבוזראדן רב טבחים ונבושזב רב סריס ונרגל שר אצר רב מג וכל רבי מלך בבל,166.2275352259837,18555.161120041932,0.25,110.81835681732247,12370.107413361287,-0.10932826979838202,-0.03499863001599338,0.0,0.5435289375367818,0.5139595833528575,0.6934354144325707,0.579508538968416,False,1.0,1.0,False,39,5,False
Jer.39.14,וישלחו ויקחו את ירמיהו מחצר המטרה ויתנו אתו אל גדליהו בן אחיקם בן שפן להוצאהו אל הבית וישב בתוך העם,23.760562359699627,74.5604727177401,0.1,19.800468633083025,62.13372726478342,-0.44307732014530243,-0.19982505299426004,0.0,0.671145095427892,0.5791912964941675,0.6934354144325707,0.579508538968416,False,1.0,1.0,False,39,5,False
Jer.39.15,ואל ירמיהו היה דבר יהוה בהיתו עצור בחצר המטרה לאמר,226.92967748706104,900.90894053711,0.1,189.1080645725509,750.7574504475916,0.17774843717107175,-0.19060311378923755,0.17774843717107175,0.42946027176859203,0.5755817247657083,0.6934354144325707,0.579508538968416,False,0.9843268686941555,1.0,False,39,5,False
Jer.39.16,הלוך ואמרת לעבד מלך הכושי לאמר כה אמר יהוה צבאות אלהי ישראל הנני מבי מביא את דברי אל העיר הזאת לרעה ולא לטובה והיו לפניך ביום ההוא,33.73999437392467,17.826154316755556,0.037037037037037035,31.413098210205728,16.596764363875863,-0.40049553572123386,-0.2004348767475176,0.0,0.6556042145274729,0.5794297574135414,0.6934354144325707,0.579508538968416,False,1.0,1.0,False,39,5,False
Jer.39.17,והצלתיך ביום ההוא נאם יהוה ולא תנתן ביד האנשים אשר אתה יגור מפניהם,78.91392159722562,609.2999626264531,0.07692307692307693,68.39206538426221,528.0599676095927,-0.2648991664430421,-0.1935854430043151,0.0,0.6044564297571505,0.5767497513153337,0.6934354144325707,0.579508538968416,False,1.0,1.0,False,39,5,False
Jer.39.18,כי מלט אמלטך ובחרב לא תפל והיתה לך נפשך לשלל כי בטחת בי נאם יהוה,83.30481348168242,867.4866570202472,0.13333333333333333,65.76695801185454,684.8578871212478,-0.2745250444993017,-0.191485630243687,0.0,0.6081594200468027,0.5759274311772802,0.6934354144325707,0.579508538968416,False,1.0,1.0,False,39,5,False
Jer.40.1,הדבר אשר היה אל ירמיהו מאת יהוה אחר שלח אתו נבוזראדן רב טבחים מן הרמה בקחתו אתו והוא אסור באזקים בתוך כל גלות ירושלם ויהודה המגלים בבלה,49.07655163029908,1755.3994885471513,0.1111111111111111,40.15354224297197,1436.235945174942,-0.36844562823885757,-0.18142329498266443,0.0,0.6437295098955174,0.5719823322428665,0.6934354144325707,0.579508538968416,False,1.0,1.0,False,40,5,False
Jer.40.2,ויקח רב טבחים לירמיהו ויאמר אליו יהוה אלהיך דבר את הרעה הזאת אל המקום הזה,25.520016139363946,60.80328179859825,0.06666666666666667,22.517661299438778,53.64995452817492,-0.43311377902061526,-0.19993866632730734,0.0,0.667533943510733,0.5792357252074131,0.6934354144325707,0.579508538968416,False,1.0,1.0,False,40,5,False
Jer.40.3,ויבא ויעש יהוה כאשר דבר כי חטאתם ליהוה ולא שמעתם בקולו והיה לכם דבר הדבר הזה,42.93072477199412,166.93126971116635,0.0,42.93072477199412,166.93126971116635,-0.3582621132156899,-0.19842162099977478,0.0,0.6399264159285918,0.57864239868913,0.6934354144325707,0.579508538968416,False,1.0,1.0,False,40,5,False
Jer.40.4,ועתה הנה פתחתיך היום מן האזקים אשר על ידך אם טוב בעיניך לבוא אתי בבל בא ואשים את עיני עליך ואם רע בעיניך לבוא אתי בבל חדל ראה כל הארץ לפניך אל טוב ואל הישר בעיניך ללכת שמה לך,36.00405300181872,86.73059294678585,0.05128205128205128,32.65483876909139,78.66263081220112,-0.3959422578923037,-0.19960370055096133,0.0,0.6539261870708657,0.5791047332973717,0.6934354144325707,0.579508538968416,False,1.0,1.0,False,40,5,False
Jer.40.5,ועודנו לא ישוב ושבה אל גדליה בן אחיקם בן שפן אשר הפקיד מלך בבל בערי יהודה ושב אתו בתוך העם או אל כל הישר בעיניך ללכת לך ויתן לו רב טבחים ארחה ומשאת וישלחהו,38.11626951832887,128.35177626488783,0.08823529411764706,32.39882909057954,109.09900982515465,-0.39688100728308273,-0.19919610141165028,0.0,0.6542723947759741,0.5789453255306914,0.6934354144325707,0.579508538968416,False,1.0,1.0,False,40,5,False
Jer.40.6,ויבא ירמיהו אל גדליה בן אחיקם המצפתה וישב אתו בתוך העם הנשארים בארץ,41.27045606451542,80.75239751852892,0.0,41.27045606451542,80.75239751852892,-0.3643500714785764,-0.19957571472812421,0.0,0.6422016930186341,0.5790937887486817,0.6934354144325707,0.579508538968416,False,1.0,1.0,False,40,5,False
Jer.40.7,וישמעו כל שרי החילים אשר בשדה המה ואנשיהם כי הפקיד מלך בבל את גדליהו בן אחיקם בארץ וכי הפקיד אתו אנשים ונשים וטף ומדלת הארץ מאשר לא הגלו בבלה,29.754789549814472,518.562724837595,0.06896551724137931,26.148148392261202,455.7066369784926,-0.4198013231539887,-0.19455438728244268,0.0,0.6626847008886378,0.5771290928586197,0.6934354144325707,0.579508538968416,False,1.0,1.0,False,40,5,False
Jer.40.8,ויבאו אל גדליה המצפתה וישמעאל בן נתניהו ויוחנן ויונתן בני קרח ושריה בן תנחמת ובני עופי עיפי הנטפתי ויזניהו בן המעכתי המה ואנשיהם,90.55195261290466,64099.40051933802,0.2608695652173913,59.50556885990877,42122.46319842213,-0.29748462667598713,0.3634401791901076,0.3634401791901076,0.6169517284109838,0.35813804603510324,0.6934354144325707,0.579508538968416,False,0.9360893179238933,1.0,False,40,5,False
Jer.40.9,וישבע להם גדליהו בן אחיקם בן שפן ולאנשיהם לאמר אל תיראו מעבוד הכשדים שבו בארץ ועבדו את מלך בבל וייטב לכם,30.83685176578552,602.731250074135,0.09523809523809523,25.902955483259838,506.2942500622734,-0.42070040906076517,-0.1938769260264906,0.0,0.6630130687905214,0.576863874375188,0.6934354144325707,0.579508538968416,False,1.0,1.0,False,40,5,False
Jer.40.10,ואני הנני ישב במצפה לעמד לפני הכשדים אשר יבאו אלינו ואתם אספו יין וקיץ ושמן ושמו בכליכם ושבו בעריכם אשר תפשתם,58.466072936587416,3060.600742904287,0.14285714285714285,45.47361228401244,2380.467244481112,-0.348937723151209,-0.16877829983577308,0.0,0.6364319680073413,0.5670144861698929,0.6934354144325707,0.579508538968416,False,1.0,1.0,False,40,5,False
Jer.40.11,וגם כל היהודים אשר במואב ובבני עמון ובאדום ואשר בכל הארצות שמעו כי נתן מלך בבל שארית ליהודה וכי הפקיד עליהם את גדליהו בן אחיקם בן שפן,14.323563866849858,26.99506398683404,0.037037037037037035,13.335731876032627,25.1333354360179,-0.4667825477269506,-0.20032055634757148,0.0,0.6796722683007389,0.5793850566365546,0.6934354144325707,0.579508538968416,False,1.0,1.0,False,40,5,False
Jer.40.12,וישבו כל היהודים מכל המקמות אשר נדחו שם ויבאו ארץ יהודה אל גדליהו המצפתה ויאספו יין וקיץ הרבה מאד,35.70076745515575,1433.5956114048213,0.05263157894736842,32.30069436418854,1297.0626960329337,-0.3972408527199792,-0.18328708096526314,0.0,0.6544050704180924,0.5727136147063234,0.6934354144325707,0.579508538968416,False,1.0,1.0,False,40,5,False
Jer.40.13,ויוחנן בן קרח וכל שרי החילים אשר בשדה באו אל גדליהו המצפתה,50.537332775879506,252.58820426067615,0.0,50.537332775879506,252.58820426067615,-0.3303698137094745,-0.19727451697719894,0.0,0.6294397262820866,0.5781936400061253,0.6934354144325707,0.579508538968416,False,1.0,1.0,False,40,5,False
Jer.40.14,ויאמרו אליו הידע תדע כי בעליס מלך בני עמון שלח את ישמעאל בן נתניה להכתך נפש ולא האמין להם גדליהו בן אחיקם,36.351509543076745,121.00399929996934,0.13636363636363635,28.561900355274584,95.07457087854733,-0.4109504539292705,-0.1993839144639692,0.0,0.6594455673322193,0.5790187788635356,0.6934354144325707,0.579508538968416,False,1.0,1.0,False,40,5,False
Jer.40.15,ויוחנן בן קרח אמר אל גדליהו בסתר במצפה לאמר אלכה נא ואכה את ישמעאל בן נתניה ואיש לא ידע למה יככה נפש ונפצו כל יהודה הנקבצים אליך ואבדה שארית יהודה,33.47247940308613,1976.4778192390029,0.13333333333333333,26.42564163401537,1560.3772257150024,-0.41878379673406485,-0.17976081472903227,0.0,0.6623129261281503,0.5713298261315224,0.6934354144325707,0.579508538968416,False,1.0,1.0,False,40,5,False
Jer.40.16,ויאמר גדליהו בן אחיקם אל יוחנן בן קרח אל תעש תעשה את הדבר הזה כי שקר אתה דבר אל ישמעאל,14.84644706840988,10.11508350856272,0.0,14.84644706840988,10.11508350856272,-0.46124297994682406,-0.20052167838501825,0.0,0.6776878555624053,0.5794636973091253,0.6934354144325707,0.579508538968416,False,1.0,1.0,False,40,5,False
Jer.41.1,ויהי בחדש השביעי בא ישמעאל בן נתניה בן אלישמע מזרע המלוכה ורבי המלך ועשרה אנשים אתו אל גדליהו בן אחיקם המצפתה ויאכלו שם לחם יחדו במצפה,33.44202386673934,106.27911917284234,0.07692307692307693,28.9830873511741,92.1085699497967,-0.4094060238979409,-0.19942363467593133,0.0,0.6588791401684861,0.5790343130117253,0.6934354144325707,0.579508538968416,False,1.0,1.0,False,41,5,False
Jer.41.2,ויקם ישמעאל בן נתניה ועשרת האנשים אשר היו אתו ויכו את גדליהו בן אחיקם בן שפן בחרב וימת אתו אשר הפקיד מלך בבל בארץ,8.943941550159426,11.231768170724708,0.0,8.943941550159426,11.231768170724708,-0.48288658924916184,-0.20050672392190733,0.0,0.6854118677776023,0.5794578500777181,0.6934354144325707,0.579508538968416,False,1.0,1.0,False,41,5,False
Jer.41.3,ואת כל היהודים אשר היו אתו את גדליהו במצפה ואת הכשדים אשר נמצאו שם את אנשי המלחמה הכה ישמעאל,29.205512097723663,167.54766341068876,0.0,29.205512097723663,167.54766341068876,-0.4085904254544316,-0.1984133663535406,0.0,0.6585798708795018,0.5786391697522698,0.6934354144325707,0.579508538968416,False,1.0,1.0,False,41,5,False
Jer.41.4,ויהי ביום השני להמית את גדליהו ואיש לא ידע,38.65804398145946,5.175800821246567,0.0,38.65804398145946,5.175800821246567,-0.3739293977981441,-0.20058782447195278,0.0,0.6457715779402878,0.5794895603794972,0.6934354144325707,0.579508538968416,False,1.0,1.0,False,41,5,False
Jer.41.5,ויבאו אנשים משכם משלו ומשמרון שמנים איש מגלחי זקן וקרעי בגדים ומתגדדים ומנחה ולבונה בידם להביא בית יהוה,172.26829166079457,17812.269566141396,0.2777777777777778,110.74390178193937,11450.744721090898,-0.10960128533245324,-0.04731058873896145,0.0,0.5436372043734565,0.5188671555296376,0.6934354144325707,0.579508538968416,False,1.0,1.0,False,41,5,False
Jer.41.6,ויצא ישמעאל בן נתניה לקראתם מן המצפה הלך הלך ובכה ויהי כפגש אתם ויאמר אליהם באו אל גדליהו בן אחיקם,41.876687590780904,50.23272701988301,0.05,38.069715991619,45.66611547262091,-0.37608670897970325,-0.200045584628136,0.0,0.6465737825358242,0.5792775348936302,0.6934354144325707,0.579508538968416,False,1.0,1.0,False,41,5,False
Jer.41.7,ויהי כבואם אל תוך העיר וישחטם ישמעאל בן נתניה אל תוך הבור הוא והאנשים אשר אתו,31.684004935874626,224.00951039487734,0.125,25.3472039486997,179.20760831590187,-0.42273826722896213,-0.1982572182287667,0.0,0.6637568837861996,0.5785780889206044,0.6934354144325707,0.579508538968416,False,1.0,1.0,False,41,5,False
Jer.41.8,ועשרה אנשים נמצאו בם ויאמרו אל ישמעאל אל תמתנו כי יש לנו מטמנים בשדה חטים ושערים ושמן ודבש ויחדל ולא המיתם בתוך אחיהם,96.26927013201256,1029.266646116013,0.17391304347826086,71.42558751729965,763.6494471183322,-0.25377569224137503,-0.19043046622348217,0.0,0.6001655732065262,0.5755140870693276,0.6934354144325707,0.579508538968416,False,1.0,1.0,False,41,5,False
Jer.41.9,והבור אשר השליך שם ישמעאל את כל פגרי האנשים אשר הכה ביד גדליהו הוא אשר עשה המלך אסא מפני בעשא מלך ישראל אתו מלא ישמעאל בן נתניהו חללים,164.4635210975003,262.0437112041283,0.10714285714285714,135.44054678617672,215.80070334457625,-0.019042363549575708,-0.19776716932932087,0.0,0.5075963448487879,0.5783863830595557,0.6934354144325707,0.579508538968416,False,1.0,1.0,False,41,5,False
Jer.41.10,וישב ישמעאל את כל שארית העם אשר במצפה את בנות המלך ואת כל העם הנשארים במצפה אשר הפקיד נבוזראדן רב טבחים את גדליהו בן אחיקם וישבם ישמעאל בן נתניה וילך לעבר אל בני עמון,17.010451893736285,110.70039005747242,0.029411764705882353,16.065426788528715,104.55036838761283,-0.45677316272629814,-0.19925701609319593,0.0,0.6760829512723037,0.5789691494497328,0.6934354144325707,0.579508538968416,False,1.0,1.0,False,41,5,False
Jer.41.11,וישמע יוחנן בן קרח וכל שרי החילים אשר אתו את כל הרעה אשר עשה ישמעאל בן נתניה,17.10908116005711,16.59210717161033,0.0,17.10908116005711,16.59210717161033,-0.45294623746647505,-0.20043493911589452,0.0,0.674706272397738,0.579429781800116,0.6934354144325707,0.579508538968416,False,1.0,1.0,False,41,5,False
Jer.41.12,ויקחו את כל האנשים וילכו להלחם עם ישמעאל בן נתניה וימצאו אתו אל מים רבים אשר בגבעון,24.13237767734476,69.95899207659353,0.0,24.13237767734476,69.95899207659353,-0.4271928543710027,-0.19972025829444318,0.0,0.6653805672463806,0.5791503154301935,0.6934354144325707,0.579508538968416,False,1.0,1.0,False,41,5,False
Jer.41.13,ויהי כראות כל העם אשר את ישמעאל את יוחנן בן קרח ואת כל שרי החילים אשר אתו וישמחו,12.710619076254487,48.56946730533214,0.05555555555555555,11.439557168629037,43.71252057479892,-0.47373553818314296,-0.20007174685980536,0.0,0.6821557462153452,0.5792877653231289,0.6934354144325707,0.579508538968416,False,1.0,1.0,False,41,5,False
Jer.41.14,ויסבו כל העם אשר שבה ישמעאל מן המצפה וישבו וילכו אל יוחנן בן קרח,67.54965576868562,331.1679197081445,0.0,67.54965576868562,331.1679197081445,-0.2679881571327919,-0.1962221899454563,0.0,0.6056457826657277,0.577781869703158,0.6934354144325707,0.579508538968416,False,1.0,1.0,False,41,5,False
Jer.41.15,וישמעאל בן נתניה נמלט בשמנה אנשים מפני יוחנן וילך אל בני עמון,153.2774882669279,1101.8263175861637,0.08333333333333333,131.38070422879534,944.4225579309974,-0.03392920200644375,-0.18800958152013217,0.0,0.5135331966223889,0.5745654299225931,0.6934354144325707,0.579508538968416,False,1.0,1.0,False,41,5,False
Jer.41.16,ויקח יוחנן בן קרח וכל שרי החילים אשר אתו את כל שארית העם אשר השיב מאת ישמעאל בן נתניה מן המצפה אחר הכה את גדליה בן אחיקם גברים אנשי המלחמה ונשים וטף וסרסים אשר השיב מגבעון,36.19750564005514,135.35049087739478,0.08333333333333333,31.026433405761548,116.01470646633837,-0.40191337801421917,-0.1991034875038828,0.0,0.6561261115906172,0.5789091033930714,0.6934354144325707,0.579508538968416,False,1.0,1.0,False,41,5,False
Jer.41.17,וילכו וישבו בגרות כמוהם כמהם אשר אצל בית לחם ללכת לבוא מצרים,524.9936931869537,3021.5124697869187,0.16666666666666666,393.7452698902153,2266.1343523401893,0.9281226141918542,-0.17030942771441293,0.9281226141918542,0.17667198515757115,0.5676166013339526,0.6934354144325707,0.579508538968416,False,0.6500501316265568,1.0,False,41,5,False
Jer.41.18,מפני הכשדים כי יראו מפניהם כי הכה ישמעאל בן נתניה את גדליהו בן אחיקם אשר הפקיד מלך בבל בארץ,17.826966285020653,26.928188048905735,0.0,17.826966285020653,26.928188048905735,-0.45031385955159997,-0.20029651996729472,0.0,0.6737579265505635,0.579375657966093,0.6934354144325707,0.579508538968416,False,1.0,1.0,False,41,5,False
Jer.42.1,ויגשו כל שרי החילים ויוחנן בן קרח ויזניה בן הושעיה וכל העם מקטן ועד גדול,33.79623827186213,806.1433213110366,0.06666666666666667,29.82021023987835,711.3029305685618,-0.4063364188488414,-0.19113148243446237,0.0,0.6577522851559849,0.575788708564737,0.6934354144325707,0.579508538968416,False,1.0,1.0,False,42,5,False
Jer.42.2,ויאמרו אל ירמיהו הנביא תפל נא תחנתנו לפניך והתפלל בעדנו אל יהוה אלהיך בעד כל השארית הזאת כי נשארנו מעט מהרבה כאשר עיניך ראות אתנו,47.23011546976815,229.65954435518975,0.16,35.780390507400114,173.98450329938618,-0.384481324824299,-0.19832716521912183,0.0,0.649689132574504,0.5786054504843202,0.6934354144325707,0.579508538968416,False,1.0,1.0,False,42,5,False
Jer.42.3,ויגד לנו יהוה אלהיך את הדרך אשר נלך בה ואת הדבר אשר נעשה,18.177869577504293,4.905974163679626,0.0,18.177869577504293,4.905974163679626,-0.4490271494008112,-0.2005914379475683,0.0,0.6732939641110471,0.5794909732358683,0.6934354144325707,0.579508538968416,False,1.0,1.0,False,42,5,False
Jer.42.4,ויאמר אליהם ירמיהו הנביא שמעתי הנני מתפלל אל יהוה אלהיכם כדבריכם והיה כל הדבר אשר יענה יהוה אתכם אגיד לכם לא אמנע מכם דבר,15.976476933746182,70.26847330258566,0.125,12.781181546996946,56.21477864206853,-0.4688160012532573,-0.19990431861134342,0.0,0.6803994192744106,0.5792222935731774,0.6934354144325707,0.579508538968416,False,1.0,1.0,False,42,5,False
Jer.42.5,והמה אמרו אל ירמיהו יהי יהוה בנו לעד אמת ונאמן אם לא ככל הדבר אשר ישלחך יהוה אלהיך אלינו כן נעשה,75.23852890050406,69.67799607354661,0.09523809523809523,63.200364276423414,58.52951670177915,-0.283936361756988,-0.19987332000797908,0.0,0.6117704249491348,0.5792101715263392,0.6934354144325707,0.579508538968416,False,1.0,1.0,False,42,5,False
Jer.42.6,אם טוב ואם רע בקול יהוה אלהינו אשר אנו אנחנו שלחים אתך אליו נשמע למען אשר ייטב לנו כי נשמע בקול יהוה אלהינו,49.09740681763441,41.48935904656872,0.043478260869565216,45.169614272223654,38.170210322843225,-0.3500524386183102,-0.20014596859582498,0.0,0.6368503280803659,0.5793167885586676,0.6934354144325707,0.579508538968416,False,1.0,1.0,False,42,5,False
Jer.42.7,ויהי מקץ עשרת ימים ויהי דבר יהוה אל ירמיהו,12.463035047392742,7.000129461288729,0.0,12.463035047392742,7.000129461288729,-0.46998259711954643,-0.20056339335341583,0.0,0.68081627444239,0.5794800078704357,0.6934354144325707,0.579508538968416,False,1.0,1.0,False,42,5,False
Jer.42.8,ויקרא אל יוחנן בן קרח ואל כל שרי החילים אשר אתו ולכל העם למקטן ועד גדול,50.04622998188846,111.00195221794301,0.0625,44.48553776167863,98.6684019715049,-0.3525608453756378,-0.19933578645045957,0.0,0.6377911521219002,0.5789999563496445,0.6934354144325707,0.579508538968416,False,1.0,1.0,False,42,5,False
Jer.42.9,ויאמר אליהם כה אמר יהוה אלהי ישראל אשר שלחתם אתי אליו להפיל תחנתכם לפניו,35.7939987521998,183.08995034116438,0.07142857142857142,31.319748908174823,160.20370654851885,-0.4008378337191867,-0.1985117154539669,0.0,0.6557302390187508,0.5786776402315208,0.6934354144325707,0.579508538968416,False,1.0,1.0,False,42,5,False
Jer.42.10,אם שוב תשבו בארץ הזאת ובניתי אתכם ולא אהרס ונטעתי אתכם ולא אתוש כי נחמתי אל הרעה אשר עשיתי לכם,42.60119543269734,1802.7358872998886,0.1,35.50099619391445,1502.2799060832406,-0.3855058221913376,-0.18053884477879958,0.0,0.6500686531456946,0.5716352191736244,0.6934354144325707,0.579508538968416,False,1.0,1.0,False,42,5,False
Jer.42.11,אל תיראו מפני מלך בבל אשר אתם יראים מפניו אל תיראו ממנו נאם יהוה כי אתכם אני להושיע אתכם ולהציל אתכם מידו,10.106798756533529,6.025667683413451,0.045454545454545456,9.264565526822402,5.523528709795664,-0.48171090884320567,-0.20058316775546145,0.0,0.684994337230296,0.5794877396180698,0.6934354144325707,0.579508538968416,False,1.0,1.0,False,42,5,False
Jer.42.12,ואתן לכם רחמים ורחם אתכם והשיב אתכם אל אדמתכם,17.729976183724997,713.8420641429639,0.0,17.729976183724997,713.8420641429639,-0.45066950781861925,-0.1910974787621109,0.0,0.6738861189572495,0.575775388551971,0.6934354144325707,0.579508538968416,False,1.0,1.0,False,42,5,False
Jer.42.13,ואם אמרים אתם לא נשב בארץ הזאת לבלתי שמע בקול יהוה אלהיכם,21.3095528795885,162.00220990529888,0.08333333333333333,18.265331039647286,138.85903706168475,-0.44870644123547676,-0.19879755986758815,0.0,0.6731782812684837,0.5787894475797892,0.6934354144325707,0.579508538968416,False,1.0,1.0,False,42,5,False
Jer.42.14,לאמר לא כי ארץ מצרים נבוא אשר לא נראה מלחמה וקול שופר לא נשמע וללחם לא נרעב ושם נשב,404.9139223626564,540.6267360911673,0.15789473684210525,307.73458099561884,410.87631942928715,0.6127342184498106,-0.19515474775371688,0.6127342184498106,0.27002604642494826,0.5773640980397773,0.6934354144325707,0.579508538968416,False,0.8288454163740481,1.0,False,42,5,False
Jer.42.15,ועתה לכן שמעו דבר יהוה שארית יהודה כה אמר יהוה צבאות אלהי ישראל אם אתם שום תשמון פניכם לבא מצרים ובאתם לגור שם,43.06047093943769,327.87850323120426,0.08695652173913043,36.681141911372855,279.3039101599148,-0.38117840347914506,-0.1969167444995339,0.0,0.6484645634348591,0.5780536549933948,0.6934354144325707,0.579508538968416,False,1.0,1.0,False,42,5,False
Jer.42.16,והיתה החרב אשר אתם יראים ממנה שם תשיג אתכם בארץ מצרים והרעב אשר אתם דאגים ממנו שם ידבק אחריכם מצרים ושם תמתו,61.94476584237933,182.239367594786,0.09090909090909091,52.414801866628665,154.20254181097275,-0.3234854139657137,-0.19859208209616327,0.0,0.6268361738931431,0.5787090760899748,0.6934354144325707,0.579508538968416,False,1.0,1.0,False,42,5,False
Jer.42.17,ויהיו כל האנשים אשר שמו את פניהם לבוא מצרים לגור שם ימותו בחרב ברעב ובדבר ולא יהיה להם שריד ופליט מפני הרעה אשר אני מביא עליהם,27.4104882259916,24.091713424030278,0.038461538461538464,25.452596209849343,22.37087675088526,-0.42235180949219936,-0.20035755075423078,0.0,0.6636158764638761,0.5793995220472214,0.6934354144325707,0.579508538968416,False,1.0,1.0,False,42,5,False
Jer.42.18,כי כה אמר יהוה צבאות אלהי ישראל כאשר נתך אפי וחמתי על ישבי ירושלם כן תתך חמתי עליכם בבאכם מצרים והייתם לאלה ולשמה ולקללה ולחרפה ולא תראו עוד את המקום הזה,27.15156684307687,2097.101602128954,0.0967741935483871,22.748610057713055,1757.0310720539883,-0.43226692429468694,-0.17712725774527072,0.0,0.6672262881689501,0.5702957840761984,0.6934354144325707,0.579508538968416,False,1.0,1.0,False,42,5,False
Jer.42.19,דבר יהוה עליכם שארית יהודה אל תבאו מצרים ידע תדעו כי העידתי בכם היום,97.71420920979348,1913.1616223394294,0.0,97.71420920979348,1913.1616223394294,-0.1573792288666235,-0.17503638228701002,0.0,0.5625270087899075,0.569474477035431,0.6934354144325707,0.579508538968416,False,1.0,1.0,False,42,5,False
Jer.42.20,כי התעתים התעיתם בנפשותיכם כי אתם שלחתם אתי אל יהוה אלהיכם לאמר התפלל בעדנו אל יהוה אלהינו וככל אשר יאמר יהוה אלהינו כן הגד לנו ועשינו,22.037121589944178,290.93909159811915,0.11538461538461539,17.905161291829643,236.3880119234718,-0.45002713009890666,-0.19749146737233325,0.0,0.6736545607845223,0.5782785209976451,0.6934354144325707,0.579508538968416,False,1.0,1.0,False,42,5,False
Jer.42.21,ואגד לכם היום ולא שמעתם בקול יהוה אלהיכם ולכל אשר שלחני אליכם,45.355429591693856,229.7238980931656,0.08333333333333333,38.87608250716616,196.9061983655705,-0.37312988297369165,-0.19802020153015767,0.0,0.6454741106346265,0.5784853709244235,0.6934354144325707,0.579508538968416,False,1.0,1.0,False,42,5,False
Jer.42.22,ועתה ידע תדעו כי בחרב ברעב ובדבר תמותו במקום אשר חפצתם לבוא לגור שם,50.10646289235855,352.6684626629433,0.07142857142857142,43.84315503081373,308.5849048300754,-0.35491636724790365,-0.19652461808329202,0.0,0.6386738767984989,0.5779002170472534,0.6934354144325707,0.579508538968416,False,1.0,1.0,False,42,5,False
Jer.43.1,ויהי ככלות ירמיהו לדבר אל כל העם את כל דברי יהוה אלהיהם אשר שלחו יהוה אלהיהם אליהם את כל הדברים האלה,11.60572773924107,18.545976167952976,0.0,11.60572773924107,18.545976167952976,-0.4731262154308383,-0.20040877321354142,0.0,0.681938432684035,0.5794195506793289,0.6934354144325707,0.579508538968416,False,1.0,1.0,False,43,5,False
Jer.43.2,ויאמר עזריה בן הושעיה ויוחנן בן קרח וכל האנשים הזדים אמרים אל ירמיהו שקר אתה מדבר לא שלחך יהוה אלהינו לאמר לא תבאו מצרים לגור שם,79.05640091393987,886.3157034228504,0.038461538461538464,73.40951513437274,823.0074388926469,-0.24650092492514292,-0.18963555345320335,0.0,0.5973527557306063,0.5752026374608145,0.6934354144325707,0.579508538968416,False,1.0,1.0,False,43,5,False
Jer.43.3,כי ברוך בן נריה מסית אתך בנו למען תת אתנו ביד הכשדים להמית אתנו ולהגלות אתנו בבל,69.85257885018447,287.9257573797424,0.11764705882352941,56.547325735863616,233.08275597407714,-0.308332063954985,-0.19753573083348946,0.0,0.6210851648875377,0.5782958384567239,0.6934354144325707,0.579508538968416,False,1.0,1.0,False,43,5,False
Jer.43.4,ולא שמע יוחנן בן קרח וכל שרי החילים וכל העם בקול יהוה לשבת בארץ יהודה,98.95389981542199,52.034985063162146,0.0,98.95389981542199,52.034985063162146,-0.15283346791120553,-0.19996029374112262,0.0,0.5607351979024944,0.5792441825350165,0.6934354144325707,0.579508538968416,False,1.0,1.0,False,43,5,False
Jer.43.5,ויקח יוחנן בן קרח וכל שרי החילים את כל שארית יהודה אשר שבו מכל הגוים אשר נדחו שם לגור בארץ יהודה,24.41938078386391,49.95239948453376,0.047619047619047616,22.295956367875743,45.60871257283517,-0.43392673800969456,-0.20004635335862578,0.0,0.6678291786737371,0.5792778354973078,0.6934354144325707,0.579508538968416,False,1.0,1.0,False,43,5,False
Jer.43.6,את הגברים ואת הנשים ואת הטף ואת בנות המלך ואת כל הנפש אשר הניח נבוזראדן רב טבחים את גדליהו בן אחיקם בן שפן ואת ירמיהו הנביא ואת ברוך בן נריהו,18.47823938045154,44.49710866514417,0.0,18.47823938045154,44.49710866514417,-0.44792573803556823,-0.20006123978108217,0.0,0.6728966037569942,0.5792836566614084,0.6934354144325707,0.579508538968416,False,1.0,1.0,False,43,5,False
Jer.43.7,ויבאו ארץ מצרים כי לא שמעו בקול יהוה ויבאו עד תחפנחס,42.62066053026604,297.4904651861349,0.09090909090909091,36.06363583330204,251.72270131134488,-0.38344270636785205,-0.19728610765482416,0.0,0.6493042282808311,0.5781981749051974,0.6934354144325707,0.579508538968416,False,1.0,1.0,False,43,5,False
Jer.43.8,ויהי דבר יהוה אל ירמיהו בתחפנחס לאמר,13.2453782682517,3862.1516361805366,0.14285714285714285,10.301960875306879,3003.8957170293065,-0.47790693448939325,-0.16042944504182743,0.0,0.6836417772144283,0.5637286018903033,0.6934354144325707,0.579508538968416,False,1.0,1.0,False,43,5,False
Jer.43.9,קח בידך אבנים גדלות וטמנתם במלט במלבן אשר בפתח בית פרעה בתחפנחס לעיני אנשים יהודים,248.67389222451703,19982.080791269495,0.26666666666666666,162.17862536381546,13031.79182039315,0.07900219133313689,-0.026137457841506322,0.07900219133313689,0.46851544004074874,0.5104261498885994,0.6934354144325707,0.579508538968416,False,0.9968841911214193,1.0,False,43,5,False
Jer.43.10,ואמרת אליהם כה אמר יהוה צבאות אלהי ישראל הנני שלח ולקחתי את נבוכדראצר מלך בבל עבדי ושמתי כסאו ממעל לאבנים האלה אשר טמנתי ונטה את שפרורו שפרירו עליהם,27.841662668876094,623.0502813182628,0.14285714285714285,21.654626520236963,484.5946632475378,-0.43627839911586425,-0.1941675234364298,0.0,0.6686826239032364,0.5769776442754466,0.6934354144325707,0.579508538968416,False,1.0,1.0,False,43,5,False
Jer.43.11,ובאה ובא והכה את ארץ מצרים אשר למות למות ואשר לשבי לשבי ואשר לחרב לחרב,281.0596630521507,24.704776568482632,0.0,281.0596630521507,24.704776568482632,0.5149212642127983,-0.20032629553965728,0.5149212642127983,0.3033040204821052,0.5793873007604055,0.6934354144325707,0.579508538968416,False,0.8758399115056298,1.0,False,43,5,False
Jer.43.12,והצתי אש בבתי אלהי מצרים ושרפם ושבם ועטה את ארץ מצרים כאשר יעטה הרעה את בגדו ויצא משם בשלום,167.41332513629337,5004.559476489356,0.21052631578947367,117.809376947762,3521.7270390110284,-0.08369323940998831,-0.15349473046693596,0.0,0.5333498337715918,0.5609959272272332,0.6934354144325707,0.579508538968416,False,1.0,1.0,False,43,5,False
Jer.43.13,ושבר את מצבות בית שמש אשר בארץ מצרים ואת בתי אלהי מצרים ישרף באש,36.69925665576688,128.92613965535898,0.14285714285714285,28.543866287818688,100.27588639861256,-0.41101658217073345,-0.19931425927507954,0.0,0.6594698121683052,0.5789915371704341,0.6934354144325707,0.579508538968416,False,1.0,1.0,False,43,5,False
Jer.44.1,הדבר אשר היה אל ירמיהו אל כל היהודים הישבים בארץ מצרים הישבים במגדל ובתחפנחס ובנף ובארץ פתרוס לאמר,135.95149973201922,4469.859501469732,0.2222222222222222,94.12026904524407,3094.5181164021224,-0.1705576725863243,-0.15921584430532257,0.0,0.5677142087341805,0.5632505894284234,0.6934354144325707,0.579508538968416,False,1.0,1.0,False,44,5,False
Jer.44.2,כה אמר יהוה צבאות אלהי ישראל אתם ראיתם את כל הרעה אשר הבאתי על ירושלם ועל כל ערי יהודה והנם חרבה היום הזה ואין בהם יושב,14.81708273632548,11.951733677641686,0.0,14.81708273632548,11.951733677641686,-0.46135065458246716,-0.20049708225852717,0.0,0.6777264758659475,0.5794540801546166,0.6934354144325707,0.579508538968416,False,1.0,1.0,False,44,5,False
Jer.44.3,מפני רעתם אשר עשו להכעסני ללכת לקטר לעבד לאלהים אחרים אשר לא ידעום המה אתם ואבתיכם,99.94651957181874,2899.9292748324146,0.0625,88.84135073050555,2577.7149109621464,-0.18991468041797846,-0.1661367905072631,0.0,0.5753120057421879,0.5659753490891993,0.6934354144325707,0.579508538968416,False,1.0,1.0,False,44,5,False
Jer.44.4,ואשלח אליכם את כל עבדי הנביאים השכים ושלח לאמר אל נא תעשו את דבר התעבה הזאת אשר שנאתי,35.76049307124056,1258.134651037645,0.1111111111111111,29.258585240105912,1029.3828963035276,-0.40839581413986065,-0.18687180620259258,0.0,0.6585084469856042,0.5741194274183807,0.6934354144325707,0.579508538968416,False,1.0,1.0,False,44,5,False
Jer.44.5,ולא שמעו ולא הטו את אזנם לשוב מרעתם לבלתי קטר לאלהים אחרים,98.36396673617227,1106.0955544177923,0.16666666666666666,73.77297505212921,829.5716658133442,-0.24516817149820286,-0.18954764637194446,0.0,0.5968368900556498,0.5751681922716453,0.6934354144325707,0.579508538968416,False,1.0,1.0,False,44,5,False
Jer.44.6,ותתך חמתי ואפי ותבער בערי יהודה ובחצות ירושלם ותהיינה לחרבה לשממה כיום הזה,163.8382751501881,65011.21896930902,0.15384615384615385,125.28809276190856,49714.46156476572,-0.056269901530148166,0.4651110119279805,0.4651110119279805,0.5224366020344573,0.3209259802460842,0.6934354144325707,0.579508538968416,False,0.8974802838570166,1.0,False,44,5,False
Jer.44.7,ועתה כה אמר יהוה אלהי צבאות אלהי ישראל למה אתם עשים רעה גדולה אל נפשתכם להכרית לכם איש ואשה עולל ויונק מתוך יהודה לבלתי הותיר לכם שארית,29.81075066807666,499.5096321078977,0.07407407407407407,25.964202194776448,435.05677635203995,-0.42047582648459986,-0.19483092692648685,0.0,0.662931057432939,0.5772373449879469,0.6934354144325707,0.579508538968416,False,1.0,1.0,False,44,5,False
Jer.44.8,להכעסני במעשי ידיכם לקטר לאלהים אחרים בארץ מצרים אשר אתם באים לגור שם למען הכרית לכם ולמען היותכם לקללה ולחרפה בכל גויי הארץ,49.147579800575414,474.601878872628,0.13043478260869565,38.979115014249466,376.40838669208426,-0.37275207810390265,-0.1956163368182878,0.0,0.6453335137503357,0.5775447638058337,0.6934354144325707,0.579508538968416,False,1.0,1.0,False,44,5,False
Jer.44.9,השכחתם את רעות אבותיכם ואת רעות מלכי יהודה ואת רעות נשיו ואת רעתכם ואת רעת נשיכם אשר עשו בארץ יהודה ובחצות ירושלם,51.21648138483647,439.8792488767004,0.045454545454545456,46.94844126943343,403.222644803642,-0.3435297447512707,-0.19525724454509447,0.0,0.6344000161449641,0.5774042166479291,0.6934354144325707,0.579508538968416,False,1.0,1.0,False,44,5,False
Jer.44.10,לא דכאו עד היום הזה ולא יראו ולא הלכו בתורתי ובחקתי אשר נתתי לפניכם ולפני אבותיכם,33.32193239869019,222.36871445314074,0.125,26.65754591895215,177.89497156251258,-0.41793343823407014,-0.19827479685106872,0.0,0.6620021081378107,0.5785849652863914,0.6934354144325707,0.579508538968416,False,1.0,1.0,False,44,5,False
Jer.44.11,לכן כה אמר יהוה צבאות אלהי ישראל הנני שם פני בכם לרעה ולהכרית את כל יהודה,22.98679410816523,62.92519059958762,0.0625,20.43270587392465,55.933502755189,-0.44075900027506193,-0.199908085413214,0.0,0.6703062608972736,0.5792237665811549,0.6934354144325707,0.579508538968416,False,1.0,1.0,False,44,5,False
Jer.44.12,ולקחתי את שארית יהודה אשר שמו פניהם לבוא ארץ מצרים לגור שם ותמו כל בארץ מצרים יפלו בחרב ברעב יתמו מקטן ועד גדול בחרב וברעב ימתו והיו לאלה לשמה ולקללה ולחרפה,66.99573391122547,1298.3498917831876,0.03225806451612903,62.93538640145423,1219.6620195539035,-0.28490799618949536,-0.18432361849495807,0.0,0.6121426851513834,0.5731202067607748,0.6934354144325707,0.579508538968416,False,1.0,1.0,False,44,5,False
Jer.44.13,ופקדתי על היושבים בארץ מצרים כאשר פקדתי על ירושלם בחרב ברעב ובדבר,31.40705193542168,330.559569183964,0.08333333333333333,26.92033023036144,283.3367735862549,-0.41696984727268255,-0.19686273703495225,0.0,0.6616497685711948,0.578032522729827,0.6934354144325707,0.579508538968416,False,1.0,1.0,False,44,5,False
Jer.44.14,ולא יהיה פליט ושריד לשארית יהודה הבאים לגור שם בארץ מצרים ולשוב ארץ יהודה אשר המה מנשאים את נפשם לשוב לשבת שם כי לא ישובו כי אם פלטים,35.23833330195412,158.22008433518096,0.14285714285714285,27.40759256818654,123.06006559402965,-0.4151831287960929,-0.19900913717675084,0.0,0.6609960757832252,0.5788722014392873,0.6934354144325707,0.579508538968416,False,1.0,1.0,False,44,5,False
Jer.44.15,ויענו את ירמיהו כל האנשים הידעים כי מקטרות נשיהם לאלהים אחרים וכל הנשים העמדות קהל גדול וכל העם הישבים בארץ מצרים בפתרוס לאמר,438.531951412241,4174.924041442916,0.17391304347826086,325.36241556392076,3097.5242888124862,0.677372864371087,-0.15917558612327787,0.677372864371087,0.24908470537104288,0.5632347309687278,0.6934354144325707,0.579508538968416,False,0.7949969516853985,1.0,False,44,5,False
Jer.44.16,הדבר אשר דברת אלינו בשם יהוה איננו שמעים אליך,41.18478277961029,278.5293123623389,0.0,41.18478277961029,278.5293123623389,-0.36466422266410287,-0.19692711778984773,0.0,0.6423189658468951,0.5780577138715006,0.6934354144325707,0.579508538968416,False,1.0,1.0,False,44,5,False
Jer.44.17,כי עשה נעשה את כל הדבר אשר יצא מפינו לקטר למלכת השמים והסיך לה נסכים כאשר עשינו אנחנו ואבתינו מלכינו ושרינו בערי יהודה ובחצות ירושלם ונשבע לחם ונהיה טובים ורעה לא ראינו,105.49874273533887,752.4109920666117,0.15625,80.37999446502009,573.2655177650374,-0.22094121459262803,-0.19298005747775165,0.0,0.5874308971506055,0.5765127068288038,0.6934354144325707,0.579508538968416,False,1.0,1.0,False,44,5,False
Jer.44.18,ומן אז חדלנו לקטר למלכת השמים והסך לה נסכים חסרנו כל ובחרב וברעב תמנו,85.12841986284549,24941.991754971557,0.14285714285714285,66.2109932266576,19399.326920533436,-0.2728968334496108,0.059135557888960785,0.059135557888960785,0.607533739644602,0.4764220685433818,0.6934354144325707,0.579508538968416,False,0.9982530206445702,1.0,False,44,5,False
Jer.44.19,וכי אנחנו מקטרים למלכת השמים ולהסך לה נסכים המבלעדי אנשינו עשינו לה כונים להעצבה והסך לה נסכים,48.78169251974658,34667.17809304623,0.35294117647058826,28.596164580541096,20322.138882130545,-0.41082481211454913,0.07149370867729327,0.07149370867729327,0.6593995010046719,0.47150241574763363,0.6934354144325707,0.579508538968416,False,0.9974475877673437,1.0,False,44,5,False
Jer.44.20,ויאמר ירמיהו אל כל העם על הגברים ועל הנשים ועל כל העם הענים אתו דבר לאמר,71.57888395768477,23.889024399112706,0.0625,63.62567462905312,21.23468835476685,-0.28237681199018233,-0.20037276640823995,0.0,0.6111727034082546,0.5794054715826383,0.6934354144325707,0.579508538968416,False,1.0,1.0,False,44,5,False
Jer.44.21,הלוא את הקטר אשר קטרתם בערי יהודה ובחצות ירושלם אתם ואבותיכם מלכיכם ושריכם ועם הארץ אתם זכר יהוה ותעלה על לבו,97.61422358438806,1837.7418919738568,0.2857142857142857,62.11814228097422,1169.4721130742726,-0.2879047087539497,-0.18499575372742094,0.0,0.613290158801607,0.5733838169373044,0.6934354144325707,0.579508538968416,False,1.0,1.0,False,44,5,False
Jer.44.22,ולא יוכל יהוה עוד לשאת מפני רע מעלליכם מפני התועבת אשר עשיתם ותהי ארצכם לחרבה ולשמה ולקללה מאין יושב כהיום הזה,39.676779036707536,2715.4288173205305,0.047619047619047616,36.2266243378634,2479.304572336136,-0.3828450517781883,-0.1674546860856497,0.0,0.6490826724056398,0.5664938503565253,0.6934354144325707,0.579508538968416,False,1.0,1.0,False,44,5,False
Jer.44.23,מפני אשר קטרתם ואשר חטאתם ליהוה ולא שמעתם בקול יהוה ובתרתו ובחקתיו ובעדותיו לא הלכתם על כן קראת אתכם הרעה הזאת כיום הזה,28.79402043428408,716.7986901005224,0.17391304347826086,21.36330548350109,531.818382977807,-0.4373466300020815,-0.19353511090440909,0.0,0.6690700085131716,0.5767300443583664,0.6934354144325707,0.579508538968416,False,1.0,1.0,False,44,5,False
Jer.44.24,ויאמר ירמיהו אל כל העם ואל כל הנשים שמעו דבר יהוה כל יהודה אשר בארץ מצרים,57.214795889433084,11.961059000794389,0.0,57.214795889433084,11.961059000794389,-0.30588455023726624,-0.20049695737528503,0.0,0.6201537251781061,0.5794540313247973,0.6934354144325707,0.579508538968416,False,1.0,1.0,False,44,5,False
Jer.44.25,כה אמר יהוה צבאות אלהי ישראל לאמר אתם ונשיכם ותדברנה בפיכם ובידיכם מלאתם לאמר עשה נעשה את נדרינו אשר נדרנו לקטר למלכת השמים ולהסך לה נסכים הקים תקימנה את נדריכם ועשה תעשינה את נדריכם,59.46050832069699,1221.9557595023737,0.2647058823529412,38.878024671224956,798.9710735207829,-0.37312276134712824,-0.1899574446293373,0.0,0.6454714605647982,0.5753287612190621,0.6934354144325707,0.579508538968416,False,1.0,1.0,False,44,5,False
Jer.44.26,לכן שמעו דבר יהוה כל יהודה הישבים בארץ מצרים הנני נשבעתי בשמי הגדול אמר יהוה אם יהיה עוד שמי נקרא בפי כל איש יהודה אמר חי אדני יהוה בכל ארץ מצרים,21.636270569886353,65.55556847856222,0.0,21.636270569886353,65.55556847856222,-0.4363457076539983,-0.1997792282418149,0.0,0.6687070380917086,0.5791733763507532,0.6934354144325707,0.579508538968416,False,1.0,1.0,False,44,5,False
Jer.44.27,הנני שקד עליהם לרעה ולא לטובה ותמו כל איש יהודה אשר בארץ מצרים בחרב וברעב עד כלותם,79.7227745041351,436.91432607763664,0.058823529411764705,71.33090350369983,390.9233443852538,-0.2541228844280143,-0.1954219548170532,0.0,0.6002996878282328,0.5774686847583226,0.6934354144325707,0.579508538968416,False,1.0,1.0,False,44,5,False
Jer.44.28,ופליטי חרב ישבון מן ארץ מצרים ארץ יהודה מתי מספר וידעו כל שארית יהודה הבאים לארץ מצרים לגור שם דבר מי יקום ממני ומהם,322.42907764898433,376.8672265520061,0.041666666666666664,297.6268409067548,347.8774398941595,0.575670639815869,-0.19599841871290524,0.575670639815869,0.2824189120551152,0.577694298160839,0.6934354144325707,0.579508538968416,False,0.8473017903507846,1.0,False,44,5,False
Jer.44.29,וזאת לכם האות נאם יהוה כי פקד אני עליכם במקום הזה למען תדעו כי קום יקומו דברי עליכם לרעה,110.01726857818613,23.09001128258757,0.0,110.01726857818613,23.09001128258757,-0.11226574115032814,-0.20034792021913836,0.0,0.544693647678142,0.5793957563627362,0.6934354144325707,0.579508538968416,False,1.0,1.0,False,44,5,False
Jer.44.30,כה אמר יהוה הנני נתן את פרעה חפרע מלך מצרים ביד איביו וביד מבקשי נפשו כאשר נתתי את צדקיהו מלך יהודה ביד נבוכדראצר מלך בבל איבו ומבקש נפשו,15.201260110399481,102.32448317800345,0.10714285714285714,12.518684796799574,84.26722144070872,-0.4697785377704768,-0.19952864476606005,0.0,0.6807433751837105,0.5790753807371358,0.6934354144325707,0.579508538968416,False,1.0,1.0,False,44,5,False
Jer.45.1,הדבר אשר דבר ירמיהו הנביא אל ברוך בן נריה בכתבו את הדברים האלה על ספר מפי ירמיהו בשנה הרבעית ליהויקים בן יאשיהו מלך יהודה לאמר,28.959515794656227,134.9213332720654,0.04,26.814366476533543,124.92716043709758,-0.41735840058804485,-0.19898413334003548,0.0,0.6617918611633768,0.5788624219142512,0.6934354144325707,0.579508538968416,False,1.0,1.0,False,45,5,False
Jer.45.2,כה אמר יהוה אלהי ישראל עליך ברוך,31.881050788346904,28.391070710165987,0.0,31.881050788346904,28.391070710165987,-0.3987796232596541,-0.20027692927572824,0.0,0.6549722036963086,0.5793679976088962,0.6934354144325707,0.579508538968416,False,1.0,1.0,False,45,5,False
Jer.45.3,אמרת אוי נא לי כי יסף יהוה יגון על מכאבי יגעתי באנחתי ומנוחה לא מצאתי,75.04339881017789,819.0477865527879,0.2,53.60242772155564,585.0341332519914,-0.31913056670264606,-0.19282245405385806,0.0,0.6251862471581111,0.5764509911556274,0.6934354144325707,0.579508538968416,False,1.0,1.0,False,45,5,False
Jer.45.4,כה תאמר אליו כה אמר יהוה הנה אשר בניתי אני הרס ואת אשר נטעתי אני נתש ואת כל הארץ היא,62.41560277207108,68.65926422764846,0.15,48.01200213236237,52.81481863665266,-0.3396298253500408,-0.19994985033413176,0.0,0.6329323427553413,0.579240098680321,0.6934354144325707,0.579508538968416,False,1.0,1.0,False,45,5,False
Jer.45.5,ואתה תבקש לך גדלות אל תבקש כי הנני מביא רעה על כל בשר נאם יהוה ונתתי לך את נפשך לשלל על כל המקמות אשר תלך שם,33.876797837808226,41.95345102827505,0.0,33.876797837808226,41.95345102827505,-0.39146151584386674,-0.20009530403895753,0.0,0.6522719352401594,0.579296977032011,0.6934354144325707,0.579508538968416,False,1.0,1.0,False,45,5,False
Jer.46.1,אשר היה דבר יהוה אל ירמיהו הנביא על הגוים,29.68141372769436,17.282019448457792,0.0,29.68141372769436,17.282019448457792,-0.4068453650028008,-0.2004256999205841,0.0,0.6579392172849279,0.5794261691915548,0.6934354144325707,0.579508538968416,False,1.0,1.0,False,46,5,False
Jer.46.2,למצרים על חיל פרעה נכו מלך מצרים אשר היה על נהר פרת בכרכמש אשר הכה נבוכדראצר מלך בבל בשנת הרביעית ליהויקים בן יאשיהו מלך יהודה,22.27832186261995,436.3841939795587,0.12,17.966388598887058,351.92273708028927,-0.4498026186760054,-0.19594424473739316,0.0,0.6735736152629325,0.5776730969197524,0.6934354144325707,0.579508538968416,False,1.0,1.0,False,46,6,True
Jer.46.3,ערכו מגן וצנה וגשו למלחמה,924.2678434813569,298210.44780338183,0.4,513.4821352674205,165672.4710018788,1.367179879839104,2.0180022025217705,2.4375220436376743,0.08578446512916554,0.021795515970353903,0.6934354144325707,0.579508538968416,False,0.05126449577277086,1.0,False,46,6,False
Jer.46.4,אסרו הסוסים ועלו הפרשים והתיצבו בכובעים מרקו הרמחים לבשו הסרינת,1439.929391381465,564732.4445944583,0.6,654.5133597188476,256696.56572475377,1.8843203911048618,3.2369823791656716,3.745493059580091,0.029760825419732743,0.0006040043531600697,0.6934354144325707,0.054924129180689,False,0.000898881693821477,0.05108644293218727,False,46,6,False
Jer.46.5,מדוע ראיתי המה חתים נסגים אחור וגבוריהם יכתו ומנוס נסו ולא הפנו מגור מסביב נאם יהוה,249.44298343091992,74497.43867729032,0.1875,181.41307885885087,54179.95540166569,0.14953206975566946,0.5249121940510104,0.5457954299450115,0.44056690291096906,0.29982211605049613,0.6934354144325707,0.579508538968416,False,0.8616153602812162,1.0,False,46,6,False
Jer.46.6,אל ינוס הקל ואל ימלט הגבור צפונה על יד נהר פרת כשלו ונפלו,250.1926201988632,7124.242445546851,0.0,250.1926201988632,7124.242445546851,0.40173641181928543,-0.1052504180132816,0.40173641181928543,0.34393901211131117,0.541911447469261,0.6934354144325707,0.579508538968416,False,0.9224740142575412,1.0,False,46,6,False
Jer.46.7,מי זה כיאר יעלה כנהרות יתגעשו מימיו,479.0744084189673,287455.13660128764,0.2857142857142857,304.86553263025195,182925.99601900124,0.6022138450765863,2.24905866111258,2.328288293216164,0.27351590043983065,0.012254382082265128,0.6934354144325707,0.579508538968416,False,0.06650599479010515,1.0,False,46,6,False
Jer.46.8,מצרים כיאר יעלה וכנהרות יתגעשו מים ויאמר אעלה אכסה ארץ אבידה עיר וישבי בה,80.46199473788153,226435.38600337604,0.2857142857142857,51.20308756047006,144095.24563851202,-0.32792858999451363,1.729043437647483,1.729043437647483,0.6285171718658789,0.04190066056947495,0.6934354144325707,0.579508538968416,False,0.22429444479033359,1.0,False,46,6,False
Jer.46.9,עלו הסוסים והתהללו הרכב ויצאו הגבורים כוש ופוט תפשי מגן ולודים תפשי דרכי קשת,732.1789783972688,70007.21759691152,0.21428571428571427,512.5252848780881,49005.05231783806,1.3636712518634981,0.45561071630004313,1.43776924712083,0.08633552792634519,0.3243349678518124,0.6934354144325707,0.579508538968416,False,0.35572753083841396,1.0,False,46,6,False
Jer.46.10,והיום ההוא לאדני יהוה צבאות יום נקמה להנקם מצריו ואכלה חרב ושבעה ורותה מדמם כי זבח לאדני יהוה צבאות בארץ צפון אל נהר פרת,87.02621643730214,3300.7355604131476,0.125,69.62097314984172,2640.588448330518,-0.260392944557341,-0.16529479811040532,0.0,0.6027196576371967,0.5656440234950005,0.6934354144325707,0.579508538968416,False,1.0,1.0,False,46,6,False
Jer.46.11,עלי גלעד וקחי צרי בתולת בת מצרים לשוא הרביתי הרבית רפאות תעלה אין לך,275.86304205742454,44728.15908744017,0.14285714285714285,214.56014382244132,34788.568179120135,0.27107742390619144,0.26522582536067135,0.3792462368829338,0.39316574241109126,0.3954177506648082,0.6934354144325707,0.579508538968416,False,0.9306110606903065,1.0,False,46,6,False
Jer.46.12,שמעו גוים קלונך וצוחתך מלאה הארץ כי גבור בגבור כשלו יחדיו נפלו שניהם,367.1585117158109,10674.69386083833,0.23076923076923078,251.21371854239692,7303.73790478412,0.4054806274813249,-0.10284664341630295,0.4054806274813249,0.34256212777651546,0.5409576572895226,0.6934354144325707,0.579508538968416,False,0.921081026784997,1.0,False,46,6,False
Jer.46.13,הדבר אשר דבר יהוה אל ירמיהו הנביא לבוא נבוכדראצר מלך בבל להכות את ארץ מצרים,20.696551032998574,202.13774181648986,0.0,20.696551032998574,202.13774181648986,-0.4397915193431675,-0.19795014153363327,0.0,0.6699559447589225,0.5784579634882248,0.6934354144325707,0.579508538968416,False,1.0,1.0,False,46,6,False
Jer.46.14,הגידו במצרים והשמיעו במגדול והשמיעו בנף ובתחפנחס אמרו התיצב והכן לך כי אכלה חרב סביביך,274.5084731754485,270438.9791425683,0.3333333333333333,164.7050839052691,162263.387485541,0.0882663388075784,1.9723482991284866,1.9743223545413064,0.46483249612144073,0.024284929748681475,0.6934354144325707,0.579508538968416,False,0.14242006559972017,1.0,False,46,6,False
Jer.46.15,מדוע נסחף אביריך לא עמד כי יהוה הדפו,434.14623482594027,22746.739089937397,0.375,248.08356275768014,12998.13662282137,0.39400281206033344,-0.026588162886208327,0.39400281206033344,0.3467894815504623,0.5106058927141153,0.6934354144325707,0.579508538968416,False,0.9253168052397076,1.0,False,46,6,False
Jer.46.16,הרבה כושל גם נפל איש אל רעהו ויאמרו קומה ונשבה אל עמנו ואל ארץ מולדתנו מפני חרב היונה,156.19928797642044,1232.8315549790636,0.1111111111111111,127.79941743525308,1008.6803631646884,-0.04706124769778364,-0.18714905122853204,0.0,0.518767793523218,0.5742281149082435,0.6934354144325707,0.579508538968416,False,1.0,1.0,False,46,6,False
Jer.46.17,קראו שם פרעה מלך מצרים שאון העביר המועד,839.232411743159,652.8718112505725,0.25,559.4882744954393,435.24787416704834,1.5358775455814546,-0.1948283677749896,1.5358775455814546,0.06228420812643997,0.5772363432284726,0.6934354144325707,0.579508538968416,False,0.30744473929019495,1.0,False,46,6,False
Jer.46.18,חי אני נאם המלך יהוה צבאות שמו כי כתבור בהרים וככרמל בים יבוא,226.1743434960021,1513.9654031564717,0.15384615384615385,172.95685090870748,1157.738249472596,0.11852434035016411,-0.18515289175960278,0.11852434035016411,0.4528261051065373,0.5734454414557644,0.6934354144325707,0.579508538968416,False,0.9930006010722608,1.0,False,46,6,False
Jer.46.19,כלי גולה עשי לך יושבת בת מצרים כי נף לשמה תהיה ונצתה מאין יושב,615.2683919645201,21777.359136677416,0.14285714285714285,478.5420826390712,16937.945995193546,1.2390599067610841,0.026173136627936883,1.239336308523127,0.10766165671046068,0.48955962120280844,0.6934354144325707,0.579508538968416,False,0.46395057918212546,1.0,False,46,6,False
Jer.46.20,עגלה יפה פיה מצרים קרץ מצפון בא בא,3126.419382647593,18591.766095586405,0.125,2501.1355061180743,14873.412876469123,8.655608980692827,-0.0014747620236432847,8.655608980692827,2.451433858404494e-18,0.5005883447114943,6.687511565727459e-16,0.579508538968416,False,5.387940242160759e-17,8.165722767008084e-15,True,46,6,False
Jer.46.21,גם שכריה בקרבה כעגלי מרבק כי גם המה הפנו נסו יחדיו לא עמדו כי יום אידם בא עליהם עת פקדתם,286.25397036666817,6635.836964975233,0.1,238.54497530555682,5529.8641374793615,0.3590262314418824,-0.12660207833489634,0.3590262314418824,0.35978773294223176,0.5503723240468289,0.6934354144325707,0.579508538968416,False,0.9375830696543582,1.0,False,46,6,False
Jer.46.22,קולה כנחש ילך כי בחיל ילכו ובקרדמות באו לה כחטבי עצים,701.6521088902712,51347.24346667368,0.36363636363636365,406.21964198910433,29727.351480705816,0.9738642801954746,0.19744681757323435,0.9936784600716914,0.1650619657105043,0.4217389477641129,0.6934354144325707,0.579508538968416,False,0.6103648163413067,1.0,False,46,6,False
Jer.46.23,כרתו יערה נאם יהוה כי לא יחקר כי רבו מארבה ואין להם מספר,114.87351282014377,4697.446041718641,0.07692307692307693,99.55704444412461,4071.1199028228225,-0.15062182632000673,-0.14613734875152187,0.0,0.5598629785455091,0.5580935185710473,0.6934354144325707,0.579508538968416,False,1.0,1.0,False,46,6,False
Jer.46.24,הבישה בת מצרים נתנה ביד עם צפון,2652.182539393072,3597.596642601475,0.0,2652.182539393072,3597.596642601475,9.209475972324253,-0.1524786968214693,9.209475972324253,1.6386044782691834e-20,0.5605953042812144,5.587641270897916e-18,0.579508538968416,False,3.8262795127472915e-19,6.523806569234132e-17,True,46,6,False
Jer.46.25,אמר יהוה צבאות אלהי ישראל הנני פוקד אל אמון מנא ועל פרעה ועל מצרים ועל אלהיה ועל מלכיה ועל פרעה ועל הבטחים בו,79.25225299954461,136.55125149497536,0.13043478260869565,62.85523513756986,108.29926842704943,-0.2852018989457466,-0.19920681142105712,0.0,0.6122552671973703,0.5789495142692117,0.6934354144325707,0.579508538968416,False,1.0,1.0,False,46,6,False
Jer.46.26,ונתתים ביד מבקשי נפשם וביד נבוכדראצר מלך בבל וביד עבדיו ואחרי כן תשכן כימי קדם נאם יהוה,22.682494857427585,365.12017548010135,0.0,22.682494857427585,365.12017548010135,-0.4325093588946208,-0.19576750674465807,0.0,0.6673143741764669,0.5776039281074076,0.6934354144325707,0.579508538968416,False,1.0,1.0,False,46,6,False
Jer.46.27,ואתה אל תירא עבדי יעקב ואל תחת ישראל כי הנני מושעך מרחוק ואת זרעך מארץ שבים ושב יעקוב ושקט ושאנן ואין מחריד,13.939576267352894,118.00211396514727,0.09090909090909091,11.795026072375526,99.84794258589385,-0.4724320866153247,-0.19931999023044922,0.0,0.6816907969270253,0.5789937785242304,0.6934354144325707,0.579508538968416,False,1.0,1.0,False,46,6,False
Jer.46.28,אתה אל תירא עבדי יעקב נאם יהוה כי אתך אני כי אעשה כלה בכל הגוים אשר הדחתיך שמה ואתך לא אעשה כלה ויסרתיך למשפט ונקה לא אנקך,7.635233299005035,444.7976262141642,0.14814814814814814,5.890037116375313,343.1295973652124,-0.4940848023142963,-0.19606200106373478,0.0,0.6893768547479184,0.577719181126869,0.6934354144325707,0.579508538968416,False,1.0,1.0,False,46,6,False
Jer.47.1,אשר היה דבר יהוה אל ירמיהו הנביא אל פלשתים בטרם יכה פרעה את עזה,71.59779529073128,17.3684856595181,0.0,71.59779529073128,17.3684856595181,-0.25314423196481023,-0.20042454197885942,0.0,0.5999216202241455,0.5794257164254418,0.6934354144325707,0.579508538968416,False,1.0,1.0,False,47,6,False
Jer.47.2,כה אמר יהוה הנה מים עלים מצפון והיו לנחל שוטף וישטפו ארץ ומלואה עיר וישבי בה וזעקו האדם והילל כל יושב הארץ,149.607493689357,5447.643736359314,0.13636363636363635,117.54874504163764,4280.291507139461,-0.08464893782152512,-0.1433361559469676,0.0,0.533729754050022,0.5569876488413779,0.6934354144325707,0.579508538968416,False,1.0,1.0,False,47,6,False
Jer.47.3,מקול שעטת פרסות אביריו מרעש לרכבו המון גלגליו לא הפנו אבות אל בנים מרפיון ידים,253.8174662093382,18855.329512100983,0.3333333333333333,152.29047972560292,11313.197707260591,0.042743832868861645,-0.049152596437320596,0.042743832868861645,0.48295286895174183,0.5196011559333581,0.6934354144325707,0.579508538968416,False,0.999086899506036,1.0,False,47,6,False
Jer.47.4,על היום הבא לשדוד את כל פלשתים להכרית לצר ולצידון כל שריד עזר כי שדד יהוה את פלשתים שארית אי כפתור,180.41944076727717,2135.9233878778655,0.19047619047619047,130.6485605556145,1546.7031429460405,-0.036613863895620866,-0.1799439358672309,0.0,0.5146035554236603,0.5714017088526842,0.6934354144325707,0.579508538968416,False,1.0,1.0,False,47,6,False
Jer.47.5,באה קרחה אל עזה נדמתה אשקלון שארית עמקם עד מתי תתגודדי,890.4450055441813,130289.40654706037,0.2727272727272727,576.1702977050585,84304.91011868612,1.5970480420096476,0.928340788799942,1.847262587895004,0.05512749934167975,0.17661541112353019,0.6934354144325707,0.579508538968416,False,0.18155629023614647,1.0,False,47,6,False
Jer.47.6,הוי חרב ליהוה עד אנה לא תשקטי האספי אל תערך הרגעי ודמי,507.0023430596843,40789.97752122827,0.4166666666666667,276.5467325780096,22249.07864794269,0.4983730197954214,0.09729897906491021,0.5077821956184377,0.30911057483859333,0.4612444833716833,0.6934354144325707,0.579508538968416,False,0.8790430739921573,1.0,False,47,6,False
Jer.47.7,איך תשקטי ויהוה צוה לה אל אשקלון ואל חוף הים שם יעדה,197.82845092327608,5830.329590777472,0.16666666666666666,148.37133819245707,4372.747193083104,0.028372924128209343,-0.14209800412874365,0.028372924128209343,0.48868235946016203,0.5564987026724985,0.6934354144325707,0.579508538968416,False,0.999597569585058,1.0,False,47,6,False
Jer.48.1,למואב כה אמר יהוה צבאות אלהי ישראל הוי אל נבו כי שדדה הבישה נלכדה קריתים הבישה המשגב וחתה,227.02557047519738,17001.47833270857,0.1111111111111111,185.74819402516147,13910.300454034284,0.16542829190237524,-0.014372610163763452,0.16542829190237524,0.43430344336437404,0.5057336444717123,0.6934354144325707,0.579508538968416,False,0.9864099303865042,1.0,False,48,6,False
Jer.48.2,אין עוד תהלת מואב בחשבון חשבו עליה רעה לכו ונכריתנה מגוי גם מדמן תדמי אחריך תלך חרב,378.3382479878247,67772.31382933268,0.17647058823529413,279.6413137301313,50092.579786898066,0.5097203883330375,0.47017471092559704,0.6934544924336068,0.30512368357629455,0.3191151001780058,0.6934354144325707,0.579508538968416,False,0.7862821617653207,1.0,False,48,7,True
Jer.48.3,קול צעקה מחרונים שד ושבר גדול,830.0331067252749,20526.599079548003,0.16666666666666666,622.5248300439563,15394.949309661002,1.7670232134404176,0.005509570810360724,1.7670318028286345,0.038612170383677945,0.4978020103770187,0.6934354144325707,0.579508538968416,False,0.2098839130517313,1.0,False,48,7,False
Jer.48.4,נשברה מואב השמיעו זעקה צעוריה צעיריה,928.8875736923716,924844.6908878317,0.3333333333333333,557.332544215423,554906.8145326991,1.5279728034685287,7.23056652713938,7.390249873416183,0.06325964527583096,2.4049164849817364e-13,0.6934354144325707,6.560612171030176e-11,False,1.3814373570033684e-12,1.8842805549525944e-10,True,48,7,False
Jer.48.5,כי מעלה הלחות הלוחית בבכי יעלה בכי כי במורד חורנים צרי צעקת שבר שמעו,286.8509453286804,42420.147247880835,0.2857142857142857,182.5415106637057,26994.63915774235,0.15366986124660387,0.16085076945757165,0.2224576280792442,0.4389350248558286,0.4361054687824524,0.6934354144325707,0.579508538968416,False,0.9755599178047752,1.0,False,48,7,False
Jer.48.6,נסו מלטו נפשכם ותהיינה כערוער במדבר,598.9289831513331,483546.92361949343,0.3333333333333333,359.3573898907999,290128.1541716961,0.8020273759677258,3.6846928860881705,3.7709693152544275,0.21126856131799637,0.00011448928365098904,0.6934354144325707,0.012012567915380697,False,0.0008168093955562662,0.04844034850168466,True,48,7,False
Jer.48.7,כי יען בטחך במעשיך ובאוצרותיך גם את תלכדי ויצא כמיש כמוש בגולה כהניו ושריו יחד יחדיו,264.29564100137526,21079.61671709827,0.3125,162.6434713854617,12972.071825906627,0.0807067125143792,-0.026937218494440994,0.0807067125143792,0.46783759920969337,0.5107450958932618,0.6934354144325707,0.579508538968416,False,0.9967485108548515,1.0,False,48,7,False
Jer.48.8,ויבא שדד אל כל עיר ועיר לא תמלט ואבד העמק ונשמד המישר אשר אמר יהוה,229.00448064977394,7400.379281511586,0.06666666666666667,202.06277704391817,6529.746424863164,0.22525143983450766,-0.11321181402071676,0.22525143983450766,0.41089183714822103,0.545068685174059,0.6934354144325707,0.579508538968416,False,0.9749499861330736,1.0,False,48,7,False
Jer.48.9,תנו ציץ למואב כי נצא תצא ועריה לשמה תהיינה מאין יושב בהן,179.8862377105292,26739.988891942226,0.0,179.8862377105292,26739.988891942226,0.14393337049502022,0.1574405336630547,0.21331745540898478,0.44277654209963946,0.4374488352627544,0.6934354144325707,0.579508538968416,False,0.9775047103214235,1.0,False,48,7,False
Jer.48.10,ארור עשה מלאכת יהוה רמיה וארור מנע חרבו מדם,155.8890825196589,381.3612061206336,0.1111111111111111,127.54561297063,312.0228050077911,-0.04799191089742077,-0.19647857827175996,0.0,0.5191386553255678,0.5778822010244453,0.6934354144325707,0.579508538968416,False,1.0,1.0,False,48,7,False
Jer.48.11,שאנן מואב מנעוריו ושקט הוא אל שמריו ולא הורק מכלי אל כלי ובגולה לא הלך על כן עמד טעמו בו וריחו לא נמר,134.97310685055166,328.03382602658706,0.30434782608695654,83.90220155574832,203.91291888139196,-0.20802580537904347,-0.1979263686451609,0.0,0.5823955908460635,0.5784486634595645,0.6934354144325707,0.579508538968416,False,1.0,1.0,False,48,7,False
Jer.48.12,לכן הנה ימים באים נאם יהוה ושלחתי לו צעים וצעהו וכליו יריקו ונבליהם ינפצו,146.12177168119666,16126.262466436068,0.42857142857142855,78.68095398218281,8683.372097311729,-0.22717134318559296,-0.08437080208185861,0.0,0.589854744995966,0.5336191894715024,0.6934354144325707,0.579508538968416,False,1.0,1.0,False,48,7,False
Jer.48.13,ובש מואב מכמוש כאשר בשו בית ישראל מבית אל מבטחם,3421.787903614459,14771.290144824357,0.3,2138.6174397590366,9232.056340515222,7.326309182657288,-0.0770229101007496,7.326309182657288,1.1828882136497004e-13,0.5306973402604096,2.6890992056969852e-11,0.579508538968416,False,2.2113827441994046e-12,2.742114602807262e-10,True,48,7,False
Jer.48.14,איך תאמרו גבורים אנחנו ואנשי חיל למלחמה,274.2224839472808,537.2394862563035,0.0,274.2224839472808,537.2394862563035,0.489850345969968,-0.19346251235287013,0.489850345969968,0.31211990080576457,0.5767016188892854,0.6934354144325707,0.579508538968416,False,0.8869411193012509,1.0,False,48,7,False
Jer.48.15,שדד מואב ועריה עלה ומבחר בחוריו ירדו לטבח נאם המלך יהוה צבאות שמו,142.9176841703081,2572.5673095238226,0.07692307692307693,123.86199294760036,2229.5583349206463,-0.06149919731167453,-0.17079924791323772,0.0,0.5245191731747412,0.5678091897685241,0.6934354144325707,0.579508538968416,False,1.0,1.0,False,48,7,False
Jer.48.16,קרוב איד מואב לבוא ורעתו מהרה מאד,5660.949602723819,44849.318982410674,0.14285714285714285,4402.960802118527,34882.803652986084,15.629319304327991,0.26648781181523556,15.631591015328084,2.298437095633338e-55,0.39493177245317423,3.1350681984438732e-52,0.579508538968416,False,8.725730473155365e-54,3.9672987884613055e-51,True,48,7,False
Jer.48.17,נדו לו כל סביביו וכל ידעי שמו אמרו איכה נשבר מטה עז מקל תפארה,280.3025352830601,10389.794031592815,0.07142857142857142,245.26471837267758,9091.069777643714,0.38366652921155975,-0.07891097969195796,0.38366652921155975,0.35061281166181674,0.5314482850270882,0.6934354144325707,0.579508538968416,False,0.929043234203844,1.0,False,48,7,False
Jer.48.18,רדי מכבוד ישבי ושבי בצמא ישבת בת דיבון כי שדד מואב עלה בך שחת מבצריך,363.87626170619444,49434.77090155507,0.13333333333333333,287.270732925943,39027.450711754005,0.5376963330851992,0.3219922649955195,0.6267346849586468,0.29539335561415087,0.3737292771821539,0.6934354144325707,0.579508538968416,False,0.8216849888119709,1.0,False,48,7,False
Jer.48.19,אל דרך עמדי וצפי יושבת ערוער שאלי נס ונמלטה אמרי מה נהיתה,1654.2196266853323,75339.92866472453,0.3333333333333333,992.5317760111994,45203.95719883472,3.1237836184759957,0.404707055970219,3.149890775282703,0.0008927085129027868,0.34284642750190075,0.07610340072496258,0.579508538968416,False,0.0070065773609344715,0.29865536000983184,False,48,7,False
Jer.48.20,הביש מואב כי חתה הילילי הילילו וזעקי וזעקו הגידו בארנון כי שדד מואב,211.6763950519876,182914.76974240787,0.15384615384615385,161.87018445151995,139876.00039125307,0.07787118441108672,1.6725399774102108,1.674351784242766,0.46896526064821686,0.04720894576914446,0.6934354144325707,0.579508538968416,False,0.2461714711435459,1.0,False,48,7,False
Jer.48.21,ומשפט בא אל ארץ המישר אל חלון ואל יהצה ועל מופעת מיפעת,602.996131847706,42381.191805326445,0.25,401.997421231804,28254.12787021763,0.9583820250452387,0.17771764166199566,0.9747203014648428,0.1689350779015466,0.42947236487800317,0.6934354144325707,0.579508538968416,False,0.6218602853836492,1.0,False,48,7,False
Jer.48.22,ועל דיבון ועל נבו ועל בית דבלתים,261.5593866913166,7045.84015601566,0.2857142857142857,166.44688243992874,4483.7164629190565,0.09465325481316171,-0.1406119213441963,0.09465325481316171,0.46229512422798713,0.5559117350285592,0.6934354144325707,0.579508538968416,False,0.9955303992059631,1.0,False,48,7,False
Jer.48.23,ועל קריתים ועל בית גמול ועל בית מעון,79.42627971717062,279.2166208803538,0.0,79.42627971717062,279.2166208803538,-0.22443834463757376,-0.19691791346366083,0.0,0.5887918815465683,0.5780541123880167,0.6934354144325707,0.579508538968416,False,1.0,1.0,False,48,7,False
Jer.48.24,ועל קריות ועל בצרה ועל כל ערי ארץ מואב הרחקות והקרבות,209.24211597007712,2030.5152416590372,0.2727272727272727,135.39195739240284,1313.862803426436,-0.01922053362528807,-0.18306209660325967,0.0,0.5076674114181876,0.5726253521561454,0.6934354144325707,0.579508538968416,False,1.0,1.0,False,48,7,False
Jer.48.25,נגדעה קרן מואב וזרעו נשברה נאם יהוה,271.5765989997219,1104.282019476366,0.14285714285714285,211.2262436664504,858.8860151482847,0.2588525081977418,-0.18915507327534517,0.2588525081977418,0.39787452123175937,0.5750143608643158,0.6934354144325707,0.579508538968416,False,0.9670526768534851,1.0,False,48,7,False
Jer.48.26,השכירהו כי על יהוה הגדיל וספק מואב בקיאו והיה לשחק גם הוא,484.92826313373814,52257.69076447664,0.25,323.28550875582545,34838.46050965109,0.6697571561988895,0.26589397550343263,0.7206068654187551,0.2515063047301217,0.3951604324955053,0.6934354144325707,0.579508538968416,False,0.7713314301881575,1.0,False,48,7,False
Jer.48.27,ואם לוא השחק היה לך ישראל אם בגנבים נמצאה נמצא כי מדי דבריך בו תתנודד,929.7219818702242,14230.227452284847,0.26666666666666666,606.3404229588419,9280.583121055335,1.7076774012836793,-0.07637304718593745,1.7076774012836793,0.043848108806294375,0.5304388439037482,0.6934354144325707,0.579508538968416,False,0.23268235159511538,1.0,False,48,7,False
Jer.48.28,עזבו ערים ושכנו בסלע ישבי מואב והיו כיונה תקנן בעברי פי פחת,509.8874357708539,56539.13324607206,0.16666666666666666,382.41557682814044,42404.34993455405,0.8865783158607891,0.36721516145661415,0.9596187185326056,0.18765298630304295,0.3567292654682436,0.6934354144325707,0.579508538968416,False,0.631009701044495,1.0,False,48,7,False
Jer.48.29,שמענו גאון מואב גאה מאד גבהו וגאונו וגאותו ורם לבו,735.5291918335946,11670.643763874998,0.2,525.3779941668533,8336.17411705357,1.41080022403683,-0.08902042212580437,1.41080022403683,0.079151764213026,0.5354671599781358,0.6934354144325707,0.579508538968416,False,0.3696574044992433,1.0,False,48,7,False
Jer.48.30,אני ידעתי נאם יהוה עברתו ולא כן בדיו לא כן עשו,143.44229746424037,948.9149206045681,0.0,143.44229746424037,948.9149206045681,0.010298865336231398,-0.18794942051482857,0.010298865336231398,0.4958914198078856,0.574541849478928,0.6934354144325707,0.579508538968416,False,0.9999469680926344,1.0,False,48,7,False
Jer.48.31,על כן על מואב איליל ולמואב כלה אזעק אל אנשי קיר חרש יהגה,656.3688788124545,13504.019547073322,0.15384615384615385,501.9291426212887,10326.60318305607,1.3248167751655866,-0.06236491314370693,1.3248167751655866,0.09261596476775635,0.5248638820986622,0.6934354144325707,0.579508538968416,False,0.4157921662679708,1.0,False,48,7,False
Jer.48.32,מבכי יעזר אבכה לך הגפן שבמה נטישתיך עברו ים עד ים יעזר נגעו על קיצך ועל בצירך שדד נפל,721.1597029561408,41366.650170164234,0.21052631578947367,507.48275393209906,29109.864934560017,1.3451810413329903,0.18917753611113727,1.3584182618511829,0.08928338854123985,0.4249768366713314,0.6934354144325707,0.579508538968416,False,0.39746432908500323,1.0,False,48,7,False
Jer.48.33,ונאספה שמחה וגיל מכרמל ומארץ מואב ויין מיקבים השבתי לא ידרך הידד הידד לא הידד,465.8200053806388,35589.97450061059,0.2,332.7285752718849,25421.410357578992,0.7043834757605796,0.13978233997675132,0.7181191986668586,0.24059699687255098,0.44441598347463723,0.6934354144325707,0.579508538968416,False,0.7727129909700395,1.0,False,48,7,False
Jer.48.34,מזעקת חשבון עד אלעלה עד יהץ נתנו קולם מצער עד חרנים עגלת שלשיה כי גם מי נמרים למשמות יהיו,1024.8587778470749,48155.93034056298,0.3684210526315789,590.0702054271037,27726.14171123323,1.6480169349898048,0.17064693512760157,1.656828353958742,0.049674598039567856,0.4322506951374075,0.6934354144325707,0.579508538968416,False,0.2534623222333111,1.0,False,48,7,False
Jer.48.35,והשבתי למואב נאם יהוה מעלה במה ומקטיר לאלהיו,761.6041999776056,629566.8315532189,0.25,507.73613331840374,419711.2210354793,1.3461101458336957,5.420048675306216,5.584705915928347,0.08913349854240277,2.9791405162855473e-08,0.6934354144325707,5.805068091733553e-06,False,1.688137022347496e-07,1.535079265654656e-05,True,48,7,False
Jer.48.36,על כן לבי למואב כחללים יהמה ולבי אל אנשי קיר חרש כחלילים יהמה על כן יתרת עשה אבדו,289.284011176322,5539.157088097674,0.16666666666666666,216.9630083822415,4154.367816073256,0.2798883706436312,-0.14502250595843286,0.2798883706436312,0.38978157483683556,0.5576534487758897,0.6934354144325707,0.579508538968416,False,0.9615884273967457,1.0,False,48,7,False
Jer.48.37,כי כל ראש קרחה וכל זקן גרעה על כל ידים גדדת ועל מתנים שק,610.8498526688613,3321.311004690082,0.14285714285714285,475.10544096467,2583.2418925367306,1.2264582531950032,-0.16606277405044903,1.2264582531950032,0.11001313801408014,0.5659462253286249,0.6934354144325707,0.579508538968416,False,0.47137565992006314,1.0,False,48,8,True
Jer.48.38,על כל גגות מואב וברחבתיה כלה מספד כי שברתי את מואב ככלי אין חפץ בו נאם יהוה,128.35877996058144,246.78893999947292,0.058823529411764705,114.84732943841497,220.81115684163365,-0.0945546268037052,-0.19770007013423957,0.0,0.5376657045710915,0.5783601325809222,0.6934354144325707,0.579508538968416,False,1.0,1.0,False,48,8,False
Jer.48.39,איך חתה הילילו איך הפנה ערף מואב בוש והיה מואב לשחק ולמחתה לכל סביביו,740.4102594655254,141959.11007893377,0.07142857142857142,647.8589770323348,124214.22131906704,1.8599197601236959,1.462799926953293,2.3662386059721756,0.03144843960476396,0.07176106654570731,0.6934354144325707,0.579508538968416,False,0.06083788532319154,1.0,False,48,8,False
Jer.48.40,כי כה אמר יהוה הנה כנשר ידאה ופרש כנפיו אל מואב,88.59872862778711,1541.8378307729986,0.18181818181818182,64.97240099371054,1130.681075900199,-0.27743856683586987,-0.18551523711795193,0.0,0.6092783143133819,0.5735875348986128,0.6934354144325707,0.579508538968416,False,1.0,1.0,False,48,8,False
Jer.48.41,נלכדה הקריות והמצדות נתפשה והיה לב גבורי מואב ביום ההוא כלב אשה מצרה,425.27734287267924,62866.544197784824,0.23076923076923078,290.9792345970963,43013.951293221195,0.551294856800142,0.37537884574408553,0.6669597416384673,0.2907157818166146,0.35368936761734904,0.6934354144325707,0.579508538968416,False,0.8005809330897651,1.0,False,48,8,False
Jer.48.42,ונשמד מואב מעם כי על יהוה הגדיל,263.63973484196407,19749.84357996279,0.14285714285714285,205.0531270993054,15360.989451082172,0.2362166084524626,0.005054785793983948,0.23627068579958682,0.40663229623184466,0.497983440815881,0.6934354144325707,0.579508538968416,False,0.9724740200148119,1.0,False,48,8,False
Jer.48.43,פחד ופחת ופח עליך יושב מואב נאם יהוה,170.01151416876013,2837.3810621811367,0.125,136.0092113350081,2269.9048497449094,-0.016957155279809497,-0.17025893381379867,0.0,0.506764602006851,0.5675967471321062,0.6934354144325707,0.579508538968416,False,1.0,1.0,False,48,8,False
Jer.48.44,הניס הנס מפני הפחד יפל אל הפחת והעלה מן הפחת ילכד בפח כי אביא אליה אל מואב שנת פקדתם נאם יהוה,146.47587690082506,1497.028555813447,0.23809523809523808,99.22559402959116,1014.1161184542705,-0.1518372056624027,-0.18707625645959464,0.0,0.5603423317700537,0.5741995779510365,0.6934354144325707,0.579508538968416,False,1.0,1.0,False,48,8,False
Jer.48.45,בצל חשבון עמדו מכח נסים כי אש יצא מחשבון ולהבה מבין סיחון ותאכל פאת מואב וקדקד בני שאון,723.1265985970856,7564.243203435273,0.2777777777777778,464.86709909812646,4862.7277736369615,1.1889157772789587,-0.13553626224650858,1.1889157772789587,0.11723640548588271,0.5539060521824983,0.6934354144325707,0.579508538968416,False,0.49323952907854174,1.0,False,48,8,False
Jer.48.46,אוי לך מואב אבד עם כמוש כי לקחו בניך בשבי ובנתיך בשביה,129.4196822440876,817.8254092430442,0.08333333333333333,110.93115620921793,700.9932079226093,-0.1089146512155314,-0.19126954859782686,0.0,0.5433649071058804,0.575842791335362,0.6934354144325707,0.579508538968416,False,1.0,1.0,False,48,8,False
Jer.48.47,ושבתי שבות מואב באחרית הימים נאם יהוה עד הנה משפט מואב,103.280471403391,34.24976050122116,0.0,103.280471403391,34.24976050122116,-0.13696857379479088,-0.2001984706353194,0.0,0.554472182280944,0.5793373183901839,0.6934354144325707,0.579508538968416,False,1.0,1.0,False,48,8,False
Jer.49.1,לבני עמון כה אמר יהוה הבנים אין לישראל אם יורש אין לו מדוע ירש מלכם את גד ועמו בעריו ישב,255.82733266522672,604.613428491844,0.05,232.57030242293337,549.6485713562219,0.3371179951546076,-0.19329633186194473,0.3371179951546076,0.36801397623412646,0.5766365505456768,0.6934354144325707,0.579508538968416,False,0.9447600762130647,1.0,False,49,8,False
Jer.49.2,לכן הנה ימים באים נאם יהוה והשמעתי אל רבת בני עמון תרועת מלחמה והיתה לתל שממה ובנתיה באש תצתנה וירש ישראל את ירשיו אמר יהוה,30.861763312243937,2070.8723820236896,0.16,23.38012372139692,1568.8427136543103,-0.42995125767419845,-0.17964744626307771,0.0,0.6663844509719552,0.5712853230713985,0.6934354144325707,0.579508538968416,False,1.0,1.0,False,49,8,False
Jer.49.3,הילילי חשבון כי שדדה עי צעקנה בנות רבה חגרנה שקים ספדנה והתשוטטנה בגדרות כי מלכם בגולה ילך כהניו ושריו יחדיו,657.9532201748762,121359.33565864377,0.3,411.2207626092976,75849.58478665235,0.9922026452241295,0.815108418863128,1.284082483211771,0.16054934119902003,0.2075051265185675,0.6934354144325707,0.579508538968416,False,0.4384831423337273,1.0,False,49,8,False
Jer.49.4,מה תתהללי בעמקים זב עמקך הבת השובבה הבטחה באצרתיה מי יבוא אלי,658.4996622870203,46471.58377905264,0.5833333333333334,303.9229210555478,21448.423282639676,0.5987574287151485,0.0865767299549426,0.6049842879044605,0.27466732735276556,0.465503981619507,0.6934354144325707,0.579508538968416,False,0.832765662178444,1.0,False,49,8,False
Jer.49.5,הנני מביא עליך פחד נאם אדני יהוה צבאות מכל סביביך ונדחתם איש לפניו ואין מקבץ לנדד,263.8658641375201,3284.706139633958,0.1875,191.90244664546915,2388.8771924610605,0.18799502036200566,-0.16866567515210687,0.18799502036200566,0.42544027738059315,0.5669701904162038,0.6934354144325707,0.579508538968416,False,0.9824841537765847,1.0,False,49,8,False
Jer.49.6,ואחרי כן אשיב את שבות בני עמון נאם יהוה,76.42708045145274,3.2151176307230944,0.0,76.42708045145274,3.2151176307230944,-0.23543596199283834,-0.2006140816289089,0.0,0.5930648116200713,0.579499826813032,0.6934354144325707,0.579508538968416,False,1.0,1.0,False,49,8,False
Jer.49.7,לאדום כה אמר יהוה צבאות האין עוד חכמה בתימן אבדה עצה מבנים נסרחה חכמתם,109.20874543939578,2765.5979741125902,0.2857142857142857,69.4964743705246,1759.925983526194,-0.26084946305272,-0.17708848955198628,0.0,0.6028957007576483,0.5702805584793147,0.6934354144325707,0.579508538968416,False,1.0,1.0,False,49,8,False
Jer.49.8,נסו הפנו העמיקו לשבת ישבי דדן כי איד עשו הבאתי עליו עת פקדתיו,854.395622171479,37488.41380926096,0.07692307692307693,740.4762058819485,32489.958634692834,2.199533354670647,0.2344432125038011,2.211992449850996,0.01392001006622704,0.4073204572592924,0.6934354144325707,0.579508538968416,False,0.0866000142296665,1.0,False,49,8,False
Jer.49.9,אם בצרים באו לך לא ישארו עוללות אם גנבים בלילה השחיתו דים,317.879082349219,12425.737181734532,0.4166666666666667,173.38859037230125,6777.674826400653,0.12010746471007056,-0.10989159636163073,0.12010746471007056,0.45219900960882364,0.5437523263446455,0.6934354144325707,0.579508538968416,False,0.9928130490043783,1.0,False,49,8,False
Jer.49.10,כי אני חשפתי את עשו גליתי את מסתריו ונחבה לא יוכל שדד זרעו ואחיו ושכניו ואיננו,236.7150167153292,7620.21636988319,0.25,157.8100111435528,5080.144246588793,0.06298313314104424,-0.13262465547457644,0.06298313314104424,0.47488996772780256,0.5527548837908989,0.6934354144325707,0.579508538968416,False,0.9980185281822493,1.0,False,49,8,False
Jer.49.11,עזבה יתמיך אני אחיה ואלמנתיך עלי תבטחו,1281.3148197395767,151538.405353557,0.42857142857142855,689.9387490905413,81597.60288268453,2.014220021791085,0.892084961561913,2.202929384893896,0.021993219250255106,0.1861736974125282,0.6934354144325707,0.579508538968416,False,0.08835001261655158,1.0,False,49,8,False
Jer.49.12,כי כה אמר יהוה הנה אשר אין משפטם לשתות הכוס שתו ישתו ואתה הוא נקה תנקה לא תנקה כי שתה תשתה,42.14098065547314,766.3387511978018,0.047619047619047616,38.47654755499721,699.700598919732,-0.37459491818299984,-0.19128685901168438,0.0,0.6460191234982706,0.5758495720063893,0.6934354144325707,0.579508538968416,False,1.0,1.0,False,49,8,False
Jer.49.13,כי בי נשבעתי נאם יהוה כי לשמה לחרפה לחרב ולקללה תהיה בצרה וכל עריה תהיינה לחרבות עולם,75.77669087799407,2018.965852058459,0.058823529411764705,67.80019710136311,1806.4431307891475,-0.26706945935236764,-0.17646553932589285,0.0,0.6052921591565432,0.5700358902770044,0.6934354144325707,0.579508538968416,False,1.0,1.0,False,49,8,False
Jer.49.14,שמועה שמעתי מאת יהוה וציר בגוים שלוח התקבצו ובאו עליה וקומו למלחמה,161.6415179402588,4496.153895189883,0.16666666666666666,121.23113845519411,3372.1154213924124,-0.07114614920166086,-0.15549830541737034,0.0,0.5283592802747674,0.561785755113013,0.6934354144325707,0.579508538968416,False,1.0,1.0,False,49,8,False
Jer.49.15,כי הנה קטן נתתיך בגוים בזוי באדם,220.3518363195731,2838.026755401339,0.14285714285714285,171.3847615818902,2207.3541430899304,0.11275972275297563,-0.17109660291316872,0.11275972275297563,0.45511052560427573,0.5679260965149148,0.6934354144325707,0.579508538968416,False,0.9936627878313301,1.0,False,49,8,False
Jer.49.16,תפלצתך השיא אתך זדון לבך שכני בחגוי הסלע תפשי מרום גבעה כי תגביה כנשר קנך משם אורידך נאם יהוה,132.03872680381295,39660.82445963814,0.3157894736842105,80.92696158943374,24308.247249455635,-0.21893556754910926,0.12487503695654693,0.12487503695654693,0.586649880193215,0.45031124063816613,0.6934354144325707,0.579508538968416,False,0.9922334294557189,1.0,False,49,8,False
Jer.49.17,והיתה אדום לשמה כל עבר עליה ישם וישרק על כל מכותה,1983.9573244725157,7455.3176806805495,0.09090909090909091,1678.733120707513,6308.345729806619,5.639981826410589,-0.11617677686039976,5.639981826410589,8.503405656997775e-09,0.5462437792558491,1.4498306645181207e-06,0.579508538968416,False,1.2378774138315253e-07,1.2060462803330005e-05,True,49,8,False
Jer.49.18,כמהפכת סדם ועמרה ושכניה אמר יהוה לא ישב שם איש ולא יגור בה בן אדם,108.67643661805835,2717.450965469134,0.06666666666666667,95.89097348652207,2397.75085188453,-0.16406476292305727,-0.16854684051865704,0.0,0.5651599195016335,0.5669234513512833,0.6934354144325707,0.579508538968416,False,1.0,1.0,False,49,8,False
Jer.49.19,הנה כאריה יעלה מגאון הירדן אל נוה איתן כי ארגיעה אריצנו מעליה ומי בחור אליה אפקד כי מי כמוני ומי יעידני ומי זה רעה אשר יעמד לפני,130.2016442333824,10910.719677682757,0.14814814814814814,100.44126840860929,8416.840894212413,-0.14737950863577978,-0.08794014549608613,0.0,0.5585837606810822,0.5350378756520402,0.6934354144325707,0.579508538968416,False,1.0,1.0,False,49,8,False
Jer.49.20,לכן שמעו עצת יהוה אשר יעץ אל אדום ומחשבותיו אשר חשב אל ישבי תימן אם לא יסחבום צעירי הצאן אם לא ישים עליהם נוהם,45.979452790221266,700.0931453607604,0.16666666666666666,34.484589592665955,525.0698590205703,-0.38923283393266,-0.19362548606222332,0.0,0.6514480415939918,0.5767654295786617,0.6934354144325707,0.579508538968416,False,1.0,1.0,False,49,8,False
Jer.49.21,מקול נפלם רעשה הארץ צעקה בים סוף נשמע קולה,547.3688295880012,4353.16740890793,0.2222222222222222,378.9476512532316,3013.731283090105,0.8738619488873346,-0.16029772870791953,0.8738619488873346,0.1910967194856641,0.5636767260150506,0.6934354144325707,0.579508538968416,False,0.6826197203619563,1.0,False,49,8,False
Jer.49.22,הנה כנשר יעלה וידאה ויפרש כנפיו על בצרה והיה לב גבורי אדום ביום ההוא כלב אשה מצרה,96.01446924063923,40853.76666560604,0.058823529411764705,85.90768300478247,36553.37017448961,-0.20067200336873256,0.2888597725546154,0.2888597725546154,0.5795224737687482,0.38634434443684507,0.6934354144325707,0.579508538968416,False,0.9591383169524019,1.0,False,49,8,False
Jer.49.23,לדמשק בושה חמת וארפד כי שמעה רעה שמעו נמגו בים דאגה השקט לא יוכל,1528.968835655985,16871.922147948146,0.21428571428571427,1070.2781849591895,11810.345503563702,3.40886812957508,-0.042494872343489025,3.40886812957508,0.00032616502383861365,0.5169479003315233,0.03177779232256207,0.579508538968416,False,0.002996857730486002,0.14598978372796095,False,49,8,False
Jer.49.24,רפתה דמשק הפנתה לנוס ורטט החזיקה צרה וחבלים אחזתה כיולדה,1350.9016873113655,494832.80895624554,0.5,675.4508436556828,247416.40447812277,1.961095028706074,3.112703938054636,3.6789698989794024,0.02493396927454003,0.0009269094167834936,0.6934354144325707,0.07743147557921777,False,0.0011506713103418868,0.06278062669225334,False,49,8,False
Jer.49.25,איך לא עזבה עיר תהלה תהלת קרית משושי,190.21048507649104,19109.911263424816,0.25,126.80699005099403,12739.940842283211,-0.05070033121908301,-0.030045879649306436,0.0,0.5202178436421562,0.5119847684987875,0.6934354144325707,0.579508538968416,False,1.0,1.0,False,49,8,False
Jer.49.26,לכן יפלו בחוריה ברחבתיה וכל אנשי המלחמה ידמו ביום ההוא נאם יהוה צבאות,112.70683830669148,1010.3421461101037,0.07692307692307693,97.6792598657993,875.62985996209,-0.15750738290975727,-0.18893084237284655,0.0,0.5625775051002538,0.5749264899213802,0.6934354144325707,0.579508538968416,False,1.0,1.0,False,49,8,False
Jer.49.27,והצתי אש בחומת דמשק ואכלה ארמנות בן הדד,128.839719224401,4269.678889703549,0.0,128.839719224401,4269.678889703549,-0.04324661585860589,-0.14347827842910893,0.0,0.5172475271279712,0.5570437674738554,0.6934354144325707,0.579508538968416,False,1.0,1.0,False,49,8,False
Jer.49.28,לקדר ולממלכות חצור אשר הכה נבוכדראצור נבוכדראצר מלך בבל כה אמר יהוה קומו עלו אל קדר ושדדו את בני קדם,70.74202991822604,6536.010492584196,0.2,50.53002137016146,4668.578923274426,-0.3303966235461317,-0.13813627272319237,0.0,0.6294498537749438,0.5549336404644419,0.6934354144325707,0.579508538968416,False,1.0,1.0,False,49,8,False
Jer.49.29,אהליהם וצאנם יקחו יריעותיהם וכל כליהם וגמליהם ישאו להם וקראו עליהם מגור מסביב,226.5069764136113,30009.783572962235,0.15384615384615385,173.21121725746747,22948.658026382884,0.11945706389530959,0.10666763465993423,0.16014984982332414,0.4524566272217211,0.45752632993714104,0.6934354144325707,0.579508538968416,False,0.9872578897545815,1.0,False,49,8,False
Jer.49.30,נסו נדו מאד העמיקו לשבת ישבי חצור נאם יהוה כי יעץ עליכם נבוכדראצר מלך בבל עצה וחשב עליהם עליכם מחשבה,150.8884774755769,3830.309362101285,0.05,137.17134315961536,3482.099420092077,-0.01269579083180676,-0.15402541722692922,0.0,0.5050647516868414,0.5612051526642194,0.6934354144325707,0.579508538968416,False,1.0,1.0,False,49,8,False
Jer.49.31,קומו עלו אל גוי שליו יושב לבטח נאם יהוה לא דלתים ולא בריח לו בדד ישכנו,98.66583147766204,739.739865065012,0.0625,87.70296131347737,657.5465467244552,-0.19408898499082317,-0.19185137936366037,0.0,0.5769468968324918,0.5760706882442311,0.6934354144325707,0.579508538968416,False,1.0,1.0,False,49,8,False
Jer.49.32,והיו גמליהם לבז והמון מקניהם לשלל וזרתים לכל רוח קצוצי פאה ומכל עבריו אביא את אידם נאם יהוה,221.71588199991305,4743.047015133663,0.16666666666666666,166.2869114999348,3557.2852613502473,0.09406666518368131,-0.15301854041769494,0.09406666518368131,0.46252810013129,0.5608081728326246,0.6934354144325707,0.579508538968416,False,0.9955855039099915,1.0,False,49,8,False
Jer.49.33,והיתה חצור למעון תנים שממה עד עולם לא ישב שם איש ולא יגור בה בן אדם,177.27487130655555,45.06286155193831,0.0625,157.57766338360494,40.055876935056276,0.06213114848418358,-0.20012071604893567,0.06213114848418358,0.4752291960023543,0.5793069139981332,0.6934354144325707,0.579508538968416,False,0.998071721715995,1.0,False,49,8,False
Jer.49.34,אשר היה דבר יהוה אל ירמיהו הנביא אל עילם בראשית מלכות צדקיה מלך יהודה לאמר,67.04008971290295,142.98309916588792,0.0,67.04008971290295,142.98309916588792,-0.26985666002380865,-0.19874233108484027,0.0,0.6063647345945415,0.5787678454704386,0.6934354144325707,0.579508538968416,False,1.0,1.0,False,49,8,False
Jer.49.35,כה אמר יהוה צבאות הנני שבר את קשת עילם ראשית גבורתם,80.95764718333841,50.63108758258124,0.0,80.95764718333841,50.63108758258124,-0.21882304804300642,-0.1999790945125456,0.0,0.5866060538979921,0.5792515344838804,0.6934354144325707,0.579508538968416,False,1.0,1.0,False,49,8,False
Jer.49.36,והבאתי אל עילם ארבע רוחות מארבע קצות השמים וזרתים לכל הרחות האלה ולא יהיה הגוי אשר לא יבוא שם נדחי עולם עילם,114.7268070083095,1867.808868850636,0.13636363636363635,90.14249122081462,1467.5641112397855,-0.18514359188064,-0.18100375317321368,0.0,0.5734417943901011,0.5718176849651463,0.6934354144325707,0.579508538968416,False,1.0,1.0,False,49,8,False
Jer.49.37,והחתתי את עילם לפני איביהם ולפני מבקשי נפשם והבאתי עליהם רעה את חרון אפי נאם יהוה ושלחתי אחריהם את החרב עד כלותי אותם,60.22280319263037,74.96326682032485,0.08695652173913043,51.300906423351805,63.85759766175821,-0.3275699027820977,-0.19980196719651153,0.0,0.6283815592495628,0.5791822686250655,0.6934354144325707,0.579508538968416,False,1.0,1.0,False,49,8,False
Jer.49.38,ושמתי כסאי בעילם והאבדתי משם מלך ושרים נאם יהוה,59.77871163183069,16101.584874759074,0.1111111111111111,48.90985497149783,13174.023988439241,-0.3363375326107699,-0.024232707304221397,0.0,0.6316918250628552,0.509666505435491,0.6934354144325707,0.579508538968416,False,1.0,1.0,False,49,8,False
Jer.49.39,והיה באחרית הימים אשוב אשיב את שבית שבות עילם נאם יהוה,98.49430429367156,309.8451032720041,0.0,98.49430429367156,309.8451032720041,-0.15451873629072901,-0.1965077417065038,0.0,0.5613996303971787,0.5778936131036703,0.6934354144325707,0.579508538968416,False,1.0,1.0,False,49,8,False
Jer.50.1,הדבר אשר דבר יהוה אל בבל אל ארץ כשדים ביד ירמיהו הנביא,59.23304326340284,24.000367413636255,0.0,59.23304326340284,24.000367413636255,-0.29848393748008945,-0.20033572887484855,0.0,0.6173330831281475,0.5793909893528079,0.6934354144325707,0.579508538968416,False,1.0,1.0,False,50,8,False
Jer.50.2,הגידו בגוים והשמיעו ושאו נס השמיעו אל תכחדו אמרו נלכדה בבל הביש בל חת מרדך הבישו עצביה חתו גלוליה,383.7150233179161,111683.63206641443,0.21052631578947367,270.0216830755706,78592.18552821757,0.47444663435240303,0.8518368911055078,0.9750516385795265,0.317590722316202,0.19715231387370963,0.6934354144325707,0.579508538968416,False,0.6216594470598552,1.0,False,50,8,False
Jer.50.3,כי עלה עליה גוי מצפון הוא ישית את ארצה לשמה ולא יהיה יושב בה מאדם ועד בהמה נדו הלכו,411.36393984306835,635.7806939008063,0.0,411.36393984306835,635.7806939008063,0.992727654832192,-0.19214286419743493,0.992727654832192,0.1604213470575498,0.5761848501871425,0.6934354144325707,0.579508538968416,False,0.610941482124399,1.0,False,50,8,False
Jer.50.4,בימים ההמה ובעת ההיא נאם יהוה יבאו בני ישראל המה ובני יהודה יחדו הלוך ובכו ילכו ואת יהוה אלהיהם יבקשו,19.387050271793612,141.1524027926776,0.05,17.62459115617601,128.32036617516144,-0.45105593903084495,-0.19893869206931955,0.0,0.6740253836992298,0.5788446487555059,0.6934354144325707,0.579508538968416,False,1.0,1.0,False,50,8,False
Jer.50.5,ציון ישאלו דרך הנה פניהם באו ונלוו אל יהוה ברית עולם לא תשכח,99.93103185226317,775.2739975335069,0.15384615384615385,76.41784788702478,592.8565863491523,-0.23546981643257067,-0.19271769700807587,0.0,0.593077948356132,0.5764099684735668,0.6934354144325707,0.579508538968416,False,1.0,1.0,False,50,8,False
Jer.50.6,צאן אבדות היה היו עמי רעיהם התעום הרים שובבים שובבום מהר אל גבעה הלכו שכחו רבצם,724.7023872644572,59519.88856806827,0.25,483.1349248429715,39679.925712045515,1.255901175598723,0.3307301062619726,1.2987186631670118,0.10457590114850501,0.3704241796705854,0.6934354144325707,0.579508538968416,False,0.43027313123236055,1.0,False,50,8,False
Jer.50.7,כל מוצאיהם אכלום וצריהם אמרו לא נאשם תחת אשר חטאו ליהוה נוה צדק ומקוה אבותיהם יהוה,131.8745008832895,9951.926164629738,0.3125,81.15353900510124,6124.262255156762,-0.21810474188596032,-0.11864199342892569,0.0,0.5863262485738719,0.5472205028266234,0.6934354144325707,0.579508538968416,False,1.0,1.0,False,50,8,False
Jer.50.8,נדו מתוך בבל ומארץ כשדים יצאו צאו והיו כעתודים לפני צאן,1055.0996488123938,36772.44558652804,0.09090909090909091,892.7766259181793,31115.146265523723,2.7579963290217786,0.2160319442596707,2.7664442072520132,0.0029078425505823795,0.41448142375888364,0.20875248626286136,0.579508538968416,False,0.021783406343802422,0.8253490625818473,False,50,8,False
Jer.50.9,כי הנה אנכי מעיר ומעלה על בבל קהל גוים גדלים מארץ צפון וערכו לה משם תלכד חציו כגבור משכיל לא ישוב ריקם,421.5199516537766,2909.2623511923243,0.09090909090909091,356.6707283224263,2461.6835279319666,0.7921757878355864,-0.16769066430532703,0.7921757878355864,0.21412909211282116,0.5665866795035752,0.6934354144325707,0.579508538968416,False,0.7306861612345903,1.0,False,50,8,False
Jer.50.10,והיתה כשדים לשלל כל שלליה ישבעו נאם יהוה,89.39270963653867,6902.849255033437,0.125,71.51416770923093,5522.279404026749,-0.25345088186040055,-0.1267036518770668,0.0,0.6000400936082397,0.5504125223217292,0.6934354144325707,0.579508538968416,False,1.0,1.0,False,50,8,False
Jer.50.11,כי תשמחי תשמחו כי תעלזי תעלזו שסי נחלתי כי תפושי תפושו כעגלה דשה ותצהלי ותצהלו כאברים,490.7298459686036,362444.96817590756,0.6875,206.62309303941205,152608.4076530137,0.2419734399065935,1.8430503472226851,1.8588667859795358,0.40440037182031396,0.032660829944660005,0.6934354144325707,0.579508538968416,False,0.1776939014073497,1.0,False,50,8,False
Jer.50.12,בושה אמכם מאד חפרה יולדתכם הנה אחרית גוים מדבר ציה וערבה,122.56937503550121,101947.52297927077,0.2727272727272727,79.30959561120666,65966.04428070462,-0.22486620788877576,0.6827496188279587,0.6827496188279587,0.5889583208626368,0.2473825350359879,0.6934354144325707,0.579508538968416,False,0.7920953357384604,1.0,False,50,8,False
Jer.50.13,מקצף יהוה לא תשב והיתה שממה כלה כל עבר על בבל ישם וישרק על כל מכותיה,236.50877200083025,16987.980138096285,0.125,189.2070176006642,13590.384110477029,0.17811128319860114,-0.018656878874899467,0.17811128319860114,0.4293177905029901,0.5074425860328767,0.6934354144325707,0.579508538968416,False,0.9842633214778418,1.0,False,50,8,False
Jer.50.14,ערכו על בבל סביב כל דרכי קשת ידו אליה אל תחמלו אל חץ כי ליהוה חטאה,543.4182161943158,6672.894902187715,0.0625,483.03841439494744,5931.462135277969,1.2555472861488672,-0.12122394192182023,1.2555472861488672,0.10464007683177123,0.5482431694764285,0.6934354144325707,0.579508538968416,False,0.4546626816985445,1.0,False,50,8,False
Jer.50.15,הריעו עליה סביב נתנה ידה נפלו אשויתיה אשיותיה נהרסו חומותיה כי נקמת יהוה היא הנקמו בה כאשר עשתה עשו לה,285.6000809883622,5292.867600843258,0.25,190.40005399224148,3528.5784005621717,0.18248597009434903,-0.15340297812444587,0.18248597009434903,0.42760068187085765,0.5609597517592585,0.6934354144325707,0.579508538968416,False,0.9834872898320611,1.0,False,50,8,False
Jer.50.16,כרתו זורע מבבל ותפש מגל בעת קציר מפני חרב היונה איש אל עמו יפנו ואיש לארצו ינסו,633.7641268538079,5631.916218247832,0.29411764705882354,399.03667246350864,3546.0213226004867,0.9475253999416746,-0.15316938529111765,0.9475253999416746,0.1716855597906891,0.5608676501230138,0.6934354144325707,0.579508538968416,False,0.6383285294259347,1.0,False,50,8,False
Jer.50.17,שה פזורה ישראל אריות הדיחו הראשון אכלו מלך אשור וזה האחרון עצמו נבוכדראצר מלך בבל,249.57956815985725,8808.016489498079,0.13333333333333333,197.03650117883467,6953.697228551116,0.2068208342665382,-0.10753433239191028,0.2068208342665382,0.41807489226596406,0.5428174550432038,0.6934354144325707,0.579508538968416,False,0.9788396604779469,1.0,False,50,8,False
Jer.50.18,לכן כה אמר יהוה צבאות אלהי ישראל הנני פקד אל מלך בבל ואל ארצו כאשר פקדתי אל מלך אשור,20.047387584985312,9.630878814135533,0.0,20.047387584985312,9.630878814135533,-0.4421719050960845,-0.20052816277715355,0.0,0.6708175926222225,0.5794662327167538,0.6934354144325707,0.579508538968416,False,1.0,1.0,False,50,8,False
Jer.50.19,ושבבתי את ישראל אל נוהו ורעה הכרמל והבשן ובהר אפרים והגלעד תשבע נפשו,287.04181856440937,27254.117210568456,0.23076923076923078,196.39703375459587,18647.553880915257,0.20447600238980337,0.04906793309774609,0.21028099679191117,0.4189907715732283,0.48043257914641113,0.6934354144325707,0.579508538968416,False,0.9781335649379245,1.0,False,50,8,False
Jer.50.20,בימים ההם ובעת ההיא נאם יהוה יבקש את עון ישראל ואיננו ואת חטאת יהודה ולא תמצאינה כי אסלח לאשר אשאיר,20.291337344760908,244.64700626792086,0.1,16.909447787300756,203.87250522326738,-0.4536782633341827,-0.1979269098584327,0.0,0.6749697929343128,0.5784488751843836,0.6934354144325707,0.579508538968416,False,1.0,1.0,False,50,8,False
Jer.50.21,על הארץ מרתים עלה עליה ואל יושבי פקוד חרב והחרם אחריהם נאם יהוה ועשה ככל אשר צויתיך,202.12658456765436,3638.4165509163527,0.17647058823529413,149.3979103326141,2689.264407199043,0.032137211387835485,-0.16464293742318273,0.032137211387835485,0.48718131416504723,0.5653874834033578,0.6934354144325707,0.579508538968416,False,0.9994837331337303,1.0,False,50,8,False
Jer.50.22,קול מלחמה בארץ ושבר גדול,4378.612411274769,491.93805973567765,0.0,4378.612411274769,491.93805973567765,15.540037378723099,-0.19406918184044322,15.540037378723099,9.293749444176291e-55,0.5769391439155153,6.338337120928231e-52,0.579508538968416,False,3.635072524947228e-53,1.2395597310070048e-50,True,50,8,False
Jer.50.23,איך נגדע וישבר פטיש כל הארץ איך היתה לשמה בבל בגוים,454.5192577313828,9579.669752189322,0.18181818181818182,333.3141223363474,7025.091151605502,0.7065305897026456,-0.1065782363472191,0.7065305897026456,0.23992911826979457,0.5424382074476158,0.6934354144325707,0.579508538968416,False,0.779118024338376,1.0,False,50,8,False
Jer.50.24,יקשתי לך וגם נלכדת בבל ואת לא ידעת נמצאת וגם נתפשת כי ביהוה התגרית,400.5707311259151,25706.402007749522,0.35714285714285715,233.66625982345045,14995.40117118722,0.34113670783779854,0.00015888578682579643,0.34113674483864204,0.36650033401171045,0.49993661374214704,0.6934354144325707,0.579508538968416,False,0.9434733699316807,1.0,False,50,8,False
Jer.50.25,פתח יהוה את אוצרו ויוצא את כלי זעמו כי מלאכה היא לאדני יהוה צבאות בארץ כשדים,130.22958547295832,494.34597649281034,0.0,130.22958547295832,494.34597649281034,-0.038150183170272356,-0.19403693540280614,0.0,0.5152160299880043,0.5769265193981208,0.6934354144325707,0.579508538968416,False,1.0,1.0,False,50,8,False
Jer.50.26,באו לה מקץ פתחו מאבסיה סלוה כמו ערמים והחרימוה אל תהי לה שארית,1701.0972107318573,55284.50332472985,0.3076923076923077,1053.0601780721022,34223.74015340419,3.3457322607687194,0.25766173841581524,3.355639124249213,0.0004103279809229268,0.39833398876993437,0.03731249106525814,0.579508538968416,False,0.0035880120868785506,0.16876029263801184,False,50,8,False
Jer.50.27,חרבו כל פריה ירדו לטבח הוי עליהם כי בא יומם עת פקדתם,223.9718739189692,4597.042068530286,0.0,223.9718739189692,4597.042068530286,0.3055888374810631,-0.13909428288630415,0.3055888374810631,0.37995886028051273,0.5553121770464867,0.6934354144325707,0.579508538968416,False,0.9543810452334166,1.0,False,50,8,False
Jer.50.28,קול נסים ופלטים מארץ בבל להגיד בציון את נקמת יהוה אלהינו נקמת היכלו,192.1904385195365,6630.707232319715,0.07692307692307693,166.56504671693165,5746.612934677087,0.09508654563127893,-0.12369941297030428,0.09508654563127893,0.46212304234145846,0.5492233617633725,0.6934354144325707,0.579508538968416,False,0.995489477518913,1.0,False,50,8,False
Jer.50.29,השמיעו אל בבל רבים כל דרכי קשת חנו עליה סביב אל יהי לה פלטה שלמו לה כפעלה ככל אשר עשתה עשו לה כי אל יהוה זדה אל קדוש ישראל,350.351280530858,1318.3860879139659,0.13793103448275862,274.59965230796973,1033.3296364731084,0.4912333662169993,-0.18681895208694627,0.4912333662169993,0.3116307011395622,0.5740987065474009,0.6934354144325707,0.579508538968416,False,0.8863395965101164,1.0,False,50,8,False
Jer.50.30,לכן יפלו בחוריה ברחבתיה וכל אנשי מלחמתה ידמו ביום ההוא נאם יהוה,80.762201761358,2026.5987359667986,0.16666666666666666,60.5716513210185,1519.949051975099,-0.2935754609495021,-0.18030222239166155,0.0,0.6154588353869248,0.5715423444759976,0.6934354144325707,0.579508538968416,False,1.0,1.0,False,50,8,False
Jer.50.31,הנני אליך זדון נאם אדני יהוה צבאות כי בא יומך עת פקדתיך,27.175250529159744,1075.5991833622274,0.16666666666666666,20.38143789686981,806.6993875216706,-0.4409469923170287,-0.1898539482793363,0.0,0.670374313802139,0.5752882100047569,0.6934354144325707,0.579508538968416,False,1.0,1.0,False,50,8,False
Jer.50.32,וכשל זדון ונפל ואין לו מקים והצתי אש בעריו ואכלה כל סביבתיו,343.8984245724407,13157.126623072809,0.0,343.8984245724407,13157.126623072809,0.7453416508067047,-0.024458994129505408,0.7453416508067047,0.22803260399093206,0.5097567540673338,0.6934354144325707,0.579508538968416,False,0.7574732254123215,1.0,False,50,8,False
Jer.50.33,כה אמר יהוה צבאות עשוקים בני ישראל ובני יהודה יחדו וכל שביהם החזיקו בם מאנו שלחם,141.80501660229385,305.8288371340041,0.125,113.44401328183508,244.6630697072033,-0.09970037830309154,-0.19738064911668718,0.0,0.5397088999011393,0.5782351642437344,0.6934354144325707,0.579508538968416,False,1.0,1.0,False,50,8,False
Jer.50.34,גאלם חזק יהוה צבאות שמו ריב יריב את ריבם למען הרגיע את הארץ והרגיז לישבי בבל,178.8208877683619,8724.35925610958,0.25,119.21392517890793,5816.239504073053,-0.0785429700765303,-0.12276698504427215,0.0,0.5313019247022482,0.5488541907166605,0.6934354144325707,0.579508538968416,False,1.0,1.0,False,50,8,False
Jer.50.35,חרב על כשדים נאם יהוה ואל ישבי בבל ואל שריה ואל חכמיה,56.529486247526194,236.36108311097794,0.08333333333333333,48.45384535502245,202.59521409512394,-0.33800965200931765,-0.19794401513775187,0.0,0.6323220429105303,0.5784555668270938,0.6934354144325707,0.579508538968416,False,1.0,1.0,False,50,8,False
Jer.50.36,חרב אל הבדים ונאלו חרב אל גבוריה וחתו,675.9022272902997,12271.515586462654,0.25,450.60148486019983,8181.010390975102,1.1366058929308847,-0.09109835002829768,1.1366058929308847,0.12785153773786745,0.5362927781601471,0.6934354144325707,0.579508538968416,False,0.5241714372094295,1.0,False,50,8,False
Jer.50.37,חרב אל סוסיו ואל רכבו ואל כל הערב אשר בתוכה והיו לנשים חרב אל אוצרתיה ובזזו,221.34563457528338,1922.1884808556263,0.125,177.0765076602267,1537.750784684501,0.13363050855516206,-0.18006382442298371,0.13363050855516206,0.4468473791045592,0.5714487688523874,0.6934354144325707,0.579508538968416,False,0.9911111847862957,1.0,False,50,8,False
Jer.50.38,חרב אל מימיה ויבשו כי ארץ פסלים היא ובאימים יתהללו,397.1172082558709,34169.609322045755,0.3,248.19825515991928,21356.005826278597,0.3944233720303894,0.0853390901011985,0.40354994325749005,0.3466342455465351,0.4659959077300937,0.6934354144325707,0.579508538968416,False,0.9218006640134927,1.0,False,50,8,False
Jer.50.39,לכן ישבו ציים את איים וישבו בה בנות יענה ולא תשב עוד לנצח ולא תשכון עד דור ודור,153.6101085225677,534.8312454205402,0.0,153.6101085225677,534.8312454205402,0.04758271527520726,-0.19349476313051658,0.04758271527520726,0.4810244038184626,0.5767142465112143,0.6934354144325707,0.579508538968416,False,0.9988685831387634,1.0,False,50,8,False
Jer.50.40,כמהפכת אלהים את סדם ואת עמרה ואת שכניה נאם יהוה לא ישב שם איש ולא יגור בה בן אדם,50.691481816829544,221.09689555797533,0.0,50.691481816829544,221.09689555797533,-0.32980457211735115,-0.19769624356686769,0.0,0.6292261837740121,0.5783586355446426,0.6934354144325707,0.579508538968416,False,1.0,1.0,False,50,8,False
Jer.50.41,הנה עם בא מצפון וגוי גדול ומלכים רבים יערו מירכתי ארץ,83.74223373693039,849.3032582000442,0.0,83.74223373693039,849.3032582000442,-0.20861238356363596,-0.1892834040298895,0.0,0.5826245787078368,0.5750646490643065,0.6934354144325707,0.579508538968416,False,1.0,1.0,False,50,8,False
Jer.50.42,קשת וכידן יחזיקו אכזרי המה ולא ירחמו קולם כים יהמה ועל סוסים ירכבו ערוך כאיש למלחמה עליך בת בבל,304.06261720291695,24730.93238949153,0.10526315789473684,251.18216203719226,20429.900669579958,0.4053649144730973,0.07293683736866313,0.41187436935444804,0.34260464846363503,0.4709281900068409,0.6934354144325707,0.579508538968416,False,0.9186774036011867,1.0,False,50,8,False
Jer.50.43,שמע מלך בבל את שמעם ורפו ידיו צרה החזיקתהו חיל כיולדה,414.7142786659329,37691.00768645722,0.2727272727272727,268.3445332544272,24388.299091237026,0.4682967755580188,0.1259470784696478,0.4849376625640424,0.3197861869892018,0.44988690806487125,0.6934354144325707,0.579508538968416,False,0.8890673666888552,1.0,False,50,8,False
Jer.50.44,הנה כאריה יעלה מגאון הירדן אל נוה איתן כי ארגעה ארוצם אריצם מעליה ומי בחור אליה אפקד כי מי כמוני ומי יועדני ומי זה רעה אשר יעמד לפני,175.46179746393358,11787.36063394629,0.17857142857142858,129.28764023658263,8685.423625013054,-0.04160415616822671,-0.08434332834968511,0.0,0.5165928700153808,0.5336082679666914,0.6934354144325707,0.579508538968416,False,1.0,1.0,False,50,8,False
Jer.50.45,לכן שמעו עצת יהוה אשר יעץ אל בבל ומחשבותיו אשר חשב אל ארץ כשדים אם לא יסחבום צעירי הצאן אם לא ישים עליהם נוה,48.947615097337504,239.64376957109863,0.125,39.15809207787,191.7150156568789,-0.37209579584764635,-0.19808972102205152,0.0,0.6450892368004808,0.5785125665396368,0.6934354144325707,0.579508538968416,False,1.0,1.0,False,50,8,False
Jer.50.46,מקול נתפשה בבל נרעשה הארץ וזעקה בגוים נשמע,266.49520088409554,194679.8735654091,0.375,152.2829719337689,111245.64203737663,0.04271630291354409,1.2891267790714647,1.2898343052709407,0.4829638417928925,0.09867700755928022,0.6934354144325707,0.579508538968416,False,0.43524931787976096,1.0,False,50,8,False
Jer.51.1,כה אמר יהוה הנני מעיר על בבל ואל ישבי לב קמי רוח משחית,154.41035845120405,1032.0283093323112,0.0,154.41035845120405,1032.0283093323112,0.05051711266731039,-0.18683637925271807,0.05051711266731039,0.4798551564392485,0.5741055386974466,0.6934354144325707,0.579508538968416,False,0.9987248243921324,1.0,False,51,8,False
Jer.51.2,ושלחתי לבבל זרים וזרוה ויבקקו את ארצה כי היו עליה מסביב ביום רעה,601.2843066822472,10656.455122206522,0.15384615384615385,459.80564628642435,8149.053916981458,1.1703561830829046,-0.09152630603744323,1.1703561830829046,0.12092883049391817,0.5364627976193725,0.6934354144325707,0.579508538968416,False,0.5041573800551629,1.0,False,51,8,False
Jer.51.3,אל ידרך ידרך הדרך קשתו ואל יתעל בסרינו ואל תחמלו אל בחריה החרימו כל צבאה,491.7497325930601,119628.19422523203,0.4,273.1942958850334,66460.10790290668,0.486080133364524,0.6893660401535293,0.8435042580619442,0.3134551759509452,0.24529647431055562,0.6934354144325707,0.579508538968416,False,0.7006479587864327,1.0,False,51,8,False
Jer.51.4,ונפלו חללים בארץ כשדים ומדקרים בחוצותיה,225.2664698352136,13458.734975313873,0.3333333333333333,135.15988190112816,8075.240985188325,-0.02007151991344426,-0.09251479706182236,0.0,0.5080068403079462,0.5368554823579401,0.6934354144325707,0.579508538968416,False,1.0,1.0,False,51,8,False
Jer.51.5,כי לא אלמן ישראל ויהודה מאלהיו מיהוה צבאות כי ארצם מלאה אשם מקדוש ישראל,201.51298957256316,9102.129364760785,0.21428571428571427,141.0590927007942,6371.49055533255,0.0015600081461768982,-0.11533115141575137,0.0015600081461768982,0.49937764704514837,0.545908676079992,0.6934354144325707,0.579508538968416,False,0.9999987831880323,1.0,False,51,8,False
Jer.51.6,נסו מתוך בבל ומלטו איש נפשו אל תדמו בעונה כי עת נקמה היא ליהוה גמול הוא משלם לה,226.31243149677903,3279.511315008749,0.16666666666666666,169.73432362258427,2459.633486256562,0.10670781238058971,-0.16771811813687812,0.10670781238058971,0.45751039230743995,0.5665974790574618,0.6934354144325707,0.579508538968416,False,0.9943228973864353,1.0,False,51,8,False
Jer.51.7,כוס זהב בבל ביד יהוה משכרת כל הארץ מיינה שתו גוים על כן יתהללו גוים,162.0483773928635,2568.707568135256,0.13333333333333333,127.93292952068171,2027.9270274752023,-0.046571678750287886,-0.17349946226324126,0.0,0.5185726976937205,0.5688705747382612,0.6934354144325707,0.579508538968416,False,1.0,1.0,False,51,8,False
Jer.51.8,פתאם נפלה בבל ותשבר הילילו עליה קחו צרי למכאובה אולי תרפא,395.35458990160015,124762.28084561255,0.18181818181818182,289.92669926117344,91492.33928678253,0.547435366365583,1.0245936952816352,1.16167022891985,0.29203983176680726,0.15277747030326116,0.6934354144325707,0.579508538968416,False,0.5092893988842717,1.0,False,51,8,False
Jer.51.9,רפאנו רפינו את בבל ולא נרפתה עזבוה ונלך איש לארצו כי נגע אל השמים משפטה ונשא עד שחקים,260.2108966251998,5021.883790813847,0.3333333333333333,156.12653797511987,3013.1302744883083,0.056810087573213756,-0.16030577731937576,0.056810087573213756,0.4773482390980994,0.5636798959552635,0.6934354144325707,0.579508538968416,False,0.9983876082774897,1.0,False,51,8,False
Jer.51.10,הוציא יהוה את צדקתינו באו ונספרה בציון את מעשה יהוה אלהינו,44.79255790573769,7727.750008728344,0.18181818181818182,32.847875797540965,5667.016673067452,-0.3952344198374762,-0.12476535342631767,0.0,0.6536650535857852,0.549645341511824,0.6934354144325707,0.579508538968416,False,1.0,1.0,False,51,8,False
Jer.51.11,הברו החצים מלאו השלטים העיר יהוה את רוח מלכי מדי כי על בבל מזמתו להשחיתה כי נקמת יהוה היא נקמת היכלו,143.69073093497667,3554.570217500185,0.09523809523809523,120.7002139853804,2985.8389827001556,-0.0730929702182899,-0.1606712579515759,0.0,0.5291339321751272,0.5638238359439003,0.6934354144325707,0.579508538968416,False,1.0,1.0,False,51,8,False
Jer.51.12,אל חומת בבל שאו נס החזיקו המשמר הקימו שמרים הכינו הארבים כי גם זמם יהוה גם עשה את אשר דבר אל ישבי בבל,412.2123933831313,1628.2020760228816,0.08695652173913043,351.1438906597045,1386.9869536491215,0.7719096966511678,-0.18208282963195102,0.7719096966511678,0.22008395691264326,0.572241138275128,0.6934354144325707,0.579508538968416,False,0.7423590263064037,1.0,False,51,8,False
Jer.51.13,שכנתי שכנת על מים רבים רבת אוצרת בא קצך אמת בצעך,1617.4568725764734,34897.58054240287,0.36363636363636365,936.4223999126951,20203.862419285873,2.9180388867313116,0.06990976912798863,2.918876208456885,0.0017612020961740463,0.4721327387581946,0.13345998106563328,0.579508538968416,False,0.01412344410114968,0.566599345704946,False,51,8,False
Jer.51.14,נשבע יהוה צבאות בנפשו כי אם מלאתיך אדם כילק וענו עליך הידד,201.82609797034146,6361.146697124976,0.16666666666666666,151.36957347775612,4770.860022843732,0.03936700671074126,-0.1367665405308546,0.03936700671074126,0.48429889216961086,0.5543923340709086,0.6934354144325707,0.579508538968416,False,0.9992254195337672,1.0,False,51,8,False
Jer.51.15,עשה ארץ בכחו מכין תבל בחכמתו ובתבונתו נטה שמים,130.36484367582395,6656.486903686858,0.0,130.36484367582395,6656.486903686858,-0.03765421146999892,-0.11151452571771521,0.0,0.5150183079813263,0.5443958262077819,0.6934354144325707,0.579508538968416,False,1.0,1.0,False,51,8,False
Jer.51.16,לקול תתו המון מים בשמים ויעל נשאים מקצה ארץ ברקים למטר עשה ויצא רוח מאצרתיו,706.219118991472,9773.804148293946,0.06666666666666667,623.1345167571811,8623.944836729952,1.7692588438819417,-0.08516664248897263,1.7692588438819417,0.038425344121635695,0.5339355451813648,0.6934354144325707,0.579508538968416,False,0.2090590714725968,1.0,False,51,8,False
Jer.51.17,נבער כל אדם מדעת הביש כל צרף מפסל כי שקר נסכו ולא רוח בם,732.7234746519824,11838.506910989841,0.2857142857142857,466.2785747785343,7533.595306993536,1.1940914485378913,-0.09976842970155861,1.1940914485378913,0.11622109897502836,0.539735913793631,0.6934354144325707,0.579508538968416,False,0.4902071639098856,1.0,False,51,8,False
Jer.51.18,הבל המה מעשה תעתעים בעת פקדתם יאבדו,75.48727650626356,95721.19708104078,0.14285714285714285,58.71232617153833,74449.81995192061,-0.3003933295608791,0.7963629911750412,0.7963629911750412,0.6180614244368428,0.21291054127371378,0.6934354144325707,0.579508538968416,False,0.728260105475366,1.0,False,51,8,False
Jer.51.19,לא כאלה חלק יעקוב כי יוצר הכל הוא ושבט נחלתו יהוה צבאות שמו,169.88695859785784,512.2911541042954,0.07692307692307693,147.23536411814348,443.9856668903894,0.02420747625763862,-0.1947113526467447,0.02420747625763862,0.49034355734385865,0.5771905380549064,0.6934354144325707,0.579508538968416,False,0.9997070419672053,1.0,False,51,8,False
Jer.51.20,מפץ אתה לי כלי מלחמה ונפצתי בך גוים והשחתי בך ממלכות,280.2314378919006,1681.9781912078925,0.18181818181818182,205.50305445406042,1233.4506735524544,0.23786642510246683,-0.18413896303710367,0.23786642510246683,0.40599234852886024,0.573047779512942,0.6934354144325707,0.579508538968416,False,0.9721062030478281,1.0,False,51,8,False
Jer.51.21,ונפצתי בך סוס ורכבו ונפצתי בך רכב ורכבו,39.87802211298254,2366.7332475425724,0.0,39.87802211298254,2366.7332475425724,-0.36945591955158613,-0.16896222333498653,0.0,0.644106038150165,0.567086822231976,0.6934354144325707,0.579508538968416,False,1.0,1.0,False,51,8,False
Jer.51.22,ונפצתי בך איש ואשה ונפצתי בך זקן ונער ונפצתי בך בחור ובתולה,21.990415282574418,1624.7713265356267,0.08333333333333333,18.848927385063785,1392.661137030537,-0.4465664802898391,-0.1820068418719887,0.0,0.6724059489113012,0.5722113217259879,0.6934354144325707,0.579508538968416,False,1.0,1.0,False,51,8,False
Jer.51.23,ונפצתי בך רעה ועדרו ונפצתי בך אכר וצמדו ונפצתי בך פחות וסגנים,87.51918483582071,44090.34732372216,0.4166666666666667,47.73773718317493,24049.280358393906,-0.34063551410156917,0.12140699360415293,0.12140699360415293,0.6333110048451208,0.4516843388814489,0.6934354144325707,0.579508538968416,False,0.9926572615502207,1.0,False,51,8,False
Jer.51.24,ושלמתי לבבל ולכל יושבי כשדים את כל רעתם אשר עשו בציון לעיניכם נאם יהוה,136.84312039906197,734.4778182329716,0.0,136.84312039906197,734.4778182329716,-0.013899334847409468,-0.19082112803055568,0.0,0.505544853803068,0.5756671324687399,0.6934354144325707,0.579508538968416,False,1.0,1.0,False,51,8,False
Jer.51.25,הנני אליך הר המשחית נאם יהוה המשחית את כל הארץ ונטיתי את ידי עליך וגלגלתיך מן הסלעים ונתתיך להר שרפה,26.99238091663464,580.7622055207669,0.1,22.493650763862203,483.9685046006391,-0.43320182208123625,-0.19417590885328373,0.0,0.6675659223575254,0.5769809271001682,0.6934354144325707,0.579508538968416,False,1.0,1.0,False,51,8,False
Jer.51.26,ולא יקחו ממך אבן לפנה ואבן למוסדות כי שממות עולם תהיה נאם יהוה,190.3050173625114,1335.865598830108,0.15384615384615385,145.52736621839105,1021.5442814583179,0.01794450214992234,-0.18697677968393012,0.01794450214992234,0.4928415635692781,0.5741605805028186,0.6934354144325707,0.579508538968416,False,0.9998390103815153,1.0,False,51,8,False
Jer.51.27,שאו נס בארץ תקעו שופר בגוים קדשו עליה גוים השמיעו עליה ממלכות אררט מני ואשכנז פקדו עליה טפסר העלו סוס כילק סמר,376.9236317871162,1692.85483744051,0.18181818181818182,276.41066331055185,1241.4268807897072,0.49787407404199435,-0.18403214694036996,0.49787407404199435,0.3092864009150113,0.5730058820047749,0.6934354144325707,0.579508538968416,False,0.8834334664921129,1.0,False,51,8,False
Jer.51.28,קדשו עליה גוים את מלכי מדי את פחותיה ואת כל סגניה ואת כל ארץ ממשלתו,267.5648975219277,638.3518275610869,0.13333333333333333,211.23544541204822,503.9619691271739,0.25888624962941065,-0.1939081595612476,0.25888624962941065,0.39786150390499986,0.5768761027206731,0.6934354144325707,0.579508538968416,False,0.9670442300493769,1.0,False,51,8,False
Jer.51.29,ותרעש הארץ ותחל כי קמה על בבל מחשבות יהוה לשום את ארץ בבל לשמה מאין יושב,152.42197304696097,568.6055602612291,0.0,152.42197304696097,568.6055602612291,0.04322599930895062,-0.1930424628863244,0.04322599930895062,0.48276069000131006,0.576537143544448,0.6934354144325707,0.579508538968416,False,0.9990661927614662,1.0,False,51,8,False
Jer.51.30,חדלו גבורי בבל להלחם ישבו במצדות נשתה גבורתם היו לנשים הציתו משכנתיה נשברו בריחיה,359.7472587160076,106686.91107248268,0.2857142857142857,228.93007372836848,67891.67068248897,0.32376981828417334,0.7085373008537307,0.7790070615423563,0.3730561539604059,0.2393058284201326,0.6934354144325707,0.579508538968416,False,0.7382845194514188,1.0,False,51,8,False
Jer.51.31,רץ לקראת רץ ירוץ ומגיד לקראת מגיד להגיד למלך בבל כי נלכדה עירו מקצה,271.5079738304285,556.7780680905707,0.07142857142857142,237.56947710162495,487.1808095792494,0.3554492247053785,-0.19413289017672142,0.3554492247053785,0.36112653864249505,0.576964085570142,0.6934354144325707,0.579508538968416,False,0.9387819182603684,1.0,False,51,8,False
Jer.51.32,והמעברות נתפשו ואת האגמים שרפו באש ואנשי המלחמה נבהלו,228.55666191977022,2782.447144346743,0.3333333333333333,137.13399715186213,1669.468286608046,-0.012832733084264416,-0.1782998846194549,0.0,0.5051193792909573,0.5707562652889415,0.6934354144325707,0.579508538968416,False,1.0,1.0,False,51,8,False
Jer.51.33,כי כה אמר יהוה צבאות אלהי ישראל בת בבל כגרן עת הדריכה עוד מעט ובאה עת הקציר לה,112.98406163903218,387.56043448133204,0.16666666666666666,84.73804622927413,290.67032586099907,-0.2049608873547745,-0.19676452727110333,0.0,0.5811986581901002,0.5779940942325049,0.6934354144325707,0.579508538968416,False,1.0,1.0,False,51,8,False
Jer.51.34,אכלנו אכלני הממנו הממני נבוכדראצר מלך בבל הציגנו הציגני כלי ריק בלענו בלעני כתנין מלא כרשו מעדני הדיחנו הדיחני,165.15595372052195,57580.48352427005,0.6842105263157895,69.73251379310928,24311.759710247356,-0.25998394161837723,0.12492207527194443,0.12492207527194443,0.6025619197381034,0.4502926208641926,0.6934354144325707,0.579508538968416,False,0.9922276000839068,1.0,False,51,8,False
Jer.51.35,חמסי ושארי על בבל תאמר ישבת ציון ודמי אל ישבי כשדים תאמר ירושלם,212.0906340451317,12150.795704128284,0.23076923076923078,145.11464434666905,8313.702323877247,0.01643111246914009,-0.0893213608003276,0.01643111246914009,0.4934452294677723,0.5355867407722121,0.6934354144325707,0.579508538968416,False,0.9998650183823516,1.0,False,51,8,False
Jer.51.36,לכן כה אמר יהוה הנני רב את ריבך ונקמתי את נקמתך והחרבתי את ימה והבשתי את מקורה,69.66394261611407,1082.4667729932078,0.23529411764705882,47.371480978957564,736.0774056353812,-0.3419785210948074,-0.19079970661087242,0.0,0.6338164717488406,0.5756587407236076,0.6934354144325707,0.579508538968416,False,1.0,1.0,False,51,8,False
Jer.51.37,והיתה בבל לגלים מעון תנים שמה ושרקה מאין יושב,357.89511318069304,21545.59845143351,0.1111111111111111,292.82327442056703,17628.216914809236,0.5580566763958621,0.035417134825194714,0.5591794233599998,0.2884028415227956,0.4858735608342874,0.6934354144325707,0.579508538968416,False,0.8552676537137295,1.0,False,51,8,False
Jer.51.38,יחדו ככפרים ישאגו נערו כגורי אריות,2384.407016194479,234631.82611808204,0.5,1192.2035080972396,117315.91305904102,3.8559501441368274,1.3704188816163225,4.092236482066909,5.764049158920938e-05,0.08527809066456626,0.007998657035401296,0.579508538968416,False,0.00023097531547228934,0.016611842954005425,True,51,8,False
Jer.51.39,בחמם אשית את משתיהם והשכרתים למען יעלזו וישנו שנת עולם ולא יקיצו נאם יהוה,200.27982605482705,54115.481487615645,0.21428571428571427,140.19587823837892,37880.83704133095,-0.0016052708206747066,0.306636997373579,0.306636997373579,0.5006404101268169,0.3795598447703837,0.6934354144325707,0.579508538968416,False,0.954074876154023,1.0,False,51,8,False
Jer.51.40,אורידם ככרים לטבוח כאילים עם עתודים,307.1333589599321,933166.6513766565,0.0,307.1333589599321,933166.6513766565,0.6105296267210735,12.29616200641488,12.311309699341699,0.2707555119798072,4.749049527560893e-35,0.6934354144325707,2.1592345185310192e-32,False,1.2227896077316596e-33,3.3357700498919673e-31,True,51,8,False
Jer.51.41,איך נלכדה ששך ותתפש תהלת כל הארץ איך היתה לשמה בבל בגוים,258.1478803589746,18101.23818207463,0.16666666666666666,193.61091026923094,13575.928636555973,0.19425970221035346,-0.018850464278933506,0.19425970221035346,0.4229862687534453,0.5075198018556899,0.6934354144325707,0.579508538968416,False,0.9813084782902854,1.0,False,51,8,False
Jer.51.42,עלה על בבל הים בהמון גליו נכסתה,307.185061078272,89895.67686351128,0.2857142857142857,195.48140250435492,57206.339822234455,0.20111851886285864,0.5654410521166559,0.6001435178758333,0.4203029509417841,0.285886904274468,0.6934354144325707,0.579508538968416,False,0.8351982801826296,1.0,False,51,8,False
Jer.51.43,היו עריה לשמה ארץ ציה וערבה ארץ לא ישב בהן כל איש ולא יעבר בהן בן אדם,139.17423572802372,930.2892106646765,0.058823529411764705,124.52431617770543,832.3640305947105,-0.05907055659631513,-0.18951025146760833,0.0,0.5235520449452231,0.5751535394150933,0.6934354144325707,0.579508538968416,False,1.0,1.0,False,51,8,False
Jer.51.44,ופקדתי על בל בבבל והצאתי את בלעו מפיו ולא ינהרו אליו עוד גוים גם חומת בבל נפלה,118.86115044825297,4501.847042769279,0.17647058823529413,87.85389380957828,3327.452162046858,-0.19353553798996329,-0.15609642867179316,0.0,0.5767302115796288,0.5620214933174945,0.6934354144325707,0.579508538968416,False,1.0,1.0,False,51,8,False
Jer.51.45,צאו מתוכה עמי ומלטו איש את נפשו מחרון אף יהוה,122.8583781962017,1863.7817421006432,0.2,87.75598442585836,1331.272672929031,-0.19389455712882125,-0.18282894640422467,0.0,0.5768707771960366,0.5725338822695727,0.6934354144325707,0.579508538968416,False,1.0,1.0,False,51,8,False
Jer.51.46,ופן ירך לבבכם ותיראו בשמועה הנשמעת בארץ ובא בשנה השמועה ואחריו בשנה השמועה וחמס בארץ ומשל על משל,208.03435368211365,5231.6704263325055,0.3333333333333333,124.8206122092682,3139.0022557995035,-0.05798408314446503,-0.1586201197967124,0.0,0.5231193464978343,0.5630159119084753,0.6934354144325707,0.579508538968416,False,1.0,1.0,False,51,8,False
Jer.51.47,לכן הנה ימים באים ופקדתי על פסילי בבל וכל ארצה תבוש וכל חלליה יפלו בתוכה,160.2926320123134,2969.3143810453994,0.13333333333333333,126.54681474656321,2344.1955639832104,-0.05165435534016278,-0.16926404440302326,0.0,0.5205979460930575,0.5672055218625001,0.6934354144325707,0.579508538968416,False,1.0,1.0,False,51,8,False
Jer.51.48,ורננו על בבל שמים וארץ וכל אשר בהם כי מצפון יבוא לה השודדים נאם יהוה,191.6982109591427,401.8556211313426,0.06666666666666667,169.1454802580671,354.5784892335376,0.10454861139679099,-0.19590867932761077,0.10454861139679099,0.45836699664808866,0.5776591781063434,0.6934354144325707,0.579508538968416,False,0.9945497009971095,1.0,False,51,8,False
Jer.51.49,גם בבל לנפל חללי ישראל גם לבבל נפלו חללי כל הארץ,383.9941534055095,240.1119869844034,0.09090909090909091,324.9181298046619,203.17168129449516,0.6757437346121635,-0.1979362951808475,0.6757437346121635,0.24960168170695057,0.5784525467568339,0.6934354144325707,0.579508538968416,False,0.7958736814042668,1.0,False,51,8,False
Jer.51.50,פלטים מחרב הלכו אל תעמדו זכרו מרחוק את יהוה וירושלם תעלה על לבבכם,130.68437846326884,14008.208537935443,0.15384615384615385,99.9351129424997,10712.159470185927,-0.14923550540204214,-0.05720160476450688,0.0,0.5593160977899079,0.5228077000808966,0.6934354144325707,0.579508538968416,False,1.0,1.0,False,51,8,False
Jer.51.51,בשנו כי שמענו חרפה כסתה כלמה פנינו כי באו זרים על מקדשי בית יהוה,49.407412798644856,2958.444967743475,0.14285714285714285,38.427987732279334,2301.01275268937,-0.37477297982605073,-0.16984234173296875,0.0,0.6460853444718664,0.5674329366160957,0.6934354144325707,0.579508538968416,False,1.0,1.0,False,51,8,False
Jer.51.52,לכן הנה ימים באים נאם יהוה ופקדתי על פסיליה ובכל ארצה יאנק חלל,98.15354807749867,2895.1545533301887,0.15384615384615385,75.05859558867546,2213.9417172524973,-0.24045399232157474,-0.17100838316936587,0.0,0.595010837072127,0.5678914130596616,0.6934354144325707,0.579508538968416,False,1.0,1.0,False,51,8,False
Jer.51.53,כי תעלה בבל השמים וכי תבצר מרום עזה מאתי יבאו שדדים לה נאם יהוה,502.4479028399767,12250.477729711945,0.14285714285714285,390.7928133199819,9528.149345331514,0.9172963953445074,-0.07305767974704105,0.9172963953445074,0.17949367288009982,0.5291198908544936,0.6934354144325707,0.579508538968416,False,0.6565763204491359,1.0,False,51,8,False
Jer.51.54,קול זעקה מבבל ושבר גדול מארץ כשדים,135.6707014292073,310.98986998713264,0.0,135.6707014292073,310.98986998713264,-0.01819842072606281,-0.19649241117301297,0.0,0.5072597187466275,0.5778876140494942,0.6934354144325707,0.579508538968416,False,1.0,1.0,False,51,8,False
Jer.51.55,כי שדד יהוה את בבל ואבד ממנה קול גדול והמו גליהם כמים רבים נתן שאון קולם,90.23678092281374,1856.6179042335727,0.0625,80.21047193138999,1650.327025985398,-0.22156282849446812,-0.17855622133256388,0.0,0.5876728890825129,0.5708569138690665,0.6934354144325707,0.579508538968416,False,1.0,1.0,False,51,8,False
Jer.51.56,כי בא עליה על בבל שודד ונלכדו גבוריה חתתה קשתותם כי אל גמלות יהוה שלם ישלם,278.5869515908332,26686.572362284016,0.25,185.7246343938888,17791.048241522676,0.16534190224073136,0.037597746013964144,0.1695627764042395,0.4343374397210769,0.4850042025365934,0.6934354144325707,0.579508538968416,False,0.9857270703943196,1.0,False,51,8,False
Jer.51.57,והשכרתי שריה וחכמיה פחותיה וסגניה וגבוריה וישנו שנת עולם ולא יקיצו נאם המלך יהוה צבאות שמו,145.02446972310028,40485.6161717313,0.3125,89.24582752190787,24914.225336450032,-0.1884315242196646,0.13299019896695394,0.13299019896695394,0.5747308052319541,0.4471005658690028,0.6934354144325707,0.579508538968416,False,0.9911957895465342,1.0,False,51,8,False
Jer.51.58,כה אמר יהוה צבאות חמות בבל הרחבה ערער תתערער ושעריה הגבהים באש יצתו ויגעו עמים בדי ריק ולאמים בדי אש ויעפו,205.75387239353623,28565.351016466964,0.19047619047619047,148.99418345738832,20685.254184338148,0.03065680502053567,0.07635649096120091,0.08228094193660582,0.4877716197781361,0.4695677418436307,0.6934354144325707,0.579508538968416,False,0.9966206462098341,1.0,False,51,8,False
Jer.51.59,הדבר אשר צוה ירמיהו הנביא את שריה בן נריה בן מחסיה בלכתו את צדקיהו מלך יהודה בבל בשנת הרבעית למלכו ושריה שר מנוחה,104.6028006608715,1642.5314534784718,0.043478260869565216,96.23457660800177,1511.128937200194,-0.16280482141290095,-0.18042033996370738,0.0,0.5646639440091792,0.571588706323646,0.6934354144325707,0.579508538968416,False,1.0,1.0,False,51,8,False
Jer.51.60,ויכתב ירמיהו את כל הרעה אשר תבוא אל בבל אל ספר אחד את כל הדברים האלה הכתבים אל בבל,114.92665779044594,72.69325448195148,0.05263157894736842,103.98126181040348,65.7700873884323,-0.1343988796665421,-0.1997763554387462,0.0,0.5534564162527242,0.5791722529122033,0.6934354144325707,0.579508538968416,False,1.0,1.0,False,51,9,True
Jer.51.61,ויאמר ירמיהו אל שריה כבאך בבל וראית וקראת את כל הדברים האלה,56.43939243956788,347.16043386414,0.08333333333333333,48.37662209105818,297.5660861692628,-0.33829281822561785,-0.19667218034753048,0.0,0.6324287323732094,0.5779579591284448,0.6934354144325707,0.579508538968416,False,1.0,1.0,False,51,9,False
Jer.51.62,ואמרת יהוה אתה דברת אל המקום הזה להכריתו לבלתי היות בו יושב למאדם ועד בהמה כי שממות עולם תהיה,138.3971075638242,2494.0568718818167,0.10526315789473684,114.3280453788113,2060.3078506849793,-0.0964587641684637,-0.1730658234369909,0.0,0.5384218887056587,0.5687001557550365,0.6934354144325707,0.579508538968416,False,1.0,1.0,False,51,9,False
Jer.51.63,והיה ככלתך לקרא את הספר הזה תקשר עליו אבן והשלכתו אל תוך פרת,133.76898897788442,2259.1691289898763,0.23076923076923078,91.52615035328932,1545.7472987825467,-0.18006991976321507,-0.17995673638000512,0.0,0.5714511614365235,0.5714067335018596,0.6934354144325707,0.579508538968416,False,1.0,1.0,False,51,9,False
Jer.51.64,ואמרת ככה תשקע בבל ולא תקום מפני הרעה אשר אנכי מביא עליה ויעפו עד הנה דברי ירמיהו,126.49590814157602,108.64271418278132,0.058823529411764705,113.18054938983117,97.20663900564644,-0.10066646118538189,-0.1993553621472436,0.0,0.5400923819072424,0.5790076122831945,0.6934354144325707,0.579508538968416,False,1.0,1.0,False,51,9,False
Jer.52.1,בן עשרים ואחת שנה צדקיהו במלכו ואחת עשרה שנה מלך בירושלם ושם אמו חמיטל חמוטל בת ירמיהו מלבנה,65.01383701270981,766.5765811157936,0.16666666666666666,48.76037775953236,574.9324358368452,-0.33688564330128595,-0.19295773437646943,0.0,0.6318984458220291,0.5765039654752759,0.6934354144325707,0.579508538968416,False,1.0,1.0,False,52,9,False
Jer.52.2,ויעש הרע בעיני יהוה ככל אשר עשה יהויקים,56.8828115431441,6.817174642441299,0.0,56.8828115431441,6.817174642441299,-0.307101887427948,-0.20056584345520564,0.0,0.6206170894392888,0.579480965856502,0.6934354144325707,0.579508538968416,False,1.0,1.0,False,52,9,False
Jer.52.3,כי על אף יהוה היתה בירושלם ויהודה עד השליכו אותם מעל פניו וימרד צדקיהו במלך בבל,32.33971968773806,375.4173756029054,0.0625,28.74641750021161,333.70433386924924,-0.4102738570193224,-0.1961882226910545,0.0,0.6591974663203576,0.5777685770673936,0.6934354144325707,0.579508538968416,False,1.0,1.0,False,52,9,False
Jer.52.4,ויהי בשנה התשעית למלכו בחדש העשירי בעשור לחדש בא נבוכדראצר מלך בבל הוא וכל חילו על ירושלם ויחנו עליה ויבנו עליה דיק סביב,21.942505283916315,326.59726365761037,0.13043478260869565,17.402676604485354,259.02541600431164,-0.4518696666657358,-0.19718831086295807,0.0,0.6743185610805371,0.5781599111931263,0.6934354144325707,0.579508538968416,False,1.0,1.0,False,52,9,False
Jer.52.5,ותבא העיר במצור עד עשתי עשרה שנה למלך צדקיהו,54.13467194853506,1329.7015976633006,0.0,54.13467194853506,1329.7015976633006,-0.31717890633290163,-0.18284998599391541,0.0,0.6244460727338432,0.5725421367176659,0.6934354144325707,0.579508538968416,False,1.0,1.0,False,52,9,False
Jer.52.6,בחדש הרביעי בתשעה לחדש ויחזק הרעב בעיר ולא היה לחם לעם הארץ,16.255470506428956,12.027932156219535,0.08333333333333333,13.933260434081962,10.309656133902457,-0.4645914994310326,-0.20051907269941457,0.0,0.6788879895626826,0.5794626784809853,0.6934354144325707,0.579508538968416,False,1.0,1.0,False,52,9,False
Jer.52.7,ותבקע העיר וכל אנשי המלחמה יברחו ויצאו מהעיר לילה דרך שער בין החמתים אשר על גן המלך וכשדים על העיר סביב וילכו דרך הערבה,49.72114246950527,642.9938273118487,0.125,39.77691397560422,514.3950618494789,-0.3698266680440589,-0.19376844124547313,0.0,0.6442441782012772,0.5768214005611397,0.6934354144325707,0.579508538968416,False,1.0,1.0,False,52,9,False
Jer.52.8,וירדפו חיל כשדים אחרי המלך וישיגו את צדקיהו בערבת ירחו וכל חילו נפצו מעליו,82.50614630978684,7909.685679794692,0.14285714285714285,64.17144712983422,6151.977750951428,-0.2803755454537357,-0.11827083192424484,0.0,0.6104053015774844,0.5470734660420371,0.6934354144325707,0.579508538968416,False,1.0,1.0,False,52,9,False
Jer.52.9,ויתפשו את המלך ויעלו אתו אל מלך בבל רבלתה בארץ חמת וידבר אתו משפטים,57.695358880037226,843.232274108752,0.07142857142857142,50.48343902003258,737.828239845158,-0.3305674340914936,-0.1907762597180381,0.0,0.6295143758426631,0.5756495554691315,0.6934354144325707,0.579508538968416,False,1.0,1.0,False,52,9,False
Jer.52.10,וישחט מלך בבל את בני צדקיהו לעיניו וגם את כל שרי יהודה שחט ברבלתה,65.48267366801598,242.89853887287407,0.2857142857142857,41.67079233419199,154.57179746455623,-0.36288209795722287,-0.1985871370832719,0.0,0.6416535198533195,0.5787071418352013,0.6934354144325707,0.579508538968416,False,1.0,1.0,False,52,9,False
Jer.52.11,ואת עיני צדקיהו עור ויאסרהו בנחשתים ויבאהו מלך בבל בבלה ויתנהו בבית בית הפקדת עד יום מותו,51.47663500602405,6181.579829175799,0.058823529411764705,46.0580418474952,5530.8872155783465,-0.346794706918925,-0.12658837743596824,0.0,0.6356272230397154,0.5503669018029108,0.6934354144325707,0.579508538968416,False,1.0,1.0,False,52,9,False
Jer.52.12,ובחדש החמישי בעשור לחדש היא שנת תשע עשרה שנה למלך נבוכדראצר מלך בבל בא נבוזראדן רב טבחים עמד לפני מלך בבל בירושלם,12.715705184884325,664.2249232422978,0.09090909090909091,10.759442848748273,562.0364735127135,-0.4762294161769728,-0.1931304350496233,0.0,0.6830445276006423,0.5765715911922452,0.6934354144325707,0.579508538968416,False,1.0,1.0,False,52,9,False
Jer.52.13,וישרף את בית יהוה ואת בית המלך ואת כל בתי ירושלם ואת כל בית הגדול שרף באש,15.402450716849305,51.32018809802292,0.058823529411764705,13.781140115075694,45.91806303507314,-0.46514930200171023,-0.20004221058651417,0.0,0.6790877291182357,0.5792762155108897,0.6934354144325707,0.579508538968416,False,1.0,1.0,False,52,9,False
Jer.52.14,ואת כל חמות ירושלם סביב נתצו כל חיל כשדים אשר את רב טבחים,90.37686043482144,1763.654920977139,0.0,90.37686043482144,1763.654920977139,-0.18428419485258554,-0.1770385522156526,0.0,0.5731047438670859,0.5702609462234982,0.6934354144325707,0.579508538968416,False,1.0,1.0,False,52,9,False
Jer.52.15,ומדלות העם ואת יתר העם הנשארים בעיר ואת הנפלים אשר נפלו אל מלך בבל ואת יתר האמון הגלה נבוזראדן רב טבחים,50.05442790361917,3621.227850721151,0.09523809523809523,42.045719439040106,3041.831394605767,-0.3615072960618077,-0.15992141649077127,0.0,0.641139874104732,0.563528511138855,0.6934354144325707,0.579508538968416,False,1.0,1.0,False,52,9,False
Jer.52.16,ומדלות הארץ השאיר נבוזראדן רב טבחים לכרמים וליגבים,38.94644807687457,452649.8865007429,0.375,22.25511318678547,258657.07800042452,-0.4340765038763167,3.2632372472573072,3.2632372472573072,0.66788355647187,0.0005507363457154117,0.6934354144325707,0.053657455396844404,False,0.004871474254946362,0.2214896961248946,False,52,9,False
Jer.52.17,ואת עמודי הנחשת אשר לבית יהוה ואת המכנות ואת ים הנחשת אשר בבית יהוה שברו כשדים וישאו את כל נחשתם בבלה,38.50645837885676,2813.6652984213433,0.047619047619047616,35.15807069373878,2568.9987507325304,-0.3867632789650182,-0.16625351593659804,0.0,0.6505342676239004,0.5660212771129867,0.6934354144325707,0.579508538968416,False,1.0,1.0,False,52,9,False
Jer.52.18,ואת הסרות ואת היעים ואת המזמרות ואת המזרקת ואת הכפות ואת כל כלי הנחשת אשר ישרתו בהם לקחו,54.47147051311609,2104.0835904982705,0.3333333333333333,32.682882307869654,1262.4501542989624,-0.3958394264091488,-0.18375060661048298,0.0,0.6538882553300748,0.572895446779828,0.6934354144325707,0.579508538968416,False,1.0,1.0,False,52,9,False
Jer.52.19,ואת הספים ואת המחתות ואת המזרקות ואת הסירות ואת המנרות ואת הכפות ואת המנקיות אשר זהב זהב ואשר כסף כסף לקח רב טבחים,33.1852412377602,449.94586292682646,0.2608695652173913,21.807444241956702,295.6787099233431,-0.43571803927322644,-0.19669745578956208,0.0,0.6684793420641293,0.5779678494065155,0.6934354144325707,0.579508538968416,False,1.0,1.0,False,52,9,False
Jer.52.20,העמודים שנים הים אחד והבקר שנים עשר נחשת אשר תחת המכנות אשר עשה המלך שלמה לבית יהוה לא היה משקל לנחשתם כל הכלים האלה,119.03873996454104,1274.3858238803057,0.041666666666666664,109.8819138134225,1176.3561451202822,-0.11276206692871085,-0.1849035638668679,0.0,0.5448904036599123,0.573347662183921,0.6934354144325707,0.579508538968416,False,1.0,1.0,False,52,9,False
Jer.52.21,והעמודים שמנה עשרה אמה קומה קומת העמד האחד וחוט שתים עשרה אמה יסבנו ועביו ארבע אצבעות נבוב,210.4980390564783,6915.098951826513,0.35294117647058826,123.39540220552175,4053.6786958983007,-0.06321011612308644,-0.14637091861631937,0.0,0.5252004053054647,0.5581857081933592,0.6934354144325707,0.579508538968416,False,1.0,1.0,False,52,9,False
Jer.52.22,וכתרת עליו נחשת וקומת הכתרת האחת חמש אמות ושבכה ורמונים על הכותרת סביב הכל נחשת וכאלה לעמוד השני ורמונים,229.44825332781716,62867.697202731426,0.42105263157894735,124.55762323510075,34128.17848148278,-0.05894842457372814,0.2563819917281519,0.2563819917281519,0.523503406074606,0.3988279458942643,0.6934354144325707,0.579508538968416,False,0.9676683511671413,1.0,False,52,9,False
Jer.52.23,ויהיו הרמנים תשעים וששה רוחה כל הרמונים מאה על השבכה סביב,183.173967647055,62469.6652132505,0.2727272727272727,118.52433200691794,40421.54807916209,-0.08107160561036628,0.34066179486401965,0.34066179486401965,0.5323074966109561,0.36667910165543527,0.6934354144325707,0.579508538968416,False,0.9436261401661312,1.0,False,52,9,False
Jer.52.24,ויקח רב טבחים את שריה כהן הראש ואת צפניה כהן המשנה ואת שלשת שמרי הסף,85.45777254439808,11.697921695736229,0.0,85.45777254439808,11.697921695736229,-0.20232175806959404,-0.2005004812681573,0.0,0.5801674043926859,0.5794554091797486,0.6934354144325707,0.579508538968416,False,1.0,1.0,False,52,9,False
Jer.52.25,ומן העיר לקח סריס אחד אשר היה פקיד על אנשי המלחמה ושבעה אנשים מראי פני המלך אשר נמצאו בעיר ואת ספר שר הצבא המצבא את עם הארץ וששים איש מעם הארץ הנמצאים בתוך העיר,93.18874576020748,72.85219953760783,0.058823529411764705,83.37940410123826,65.18354695470174,-0.20994282584004698,-0.19978421029480042,0.0,0.5831438515969816,0.5791753246311804,0.6934354144325707,0.579508538968416,False,1.0,1.0,False,52,9,False
Jer.52.26,ויקח אותם נבוזראדן רב טבחים וילך אותם אל מלך בבל רבלתה,40.89947666984749,4089.693318524688,0.0,40.89947666984749,4089.693318524688,-0.36571039770827396,-0.1458886165271359,0.0,0.6427094067097974,0.5579953409318725,0.6934354144325707,0.579508538968416,False,1.0,1.0,False,52,9,False
Jer.52.27,ויכה אותם מלך בבל וימתם ברבלה בארץ חמת ויגל יהודה מעל אדמתו,116.65424646130718,3622.631680205005,0.16666666666666666,87.4906848459804,2716.973760153754,-0.19486737120535175,-0.164271858182436,0.0,0.5772516107564848,0.565241432681686,0.6934354144325707,0.579508538968416,False,1.0,1.0,False,52,9,False
Jer.52.28,זה העם אשר הגלה נבוכדראצר בשנת שבע יהודים שלשת אלפים ועשרים ושלשה,68.29375326564484,2769.642554085473,0.0,68.29375326564484,2769.642554085473,-0.26525966235083254,-0.16356652608409467,0.0,0.6045952817434441,0.5649638009722391,0.6934354144325707,0.579508538968416,False,1.0,1.0,False,52,9,False
Jer.52.29,בשנת שמונה עשרה לנבוכדראצר מירושלם נפש שמנה מאות שלשים ושנים,34.75901719163869,24315.907556146485,0.0,34.75901719163869,24315.907556146485,-0.3882265487685751,0.12497762256348527,0.12497762256348527,0.651075806056836,0.4502706330149846,0.6934354144325707,0.579508538968416,False,0.9922207134274383,1.0,False,52,9,False
Jer.52.30,בשנת שלש ועשרים לנבוכדראצר הגלה נבוזראדן רב טבחים יהודים נפש שבע מאות ארבעים וחמשה כל נפש ארבעת אלפים ושש מאות,16.93422770316463,3904.9263670883347,0.0,16.93422770316463,3904.9263670883347,-0.4535873990705503,-0.14836298610791065,0.0,0.6749370876430125,0.5589718452225336,0.6934354144325707,0.579508538968416,False,1.0,1.0,False,52,9,False
Jer.52.31,ויהי בשלשים ושבע שנה לגלות יהויכן מלך יהודה בשנים עשר חדש בעשרים וחמשה לחדש נשא אויל מרדך מלך בבל בשנת מלכתו את ראש יהויכין מלך יהודה ויצא אותו מבית הכליא הכלוא,66.9169374208651,816.3204706558246,0.22580645161290322,46.098334667707064,562.3541020073458,-0.3466469591437372,-0.1931261814194205,0.0,0.6355717187452126,0.5765699255929783,0.6934354144325707,0.579508538968416,False,1.0,1.0,False,52,9,False
Jer.52.32,וידבר אתו טבות ויתן את כסאו ממעל לכסא מלכים המלכים אשר אתו בבבל,57.67571916176069,331.32437638170137,0.0,57.67571916176069,331.32437638170137,-0.304194413193977,-0.19622009470260715,0.0,0.6195101095407793,0.5777810497601442,0.6934354144325707,0.579508538968416,False,1.0,1.0,False,52,9,False
Jer.52.33,ושנה את בגדי כלאו ואכל לחם לפניו תמיד כל ימי חיו,226.09411856899465,73.5826389955673,0.2727272727272727,146.29619436817302,47.61229582066119,0.02076368055527391,-0.20001952169093612,0.02076368055527391,0.491717085103472,0.5792673432388147,0.6934354144325707,0.579508538968416,False,0.9997844580174109,1.0,False,52,9,False
Jer.52.34,וארחתו ארחת תמיד נתנה לו מאת מלך בבל דבר יום ביומו עד יום מותו כל ימי חייו,42.991894610453926,57.94984061755873,0.11764705882352941,34.802962303700795,46.91177573802373,-0.3880654085827204,-0.2000289029442919,0.0,0.6510161850770944,0.5792710116916343,0.6934354144325707,0.579508538968416,False,1.0,1.0,False,52,9,False
