verse_id,text,raw_ppl_gpt,raw_ppl_dicta,rare_ratio,disc_ppl_gpt,disc_ppl_dicta,global_z_gpt,global_z_dicta,CFI_mag,p_val_gpt,p_val_dicta,p_adj_gpt,p_adj_dicta,Strict_Shared_Seam,p_val_cfi,p_adj_cfi,Significant_CFI_Seam,cfi_percentile,chapter,Regime_ID,Is_Regime_Change
Lev.1.1,ויקרא אל משה וידבר יהוה אליו מאהל מועד לאמר,4.179892686018038,2.028589166257774,0.0,4.179892686018038,2.028589166257774,-0.5227943307350488,-0.0995021432137702,0.0,0.6994413073755776,0.5396302068460787,0.7081065677668773,0.5396339731824624,False,1.0,1.0,False,34.87,1,1,False
Lev.1.2,דבר אל בני ישראל ואמרת אלהם אדם כי יקריב מכם קרבן ליהוה מן הבהמה מן הבקר ומן הצאן תקריבו את קרבנכם,3.411555011313835,15.194917953388348,0.047619047619047616,3.1148980538082838,13.87362074005023,-0.536558661362599,-0.099382155568419,0.0,0.7042137473592744,0.5395825747949473,0.7081065677668773,0.5396339731824624,False,1.0,1.0,False,34.87,1,1,False
Lev.1.3,אם עלה קרבנו מן הבקר זכר תמים יקריבנו אל פתח אהל מועד יקריב אתו לרצנו לפני יהוה,12.297694574321376,66.99887268161076,0.058823529411764705,11.003200408603336,59.946359767756995,-0.4346077233788123,-0.09891544854139474,0.0,0.6680764059990583,0.539397298550419,0.7081065677668773,0.5396339731824624,False,1.0,1.0,False,34.87,1,1,False
Lev.1.4,וסמך ידו על ראש העלה ונרצה לו לכפר עליו,34.997274779229926,5.463354990052759,0.1111111111111111,28.63413391027903,4.470017719134075,-0.20673991010553333,-0.09947741206286292,0.0,0.5818935065421571,0.5396203892530993,0.7081065677668773,0.5396339731824624,False,1.0,1.0,False,34.87,1,1,False
Lev.1.5,ושחט את בן הבקר לפני יהוה והקריבו בני אהרן הכהנים את הדם וזרקו את הדם על המזבח סביב אשר פתח אהל מועד,6.577554753631034,58.645437557984366,0.0,6.577554753631034,58.645437557984366,-0.4918061807165976,-0.09892862660611859,0.0,0.6885718166113323,0.5394025301776619,0.7081065677668773,0.5396339731824624,False,1.0,1.0,False,34.87,1,1,False
Lev.1.6,והפשיט את העלה ונתח אתה לנתחיה,173.76774558996576,24962.81328184267,0.5,86.88387279498288,12481.406640921336,0.5460983115425393,0.026911296763047782,0.5467609932713572,0.2924991801868986,0.4892652416337752,0.7081065677668773,0.5396339731824624,False,0.8611610071336404,1.0,False,88.01,1,1,False
Lev.1.7,ונתנו בני אהרן הכהן אש על המזבח וערכו עצים על האש,24.60127148852575,8.798532016908979,0.0,24.60127148852575,8.798532016908979,-0.2588619115406564,-0.09943356513554802,0.0,0.6021291065565975,0.5396029831584284,0.7081065677668773,0.5396339731824624,False,1.0,1.0,False,34.87,1,1,False
Lev.1.8,וערכו בני אהרן הכהנים את הנתחים את הראש ואת הפדר על העצים אשר על האש אשר על המזבח,23.789454209769232,4.710390343457009,0.1111111111111111,19.464098898902098,3.853955735555734,-0.3252563701377416,-0.09948365263945737,0.0,0.6275064756550888,0.5396228665942284,0.7081065677668773,0.5396339731824624,False,1.0,1.0,False,34.87,1,1,False
Lev.1.9,וקרבו וכרעיו ירחץ במים והקטיר הכהן את הכל המזבחה עלה אשה ריח ניחוח ליהוה,19.64077430506747,20723.99470357879,0.14285714285714285,15.276157792830256,16118.66254722795,-0.37938265799806214,0.06375592389793554,0.06375592389793554,0.6477981366820394,0.4745822872250896,0.7081065677668773,0.5396339731824624,False,0.9979696550284648,1.0,False,74.39,1,1,False
Lev.1.10,ואם מן הצאן קרבנו מן הכשבים או מן העזים לעלה זכר תמים יקריבנו,18.546572229299038,583.5870665894505,0.07692307692307693,16.073695932059167,505.77545771085715,-0.369075020471617,-0.09439929479727263,0.0,0.6439640963059443,0.5376040120122818,0.7081065677668773,0.5396339731824624,False,1.0,1.0,False,34.87,1,1,False
Lev.1.11,ושחט אתו על ירך המזבח צפנה לפני יהוה וזרקו בני אהרן הכהנים את דמו על המזבח סביב,17.476498052099597,215.67292729723374,0.0,17.476498052099597,215.67292729723374,-0.3509447580258791,-0.0973379716017956,0.0,0.6371851038464387,0.5387709989105721,0.7081065677668773,0.5396339731824624,False,1.0,1.0,False,34.87,1,1,False
Lev.1.12,ונתח אתו לנתחיו ואת ראשו ואת פדרו וערך הכהן אתם על העצים אשר על האש אשר על המזבח,61.584660799661684,184.2872256743351,0.1111111111111111,50.38744974517774,150.78045736991052,0.07440688851804758,-0.09799531849184766,0.07440688851804758,0.4703433138774309,0.5390319946106211,0.7081065677668773,0.5396339731824624,False,0.9972356353825245,1.0,False,75.09,1,1,False
Lev.1.13,והקרב והכרעים ירחץ במים והקריב הכהן את הכל והקטיר המזבחה עלה הוא אשה ריח ניחח ליהוה,21.50010406807398,31358.866666521586,0.0625,19.11120361606576,27874.54814801919,-0.32981730143537985,0.1828405395419787,0.1828405395419787,0.6292309932189452,0.4274615693985503,0.7081065677668773,0.5396339731824624,False,0.9834235945609415,1.0,False,79.63,1,1,False
Lev.1.14,ואם מן העוף עלה קרבנו ליהוה והקריב מן התרים או מן בני היונה את קרבנו,30.106024859989585,216.15491085385415,0.0,30.106024859989585,216.15491085385415,-0.18771672156844327,-0.09733308921109055,0.0,0.5744506393114976,0.5387690603235618,0.7081065677668773,0.5396339731824624,False,1.0,1.0,False,34.87,1,1,False
Lev.1.15,והקריבו הכהן אל המזבח ומלק את ראשו והקטיר המזבחה ונמצה דמו על קיר המזבח,16.16204336743755,5130.2317307445865,0.14285714285714285,12.570478174673653,3990.1802350235675,-0.414351725174728,-0.059103017022451125,0.0,0.6606917311210765,0.5235649721958193,0.7081065677668773,0.5396339731824624,False,1.0,1.0,False,34.87,1,1,False
Lev.1.16,והסיר את מראתו בנצתה והשליך אתה אצל המזבח קדמה אל מקום הדשן,311.06285651758594,4276.109179401896,0.25,207.37523767839062,2850.739452934597,2.1033671783149863,-0.07064530929986834,2.1033671783149863,0.01771684261382099,0.5281599755673098,0.5006943555213575,0.5396339731824624,False,0.109473064815301,1.0,False,96.51,1,1,False
Lev.1.17,ושסע אתו בכנפיו לא יבדיל והקטיר אתו הכהן המזבחה על העצים אשר על האש עלה הוא אשה ריח ניחח ליהוה,19.066133512546447,14946.112032058894,0.05,17.332848647769495,13587.374574598995,-0.35280132878769377,0.03811451622001291,0.03811451622001291,0.6378813062377807,0.4847981887251622,0.7081065677668773,0.5396339731824624,False,0.9992739055608961,1.0,False,72.18,1,1,False
Lev.2.1,ונפש כי תקריב קרבן מנחה ליהוה סלת יהיה קרבנו ויצק עליה שמן ונתן עליה לבנה,34.108129935916956,436.7266702844034,0.0,34.108129935916956,436.7266702844034,-0.13599223789009543,-0.09509874429776906,0.0,0.5540862913878707,0.5378818022688137,0.7081065677668773,0.5396339731824624,False,1.0,1.0,False,34.87,2,1,False
Lev.2.2,והביאה אל בני אהרן הכהנים וקמץ משם מלא קמצו מסלתה ומשמנה על כל לבנתה והקטיר הכהן את אזכרתה המזבחה אשה ריח ניחח ליהוה,11.462944063848393,31073.297592936517,0.17391304347826086,8.504764950597195,23054.382085081932,-0.46689830086673567,0.13401328463004678,0.13401328463004678,0.6797136794973435,0.4466960347902704,0.7081065677668773,0.5396339731824624,False,0.9910604175853137,1.0,False,78.0,2,1,False
Lev.2.3,והנותרת מן המנחה לאהרן ולבניו קדש קדשים מאשי יהוה,37.722604885644955,2239.6340845128752,0.0,37.722604885644955,2239.6340845128752,-0.08927760971415202,-0.07683567643916868,0.0,0.5355693560687701,0.5306228655380014,0.7081065677668773,0.5396339731824624,False,1.0,1.0,False,34.87,2,1,False
Lev.2.4,וכי תקרב קרבן מנחה מאפה תנור סלת חלות מצת בלולת בשמן ורקיקי מצות משחים בשמן,42.15086825290831,4925.508239164336,0.06666666666666667,37.19194257609557,4346.036681615591,-0.09613605881737583,-0.055498267060949805,0.0,0.5382937434349326,0.5221292447453589,0.7081065677668773,0.5396339731824624,False,1.0,1.0,False,34.87,2,1,False
Lev.2.5,ואם מנחה על המחבת קרבנך סלת בלולה בשמן מצה תהיה,170.14086650493365,18284.113303433474,0.2,121.5291903606669,13060.080931023911,0.9938654563225033,0.03277314399090075,0.9944056638204481,0.16014418687800863,0.4869277473474957,0.7081065677668773,0.5396339731824624,False,0.6099237606790564,1.0,False,92.78,2,1,False
Lev.2.6,פתות אתה פתים ויצקת עליה שמן מנחה הוא,186.40797736611867,60342.53977447624,0.25,124.27198491074579,40228.35984965083,1.0293142087283214,0.307982019153576,1.074402468543294,0.15166602428962966,0.3790480072064236,0.7081065677668773,0.5396339731824624,False,0.5614849366156524,1.0,False,93.13,2,1,False
Lev.2.7,ואם מנחת מרחשת קרבנך סלת בשמן תעשה,95.14588438185005,203648.83129490475,0.14285714285714285,74.00235451921671,158393.53545159262,0.37961345690567966,1.5049700638586898,1.5521086526962955,0.3521161850784482,0.06616588669379754,0.7081065677668773,0.5396339731824624,False,0.2998356958411034,1.0,False,95.46,2,1,False
Lev.2.8,והבאת את המנחה אשר יעשה מאלה ליהוה והקריבה אל הכהן והגישה אל המזבח,50.43604175576406,363.30223542283,0.15384615384615385,38.56873781323134,277.8193564998112,-0.07834191762902779,-0.09670844151903088,0.0,0.5312219627708822,0.5385210320528852,0.7081065677668773,0.5396339731824624,False,1.0,1.0,False,34.87,2,1,False
Lev.2.9,והרים הכהן מן המנחה את אזכרתה והקטיר המזבחה אשה ריח ניחח ליהוה,31.512510220695585,15170.785643171535,0.0,31.512510220695585,15170.785643171535,-0.16953885574446437,0.054154132877629386,0.054154132877629386,0.567313593883849,0.47840618184296246,0.7081065677668773,0.5396339731824624,False,0.9985347394901031,1.0,False,73.22,2,1,False
Lev.2.10,והנותרת מן המנחה לאהרן ולבניו קדש קדשים מאשי יהוה,23.503488055824644,2239.6340845128752,0.0,23.503488055824644,2239.6340845128752,-0.27305001509362253,-0.07683567643916868,0.0,0.6075926153570731,0.5306228655380014,0.7081065677668773,0.5396339731824624,False,1.0,1.0,False,34.87,2,1,False
Lev.2.11,כל המנחה אשר תקריבו ליהוה לא תעשה חמץ כי כל שאר וכל דבש לא תקטירו ממנו אשה ליהוה,14.362263650301392,582.8449755253525,0.05555555555555555,12.926037285271253,524.5604779728172,-0.40975636571667284,-0.09420900654560656,0.0,0.6590076611778304,0.5375284347960309,0.7081065677668773,0.5396339731824624,False,1.0,1.0,False,34.87,2,1,False
Lev.2.12,קרבן ראשית תקריבו אתם ליהוה ואל המזבח לא יעלו לריח ניחח,19.46821972935024,563.8511838033602,0.0,19.46821972935024,563.8511838033602,-0.32520311120944956,-0.09381100006943782,0.0,0.6274863229257037,0.5373703532843321,0.7081065677668773,0.5396339731824624,False,1.0,1.0,False,34.87,2,1,False
Lev.2.13,וכל קרבן מנחתך במלח תמלח ולא תשבית מלח ברית אלהיך מעל מנחתך על כל קרבנך תקריב מלח,33.79486044160967,1137.9483181315034,0.17647058823529413,24.97880989162454,841.0922351406764,-0.25398248468939916,-0.0910026073068345,0.0,0.6002454551463964,0.5362547403381399,0.7081065677668773,0.5396339731824624,False,1.0,1.0,False,34.87,2,1,False
Lev.2.14,ואם תקריב מנחת בכורים ליהוה אביב קלוי באש גרש כרמל תקריב את מנחת בכוריך,78.01667816768101,91.3419054086872,0.35714285714285715,45.50972893114725,53.282778155067525,0.011365667499033009,-0.09898294920294476,0.011365667499033009,0.49546585230885043,0.5394240959109012,0.7081065677668773,0.5396339731824624,False,0.9999354128869881,1.0,False,70.31,2,1,False
Lev.2.15,ונתת עליה שמן ושמת עליה לבנה מנחה הוא,144.7937513879808,170.9037845114423,0.0,144.7937513879808,170.9037845114423,1.2945440702797801,-0.0977914734767203,1.2945440702797801,0.09773877852251006,0.5389510609445369,0.7081065677668773,0.5396339731824624,False,0.4326084749397633,1.0,False,94.3,2,1,False
Lev.2.16,והקטיר הכהן את אזכרתה מגרשה ומשמנה על כל לבנתה אשה ליהוה,81.83683590665677,59358.26382764243,0.18181818181818182,60.01367966488163,43529.39347360445,0.1988193571862698,0.3414207862261411,0.395091495807285,0.4212020267125383,0.36639341452531726,0.7081065677668773,0.5396339731824624,False,0.9249194327159855,1.0,False,85.33,2,1,False
Lev.3.1,ואם זבח שלמים קרבנו אם מן הבקר הוא מקריב אם זכר אם נקבה תמים יקריבנו לפני יהוה,23.940610714607562,19.94175355203176,0.0,23.940610714607562,19.94175355203176,-0.2674005022995553,-0.09932068667631418,0.0,0.6054195936316594,0.539558172984173,0.7081065677668773,0.5396339731824624,False,1.0,1.0,False,34.87,3,1,False
Lev.3.2,וסמך ידו על ראש קרבנו ושחטו פתח אהל מועד וזרקו בני אהרן הכהנים את הדם על המזבח סביב,19.776383776154287,23.057930690307565,0.0,19.776383776154287,23.057930690307565,-0.3212203006867958,-0.0992891204660437,0.0,0.6259782755233483,0.5395456418286136,0.7081065677668773,0.5396339731824624,False,1.0,1.0,False,34.87,3,1,False
Lev.3.3,והקריב מזבח השלמים אשה ליהוה את החלב המכסה את הקרב ואת כל החלב אשר על הקרב,25.79370358274454,75.26907215557087,0.0,25.79370358274454,75.26907215557087,-0.24345053846953182,-0.09876023273058385,0.0,0.5961718014344985,0.539335678119718,0.7081065677668773,0.5396339731824624,False,1.0,1.0,False,34.87,3,1,False
Lev.3.4,ואת שתי הכלית ואת החלב אשר עלהן אשר על הכסלים ואת היתרת על הכבד על הכליות יסירנה,55.619411952190234,5862.209122577402,0.058823529411764705,49.76473700985442,5245.13447809557,0.06635875032490764,-0.04639059800426742,0.06635875032490764,0.4735461051267106,0.5185005349238805,0.7081065677668773,0.5396339731824624,False,0.9978006801833879,1.0,False,74.62,3,1,False
Lev.3.5,והקטירו אתו בני אהרן המזבחה על העלה אשר על העצים אשר על האש אשה ריח ניחח ליהוה,19.64203399862212,1160.1688803944053,0.058823529411764705,17.574451472451372,1038.045840352889,-0.34967877674950054,-0.08900750926208778,0.0,0.6367101084776683,0.5354620288593331,0.7081065677668773,0.5396339731824624,False,1.0,1.0,False,34.87,3,1,False
Lev.3.6,ואם מן הצאן קרבנו לזבח שלמים ליהוה זכר או נקבה תמים יקריבנו,26.175220603346915,356.25463248623976,0.0,26.175220603346915,356.25463248623976,-0.23851969069547968,-0.09591390888993234,0.0,0.5942609774865417,0.5382055260926003,0.7081065677668773,0.5396339731824624,False,1.0,1.0,False,34.87,3,1,False
Lev.3.7,אם כשב הוא מקריב את קרבנו והקריב אתו לפני יהוה,64.26605514368457,423.53415329342727,0.0,64.26605514368457,423.53415329342727,0.2537784154505213,-0.0952323816832113,0.2537784154505213,0.3998333748166449,0.537934875000935,0.7081065677668773,0.5396339731824624,False,0.9683112132600847,1.0,False,81.84,3,1,False
Lev.3.8,וסמך את ידו על ראש קרבנו ושחט אתו לפני אהל מועד וזרקו בני אהרן את דמו על המזבח סביב,16.622582575506726,23.33361928088592,0.0,16.622582575506726,23.33361928088592,-0.36198103425895173,-0.09928632779937771,0.0,0.6413168983815905,0.5395445331937849,0.7081065677668773,0.5396339731824624,False,1.0,1.0,False,34.87,3,1,False
Lev.3.9,והקריב מזבח השלמים אשה ליהוה חלבו האליה תמימה לעמת העצה יסירנה ואת החלב המכסה את הקרב ואת כל החלב אשר על הקרב,40.601546697536676,1452.6675643876617,0.0,40.601546697536676,1452.6675643876617,-0.05206924663148097,-0.0848074795645354,0.0,0.5207632413273454,0.5337927764332463,0.7081065677668773,0.5396339731824624,False,1.0,1.0,False,34.87,3,1,False
Lev.3.10,ואת שתי הכלית ואת החלב אשר עלהן אשר על הכסלים ואת היתרת על הכבד על הכלית יסירנה,57.23362366366672,7831.514426807126,0.0,57.23362366366672,7831.514426807126,0.1628890258902049,-0.0201911203501938,0.1628890258902049,0.43530290574935304,0.5080545443114102,0.7081065677668773,0.5396339731824624,False,0.986821193681063,1.0,False,79.05,3,1,False
Lev.3.11,והקטירו הכהן המזבחה לחם אשה ליהוה,41.36895016416229,88241.98814955534,0.16666666666666666,31.02671262312172,66181.4911121665,-0.175817458987001,0.5708817075401375,0.5708817075401375,0.5697813234954804,0.2840399157453047,0.7081065677668773,0.5396339731824624,False,0.849631152423142,1.0,False,88.59,3,1,False
Lev.3.12,ואם עז קרבנו והקריבו לפני יהוה,74.67085441763922,8127.358811981717,0.0,74.67085441763922,8127.358811981717,0.38825336301232277,-0.017194279780684246,0.38825336301232277,0.34891427318283386,0.50685918720516,0.7081065677668773,0.5396339731824624,False,0.9273999722518097,1.0,False,85.22,3,1,False
Lev.3.13,וסמך את ידו על ראשו ושחט אתו לפני אהל מועד וזרקו בני אהרן את דמו על המזבח סביב,20.689135894898545,19.716220348558853,0.0,20.689135894898545,19.716220348558853,-0.30942360090688686,-0.09932297127959824,0.0,0.621500340126582,0.539559079924562,0.7081065677668773,0.5396339731824624,False,1.0,1.0,False,34.87,3,1,False
Lev.3.14,והקריב ממנו קרבנו אשה ליהוה את החלב המכסה את הקרב ואת כל החלב אשר על הקרב,18.764312002311332,113.03725610992544,0.0,18.764312002311332,113.03725610992544,-0.3343006393971246,-0.09837764907653102,0.0,0.6309236460004473,0.5391837889853653,0.7081065677668773,0.5396339731824624,False,1.0,1.0,False,34.87,3,1,False
Lev.3.15,ואת שתי הכלית ואת החלב אשר עלהן אשר על הכסלים ואת היתרת על הכבד על הכלית יסירנה,66.18323335994714,7831.514426807126,0.0,66.18323335994714,7831.514426807126,0.2785566387790477,-0.0201911203501938,0.2785566387790477,0.3902925465961069,0.5080545443114102,0.7081065677668773,0.5396339731824624,False,0.9619460600678946,1.0,False,82.65,3,1,False
Lev.3.16,והקטירם הכהן המזבחה לחם אשה לריח ניחח כל חלב ליהוה,70.1275123095018,29389.73281529445,0.1,58.4395935912515,24491.444012745374,0.17847536624172178,0.14857041568114943,0.23222106874869528,0.4291748327448949,0.4409463093726772,0.7081065677668773,0.5396339731824624,False,0.97339695248151,1.0,False,81.61,3,1,False
Lev.3.17,חקת עולם לדרתיכם בכל מושבתיכם כל חלב וכל דם לא תאכלו,18.19851518989694,116.74310176950692,0.0,18.19851518989694,116.74310176950692,-0.3416131780321099,-0.09834010964981374,0.0,0.6336789907014495,0.5391688851886746,0.7081065677668773,0.5396339731824624,False,1.0,1.0,False,34.87,3,1,False
Lev.4.1,וידבר יהוה אל משה לאמר,13.85704759517228,1.708478018312369,0.0,13.85704759517228,1.708478018312369,-0.39772369124530343,-0.09950538587147467,0.0,0.6545830640300916,0.5396314940910326,0.7081065677668773,0.5396339731824624,False,1.0,1.0,False,34.87,4,1,False
Lev.4.2,דבר אל בני ישראל לאמר נפש כי תחטא בשגגה מכל מצות יהוה אשר לא תעשינה ועשה מאחת מהנה,6.690485901082448,106.46186068018221,0.05555555555555555,6.0214373109742025,95.81567461216399,-0.49899362008668524,-0.09855210002672615,0.0,0.6911080607028721,0.5392530482841272,0.7081065677668773,0.5396339731824624,False,1.0,1.0,False,34.87,4,1,False
Lev.4.3,אם הכהן המשיח יחטא לאשמת העם והקריב על חטאתו אשר חטא פר בן בקר תמים ליהוה לחטאת,44.01206859005411,857.2166053600426,0.058823529411764705,39.379219264785256,766.9832784800382,-0.06786699660192552,-0.09175331524321653,0.0,0.5270542444734418,0.5365529817167896,0.7081065677668773,0.5396339731824624,False,1.0,1.0,False,34.87,4,1,False
Lev.4.4,והביא את הפר אל פתח אהל מועד לפני יהוה וסמך את ידו על ראש הפר ושחט את הפר לפני יהוה,5.5836233077816555,5.059392928507075,0.0,5.5836233077816555,5.059392928507075,-0.504652068036615,-0.0994714418176035,0.0,0.6930983838799163,0.5396180192248028,0.7081065677668773,0.5396339731824624,False,1.0,1.0,False,34.87,4,1,False
Lev.4.5,ולקח הכהן המשיח מדם הפר והביא אתו אל אהל מועד,18.22751754895975,17.313319812119023,0.0,18.22751754895975,17.313319812119023,-0.34123834228454264,-0.09934731214991034,0.0,0.6335379196590487,0.5395687427353231,0.7081065677668773,0.5396339731824624,False,1.0,1.0,False,34.87,4,1,False
Lev.4.6,וטבל הכהן את אצבעו בדם והזה מן הדם שבע פעמים לפני יהוה את פני פרכת הקדש,73.34295585652623,312.84011384842216,0.0,73.34295585652623,312.84011384842216,0.37109117807521824,-0.09635368871094452,0.37109117807521824,0.35528481077368707,0.5383801640122678,0.7081065677668773,0.5396339731824624,False,0.9334626465373723,1.0,False,84.52,4,1,False
Lev.4.7,ונתן הכהן מן הדם על קרנות מזבח קטרת הסמים לפני יהוה אשר באהל מועד ואת כל דם הפר ישפך אל יסוד מזבח העלה אשר פתח אהל מועד,24.46433911219018,49.18282995112153,0.0,24.46433911219018,49.18282995112153,-0.2606316692882501,-0.0990244808044427,0.0,0.602811717520262,0.5394405836202975,0.7081065677668773,0.5396339731824624,False,1.0,1.0,False,34.87,4,1,False
Lev.4.8,ואת כל חלב פר החטאת ירים ממנו את החלב המכסה על הקרב ואת כל החלב אשר על הקרב,25.218501830013096,28.2993934585771,0.0,25.218501830013096,28.2993934585771,-0.25088462955571367,-0.09923602556529629,0.0,0.5990483458611493,0.5395245641239674,0.7081065677668773,0.5396339731824624,False,1.0,1.0,False,34.87,4,1,False
Lev.4.9,ואת שתי הכלית ואת החלב אשר עליהן אשר על הכסלים ואת היתרת על הכבד על הכליות יסירנה,74.25978130723936,2499.4675865571608,0.058823529411764705,66.4429622222668,2236.3657353406174,0.28191345751443186,-0.07686878411971149,0.28191345751443186,0.3890049351452532,0.5306360346439781,0.7081065677668773,0.5396339731824624,False,0.9610415845690045,1.0,False,82.77,4,1,False
Lev.4.10,כאשר יורם משור זבח השלמים והקטירם הכהן על מזבח העלה,142.9060994012545,578.8976372888193,0.2,102.07578528661035,413.49831234915666,0.7424434386214401,-0.09533404261307206,0.7424434386214401,0.22890935460505252,0.5379752481557716,0.7081065677668773,0.5396339731824624,False,0.7591080678968927,1.0,False,90.69,4,1,False
Lev.4.11,ואת עור הפר ואת כל בשרו על ראשו ועל כרעיו וקרבו ופרשו,83.16474949273228,172.14954662569406,0.16666666666666666,62.37356211954921,129.11215996927055,0.22931923142582564,-0.0982148137264255,0.22931923142582564,0.4093104035968194,0.5391191401584828,0.7081065677668773,0.5396339731824624,False,0.9740490132918027,1.0,False,81.49,4,1,False
Lev.4.12,והוציא את כל הפר אל מחוץ למחנה אל מקום טהור אל שפך הדשן ושרף אתו על עצים באש על שפך הדשן ישרף,40.928506524117566,27.80559568290268,0.0,40.928506524117566,27.80559568290268,-0.04784351345041504,-0.09924102763152243,0.0,0.5190795212377934,0.5395265498575255,0.7081065677668773,0.5396339731824624,False,1.0,1.0,False,34.87,4,1,False
Lev.4.13,ואם כל עדת ישראל ישגו ונעלם דבר מעיני הקהל ועשו אחת מכל מצות יהוה אשר לא תעשינה ואשמו,24.164256437713423,286.10067555249805,0.1111111111111111,19.77075526722007,234.0823709065893,-0.3212930453331701,-0.097151487861575,0.0,0.6260058368575454,0.5386969535972412,0.7081065677668773,0.5396339731824624,False,1.0,1.0,False,34.87,4,1,False
Lev.4.14,ונודעה החטאת אשר חטאו עליה והקריבו הקהל פר בן בקר לחטאת והביאו אתו לפני אהל מועד,55.44921982074017,139.26590435368058,0.0625,49.28819539621348,123.7919149810494,0.060199774373704586,-0.09826870667427043,0.060199774373704586,0.47599826270716666,0.5391405368300685,0.7081065677668773,0.5396339731824624,False,0.9981896342751744,1.0,False,73.81,4,1,False
Lev.4.15,וסמכו זקני העדה את ידיהם על ראש הפר לפני יהוה ושחט את הפר לפני יהוה,17.957337743665487,58.22947555709174,0.0,17.957337743665487,58.22947555709174,-0.3447302323434072,-0.09893284021253508,0.0,0.6348514061713885,0.539404202957362,0.7081065677668773,0.5396339731824624,False,1.0,1.0,False,34.87,4,1,False
Lev.4.16,והביא הכהן המשיח מדם הפר אל אהל מועד,711.1962517363756,66.89370609643147,0.0,711.1962517363756,66.89370609643147,8.614910809490706,-0.09884507340374961,8.614910809490706,3.499803192462004e-18,0.5393693598495402,1.0021103141082872e-15,0.5396339731824624,False,7.656863637914769e-17,1.3154491729937573e-14,True,99.53,4,1,False
Lev.4.17,וטבל הכהן אצבעו מן הדם והזה שבע פעמים לפני יהוה את פני הפרכת,95.96013987992943,265.60721951226753,0.0,95.96013987992943,265.60721951226753,0.6634028849580332,-0.09683214786398342,0.6634028849580332,0.2535362793555326,0.5385701532076367,0.7081065677668773,0.5396339731824624,False,0.802477313720019,1.0,False,90.22,4,1,False
Lev.4.18,ומן הדם יתן על קרנת המזבח אשר לפני יהוה אשר באהל מועד ואת כל הדם ישפך אל יסוד מזבח העלה אשר פתח אהל מועד,21.323859550192843,34.8924230267279,0.0,21.323859550192843,34.8924230267279,-0.3012202297495407,-0.09916923958092091,0.0,0.6183767176617088,0.5394980511517927,0.7081065677668773,0.5396339731824624,False,1.0,1.0,False,34.87,4,1,False
Lev.4.19,ואת כל חלבו ירים ממנו והקטיר המזבחה,25.469134034201456,32394.176956358446,0.0,25.469134034201456,32394.176956358446,-0.2476453789341379,0.2286234161173173,0.2286234161173173,0.5977956016060605,0.4095808115558191,0.7081065677668773,0.5396339731824624,False,0.9742042128504209,1.0,False,81.37,4,1,False
Lev.4.20,ועשה לפר כאשר עשה לפר החטאת כן יעשה לו וכפר עלהם הכהן ונסלח להם,62.57521219501312,185.6157129590785,0.14285714285714285,48.66960948501021,144.36777674594995,0.05220497257298593,-0.09806027757985553,0.05220497257298593,0.479182685399149,0.539057785321883,0.7081065677668773,0.5396339731824624,False,0.9986382484455647,1.0,False,73.11,4,1,False
Lev.4.21,והוציא את הפר אל מחוץ למחנה ושרף אתו כאשר שרף את הפר הראשון חטאת הקהל הוא,20.859855826885894,18.68077602167807,0.0,20.859855826885894,18.68077602167807,-0.30721716200333005,-0.09933346010994881,0.0,0.620660958305653,0.5395632437712615,0.7081065677668773,0.5396339731824624,False,1.0,1.0,False,34.87,4,1,False
Lev.4.22,אשר נשיא יחטא ועשה אחת מכל מצות יהוה אלהיו אשר לא תעשינה בשגגה ואשם,12.946556919512172,80.3110515776063,0.0,12.946556919512172,80.3110515776063,-0.4094911634128242,-0.09870915855361857,0.0,0.6589103748371685,0.5393154015458514,0.7081065677668773,0.5396339731824624,False,1.0,1.0,False,34.87,4,1,False
Lev.4.23,או הודע אליו חטאתו אשר חטא בה והביא את קרבנו שעיר עזים זכר תמים,36.894166378171924,14.724581371088759,0.0,36.894166378171924,14.724581371088759,-0.0999846134647655,-0.09937353551858895,0.0,0.5398217295479723,0.5395791528319779,0.7081065677668773,0.5396339731824624,False,1.0,1.0,False,34.87,4,1,False
Lev.4.24,וסמך ידו על ראש השעיר ושחט אתו במקום אשר ישחט את העלה לפני יהוה חטאת הוא,23.19282987937206,75.12116826308183,0.0,23.19282987937206,75.12116826308183,-0.277065060544108,-0.0987617309654925,0.0,0.6091349251971706,0.5393362729211176,0.7081065677668773,0.5396339731824624,False,1.0,1.0,False,34.87,4,1,False
Lev.4.25,ולקח הכהן מדם החטאת באצבעו ונתן על קרנת מזבח העלה ואת דמו ישפך אל יסוד מזבח העלה,46.963802964641545,61.80524655935792,0.0,46.963802964641545,61.80524655935792,0.030158584522871262,-0.09889661841437405,0.030158584522871262,0.48797028912871643,0.5393898230702537,0.7081065677668773,0.5396339731824624,False,0.9995453332820412,1.0,False,71.36,4,1,False
Lev.4.26,ואת כל חלבו יקטיר המזבחה כחלב זבח השלמים וכפר עליו הכהן מחטאתו ונסלח לו,14.415533647665969,4693.931182608596,0.07142857142857142,12.613591941707723,4107.189784782522,-0.41379450908545545,-0.05791773522124086,0.0,0.6604876971918769,0.5230929219142654,0.7081065677668773,0.5396339731824624,False,1.0,1.0,False,34.87,4,1,False
Lev.4.27,ואם נפש אחת תחטא בשגגה מעם הארץ בעשתה אחת ממצות יהוה אשר לא תעשינה ואשם,16.798030449089737,2307.8438080870415,0.13333333333333333,13.261602986123478,1821.9819537529274,-0.405419407469088,-0.08106640351098678,0.0,0.6574153761509101,0.532305428082123,0.7081065677668773,0.5396339731824624,False,1.0,1.0,False,34.87,4,1,False
Lev.4.28,או הודע אליו חטאתו אשר חטא והביא קרבנו שעירת עזים תמימה נקבה על חטאתו אשר חטא,59.55556670620244,134.26802646934226,0.0625,52.93828151662439,119.34935686163756,0.10737465268846484,-0.09831370884119275,0.10737465268846484,0.45724588122909565,0.5391584035815838,0.7081065677668773,0.5396339731824624,False,0.9942519257391903,1.0,False,76.95,4,1,False
Lev.4.29,וסמך את ידו על ראש החטאת ושחט את החטאת במקום העלה,54.04063797278361,89.29170571310705,0.0,54.04063797278361,89.29170571310705,0.12162185945654705,-0.09861818644124226,0.12162185945654705,0.4515992503315273,0.539279285140338,0.7081065677668773,0.5396339731824624,False,0.9926313443014952,1.0,False,77.3,4,1,False
Lev.4.30,ולקח הכהן מדמה באצבעו ונתן על קרנת מזבח העלה ואת כל דמה ישפך אל יסוד המזבח,47.23371897907613,182.49814316383436,0.0,47.23371897907613,182.49814316383436,0.03364706526444981,-0.09767402509463786,0.03364706526444981,0.48657929542154926,0.5389044290585064,0.7081065677668773,0.5396339731824624,False,0.9994340976826962,1.0,False,71.59,4,1,False
Lev.4.31,ואת כל חלבה יסיר כאשר הוסר חלב מעל זבח השלמים והקטיר הכהן המזבחה לריח ניחח ליהוה וכפר עליו הכהן ונסלח לו,15.533664426712559,1238.9972447256741,0.047619047619047616,14.18291099830277,1131.2583538799631,-0.39351212859094503,-0.08806328636612495,0.0,0.6530293661266416,0.5350868118956504,0.7081065677668773,0.5396339731824624,False,1.0,1.0,False,34.87,4,1,False
Lev.4.32,ואם כבש יביא קרבנו לחטאת נקבה תמימה יביאנה,164.42815643485415,1069.6175245213894,0.125,131.5425251478833,855.6940196171115,1.1232809918821716,-0.09085469434211696,1.1232809918821716,0.13065908703576234,0.5361959750419,0.7081065677668773,0.5396339731824624,False,0.5321232767010375,1.0,False,93.6,4,1,False
Lev.4.33,וסמך את ידו על ראש החטאת ושחט אתה לחטאת במקום אשר ישחט את העלה,23.915258300713802,133.51815467987387,0.0,23.915258300713802,133.51815467987387,-0.2677281649905082,-0.09817018193904177,0.0,0.6055457157744113,0.5391014202831428,0.7081065677668773,0.5396339731824624,False,1.0,1.0,False,34.87,4,1,False
Lev.4.34,ולקח הכהן מדם החטאת באצבעו ונתן על קרנת מזבח העלה ואת כל דמה ישפך אל יסוד המזבח,28.60960782897529,96.18214096522114,0.0,28.60960782897529,96.18214096522114,-0.20705689301028507,-0.09854838780067342,0.0,0.5820172865466613,0.5392515744944393,0.7081065677668773,0.5396339731824624,False,1.0,1.0,False,34.87,4,1,False
Lev.4.35,ואת כל חלבה יסיר כאשר יוסר חלב הכשב מזבח השלמים והקטיר הכהן אתם המזבחה על אשי יהוה וכפר עליו הכהן על חטאתו אשר חטא ונסלח לו,15.168618851767748,1393.4547107387955,0.07692307692307693,13.146136338198716,1207.6607493069562,-0.40691173528973973,-0.08728934638383255,0.0,0.6579635917448556,0.5347792389741793,0.7081065677668773,0.5396339731824624,False,1.0,1.0,False,34.87,4,1,False
Lev.5.1,ונפש כי תחטא ושמעה קול אלה והוא עד או ראה או ידע אם לוא יגיד ונשא עונו,22.163712573490074,52.39909429764891,0.058823529411764705,19.830690197333222,46.88340016105428,-0.3205184271620862,-0.09904777353814642,0.0,0.625712318136111,0.5394498306172335,0.7081065677668773,0.5396339731824624,False,1.0,1.0,False,34.87,5,1,False
Lev.5.2,או נפש אשר תגע בכל דבר טמא או בנבלת חיה טמאה או בנבלת בהמה טמאה או בנבלת שרץ טמא ונעלם ממנו והוא טמא ואשם,20.85020473505923,166.83735377516103,0.0,20.85020473505923,166.83735377516103,-0.30734189579522103,-0.09783266555341426,0.0,0.6207084252192859,0.5389674157831118,0.7081065677668773,0.5396339731824624,False,1.0,1.0,False,34.87,5,1,False
Lev.5.3,או כי יגע בטמאת אדם לכל טמאתו אשר יטמא בה ונעלם ממנו והוא ידע ואשם,56.652509403445,1782.8754167130157,0.06666666666666667,49.987508297157355,1573.125367687955,0.06923791756202348,-0.08358726768986595,0.06923791756202348,0.4724001208311541,0.5333077047906388,0.7081065677668773,0.5396339731824624,False,0.997605925763742,1.0,False,74.85,5,1,False
Lev.5.4,או נפש כי תשבע לבטא בשפתים להרע או להיטיב לכל אשר יבטא האדם בשבעה ונעלם ממנו והוא ידע ואשם לאחת מאלה,32.2632922290744,1312.9583618496795,0.14285714285714285,25.093671733724538,1021.1898369941953,-0.25249797357231174,-0.08917825698364859,0.0,0.5996719098837512,0.5355298775337637,0.7081065677668773,0.5396339731824624,False,1.0,1.0,False,34.87,5,1,False
Lev.5.5,והיה כי יאשם לאחת מאלה והתודה אשר חטא עליה,103.07693338926921,1815.7459982813587,0.1111111111111111,84.33567277303844,1485.6103622302023,0.513164560942878,-0.0844737760433771,0.513164560942878,0.30391810680151254,0.533660124005565,0.7081065677668773,0.5396339731824624,False,0.8766311704283631,1.0,False,87.43,5,1,False
Lev.5.6,והביא את אשמו ליהוה על חטאתו אשר חטא נקבה מן הצאן כשבה או שעירת עזים לחטאת וכפר עליו הכהן מחטאתו,17.790001724016395,384.87748547376503,0.1,14.82500143668033,320.7312378948042,-0.38521354677717606,-0.09627375330616313,0.0,0.6499603962596294,0.5383484219664545,0.7081065677668773,0.5396339731824624,False,1.0,1.0,False,34.87,5,1,False
Lev.5.7,ואם לא תגיע ידו די שה והביא את אשמו אשר חטא שתי תרים או שני בני יונה ליהוה אחד לחטאת ואחד לעלה,34.48040551979723,62.25965129780655,0.045454545454545456,31.607038393147462,57.07134702298934,-0.16831714346545876,-0.09894457180775754,0.0,0.5668331061342535,0.5394088603356074,0.7081065677668773,0.5396339731824624,False,1.0,1.0,False,34.87,5,1,False
Lev.5.8,והביא אתם אל הכהן והקריב את אשר לחטאת ראשונה ומלק את ראשו ממול ערפו ולא יבדיל,48.68450065720102,3187.572754657223,0.125,38.94760052576082,2550.058203725778,-0.07344537497990085,-0.07369114627118023,0.0,0.5292741444722077,0.5293719280564866,0.7081065677668773,0.5396339731824624,False,1.0,1.0,False,34.87,5,1,False
Lev.5.9,והזה מדם החטאת על קיר המזבח והנשאר בדם ימצה אל יסוד המזבח חטאת הוא,157.8425195225341,2157.2944170014184,0.14285714285714285,122.7664040730821,1677.8956576677701,1.009855601323786,-0.0825259669817065,1.009855601323786,0.15628223840506622,0.5328857649537029,0.7081065677668773,0.5396339731824624,False,0.6005531284046939,1.0,False,92.9,5,1,False
Lev.5.10,ואת השני יעשה עלה כמשפט וכפר עליו הכהן מחטאתו אשר חטא ונסלח לו,34.21263154177003,797.3242594734601,0.0,34.21263154177003,797.3242594734601,-0.13464162577378164,-0.09144596757222341,0.0,0.5535523856810819,0.5364308810549759,0.7081065677668773,0.5396339731824624,False,1.0,1.0,False,34.87,5,1,False
Lev.5.11,ואם לא תשיג ידו לשתי תרים או לשני בני יונה והביא את קרבנו אשר חטא עשירת האפה סלת לחטאת לא ישים עליה שמן ולא יתן עליה לבנה כי חטאת היא,17.108795623842422,116.05164946098397,0.06666666666666667,15.095996138684491,102.39851423027997,-0.38171112473307595,-0.09848541726437288,0.0,0.6486621762652407,0.5392265744996656,0.7081065677668773,0.5396339731824624,False,1.0,1.0,False,34.87,5,1,False
Lev.5.12,והביאה אל הכהן וקמץ הכהן ממנה מלוא קמצו את אזכרתה והקטיר המזבחה על אשי יהוה חטאת הוא,26.056096212188375,22656.667494862282,0.11764705882352941,21.093030267009638,18341.11178155518,-0.30420354109793846,0.08626886097861308,0.08626886097861308,0.6195135863989071,0.46562634575347783,0.7081065677668773,0.5396339731824624,False,0.9962857567420127,1.0,False,75.9,5,1,False
Lev.5.13,וכפר עליו הכהן על חטאתו אשר חטא מאחת מאלה ונסלח לו והיתה לכהן כמנחה,43.66118339275809,254.20069347013973,0.14285714285714285,33.95869819436741,197.71165047677536,-0.1379235414241526,-0.09751991550796092,0.0,0.5548495775752308,0.5388432403401067,0.7081065677668773,0.5396339731824624,False,1.0,1.0,False,34.87,5,1,False
Lev.5.14,וידבר יהוה אל משה לאמר,6.216105280374666,1.708478018312369,0.0,6.216105280374666,1.708478018312369,-0.4964776691021604,-0.09950538587147467,0.0,0.6902212806194521,0.5396314940910326,0.7081065677668773,0.5396339731824624,False,1.0,1.0,False,34.87,5,1,False
Lev.5.15,נפש כי תמעל מעל וחטאה בשגגה מקדשי יהוה והביא את אשמו ליהוה איל תמים מן הצאן בערכך כסף שקלים בשקל הקדש לאשם,17.920077220013937,2123.5586256409606,0.045454545454545456,16.426737451679443,1946.5954068375474,-0.3645121991630968,-0.07980409578968162,0.0,0.6422622170585737,0.5318034666261902,0.7081065677668773,0.5396339731824624,False,1.0,1.0,False,34.87,5,1,False
Lev.5.16,ואת אשר חטא מן הקדש ישלם ואת חמישתו יוסף עליו ונתן אתו לכהן והכהן יכפר עליו באיל האשם ונסלח לו,40.68036154195576,1514.2207222211418,0.1,33.900301284963135,1261.8506018509515,-0.13867828172457997,-0.08674041472686113,0.0,0.5551478095401805,0.534561074421471,0.7081065677668773,0.5396339731824624,False,1.0,1.0,False,34.87,5,1,False
Lev.5.17,ואם נפש כי תחטא ועשתה אחת מכל מצות יהוה אשר לא תעשינה ולא ידע ואשם ונשא עונו,12.647554842754397,258.28757481708953,0.0,12.647554842754397,258.28757481708953,-0.41335556170962956,-0.09690629430473455,0.0,0.6603269361841235,0.5385995948980264,0.7081065677668773,0.5396339731824624,False,1.0,1.0,False,34.87,5,1,False
Lev.5.18,והביא איל תמים מן הצאן בערכך לאשם אל הכהן וכפר עליו הכהן על שגגתו אשר שגג והוא לא ידע ונסלח לו,12.279734548807324,1174.991788422863,0.047619047619047616,11.211931544563209,1072.8185894295705,-0.4319100155399901,-0.0886552687249389,0.0,0.6670965924089989,0.5353220585617151,0.7081065677668773,0.5396339731824624,False,1.0,1.0,False,34.87,5,1,False
Lev.5.19,אשם הוא אשם אשם ליהוה,129.77260044258787,3095.5523482940675,0.0,129.77260044258787,3095.5523482940675,1.1004059199402525,-0.06816540684601784,1.1004059199402525,0.13557765014583362,0.5271730178832915,0.7081065677668773,0.5396339731824624,False,0.5458306073508039,1.0,False,93.36,5,1,False
Lev.5.20,וידבר יהוה אל משה לאמר,4.874392984383833,1.708478018312369,0.0,4.874392984383833,1.708478018312369,-0.5138183871588784,-0.09950538587147467,0.0,0.6963105143556498,0.5396314940910326,0.7081065677668773,0.5396339731824624,False,1.0,1.0,False,34.87,5,1,False
Lev.5.21,נפש כי תחטא ומעלה מעל ביהוה וכחש בעמיתו בפקדון או בתשומת יד או בגזל או עשק את עמיתו,12.82358102632448,13018.36632811424,0.2222222222222222,8.877863787455409,9012.715150232936,-0.4620762523869087,-0.008225808767188869,0.0,0.6779866803153628,0.503281585900187,0.7081065677668773,0.5396339731824624,False,1.0,1.0,False,34.87,5,1,False
Lev.5.22,או מצא אבדה וכחש בה ונשבע על שקר על אחת מכל אשר יעשה האדם לחטא בהנה,130.11357544232035,67.10953198102365,0.125,104.09086035385629,53.68762558481892,0.7684869121057678,-0.09897884818476516,0.7684869121057678,0.2210989816343379,0.539422467836224,0.7081065677668773,0.5396339731824624,False,0.7443186319805186,1.0,False,91.04,5,1,False
Lev.5.23,והיה כי יחטא ואשם והשיב את הגזלה אשר גזל או את העשק אשר עשק או את הפקדון אשר הפקד אתו או את האבדה אשר מצא,7.853741913810887,75.70376281775333,0.16,5.949804480159762,57.35133546799494,-0.49991942566100206,-0.09894173558448262,0.0,0.6914340932716263,0.5394077343711912,0.7081065677668773,0.5396339731824624,False,1.0,1.0,False,34.87,5,1,False
Lev.5.24,או מכל אשר ישבע עליו לשקר ושלם אתו בראשו וחמשתיו יסף עליו לאשר הוא לו יתננו ביום אשמתו,118.88677139996734,753.5484537385048,0.16666666666666666,89.16507854997552,565.1613403038787,0.5755813429978611,-0.09379772846331678,0.5755813429978611,0.28244909734392576,0.5373650819226525,0.7081065677668773,0.5396339731824624,False,0.8473453441119162,1.0,False,88.71,5,1,False
Lev.5.25,ואת אשמו יביא ליהוה איל תמים מן הצאן בערכך לאשם אל הכהן,72.7609543564203,3362.42006729156,0.0,72.7609543564203,3362.42006729156,0.3635692048831407,-0.06546209372918385,0.3635692048831407,0.3580898630866972,0.5260969568030884,0.7081065677668773,0.5396339731824624,False,0.9360454150119737,1.0,False,84.4,5,1,False
Lev.5.26,וכפר עליו הכהן לפני יהוה ונסלח לו על אחת מכל אשר יעשה לאשמה בה,45.28027268836054,56.89656154239454,0.07142857142857142,39.620238602315474,49.78449134959522,-0.06475198573795933,-0.09901838610270622,0.0,0.5258142644990252,0.5394381640773186,0.7081065677668773,0.5396339731824624,False,1.0,1.0,False,34.87,5,1,False
Lev.6.1,וידבר יהוה אל משה לאמר,3.8271345193185793,1.708478018312369,0.0,3.8271345193185793,1.708478018312369,-0.5273534898999596,-0.09950538587147467,0.0,0.7010259323128814,0.5396314940910326,0.7081065677668773,0.5396339731824624,False,1.0,1.0,False,34.87,6,1,False
Lev.6.2,צו את אהרן ואת בניו לאמר זאת תורת העלה הוא העלה על מוקדה על המזבח כל הלילה עד הבקר ואש המזבח תוקד בו,12.01527928230438,19.986196949827615,0.043478260869565216,11.05405693972003,18.387301193841406,-0.4339504373346489,-0.0993364329474075,0.0,0.6678377837877797,0.5395644239248869,0.7081065677668773,0.5396339731824624,False,1.0,1.0,False,34.87,6,1,False
Lev.6.3,ולבש הכהן מדו בד ומכנסי בד ילבש על בשרו והרים את הדשן אשר תאכל האש את העלה על המזבח ושמו אצל המזבח,25.077518067941416,3.909812467559214,0.09090909090909091,21.219438365181198,3.3083028571654887,-0.30256980248122545,-0.09948917998682232,0.0,0.61889113476621,0.5396250608012444,0.7081065677668773,0.5396339731824624,False,1.0,1.0,False,34.87,6,1,False
Lev.6.4,ופשט את בגדיו ולבש בגדים אחרים והוציא את הדשן אל מחוץ למחנה אל מקום טהור,18.982336017417833,3.0204599369048903,0.06666666666666667,16.749120015368675,2.665111709033727,-0.3603456239889396,-0.09949569537607175,0.0,0.6407056576508361,0.5396276472325457,0.7081065677668773,0.5396339731824624,False,1.0,1.0,False,34.87,6,1,False
Lev.6.5,והאש על המזבח תוקד בו לא תכבה ובער עליה הכהן עצים בבקר בבקר וערך עליה העלה והקטיר עליה חלבי השלמים,17.09361604097628,95.25690987893684,0.1,14.2446800341469,79.38075823244736,-0.39271380585185334,-0.09871858222693476,0.0,0.6527345636703077,0.5393191427750267,0.7081065677668773,0.5396339731824624,False,1.0,1.0,False,34.87,6,1,False
Lev.6.6,אש תמיד תוקד על המזבח לא תכבה,7.795409108540234,114.29492787156951,0.0,7.795409108540234,114.29492787156951,-0.4760662422322216,-0.09836490912962886,0.0,0.6829864070178625,0.5391787310139602,0.7081065677668773,0.5396339731824624,False,1.0,1.0,False,34.87,6,1,False
Lev.6.7,וזאת תורת המנחה הקרב אתה בני אהרן לפני יהוה אל פני המזבח,118.25043867508805,36.12954149607495,0.0,118.25043867508805,36.12954149607495,0.9514898227924964,-0.0991567078344893,0.9514898227924964,0.170677891202681,0.5394930762284682,0.7081065677668773,0.5396339731824624,False,0.6359302182217146,1.0,False,92.43,6,1,False
Lev.6.8,והרים ממנו בקמצו מסלת המנחה ומשמנה ואת כל הלבנה אשר על המנחה והקטיר המזבח ריח ניחח אזכרתה ליהוה,121.52336215658853,59078.700624542034,0.1111111111111111,99.42820540084516,48337.11869280712,0.7082252709346132,0.3901220180425164,0.8085655343582063,0.2394026876338763,0.3482231610892408,0.7081065677668773,0.5396339731824624,False,0.7211637072278114,1.0,False,91.39,6,1,False
Lev.6.9,והנותרת ממנה יאכלו אהרן ובניו מצות תאכל במקום קדש בחצר אהל מועד יאכלוה,49.60571952747225,381.09682477087995,0.07692307692307693,42.99162359047595,330.2839148014293,-0.021179129832089517,-0.0961769867250286,0.0,0.5084486187349534,0.538309995997574,0.7081065677668773,0.5396339731824624,False,1.0,1.0,False,34.87,6,1,False
Lev.6.10,לא תאפה חמץ חלקם נתתי אתה מאשי קדש קדשים הוא כחטאת וכאשם,199.74421069460314,82738.83193562245,0.16666666666666666,149.80815802095236,62054.12395171684,1.3593518624599084,0.5290723578565276,1.458682640542859,0.08701755857744742,0.2983776280031272,0.7081065677668773,0.5396339731824624,False,0.3451150211383335,1.0,False,95.23,6,1,False
Lev.6.11,כל זכר בבני אהרן יאכלנה חק עולם לדרתיכם מאשי יהוה כל אשר יגע בהם יקדש,24.40797226289951,4118.371884393868,0.06666666666666667,21.5364461143231,3633.8575450534127,-0.2984726931261942,-0.06271248993000404,0.0,0.6173287927153945,0.5250022742768418,0.7081065677668773,0.5396339731824624,False,1.0,1.0,False,34.87,6,1,False
Lev.6.12,וידבר יהוה אל משה לאמר,7.6986093240079745,1.708478018312369,0.0,7.6986093240079745,1.708478018312369,-0.47731731355096907,-0.09950538587147467,0.0,0.6834319079811083,0.5396314940910326,0.7081065677668773,0.5396339731824624,False,1.0,1.0,False,34.87,6,1,False
Lev.6.13,זה קרבן אהרן ובניו אשר יקריבו ליהוה ביום המשח אתו עשירת האפה סלת מנחה תמיד מחציתה בבקר ומחציתה בערב,20.315986543751265,2439.7284989701056,0.2631578947368421,13.310473942457726,1598.4428096700694,-0.4047877836273101,-0.08333080739840756,0.0,0.6571832453473511,0.5332057476431757,0.7081065677668773,0.5396339731824624,False,1.0,1.0,False,34.87,6,1,False
Lev.6.14,על מחבת בשמן תעשה מרבכת תביאנה תפיני מנחת פתים תקריב ריח ניחח ליהוה,99.78932355502252,35216.57600118358,0.38461538461538464,56.40266113979534,19905.021218060287,0.1521494009458638,0.10211093025970304,0.18323777527215057,0.43953455070565384,0.4593343126363818,0.7081065677668773,0.5396339731824624,False,0.9833520927324246,1.0,False,79.74,6,1,False
Lev.6.15,והכהן המשיח תחתיו מבניו יעשה אתה חק עולם ליהוה כליל תקטר,345.5749661996008,12125.757573582203,0.09090909090909091,292.40958678427756,10260.25640841571,3.2023782534820193,0.00441151829397124,3.2023812920806614,0.000681489497921746,0.4982400645402678,0.039026631914318655,0.5396339731824624,False,0.005930641044154252,0.2830233698293612,False,98.02,6,1,False
Lev.6.16,וכל מנחת כהן כליל תהיה לא תאכל,82.34688644666765,298.32565215140414,0.0,82.34688644666765,298.32565215140414,0.48746085153833413,-0.09650071711451738,0.48746085153833413,0.31296588969503525,0.5384385477946814,0.7081065677668773,0.5396339731824624,False,0.8879773519364901,1.0,False,87.08,6,1,False
Lev.6.17,וידבר יהוה אל משה לאמר,11.99711957936718,1.708478018312369,0.0,11.99711957936718,1.708478018312369,-0.42176199470591913,-0.09950538587147467,0.0,0.6634006256322934,0.5396314940910326,0.7081065677668773,0.5396339731824624,False,1.0,1.0,False,34.87,6,1,False
Lev.6.18,דבר אל אהרן ואל בניו לאמר זאת תורת החטאת במקום אשר תשחט העלה תשחט החטאת לפני יהוה קדש קדשים הוא,10.870457556839748,79.04066843084603,0.0,10.870457556839748,79.04066843084603,-0.43632333437332677,-0.09872202726414281,0.0,0.6686989229230901,0.5393205104652142,0.7081065677668773,0.5396339731824624,False,1.0,1.0,False,34.87,6,1,False
Lev.6.19,הכהן המחטא אתה יאכלנה במקום קדש תאכל בחצר אהל מועד,71.35233720223877,2031.9995985692892,0.2,50.96595514445627,1451.4282846923495,0.08188367698689718,-0.08482003320372546,0.08188367698689718,0.4673696073616096,0.5337977666302016,0.7081065677668773,0.5396339731824624,False,0.9966531449688352,1.0,False,75.67,6,1,False
Lev.6.20,כל אשר יגע בבשרה יקדש ואשר יזה מדמה על הבגד אשר יזה עליה תכבס במקום קדש,55.3795142958072,501.21026143484215,0.125,44.30361143664576,400.9682091478737,-0.004222580054426357,-0.09546096988800272,0.0,0.5016845607100848,0.5380256549215714,0.7081065677668773,0.5396339731824624,False,1.0,1.0,False,34.87,6,1,False
Lev.6.21,וכלי חרש אשר תבשל בו ישבר ואם בכלי נחשת בשלה ומרק ושטף במים,100.40724168953552,4998.164547850861,0.15384615384615385,76.78200835082129,3822.1258307094818,0.4155385904333075,-0.06080537232128838,0.4155385904333075,0.33887383552375644,0.5242428941264988,0.7081065677668773,0.5396339731824624,False,0.9172858245193868,1.0,False,86.26,6,1,False
Lev.6.22,כל זכר בכהנים יאכל אתה קדש קדשים הוא,219.88381825406978,1626.1426496473093,0.0,219.88381825406978,1626.1426496473093,2.265032067055093,-0.08305021392301094,2.265032067055093,0.011755355884566387,0.5330941937246682,0.3883788732631741,0.5396339731824624,False,0.07690494252771753,1.0,False,96.97,6,1,False
Lev.6.23,וכל חטאת אשר יובא מדמה אל אהל מועד לכפר בקדש לא תאכל באש תשרף,27.142524956086536,48.17406630374537,0.0,27.142524956086536,48.17406630374537,-0.22601794042754558,-0.09903469936519625,0.0,0.5894062665506833,0.5394446402957549,0.7081065677668773,0.5396339731824624,False,1.0,1.0,False,34.87,6,1,False
Lev.7.1,וזאת תורת האשם קדש קדשים הוא,118.92061992684174,24.481286233134238,0.0,118.92061992684174,24.481286233134238,0.9601514592463659,-0.0992747021777498,0.9601514592463659,0.16848949637548877,0.539539918042817,0.7081065677668773,0.5396339731824624,False,0.6306871041875404,1.0,False,92.55,7,1,False
Lev.7.2,במקום אשר ישחטו את העלה ישחטו את האשם ואת דמו יזרק על המזבח סביב,16.657184982490328,416.0494876812343,0.21428571428571427,11.660029487743229,291.23464137686403,-0.4261186546665014,-0.09657254754238043,0.0,0.6649893061654111,0.5384670707718405,0.7081065677668773,0.5396339731824624,False,1.0,1.0,False,34.87,7,1,False
Lev.7.3,ואת כל חלבו יקריב ממנו את האליה ואת החלב המכסה את הקרב,54.19271871558281,874.0315985836667,0.0,54.19271871558281,874.0315985836667,0.1235873995284517,-0.09066893857541168,0.1235873995284517,0.4508209848569406,0.5361221738161651,0.7081065677668773,0.5396339731824624,False,0.9923921645400953,1.0,False,77.53,7,1,False
Lev.7.4,ואת שתי הכלית ואת החלב אשר עליהן אשר על הכסלים ואת היתרת על הכבד על הכלית יסירנה,84.57137431380926,3611.2711534465047,0.0,84.57137431380926,3611.2711534465047,0.5162108429038124,-0.06294128526322108,0.5162108429038124,0.3028535790392533,0.5250933704428854,0.7081065677668773,0.5396339731824624,False,0.8752577914941013,1.0,False,87.54,7,1,False
Lev.7.5,והקטיר אתם הכהן המזבחה אשה ליהוה אשם הוא,56.792154623375595,21064.735048818722,0.0,56.792154623375595,21064.735048818722,0.15718333907393786,0.11385858419941594,0.19408858616190702,0.43755017928561585,0.4546749485083917,0.7081065677668773,0.5396339731824624,False,0.9813410840938943,1.0,False,80.09,7,1,False
Lev.7.6,כל זכר בכהנים יאכלנו במקום קדוש יאכל קדש קדשים הוא,81.63782762788846,3890.1551635521505,0.0,81.63782762788846,3890.1551635521505,0.478296748996515,-0.06011624967845281,0.478296748996515,0.31621950496809803,0.5239684760010169,0.7081065677668773,0.5396339731824624,False,0.8919154926691442,1.0,False,86.96,7,1,False
Lev.7.7,כחטאת כאשם תורה אחת להם הכהן אשר יכפר בו לו יהיה,519.8488684384798,10884.948739647745,0.09090909090909091,439.87211944794444,9210.3412412404,5.10823110322566,-0.006223898584660851,5.10823110322566,1.6259438348769517e-07,0.502482960263972,1.9952653630847165e-05,0.5396339731824624,False,2.156524840602382e-06,0.00020582831534193843,True,99.07,7,1,False
Lev.7.8,והכהן המקריב את עלת איש עור העלה אשר הקריב לכהן לו יהיה,255.32681829453492,910.5877736318316,0.0,255.32681829453492,910.5877736318316,2.7231087148002584,-0.0902986323132672,2.7231087148002584,0.003233538636618209,0.5359750465156103,0.14618998362394955,0.5396339731824624,False,0.02453485458466844,1.0,False,97.67,7,1,False
Lev.7.9,וכל מנחה אשר תאפה בתנור וכל נעשה במרחשת ועל מחבת לכהן המקריב אתה לו תהיה,113.88888650498426,2906.5732586600225,0.26666666666666666,74.27536076412018,1895.5912556478409,0.383141876772398,-0.08032075697089183,0.383141876772398,0.3508072855860226,0.5320089250638934,0.7081065677668773,0.5396339731824624,False,0.9292301337175469,1.0,False,84.63,7,1,False
Lev.7.10,וכל מנחה בלולה בשמן וחרבה לכל בני אהרן תהיה איש כאחיו,59.2553606342878,5711.179663202048,0.18181818181818182,43.453931131811046,4188.198419681501,-0.015204119575612657,-0.05709713501480943,0.0,0.5060653324517399,0.5227660906854428,0.7081065677668773,0.5396339731824624,False,1.0,1.0,False,34.87,7,1,False
Lev.7.11,וזאת תורת זבח השלמים אשר יקריב ליהוה,104.86764106361,5.044802082464946,0.0,104.86764106361,5.044802082464946,0.77852627398684,-0.09947158961976423,0.77852627398684,0.21812941178714268,0.5396180778983395,0.7081065677668773,0.5396339731824624,False,0.7385610006745846,1.0,False,91.27,7,1,False
Lev.7.12,אם על תודה יקריבנו והקריב על זבח התודה חלות מצות בלולת בשמן ורקיקי מצות משחים בשמן וסלת מרבכת חלת בלולת בשמן,21.453298102908427,7287.7594379878765,0.14285714285714285,16.685898524484333,5668.257340657238,-0.361162718720669,-0.04210445358525638,0.0,0.6410110950043297,0.516792285063286,0.7081065677668773,0.5396339731824624,False,1.0,1.0,False,34.87,7,1,False
Lev.7.13,על חלת לחם חמץ יקריב קרבנו על זבח תודת שלמיו,27.858242613890006,1202.9644784937107,0.0,27.858242613890006,1202.9644784937107,-0.21676777692433408,-0.08733691860627049,0.0,0.5858053374172819,0.5347981453404264,0.7081065677668773,0.5396339731824624,False,1.0,1.0,False,34.87,7,1,False
Lev.7.14,והקריב ממנו אחד מכל קרבן תרומה ליהוה לכהן הזרק את דם השלמים לו יהיה,117.65004532512708,1166.5905577588483,0.07142857142857142,102.9437896594862,1020.7667380389922,0.7536618042479717,-0.08918254288589116,0.7536618042479717,0.2255261613331197,0.5355315805756266,0.7081065677668773,0.5396339731824624,False,0.7527643430570811,1.0,False,90.8,7,1,False
Lev.7.15,ובשר זבח תודת שלמיו ביום קרבנו יאכל לא יניח ממנו עד בקר,29.31556240189886,3481.4579401889296,0.0,29.31556240189886,3481.4579401889296,-0.19793291073293848,-0.06425626544687106,0.0,0.5784512227492214,0.5256169117160192,0.7081065677668773,0.5396339731824624,False,1.0,1.0,False,34.87,7,1,False
Lev.7.16,ואם נדר או נדבה זבח קרבנו ביום הקריבו את זבחו יאכל וממחרת והנותר ממנו יאכל,25.60543227668671,3519.024778809456,0.06666666666666667,22.59302847942945,3105.0218636554027,-0.28481708532431516,-0.06806948267361317,0.0,0.6121078590322213,0.5271348383542944,0.7081065677668773,0.5396339731824624,False,1.0,1.0,False,34.87,7,1,False
Lev.7.17,והנותר מבשר הזבח ביום השלישי באש ישרף,327.04061302225415,8391.428786950219,0.0,327.04061302225415,8391.428786950219,3.6499606925801684,-0.01451930721459024,3.6499606925801684,0.00013114022092099186,0.5057921620214377,0.008665342290087077,0.5396339731824624,False,0.0012797295292013735,0.06870547909899874,False,98.25,7,1,False
Lev.7.18,ואם האכל יאכל מבשר זבח שלמיו ביום השלישי לא ירצה המקריב אתו לא יחשב לו פגול יהיה והנפש האכלת ממנו עונה תשא,37.19682228804842,3069.6489711923,0.045454545454545456,34.097087097377724,2813.8448902596087,-0.13613495906081652,-0.07101904335655314,0.0,0.5541427042783095,0.5283087003242076,0.7081065677668773,0.5396339731824624,False,1.0,1.0,False,34.87,7,1,False
Lev.7.19,והבשר אשר יגע בכל טמא לא יאכל באש ישרף והבשר כל טהור יאכל בשר,52.17297139286326,105.38197802304556,0.0,52.17297139286326,105.38197802304556,0.09748354032275958,-0.09845519541200767,0.09748354032275958,0.46117120244501303,0.5392145760371592,0.7081065677668773,0.5396339731824624,False,0.9952597502978139,1.0,False,76.6,7,1,False
Lev.7.20,והנפש אשר תאכל בשר מזבח השלמים אשר ליהוה וטמאתו עליו ונכרתה הנפש ההוא מעמיה,14.468404442681821,4761.6340932845405,0.07142857142857142,12.659853887346594,4166.429831623973,-0.4131966049308346,-0.057317646172366954,0.0,0.6602687123239588,0.5228539180759514,0.7081065677668773,0.5396339731824624,False,1.0,1.0,False,34.87,7,1,False
Lev.7.21,ונפש כי תגע בכל טמא בטמאת אדם או בבהמה טמאה או בכל שקץ טמא ואכל מבשר זבח השלמים אשר ליהוה ונכרתה הנפש ההוא מעמיה,8.967462963807929,204.9215676365536,0.041666666666666664,8.277658120438089,189.15837012604948,-0.46983350204385216,-0.09760655841498217,0.0,0.680763011603955,0.5388776417424344,0.7081065677668773,0.5396339731824624,False,1.0,1.0,False,34.87,7,1,False
Lev.7.22,וידבר יהוה אל משה לאמר,7.642992063564011,1.708478018312369,0.0,7.642992063564011,1.708478018312369,-0.478036128780827,-0.09950538587147467,0.0,0.6836877546378191,0.5396314940910326,0.7081065677668773,0.5396339731824624,False,1.0,1.0,False,34.87,7,1,False
Lev.7.23,דבר אל בני ישראל לאמר כל חלב שור וכשב ועז לא תאכלו,9.645301534042828,4.2592452808520225,0.08333333333333333,8.267401314893851,3.6507816693017334,-0.46996606427320387,-0.09948571074944673,0.0,0.6808103684197272,0.5396236836082244,0.7081065677668773,0.5396339731824624,False,1.0,1.0,False,34.87,7,1,False
Lev.7.24,וחלב נבלה וחלב טרפה יעשה לכל מלאכה ואכל לא תאכלהו,47.33519164747021,83.72829486501118,0.1,39.44599303955851,69.77357905417598,-0.0670039910191447,-0.0988159009044652,0.0,0.5267107370154845,0.5393577784051671,0.7081065677668773,0.5396339731824624,False,1.0,1.0,False,34.87,7,1,False
Lev.7.25,כי כל אכל חלב מן הבהמה אשר יקריב ממנה אשה ליהוה ונכרתה הנפש האכלת מעמיה,20.018854163499764,355.6509092231773,0.0,20.018854163499764,355.6509092231773,-0.3180865359917677,-0.09592002447791767,0.0,0.6247903518091403,0.5382079546619856,0.7081065677668773,0.5396339731824624,False,1.0,1.0,False,34.87,7,1,False
Lev.7.26,וכל דם לא תאכלו בכל מושבתיכם לעוף ולבהמה,63.06136471664333,4420.093400680064,0.125,50.44909177331466,3536.0747205440516,0.07520356976898393,-0.06370300910216259,0.07520356976898393,0.4700263720675292,0.5253966456505706,0.7081065677668773,0.5396339731824624,False,0.997176205974749,1.0,False,75.32,7,1,False
Lev.7.27,כל נפש אשר תאכל כל דם ונכרתה הנפש ההוא מעמיה,10.075622712857433,923.8237491131475,0.0,10.075622712857433,923.8237491131475,-0.44659603364897454,-0.09016455470257997,0.0,0.6724166200360385,0.5359217745929862,0.7081065677668773,0.5396339731824624,False,1.0,1.0,False,34.87,7,1,False
Lev.7.28,וידבר יהוה אל משה לאמר,5.989839237509378,1.708478018312369,0.0,5.989839237509378,1.708478018312369,-0.4994020036758692,-0.09950538587147467,0.0,0.6912518960375622,0.5396314940910326,0.7081065677668773,0.5396339731824624,False,1.0,1.0,False,34.87,7,1,False
Lev.7.29,דבר אל בני ישראל לאמר המקריב את זבח שלמיו ליהוה יביא את קרבנו ליהוה מזבח שלמיו,14.262412533516654,133.0736071035829,0.0,14.262412533516654,133.0736071035829,-0.392484625368876,-0.09817468511124469,0.0,0.6526499154383968,0.5391032081525504,0.7081065677668773,0.5396339731824624,False,1.0,1.0,False,34.87,7,1,False
Lev.7.30,ידיו תביאינה את אשי יהוה את החלב על החזה יביאנו את החזה להניף אתו תנופה לפני יהוה,67.28402664965391,480.5655158245465,0.17647058823529413,49.73167187148332,355.20059865292563,0.06593140592051266,-0.09592458602802116,0.06593140592051266,0.47371621833207506,0.5382097661043661,0.7081065677668773,0.5396339731824624,False,0.9978288851434537,1.0,False,74.51,7,1,False
Lev.7.31,והקטיר הכהן את החלב המזבחה והיה החזה לאהרן ולבניו,44.49493431780318,15995.966861133275,0.0,44.49493431780318,15995.966861133275,-0.0017498620582782293,0.06251304274751135,0.06251304274751135,0.500698093603655,0.47507713782221866,0.7081065677668773,0.5396339731824624,False,0.9980479674417755,1.0,False,74.04,7,1,False
Lev.7.32,ואת שוק הימין תתנו תרומה לכהן מזבחי שלמיכם,240.02828237868795,10931.414012842682,0.125,192.02262590295035,8745.131210274147,1.904945122388641,-0.010936377049715066,1.904945122388641,0.028393602486901235,0.504362896229147,0.7081065677668773,0.5396339731824624,False,0.16293434354540862,1.0,False,96.16,7,1,False
Lev.7.33,המקריב את דם השלמים ואת החלב מבני אהרן לו תהיה שוק הימין למנה,280.84142974475515,273.7530690147221,0.0,280.84142974475515,273.7530690147221,3.052867698754595,-0.09674963214462079,3.052867698754595,0.0011333292356271467,0.5385373880382822,0.05726645961198347,0.5396339731824624,False,0.00946645678763036,0.40658431902872394,False,97.79,7,1,False
Lev.7.34,כי את חזה התנופה ואת שוק התרומה לקחתי מאת בני ישראל מזבחי שלמיהם ואתן אתם לאהרן הכהן ולבניו לחק עולם מאת בני ישראל,12.179560735652974,159.79790603084527,0.043478260869565216,11.205195876800737,147.01407354837767,-0.43199706946052263,-0.09803347115724319,0.0,0.6671282284572548,0.5390471423859384,0.7081065677668773,0.5396339731824624,False,1.0,1.0,False,34.87,7,1,False
Lev.7.35,זאת משחת אהרן ומשחת בניו מאשי יהוה ביום הקריב אתם לכהן ליהוה,64.37993874643209,1872.9681860917185,0.0,64.37993874643209,1872.9681860917185,0.25525028348991324,-0.08054992384391736,0.25525028348991324,0.39926489815862765,0.5321000541458059,0.7081065677668773,0.5396339731824624,False,0.9679485406435393,1.0,False,81.96,7,1,False
Lev.7.36,אשר צוה יהוה לתת להם ביום משחו אתם מאת בני ישראל חקת עולם לדרתם,26.855716581590773,225.41963441205334,0.07142857142857142,23.498752008891927,197.24218011054668,-0.2731112252761699,-0.09752467114271418,0.0,0.607616140941107,0.5388451285634307,0.7081065677668773,0.5396339731824624,False,1.0,1.0,False,34.87,7,1,False
Lev.7.37,זאת התורה לעלה למנחה ולחטאת ולאשם ולמלואים ולזבח השלמים,13.717225018994045,24124.56950105386,0.4444444444444444,7.262060304173318,12771.830912322632,-0.48295941245213403,0.029853232735204304,0.029853232735204304,0.6854377223839623,0.4880920520395045,0.7081065677668773,0.5396339731824624,False,0.9995544915160178,1.0,False,71.25,7,1,False
Lev.7.38,אשר צוה יהוה את משה בהר סיני ביום צותו את בני ישראל להקריב את קרבניהם ליהוה במדבר סיני,5.829981573493715,52.12641147758183,0.1111111111111111,4.769984923767584,42.6488821180215,-0.515167790266687,-0.0990906683034339,0.0,0.6967821126128425,0.5394668593811388,0.7081065677668773,0.5396339731824624,False,1.0,1.0,False,34.87,7,1,False
Lev.8.1,וידבר יהוה אל משה לאמר,5.749850644621161,1.708478018312369,0.0,5.749850644621161,1.708478018312369,-0.5025036928670156,-0.09950538587147467,0.0,0.6923433723030338,0.5396314940910326,0.7081065677668773,0.5396339731824624,False,1.0,1.0,False,34.87,8,1,False
Lev.8.2,קח את אהרן ואת בניו אתו ואת הבגדים ואת שמן המשחה ואת פר החטאת ואת שני האילים ואת סל המצות,11.491111899737502,13.195515519336963,0.1,9.575926583114585,10.996262932780803,-0.4530542659583869,-0.09941130258976516,0.0,0.6747451668590869,0.5395941454752208,0.7081065677668773,0.5396339731824624,False,1.0,1.0,False,34.87,8,1,False
Lev.8.3,ואת כל העדה הקהל אל פתח אהל מועד,17.93008616076505,7.311869740763768,0.0,17.93008616076505,7.311869740763768,-0.34508244050091447,-0.09944862470755808,0.0,0.6349838029919276,0.539608961427087,0.7081065677668773,0.5396339731824624,False,1.0,1.0,False,34.87,8,1,False
Lev.8.4,ויעש משה כאשר צוה יהוה אתו ותקהל העדה אל פתח אהל מועד,11.505150444014832,34.19843566288589,0.08333333333333333,9.861557523441284,29.31294485390219,-0.4493626804975689,-0.09922575850567641,0.0,0.6734149759117319,0.539520488276237,0.7081065677668773,0.5396339731824624,False,1.0,1.0,False,34.87,8,1,False
Lev.8.5,ויאמר משה אל העדה זה הדבר אשר צוה יהוה לעשות,19.370980808972753,5.272533771309652,0.0,19.370980808972753,5.272533771309652,-0.3264598580600554,-0.09946928274629191,0.0,0.627961772166118,0.5396171621306719,0.7081065677668773,0.5396339731824624,False,1.0,1.0,False,34.87,8,1,False
Lev.8.6,ויקרב משה את אהרן ואת בניו וירחץ אתם במים,36.8524956813222,1419.6236048123408,0.0,36.8524956813222,1419.6236048123408,-0.1005231788542735,-0.08514220783248652,0.0,0.5400355090140245,0.5339258324425765,0.7081065677668773,0.5396339731824624,False,1.0,1.0,False,34.87,8,1,False
Lev.8.7,ויתן עליו את הכתנת ויחגר אתו באבנט וילבש אתו את המעיל ויתן עליו את האפד ויחגר אתו בחשב האפד ויאפד לו בו,22.56208360095257,5231.6862445378165,0.13636363636363635,17.727351400748447,4110.610620708285,-0.34770264926269534,-0.05788308288238402,0.0,0.6359682465748548,0.5230791207844306,0.7081065677668773,0.5396339731824624,False,1.0,1.0,False,34.87,8,1,False
Lev.8.8,וישם עליו את החשן ויתן אל החשן את האורים ואת התמים,15.33659092818001,532.7904795525043,0.18181818181818182,11.246833347332007,390.7130183385031,-0.43145893349856185,-0.09556485278524765,0.0,0.6669326467623324,0.5380669095943129,0.7081065677668773,0.5396339731824624,False,1.0,1.0,False,34.87,8,1,False
Lev.8.9,וישם את המצנפת על ראשו וישם על המצנפת אל מול פניו את ציץ הזהב נזר הקדש כאשר צוה יהוה את משה,8.446268020933116,29.89227420679115,0.0,8.446268020933116,29.89227420679115,-0.4676543338609323,-0.09921989002280214,0.0,0.6799840985731059,0.539518158586663,0.7081065677668773,0.5396339731824624,False,1.0,1.0,False,34.87,8,1,False
Lev.8.10,ויקח משה את שמן המשחה וימשח את המשכן ואת כל אשר בו ויקדש אתם,5.937843870334038,62.20295644971339,0.0,5.937843870334038,62.20295644971339,-0.5000740084008295,-0.09889258969794731,0.0,0.6914885165837297,0.5393882236851966,0.7081065677668773,0.5396339731824624,False,1.0,1.0,False,34.87,8,1,False
Lev.8.11,ויז ממנו על המזבח שבע פעמים וימשח את המזבח ואת כל כליו ואת הכיר ואת כנו לקדשם,34.906318414465495,199.0806390158422,0.058823529411764705,31.231969107679653,178.12478227733249,-0.17316465865218428,-0.09771832630833856,0.0,0.5687389988759547,0.538922018543313,0.7081065677668773,0.5396339731824624,False,1.0,1.0,False,34.87,8,1,False
Lev.8.12,ויצק משמן המשחה על ראש אהרן וימשח אתו לקדשו,14.353366831993101,4335.818145762386,0.0,14.353366831993101,4335.818145762386,-0.3913091029780926,-0.055601778651300934,0.0,0.6522156144750642,0.5221704762299796,0.7081065677668773,0.5396339731824624,False,1.0,1.0,False,34.87,8,1,False
Lev.8.13,ויקרב משה את בני אהרן וילבשם כתנת ויחגר אתם אבנט ויחבש להם מגבעות כאשר צוה יהוה את משה,26.753197409175176,8942.737985929341,0.1111111111111111,21.88897969841605,7316.785624851279,-0.29391643653858823,-0.025405213411605128,0.0,0.6155891209928925,0.5101341236248849,0.7081065677668773,0.5396339731824624,False,1.0,1.0,False,34.87,8,1,False
Lev.8.14,ויגש את פר החטאת ויסמך אהרן ובניו את ידיהם על ראש פר החטאת,16.51290172829466,47.423152884360356,0.07692307692307693,14.311181497855374,41.10006583311231,-0.3918543197042094,-0.09910635748230608,0.0,0.6524170716275846,0.5394730877995878,0.7081065677668773,0.5396339731824624,False,1.0,1.0,False,34.87,8,1,False
Lev.8.15,וישחט ויקח משה את הדם ויתן על קרנות המזבח סביב באצבעו ויחטא את המזבח ואת הדם יצק אל יסוד המזבח ויקדשהו לכפר עליו,25.690846419131617,275.48358705924915,0.08695652173913043,21.884795097778788,234.67120379121226,-0.29397051965316323,-0.09714552310994973,0.0,0.6156097847665982,0.538694585208266,0.7081065677668773,0.5396339731824624,False,1.0,1.0,False,34.87,8,1,False
Lev.8.16,ויקח את כל החלב אשר על הקרב ואת יתרת הכבד ואת שתי הכלית ואת חלבהן ויקטר משה המזבחה,37.39556927903762,2329.0385427862193,0.05555555555555555,33.65601235113386,2096.1346885075973,-0.14183554989493788,-0.07828929473716324,0.0,0.5563950484163722,0.5312010335558522,0.7081065677668773,0.5396339731824624,False,1.0,1.0,False,34.87,8,1,False
Lev.8.17,ואת הפר ואת ערו ואת בשרו ואת פרשו שרף באש מחוץ למחנה כאשר צוה יהוה את משה,17.462403551961483,28.49460091500955,0.0,17.462403551961483,28.49460091500955,-0.35112691984535094,-0.09923404815536653,0.0,0.6372534334970481,0.5395237791262409,0.7081065677668773,0.5396339731824624,False,1.0,1.0,False,34.87,8,1,False
Lev.8.18,ויקרב את איל העלה ויסמכו אהרן ובניו את ידיהם על ראש האיל,14.702921521023816,304.8191015146813,0.08333333333333333,12.602504160877556,261.2735155840125,-0.41393781110469247,-0.09687604736114903,0.0,0.660540174103411,0.5385875846215284,0.7081065677668773,0.5396339731824624,False,1.0,1.0,False,34.87,8,1,False
Lev.8.19,וישחט ויזרק משה את הדם על המזבח סביב,55.76079128080673,1453.799798668698,0.0,55.76079128080673,1453.799798668698,0.14385366997053783,-0.08479601027257774,0.14385366997053783,0.44280801053402574,0.5337882172705012,0.7081065677668773,0.5396339731824624,False,0.9897064062473847,1.0,False,78.46,8,1,False
Lev.8.20,ואת האיל נתח לנתחיו ויקטר משה את הראש ואת הנתחים ואת הפדר,225.4934454813965,2264.19251878035,0.25,150.32896365426433,1509.4616791869,1.3660829207326834,-0.08423216728595592,1.3660829207326834,0.08595646917521993,0.5335640783684161,0.7081065677668773,0.5396339731824624,False,0.39333592030766884,1.0,False,94.76,8,1,False
Lev.8.21,ואת הקרב ואת הכרעים רחץ במים ויקטר משה את כל האיל המזבחה עלה הוא לריח ניחח אשה הוא ליהוה כאשר צוה יהוה את משה,18.27393732571903,1964.9940626312477,0.041666666666666664,16.86824983912526,1813.840673198075,-0.35880595211436395,-0.08114887294788396,0.0,0.6401298701840316,0.5323382205878344,0.7081065677668773,0.5396339731824624,False,1.0,1.0,False,34.87,8,1,False
Lev.8.22,ויקרב את האיל השני איל המלאים ויסמכו אהרן ובניו את ידיהם על ראש האיל,14.202876699757484,434.96804758147476,0.07142857142857142,12.427517112287799,380.5970416337904,-0.4161993995855011,-0.09566732547328265,0.0,0.6613679504704675,0.5381076038340645,0.7081065677668773,0.5396339731824624,False,1.0,1.0,False,34.87,8,1,False
Lev.8.23,וישחט ויקח משה מדמו ויתן על תנוך אזן אהרן הימנית ועל בהן ידו הימנית ועל בהן רגלו הימנית,20.625351355287457,1088.3176016974687,0.05555555555555555,18.56281621975871,979.4858415277218,-0.3369048352186159,-0.08960070956949305,0.0,0.6319056798896684,0.5356977397392152,0.7081065677668773,0.5396339731824624,False,1.0,1.0,False,34.87,8,1,False
Lev.8.24,ויקרב את בני אהרן ויתן משה מן הדם על תנוך אזנם הימנית ועל בהן ידם הימנית ועל בהן רגלם הימנית ויזרק משה את הדם על המזבח סביב,5.6199379580484266,324.2179500049392,0.0,5.6199379580484266,324.2179500049392,-0.5041827259030697,-0.09623843365559859,0.0,0.6929335109586376,0.5383343965894596,0.7081065677668773,0.5396339731824624,False,1.0,1.0,False,34.87,8,1,False
Lev.8.25,ויקח את החלב ואת האליה ואת כל החלב אשר על הקרב ואת יתרת הכבד ואת שתי הכלית ואת חלבהן ואת שוק הימין,28.51139660785613,435.183172874338,0.045454545454545456,26.135446890534787,398.9179084681432,-0.2390337388576713,-0.09548173899691477,0.0,0.5944602894511313,0.5380339029221045,0.7081065677668773,0.5396339731824624,False,1.0,1.0,False,34.87,8,1,False
Lev.8.26,ומסל המצות אשר לפני יהוה לקח חלת מצה אחת וחלת לחם שמן אחת ורקיק אחד וישם על החלבים ועל שוק הימין,35.36281886135316,1269.7924609955598,0.14285714285714285,27.50441466994135,987.6163585521022,-0.22134076223194116,-0.08951834916486555,0.0,0.5875864433512166,0.5356650141994077,0.7081065677668773,0.5396339731824624,False,1.0,1.0,False,34.87,8,1,False
Lev.8.27,ויתן את הכל על כפי אהרן ועל כפי בניו וינף אתם תנופה לפני יהוה,20.153806388698605,112.09200763123107,0.07142857142857142,17.63458059011128,98.0805066773272,-0.34890164883656766,-0.09852915776060202,0.0,0.6364184263576362,0.5392439399736989,0.7081065677668773,0.5396339731824624,False,1.0,1.0,False,34.87,8,1,False
Lev.8.28,ויקח משה אתם מעל כפיהם ויקטר המזבחה על העלה מלאים הם לריח ניחח אשה הוא ליהוה,81.13220763273671,8766.963751113593,0.0625,72.11751789576596,7792.856667656528,0.3552532266477473,-0.020582715211392447,0.3552532266477473,0.3611999463522574,0.5082107355953478,0.7081065677668773,0.5396339731824624,False,0.9388473049612426,1.0,False,84.28,8,1,False
Lev.8.29,ויקח משה את החזה ויניפהו תנופה לפני יהוה מאיל המלאים למשה היה למנה כאשר צוה יהוה את משה,29.95765971088468,681.1732144503693,0.05555555555555555,26.96189373979621,613.0558930053323,-0.228352475933624,-0.09331256685205443,0.0,0.5903138839429146,0.537172375630248,0.7081065677668773,0.5396339731824624,False,1.0,1.0,False,34.87,8,1,False
Lev.8.30,ויקח משה משמן המשחה ומן הדם אשר על המזבח ויז על אהרן על בגדיו ועל בניו ועל בגדי בניו אתו ויקדש את אהרן את בגדיו ואת בניו ואת בגדי בניו אתו,9.318412156609357,11.800021217154761,0.0,9.318412156609357,11.800021217154761,-0.456382464618344,-0.09940316068964672,0.0,0.6759425134322776,0.5395909133362099,0.7081065677668773,0.5396339731824624,False,1.0,1.0,False,34.87,8,1,False
Lev.8.31,ויאמר משה אל אהרן ואל בניו בשלו את הבשר פתח אהל מועד ושם תאכלו אתו ואת הלחם אשר בסל המלאים כאשר צויתי לאמר אהרן ובניו יאכלהו,22.314975228017126,61.158246069587335,0.0,22.314975228017126,61.158246069587335,-0.2884107343144171,-0.0989031723914424,0.0,0.6134838240613597,0.5393924249727936,0.7081065677668773,0.5396339731824624,False,1.0,1.0,False,34.87,8,1,False
Lev.8.32,והנותר בבשר ובלחם באש תשרפו,197.43594821453308,318828.41159443674,0.4,109.68663789696282,177126.89533024264,0.8408085275318721,1.694735006852047,1.8918471723213064,0.20022760454974592,0.0450628508262312,0.7081065677668773,0.5396339731824624,False,0.16703651100143427,1.0,False,96.04,8,1,False
Lev.8.33,ומפתח אהל מועד לא תצאו שבעת ימים עד יום מלאת ימי מלאיכם כי שבעת ימים ימלא את ידכם,42.38254175946759,7.229261580287759,0.1111111111111111,34.67662507592803,5.914850383871802,-0.12864482520780623,-0.09946277621590141,0.0,0.5511806522034306,0.5396145792093097,0.7081065677668773,0.5396339731824624,False,1.0,1.0,False,34.87,8,1,False
Lev.8.34,כאשר עשה ביום הזה צוה יהוה לעשת לכפר עליכם,74.66109905532085,383.56469751832464,0.0,74.66109905532085,383.56469751832464,0.38812728159530846,-0.09563726375165872,0.38812728159530846,0.3489609218085838,0.5380956656806377,0.7081065677668773,0.5396339731824624,False,0.9274453636428217,1.0,False,85.1,8,1,False
Lev.8.35,ופתח אהל מועד תשבו יומם ולילה שבעת ימים ושמרתם את משמרת יהוה ולא תמותו כי כן צויתי,15.208347195790436,119.46143279403671,0.0,15.208347195790436,119.46143279403671,-0.38025906380282287,-0.09831257353588392,0.0,0.64812344022583,0.5391579528438638,0.7081065677668773,0.5396339731824624,False,1.0,1.0,False,34.87,8,1,False
Lev.8.36,ויעש אהרן ובניו את כל הדברים אשר צוה יהוה ביד משה,24.81767736463109,3.117589956634449,0.0,24.81767736463109,3.117589956634449,-0.25606501291002376,-0.0994911118678587,0.0,0.6010496814219883,0.5396258277053434,0.7081065677668773,0.5396339731824624,False,1.0,1.0,False,34.87,8,1,False
Lev.9.1,ויהי ביום השמיני קרא משה לאהרן ולבניו ולזקני ישראל,13.386131492464603,617.2704904239095,0.1111111111111111,10.952289402925583,505.0394921650168,-0.4352657134695939,-0.09440674997139815,0.0,0.6683152155435459,0.53760697297307,0.7081065677668773,0.5396339731824624,False,1.0,1.0,False,34.87,9,1,False
Lev.9.2,ויאמר אל אהרן קח לך עגל בן בקר לחטאת ואיל לעלה תמימם והקרב לפני יהוה,10.342099418797691,32.99712861159707,0.0,10.342099418797691,32.99712861159707,-0.44315200362838025,-0.09918843850940852,0.0,0.6711721037520987,0.5395056728386326,0.7081065677668773,0.5396339731824624,False,1.0,1.0,False,34.87,9,1,False
Lev.9.3,ואל בני ישראל תדבר לאמר קחו שעיר עזים לחטאת ועגל וכבש בני שנה תמימם לעלה,15.810461702974449,122.30760213182081,0.13333333333333333,12.48194344971667,96.5586332619638,-0.415495976224894,-0.09854457401394792,0.0,0.6611105699200897,0.5392500603836193,0.7081065677668773,0.5396339731824624,False,1.0,1.0,False,34.87,9,1,False
Lev.9.4,ושור ואיל לשלמים לזבח לפני יהוה ומנחה בלולה בשמן כי היום יהוה נראה אליכם,37.705421706227874,1064.6782460490574,0.07142857142857142,32.99224399294939,931.5934652929253,-0.15041430406499443,-0.09008584913361206,0.0,0.5597811216776589,0.535890502875154,0.7081065677668773,0.5396339731824624,False,1.0,1.0,False,34.87,9,1,False
Lev.9.5,ויקחו את אשר צוה משה אל פני אהל מועד ויקרבו כל העדה ויעמדו לפני יהוה,29.612638208965535,73.11868775642907,0.0,29.612638208965535,73.11868775642907,-0.19409340816058493,-0.09878201566624302,0.0,0.5769486284957199,0.5393443259676381,0.7081065677668773,0.5396339731824624,False,1.0,1.0,False,34.87,9,1,False
Lev.9.6,ויאמר משה זה הדבר אשר צוה יהוה תעשו וירא אליכם כבוד יהוה,14.109780775305119,2.6959573753336477,0.0,14.109780775305119,2.6959573753336477,-0.394457286939882,-0.09949538291604616,0.0,0.6533782719151677,0.5396275231945014,0.7081065677668773,0.5396339731824624,False,1.0,1.0,False,34.87,9,1,False
Lev.9.7,ויאמר משה אל אהרן קרב אל המזבח ועשה את חטאתך ואת עלתך וכפר בעדך ובעד העם ועשה את קרבן העם וכפר בעדם כאשר צוה יהוה,13.898711272048361,14.440857567985331,0.08,11.981647648317553,12.449015144814942,-0.42196195888223786,-0.0993965865194774,0.0,0.6634736078584205,0.5395883035464679,0.7081065677668773,0.5396339731824624,False,1.0,1.0,False,34.87,9,1,False
Lev.9.8,ויקרב אהרן אל המזבח וישחט את עגל החטאת אשר לו,22.736237519758536,522.4030036142739,0.0,22.736237519758536,522.4030036142739,-0.2829662059674364,-0.09423086130104341,0.0,0.6113986287761762,0.5375371149677066,0.7081065677668773,0.5396339731824624,False,1.0,1.0,False,34.87,9,1,False
Lev.9.9,ויקרבו בני אהרן את הדם אליו ויטבל אצבעו בדם ויתן על קרנות המזבח ואת הדם יצק אל יסוד המזבח,35.46465334373986,113.05686135353852,0.05263157894736842,32.087067311002734,102.2895412246301,-0.16211309648126343,-0.09848652113769507,0.0,0.564391603441628,0.5392270127508383,0.7081065677668773,0.5396339731824624,False,1.0,1.0,False,34.87,9,1,False
Lev.9.10,ואת החלב ואת הכלית ואת היתרת מן הכבד מן החטאת הקטיר המזבחה כאשר צוה יהוה את משה,38.93333907733338,1143.4840837672077,0.058823529411764705,34.835092858666705,1023.1173381075016,-0.12659673699265328,-0.08915873180817256,0.0,0.5503702101676361,0.5355221190211719,0.7081065677668773,0.5396339731824624,False,1.0,1.0,False,34.87,9,1,False
Lev.9.11,ואת הבשר ואת העור שרף באש מחוץ למחנה,153.28852501294946,80.76221499931555,0.0,153.28852501294946,80.76221499931555,1.404333236576004,-0.09870458836431159,1.404333236576004,0.08010982074730821,0.5393135871644731,0.7081065677668773,0.5396339731824624,False,0.37303765239431746,1.0,False,94.88,9,1,False
Lev.9.12,וישחט את העלה וימצאו בני אהרן אליו את הדם ויזרקהו על המזבח סביב,22.03306582949003,481.6158589401528,0.07692307692307693,19.09532371889136,417.4004110814658,-0.33002253829613887,-0.09529451518455483,0.0,0.6293085338925163,0.5379595504607978,0.7081065677668773,0.5396339731824624,False,1.0,1.0,False,34.87,9,1,False
Lev.9.13,ואת העלה המציאו אליו לנתחיה ואת הראש ויקטר על המזבח,343.27765186608644,10366.086735337809,0.2,245.19832276149035,7404.347668098436,2.5922048049962947,-0.02451822857531232,2.5922048049962947,0.004768149095657192,0.5097803781075818,0.18725618311984318,0.5396339731824624,False,0.034743496501475964,1.0,False,97.44,9,1,False
Lev.9.14,וירחץ את הקרב ואת הכרעים ויקטר על העלה המזבחה,38.95702576224948,23733.817725128447,0.1111111111111111,31.87393016911321,19418.578138741454,-0.1648677489473434,0.09718336554016467,0.09718336554016467,0.5654759612043194,0.46129038894298907,0.7081065677668773,0.5396339731824624,False,0.9952888292745823,1.0,False,76.48,9,1,False
Lev.9.15,ויקרב את קרבן העם ויקח את שעיר החטאת אשר לעם וישחטהו ויחטאהו כראשון,24.218501390715595,9893.124394212477,0.23076923076923078,16.570553583121196,6768.979848671694,-0.36265347356686334,-0.03095436917231974,0.0,0.6415681202315492,0.5123470348286723,0.7081065677668773,0.5396339731824624,False,1.0,1.0,False,34.87,9,1,False
Lev.9.16,ויקרב את העלה ויעשה כמשפט,35.59222103774807,4726.897017910989,0.2,25.423015026962908,3376.355012793564,-0.2482414357072398,-0.06532093570115616,0.0,0.5980261957945205,0.5260407631694621,0.7081065677668773,0.5396339731824624,False,1.0,1.0,False,34.87,9,1,False
Lev.9.17,ויקרב את המנחה וימלא כפו ממנה ויקטר על המזבח מלבד עלת הבקר,28.676470858184185,1422.7578512635127,0.0,28.676470858184185,1422.7578512635127,-0.2061927338746834,-0.08511045858392746,0.0,0.5816798182848504,0.5339132121343801,0.7081065677668773,0.5396339731824624,False,1.0,1.0,False,34.87,9,1,False
Lev.9.18,וישחט את השור ואת האיל זבח השלמים אשר לעם וימצאו בני אהרן את הדם אליו ויזרקהו על המזבח סביב,24.806810224070556,290.189888817973,0.05263157894736842,22.444256869397172,262.5527565495946,-0.2867398571078953,-0.09686308892280797,0.0,0.6128442415576041,0.5385824391511193,0.7081065677668773,0.5396339731824624,False,1.0,1.0,False,34.87,9,1,False
Lev.9.19,ואת החלבים מן השור ומן האיל האליה והמכסה והכלית ויתרת הכבד,542.8336924399218,34390.00501913287,0.2727272727272727,351.2453304023024,22252.35618885068,3.962790187386278,0.12588893323427958,3.9647892873084487,3.703944038928202e-05,0.449909921489686,0.003535208810488139,0.5396339731824624,False,0.000385959912940623,0.025503043478153475,True,98.6,9,1,False
Lev.9.20,וישימו את החלבים על החזות ויקטר החלבים המזבחה,35.095663427897094,82609.42249483187,0.125,28.076530742317676,66087.5379958655,-0.21394655146377622,0.5699299824959168,0.5699299824959168,0.5847056311136118,0.28436259415811954,0.7081065677668773,0.5396339731824624,False,0.8500925165048145,1.0,False,88.47,9,1,False
Lev.9.21,ואת החזות ואת שוק הימין הניף אהרן תנופה לפני יהוה כאשר צוה משה,29.5832400050722,58.00563680283664,0.15384615384615385,22.622477650937565,44.35725167275743,-0.28443647483005935,-0.09907336288394342,0.0,0.6119620450395448,0.5394599893230497,0.7081065677668773,0.5396339731824624,False,1.0,1.0,False,34.87,9,1,False
Lev.9.22,וישא אהרן את ידו ידיו אל העם ויברכם וירד מעשת החטאת והעלה והשלמים,64.16696619481772,6636.781359409806,0.07692307692307693,55.61137070217536,5751.877178155166,0.14192251070959894,-0.04125740245301434,0.14192251070959894,0.4435706066591799,0.5164546539736803,0.7081065677668773,0.5396339731824624,False,0.9899795431784961,1.0,False,78.23,9,1,False
Lev.9.23,ויבא משה ואהרן אל אהל מועד ויצאו ויברכו את העם וירא כבוד יהוה אל כל העם,9.843110553701775,14.764121216551747,0.0,9.843110553701775,14.764121216551747,-0.4496010950237005,-0.0993731349883814,0.0,0.6735009508076996,0.5395789938305591,0.7081065677668773,0.5396339731824624,False,1.0,1.0,False,34.87,9,1,False
Lev.9.24,ותצא אש מלפני יהוה ותאכל על המזבח את העלה ואת החלבים וירא כל העם וירנו ויפלו על פניהם,5.34614822020787,195.32868498079858,0.05555555555555555,4.811533398187083,175.79581648271872,-0.5146308045188869,-0.09774191823547343,0.0,0.6965944825321642,0.5389313855207114,0.7081065677668773,0.5396339731824624,False,1.0,1.0,False,34.87,9,1,False
Lev.10.1,ויקחו בני אהרן נדב ואביהוא איש מחתתו ויתנו בהן אש וישימו עליה קטרת ויקרבו לפני יהוה אש זרה אשר לא צוה אתם,6.040356219500189,77.31790290635625,0.045454545454545456,5.536993201208507,70.87474433082657,-0.5052547304206865,-0.09880474633490034,0.0,0.6933100329628473,0.5393533500466958,0.7081065677668773,0.5396339731824624,False,1.0,1.0,False,34.87,10,1,False
Lev.10.2,ותצא אש מלפני יהוה ותאכל אותם וימתו לפני יהוה,7.43311108470773,16.641981994709855,0.0,7.43311108470773,16.641981994709855,-0.48074869755633115,-0.09935411265892075,0.0,0.6846524419695995,0.5395714423894094,0.7081065677668773,0.5396339731824624,False,1.0,1.0,False,34.87,10,1,False
Lev.10.3,ויאמר משה אל אהרן הוא אשר דבר יהוה לאמר בקרבי אקדש ועל פני כל העם אכבד וידם אהרן,11.592296096091529,165.52186458155464,0.1111111111111111,9.48460589680216,135.42698011218107,-0.4542345236625323,-0.09815084594423398,0.0,0.6751699814806392,0.5390937434117118,0.7081065677668773,0.5396339731824624,False,1.0,1.0,False,34.87,10,1,False
Lev.10.4,ויקרא משה אל מישאל ואל אלצפן בני עזיאל דד אהרן ויאמר אלהם קרבו שאו את אחיכם מאת פני הקדש אל מחוץ למחנה,22.38574084413881,630.3381292382765,0.13636363636363635,17.588796377537637,495.2656729729315,-0.3494933786165367,-0.0945057566767531,0.0,0.6366405295446188,0.5376462951262102,0.7081065677668773,0.5396339731824624,False,1.0,1.0,False,34.87,10,1,False
Lev.10.5,ויקרבו וישאם בכתנתם אל מחוץ למחנה כאשר דבר משה,63.48296599652477,2930.9514252175827,0.2222222222222222,43.94974568990176,2029.1202174583266,-0.008796053937429047,-0.07896813704632573,0.0,0.5035090725664525,0.5314710165766263,0.7081065677668773,0.5396339731824624,False,1.0,1.0,False,34.87,10,1,False
Lev.10.6,ויאמר משה אל אהרן ולאלעזר ולאיתמר בניו ראשיכם אל תפרעו ובגדיכם לא תפרמו ולא תמתו ועל כל העדה יקצף ואחיכם כל בית ישראל יבכו את השרפה אשר שרף יהוה,10.932062982793353,4914.272074786698,0.3103448275862069,6.745315457468239,3032.2104291237074,-0.4896379878223906,-0.06880704698736549,0.0,0.6878049548378403,0.5274283956500354,0.7081065677668773,0.5396339731824624,False,1.0,1.0,False,34.87,10,1,False
Lev.10.7,ומפתח אהל מועד לא תצאו פן תמתו כי שמן משחת יהוה עליכם ויעשו כדבר משה,24.349952937210592,73.97030472764621,0.06666666666666667,21.485252591656405,65.26791593615842,-0.2991343345567348,-0.09886154231157403,0.0,0.6175812251036886,0.5393758979698353,0.7081065677668773,0.5396339731824624,False,1.0,1.0,False,34.87,10,1,False
Lev.10.8,וידבר יהוה אל אהרן לאמר,6.156899414008866,6.4008023692664,0.0,6.156899414008866,6.4008023692664,-0.49724286462061895,-0.09945785362585867,0.0,0.6904911013471235,0.5396126250694775,0.7081065677668773,0.5396339731824624,False,1.0,1.0,False,34.87,10,1,False
Lev.10.9,יין ושכר אל תשת אתה ובניך אתך בבאכם אל אהל מועד ולא תמתו חקת עולם לדרתיכם,16.70312164543961,325.6050357188171,0.0625,14.847219240390764,289.4266984167263,-0.38492639678896073,-0.09659086161924589,0.0,0.6498540259270853,0.5384743430342833,0.7081065677668773,0.5396339731824624,False,1.0,1.0,False,34.87,10,1,False
Lev.10.10,ולהבדיל בין הקדש ובין החל ובין הטמא ובין הטהור,29.80052482076242,17.414178908834437,0.2222222222222222,20.631132568220135,12.055970013808457,-0.3101732544185134,-0.09940056798288611,0.0,0.6217853959486573,0.5395898840932797,0.7081065677668773,0.5396339731824624,False,1.0,1.0,False,34.87,10,1,False
Lev.10.11,ולהורת את בני ישראל את כל החקים אשר דבר יהוה אליהם ביד משה,42.45831446524088,193.91668603161295,0.07692307692307693,36.797205869875434,168.06112789406458,-0.10123776202875318,-0.09782026898240859,0.0,0.5403191395356673,0.5389624938746181,0.7081065677668773,0.5396339731824624,False,1.0,1.0,False,34.87,10,1,False
Lev.10.12,וידבר משה אל אהרן ואל אלעזר ואל איתמר בניו הנותרים קחו את המנחה הנותרת מאשי יהוה ואכלוה מצות אצל המזבח כי קדש קדשים הוא,16.921998694308453,63.24919273803209,0.041666666666666664,15.620306487053957,58.383870219721935,-0.37493477040401296,-0.09893127622750823,0.0,0.6461455104185361,0.5394035820635711,0.7081065677668773,0.5396339731824624,False,1.0,1.0,False,34.87,10,1,False
Lev.10.13,ואכלתם אתה במקום קדש כי חקך וחק בניך הוא מאשי יהוה כי כן צויתי,49.03551082745266,2378.633539517059,0.07142857142857142,42.90607197402108,2081.304347077427,-0.02228482623561308,-0.07843952293511057,0.0,0.5088896236062096,0.5312607821961055,0.7081065677668773,0.5396339731824624,False,1.0,1.0,False,34.87,10,1,False
Lev.10.14,ואת חזה התנופה ואת שוק התרומה תאכלו במקום טהור אתה ובניך ובנתיך אתך כי חקך וחק בניך נתנו מזבחי שלמי בני ישראל,24.422938305792577,781.5568117798126,0.045454545454545456,22.38769344697653,716.4270774648282,-0.28747090083720317,-0.09226543878462919,0.0,0.6131241100929307,0.5367564264691774,0.7081065677668773,0.5396339731824624,False,1.0,1.0,False,34.87,10,1,False
Lev.10.15,שוק התרומה וחזה התנופה על אשי החלבים יביאו להניף תנופה לפני יהוה והיה לך ולבניך אתך לחק עולם כאשר צוה יהוה,10.818173953074123,125.56584144259115,0.09523809523809523,9.087266120582264,105.47530681177656,-0.45936986978161987,-0.09845425001126867,0.0,0.6770157093684279,0.5392142007003801,0.7081065677668773,0.5396339731824624,False,1.0,1.0,False,34.87,10,1,False
Lev.10.16,ואת שעיר החטאת דרש דרש משה והנה שרף ויקצף על אלעזר ועל איתמר בני אהרן הנותרם לאמר,103.7374664072393,537.629001196801,0.058823529411764705,92.8177331012141,481.0364747550325,0.622789416532613,-0.09464989542207972,0.622789416532613,0.26671145703029314,0.5377035415588348,0.7081065677668773,0.5396339731824624,False,0.8237128204650944,1.0,False,89.76,10,1,False
Lev.10.17,מדוע לא אכלתם את החטאת במקום הקדש כי קדש קדשים הוא ואתה נתן לכם לשאת את עון העדה לכפר עליהם לפני יהוה,11.163373401627629,7.873455074887943,0.0,11.163373401627629,7.873455074887943,-0.4325375964815375,-0.09944293596781217,0.0,0.6673246333998911,0.5396067031425447,0.7081065677668773,0.5396339731824624,False,1.0,1.0,False,34.87,10,1,False
Lev.10.18,הן לא הובא את דמה אל הקדש פנימה אכול תאכלו אתה בקדש כאשר צויתי,57.94211109099352,534.8467967399869,0.14285714285714285,45.06608640410607,415.9919530199898,0.005631889846119929,-0.09530878256453769,0.005631889846119929,0.4977532128991597,0.5379652165326132,0.7081065677668773,0.5396339731824624,False,0.9999841410341354,1.0,False,69.97,10,1,False
Lev.10.19,וידבר אהרן אל משה הן היום הקריבו את חטאתם ואת עלתם לפני יהוה ותקראנה אתי כאלה ואכלתי חטאת היום הייטב בעיני יהוה,20.14519278982419,385.41185430022233,0.13636363636363635,15.828365763433291,302.8235998073176,-0.37224574589290166,-0.09645515386339529,0.0,0.6451450554554322,0.5384204550870126,0.7081065677668773,0.5396339731824624,False,1.0,1.0,False,34.87,10,1,False
Lev.10.20,וישמע משה וייטב בעיניו,10.345238793213772,2531.325918144535,0.0,10.345238793213772,2531.325918144535,-0.44311142935117753,-0.0738809003317698,0.0,0.6711574306958009,0.5294474231820739,0.7081065677668773,0.5396339731824624,False,1.0,1.0,False,34.87,10,1,False
Lev.11.1,וידבר יהוה אל משה ואל אהרן לאמר אלהם,5.412090695999961,7.368706690024332,0.0,5.412090695999961,7.368706690024332,-0.506869010273283,-0.09944804896137555,0.0,0.693876634501067,0.5396087328705996,0.7081065677668773,0.5396339731824624,False,1.0,1.0,False,34.87,11,1,False
Lev.11.2,דברו אל בני ישראל לאמר זאת החיה אשר תאכלו מכל הבהמה אשר על הארץ,4.336725001649237,1.5808914617197092,0.0,4.336725001649237,1.5808914617197092,-0.5207673798189177,-0.09950667829610087,0.0,0.6987355851987004,0.5396320071475605,0.7081065677668773,0.5396339731824624,False,1.0,1.0,False,34.87,11,1,False
Lev.11.3,כל מפרסת פרסה ושסעת שסע פרסת מעלת גרה בבהמה אתה תאכלו,12.734894902063196,9547.872048159064,0.18181818181818182,9.338922928179677,7001.772835316647,-0.4561173768584796,-0.028596225831984984,0.0,0.6758472124221694,0.511406688897618,0.7081065677668773,0.5396339731824624,False,1.0,1.0,False,34.87,11,1,False
Lev.11.4,אך את זה לא תאכלו ממעלי הגרה וממפריסי הפרסה את הגמל כי מעלה גרה הוא ופרסה איננו מפריס טמא הוא לכם,7.447501015400492,1396.3427952824231,0.19047619047619047,5.393017976669322,1011.1447827907202,-0.5071155121869018,-0.08928001124186151,0.0,0.6939631142824216,0.5355703103290584,0.7081065677668773,0.5396339731824624,False,1.0,1.0,False,34.87,11,1,False
Lev.11.5,ואת השפן כי מעלה גרה הוא ופרסה לא יפריס טמא הוא לכם,6.475594658160108,747.868641782475,0.16666666666666666,4.8566959936200815,560.9014813368564,-0.5140471087172955,-0.09384087992676346,0.0,0.6963904725071954,0.5373822212688583,0.7081065677668773,0.5396339731824624,False,1.0,1.0,False,34.87,11,1,False
Lev.11.6,ואת הארנבת כי מעלת גרה הוא ופרסה לא הפריסה טמאה הוא לכם,4.525003190878297,523.3513544180732,0.16666666666666666,3.393752393158723,392.51351581355493,-0.5329546588562365,-0.0955466141295593,0.0,0.7029675163887636,0.5380596665666945,0.7081065677668773,0.5396339731824624,False,1.0,1.0,False,34.87,11,1,False
Lev.11.7,ואת החזיר כי מפריס פרסה הוא ושסע שסע פרסה והוא גרה לא יגר טמא הוא לכם,12.027474620205675,367.6843156620876,0.0625,10.691088551293934,326.8305028107445,-0.4386415566647808,-0.09621196905248028,0.0,0.6695393597241243,0.5383238875064601,0.7081065677668773,0.5396339731824624,False,1.0,1.0,False,34.87,11,1,False
Lev.11.8,מבשרם לא תאכלו ובנבלתם לא תגעו טמאים הם לכם,6.778968256980398,2434.5294351098773,0.1111111111111111,5.546428573893052,1991.887719635354,-0.5051327846518567,-0.07934529431403664,0.0,0.6932672120103074,0.5316210099063023,0.7081065677668773,0.5396339731824624,False,1.0,1.0,False,34.87,11,1,False
Lev.11.9,את זה תאכלו מכל אשר במים כל אשר לו סנפיר וקשקשת במים בימים ובנחלים אתם תאכלו,16.765781446557895,435.10626689726394,0.0625,14.902916841384796,386.7611261309013,-0.38420654321218495,-0.0956048846110573,0.0,0.6495873154834357,0.5380828071921147,0.7081065677668773,0.5396339731824624,False,1.0,1.0,False,34.87,11,1,False
Lev.11.10,וכל אשר אין לו סנפיר וקשקשת בימים ובנחלים מכל שרץ המים ומכל נפש החיה אשר במים שקץ הם לכם,9.354617979381883,932.597187971972,0.05263157894736842,8.463701981345514,843.7784081651175,-0.46742901179074875,-0.09097539694659186,0.0,0.6799035150130674,0.5362439298178646,0.7081065677668773,0.5396339731824624,False,1.0,1.0,False,34.87,11,1,False
Lev.11.11,ושקץ יהיו לכם מבשרם לא תאכלו ואת נבלתם תשקצו,17.782996200357243,13558.389273930923,0.1111111111111111,14.549724163928651,11093.227587761663,-0.38877131813283317,0.012849338812427284,0.012849338812427284,0.6512773400899388,0.49487399652814223,0.7081065677668773,0.5396339731824624,False,0.9999174506534265,1.0,False,70.78,11,1,False
Lev.11.12,כל אשר אין לו סנפיר וקשקשת במים שקץ הוא לכם,11.331503804468907,3218.3697002798112,0.0,11.331503804468907,3218.3697002798112,-0.43036462547937493,-0.06692129324604737,0.0,0.6665347882514222,0.5266778192616327,0.7081065677668773,0.5396339731824624,False,1.0,1.0,False,34.87,11,1,False
Lev.11.13,ואת אלה תשקצו מן העוף לא יאכלו שקץ הם את הנשר ואת הפרס ואת העזניה,44.22004234427703,4321.798962636163,0.13333333333333333,34.91055974548187,3411.9465494496026,-0.12562137885455588,-0.06496040102033382,0.0,0.5499841804306894,0.5258972354817716,0.7081065677668773,0.5396339731824624,False,1.0,1.0,False,34.87,11,1,False
Lev.11.14,ואת הדאה ואת האיה למינה,152.22847522585312,5031.553144239206,0.4,84.57137512547395,2795.307302355114,0.516210853394026,-0.07120682517117251,0.516210853394026,0.3028535753763084,0.5283834252465517,0.7081065677668773,0.5396339731824624,False,0.8752577867544384,1.0,False,87.66,11,1,False
Lev.11.15,את כל ערב למינו,885.3306146513323,9044.973159027546,0.0,885.3306146513323,9044.973159027546,10.86547890841726,-0.007899042013139328,10.86547890841726,8.416881167371532e-28,0.5031512290635892,7.230100922772146e-25,0.5396339731824624,False,2.3114995348543406e-26,6.618593668132928e-24,True,99.77,11,1,False
Lev.11.16,ואת בת היענה ואת התחמס ואת השחף ואת הנץ למינהו,20.45655064018129,7027.646822686012,0.4,11.364750355656273,3904.2482348255617,-0.4299349364378264,-0.05997348987006157,0.0,0.6663785145710698,0.5239116256537188,0.7081065677668773,0.5396339731824624,False,1.0,1.0,False,34.87,11,1,False
Lev.11.17,ואת הכוס ואת השלך ואת הינשוף,56.69761375104589,1025.4517661166976,0.16666666666666666,42.52321031328442,769.0888245875233,-0.02723305256803879,-0.09173198650989561,0.0,0.5108630733304423,0.5365445085166684,0.7081065677668773,0.5396339731824624,False,1.0,1.0,False,34.87,11,1,False
Lev.11.18,ואת התנשמת ואת הקאת ואת הרחם,51.325286556552996,5481.227294598548,0.5,25.662643278276498,2740.613647299274,-0.24514440368564333,-0.07176086024021523,0.0,0.5968276887727867,0.528603889258501,0.7081065677668773,0.5396339731824624,False,1.0,1.0,False,34.87,11,1,False
Lev.11.19,ואת החסידה האנפה למינה ואת הדוכיפת ואת העטלף,68.30743193500035,30690.591670955586,0.5,34.153715967500176,15345.295835477793,-0.1354030694645162,0.055921883932927165,0.055921883932927165,0.5538534012990398,0.47770201862480816,0.7081065677668773,0.5396339731824624,False,0.9984375932789068,1.0,False,73.46,11,1,False
Lev.11.20,כל שרץ העוף ההלך על ארבע שקץ הוא לכם,116.14505652185781,887.42013338214,0.0,116.14505652185781,887.42013338214,0.9242791916982571,-0.09053331557135609,0.9242791916982571,0.177670486848177,0.5360682896758708,0.7081065677668773,0.5396339731824624,False,0.6523682916071547,1.0,False,92.2,11,1,False
Lev.11.21,אך את זה תאכלו מכל שרץ העוף ההלך על ארבע אשר לא לו כרעים ממעל לרגליו לנתר בהן על הארץ,25.537861971774486,134.3282909839967,0.05,23.21623815615862,122.11662816726972,-0.2767625245017968,-0.09828567697264583,0.0,0.609018770690658,0.5391472743838942,0.7081065677668773,0.5396339731824624,False,1.0,1.0,False,34.87,11,1,False
Lev.11.22,את אלה מהם תאכלו את הארבה למינו ואת הסלעם למינהו ואת החרגל למינהו ואת החגב למינהו,16.493826263153437,1580.2793124712514,0.1875,11.995510009566136,1149.2940454336374,-0.42178279729988505,-0.08788058865457192,0.0,0.6634082183772364,0.5350142075431292,0.7081065677668773,0.5396339731824624,False,1.0,1.0,False,34.87,11,1,False
Lev.11.23,וכל שרץ העוף אשר לו ארבע רגלים שקץ הוא לכם,12.635438693539243,243.55539757295787,0.0,12.635438693539243,243.55539757295787,-0.41351215469018204,-0.09705552812039869,0.0,0.660384290474254,0.5386588512586138,0.7081065677668773,0.5396339731824624,False,1.0,1.0,False,34.87,11,1,False
Lev.11.24,ולאלה תטמאו כל הנגע בנבלתם יטמא עד הערב,60.3920945546212,6845.332134222668,0.125,48.31367564369696,5476.265707378135,0.04760476997552843,-0.04404928791184895,0.04760476997552843,0.4810156152254657,0.5175674420515849,0.7081065677668773,0.5396339731824624,False,0.9988675346611924,1.0,False,72.88,11,1,False
Lev.11.25,וכל הנשא מנבלתם יכבס בגדיו וטמא עד הערב,15.576409836953795,14391.30719806317,0.0,15.576409836953795,14391.30719806317,-0.37550210472396806,0.04625818235627534,0.04625818235627534,0.6463564592874828,0.4815522346258802,0.7081065677668773,0.5396339731824624,False,0.998930662431881,1.0,False,72.64,11,1,False
Lev.11.26,לכל הבהמה אשר הוא מפרסת פרסה ושסע איננה שסעת וגרה איננה מעלה טמאים הם לכם כל הנגע בהם יטמא,43.01913766497662,1172.5982597421867,0.10526315789473684,35.53754850585025,968.6681276131108,-0.11751797594860716,-0.08971029070590543,0.0,0.5467752000019052,0.5357412809410584,0.7081065677668773,0.5396339731824624,False,1.0,1.0,False,34.87,11,1,False
Lev.11.27,וכל הולך על כפיו בכל החיה ההלכת על ארבע טמאים הם לכם כל הנגע בנבלתם יטמא עד הערב,45.441457385786975,380.3837811118821,0.05555555555555555,40.89731164720828,342.34540300069386,-0.04824668599859426,-0.09605480642019407,0.0,0.5192401782805608,0.5382614777388529,0.7081065677668773,0.5396339731824624,False,1.0,1.0,False,34.87,11,1,False
Lev.11.28,והנשא את נבלתם יכבס בגדיו וטמא עד הערב טמאים המה לכם,11.575725038878613,11126.05614545862,0.09090909090909091,9.794844263666517,9414.355200003447,-0.45022490396518977,-0.004157280663193328,0.0,0.6737258595518277,0.5016585102507078,0.7081065677668773,0.5396339731824624,False,1.0,1.0,False,34.87,11,1,False
Lev.11.29,וזה לכם הטמא בשרץ השרץ על הארץ החלד והעכבר והצב למינהו,55.63002152490025,7271.149710557643,0.36363636363636365,32.206854567047515,4209.612990322846,-0.16056492774190903,-0.05688020997822732,0.0,0.5637819599879741,0.5226796905320866,0.7081065677668773,0.5396339731824624,False,1.0,1.0,False,34.87,11,1,False
Lev.11.30,והאנקה והכח והלטאה והחמט והתנשמת,769.6156155145791,1097000.4117438213,1.0,256.5385385048597,365666.8039146071,2.738769373641692,3.6046040979412726,4.527033066467785,0.0030834808493517257,0.00015631456277399468,0.14618998362394955,0.033568552355715355,False,3.546322930739188e-05,0.003046291397504962,True,98.95,11,1,False
Lev.11.31,אלה הטמאים לכם בכל השרץ כל הנגע בהם במתם יטמא עד הערב,47.74621521414349,104.57426589712193,0.16666666666666666,35.80966141060762,78.43069942284146,-0.11400110189513703,-0.09872820612019327,0.0,0.5453815400230315,0.5393229634885827,0.7081065677668773,0.5396339731824624,False,1.0,1.0,False,34.87,11,1,False
Lev.11.32,וכל אשר יפל עליו מהם במתם יטמא מכל כלי עץ או בגד או עור או שק כל כלי אשר יעשה מלאכה בהם במים יובא וטמא עד הערב וטהר,24.91984282581964,248.143122005324,0.03571428571428571,23.258519970764997,231.60024720496907,-0.2762160608313017,-0.09717663124566582,0.0,0.6088089389195834,0.5387069371183385,0.7081065677668773,0.5396339731824624,False,1.0,1.0,False,34.87,11,1,False
Lev.11.33,וכל כלי חרש אשר יפל מהם אל תוכו כל אשר בתוכו יטמא ואתו תשברו,51.85299297770649,76.16587310068238,0.07142857142857142,45.37136885549318,66.64513896309708,0.009577457709652206,-0.09884759133583401,0.009577457709652206,0.4961792055930638,0.5393703594637459,0.7081065677668773,0.5396339731824624,False,0.9999541372036401,1.0,False,70.08,11,1,False
Lev.11.34,מכל האכל אשר יאכל אשר יבוא עליו מים יטמא וכל משקה אשר ישתה בכל כלי יטמא,23.28966124369044,108.94391479163649,0.0,23.28966124369044,108.94391479163649,-0.2758135810781228,-0.09841911375168534,0.0,0.608654374005682,0.5392002511090794,0.7081065677668773,0.5396339731824624,False,1.0,1.0,False,34.87,11,1,False
Lev.11.35,וכל אשר יפל מנבלתם עליו יטמא תנור וכירים יתץ טמאים הם וטמאים יהיו לכם,53.884063402337105,4736.191762587185,0.21428571428571427,37.718844381635975,3315.334233811029,-0.0893262116685097,-0.06593906318709786,0.0,0.5355886682837125,0.5262868298422109,0.7081065677668773,0.5396339731824624,False,1.0,1.0,False,34.87,11,1,False
Lev.11.36,אך מעין ובור מקוה מים יהיה טהור ונגע בנבלתם יטמא,96.68081131049317,645.5005657103205,0.1,80.56734275874432,537.9171380919338,0.4644614607940597,-0.0940737064252595,0.4644614607940597,0.3211585824909911,0.5374746965162202,0.7081065677668773,0.5396339731824624,False,0.8977512762373416,1.0,False,86.61,11,1,False
Lev.11.37,וכי יפל מנבלתם על כל זרע זרוע אשר יזרע טהור הוא,131.48833900647446,971.2646334542976,0.09090909090909091,111.25936377470916,821.8393052305595,0.8611349388705738,-0.09119763538351243,0.8611349388705738,0.19458186406575523,0.536332223091967,0.7081065677668773,0.5396339731824624,False,0.6901980514621501,1.0,False,91.62,11,1,False
Lev.11.38,וכי יתן מים על זרע ונפל מנבלתם עליו טמא הוא לכם,23.490765569879816,831.5575732575678,0.0,23.490765569879816,831.5575732575678,-0.2732144445636431,-0.0910991913996203,0.0,0.6076558114565971,0.536293112428814,0.7081065677668773,0.5396339731824624,False,1.0,1.0,False,34.87,11,1,False
Lev.11.39,וכי ימות מן הבהמה אשר היא לכם לאכלה הנגע בנבלתה יטמא עד הערב,30.649884056323444,559.2129836225796,0.07692307692307693,26.563232848813655,484.65125247290234,-0.23350489656167175,-0.094613278494203,0.0,0.5923153161337169,0.5376889987804147,0.7081065677668773,0.5396339731824624,False,1.0,1.0,False,34.87,11,1,False
Lev.11.40,והאכל מנבלתה יכבס בגדיו וטמא עד הערב והנשא את נבלתה יכבס בגדיו וטמא עד הערב,14.586224454498893,11663.55830612457,0.26666666666666666,9.512755079021018,7606.668460516025,-0.45387071464487405,-0.022468762068065494,0.0,0.6750390585773923,0.5089629850174564,0.7081065677668773,0.5396339731824624,False,1.0,1.0,False,34.87,11,1,False
Lev.11.41,וכל השרץ השרץ על הארץ שקץ הוא לא יאכל,27.76267025563015,57.773799516897064,0.0,27.76267025563015,57.773799516897064,-0.21800298459407963,-0.09893745611370557,0.0,0.5862866070080723,0.5394060354451742,0.7081065677668773,0.5396339731824624,False,1.0,1.0,False,34.87,11,1,False
Lev.11.42,כל הולך על גח וכל הולך על ארבע עד כל מרבה רגלים לכל השרץ השרץ על הארץ לא תאכלום כי שקץ הם,38.924076312856506,102.5076450007977,0.09090909090909091,32.93575688010935,86.73723807759805,-0.15114436154492064,-0.09864406265396496,0.0,0.5600690805058249,0.5392895581654265,0.7081065677668773,0.5396339731824624,False,1.0,1.0,False,34.87,11,1,False
Lev.11.43,אל תשקצו את נפשתיכם בכל השרץ השרץ ולא תטמאו בהם ונטמתם בם,6.955428993673293,1934.6699688970573,0.08333333333333333,5.961796280291394,1658.2885447689061,-0.49976443980770363,-0.08272458285657461,0.0,0.6913795238146115,0.5329647312142397,0.7081065677668773,0.5396339731824624,False,1.0,1.0,False,34.87,11,1,False
Lev.11.44,כי אני יהוה אלהיכם והתקדשתם והייתם קדשים כי קדוש אני ולא תטמאו את נפשתיכם בכל השרץ הרמש על הארץ,5.658978201879046,515.6628714183569,0.05263157894736842,5.120027896938185,466.55212175946576,-0.5106437231297721,-0.09479661883092386,0.0,0.6951997230611717,0.5377618137194646,0.7081065677668773,0.5396339731824624,False,1.0,1.0,False,34.87,11,1,False
Lev.11.45,כי אני יהוה המעלה אתכם מארץ מצרים להית לכם לאלהים והייתם קדשים כי קדוש אני,6.821238709280207,2.552292683473928,0.0,6.821238709280207,2.552292683473928,-0.48865673147737937,-0.09949683820875593,0.0,0.6874576292609874,0.539628100905686,0.7081065677668773,0.5396339731824624,False,1.0,1.0,False,34.87,11,1,False
Lev.11.46,זאת תורת הבהמה והעוף וכל נפש החיה הרמשת במים ולכל נפש השרצת על הארץ,56.473419966080066,1610.6759404705615,0.07142857142857142,49.41424247032006,1409.3414479117414,0.061828847000144446,-0.08524636389048841,0.061828847000144446,0.4753495654223509,0.5339672341766304,0.7081065677668773,0.5396339731824624,False,0.9980904224070205,1.0,False,73.92,11,1,False
Lev.11.47,להבדיל בין הטמא ובין הטהר ובין החיה הנאכלת ובין החיה אשר לא תאכל,5.414674579246087,142.03039398884928,0.15384615384615385,4.14063350177642,108.61147775617886,-0.5233017289657311,-0.09842248126800333,0.0,0.6996178509979998,0.539201588062709,0.7081065677668773,0.5396339731824624,False,1.0,1.0,False,34.87,11,1,False
Lev.12.1,וידבר יהוה אל משה לאמר,12.443183965418504,1.708478018312369,0.0,12.443183965418504,1.708478018312369,-0.4159969161739774,-0.09950538587147467,0.0,0.6612938700999674,0.5396314940910326,0.7081065677668773,0.5396339731824624,False,1.0,1.0,False,34.87,12,1,False
Lev.12.2,דבר אל בני ישראל לאמר אשה כי תזריע וילדה זכר וטמאה שבעת ימים כימי נדת דותה תטמא,6.85673552001231,948.1412908617931,0.29411764705882354,4.317203845933676,596.9778498018696,-0.5210196774675391,-0.09347543400304675,0.0,0.6988234681619836,0.5372370674713446,0.7081065677668773,0.5396339731824624,False,1.0,1.0,False,34.87,12,1,False
Lev.12.3,וביום השמיני ימול בשר ערלתו,19.89255374539653,73.96201268396167,0.0,19.89255374539653,73.96201268396167,-0.3197188829169007,-0.0987734729644621,0.0,0.6254092779760901,0.5393409345084392,0.7081065677668773,0.5396339731824624,False,1.0,1.0,False,34.87,12,1,False
Lev.12.4,ושלשים יום ושלשת ימים תשב בדמי טהרה בכל קדש לא תגע ואל המקדש לא תבא עד מלאת ימי טהרה,39.65423356444927,129.9584897160314,0.0,39.65423356444927,129.9584897160314,-0.06431262399440787,-0.0982062405864662,0.0,0.5256393491144006,0.5391157364251505,0.7081065677668773,0.5396339731824624,False,1.0,1.0,False,34.87,12,1,False
Lev.12.5,ואם נקבה תלד וטמאה שבעים כנדתה וששים יום וששת ימים תשב על דמי טהרה,43.375772036290655,3056.5187044832383,0.07142857142857142,37.953800531754325,2674.4538664228335,-0.08628956337433467,-0.07243104472008417,0.0,0.5343818826239712,0.5288705602221541,0.7081065677668773,0.5396339731824624,False,1.0,1.0,False,34.87,12,1,False
Lev.12.6,ובמלאת ימי טהרה לבן או לבת תביא כבש בן שנתו לעלה ובן יונה או תר לחטאת אל פתח אהל מועד אל הכהן,49.376771667275165,28.630635523958123,0.09090909090909091,41.78034525692514,24.225922366426104,-0.03683407771702668,-0.09927728895929472,0.0,0.5146913488063315,0.5395409449464175,0.7081065677668773,0.5396339731824624,False,1.0,1.0,False,34.87,12,1,False
Lev.12.7,והקריבו לפני יהוה וכפר עליה וטהרה ממקר דמיה זאת תורת הילדת לזכר או לנקבה,61.48850404060994,2946.4921862932674,0.2857142857142857,39.12904802584269,1875.0404821866248,-0.07110028956150086,-0.08052893192613739,0.0,0.528341031140501,0.532091706699478,0.7081065677668773,0.5396339731824624,False,1.0,1.0,False,34.87,12,1,False
Lev.12.8,ואם לא תמצא ידה די שה ולקחה שתי תרים או שני בני יונה אחד לעלה ואחד לחטאת וכפר עליה הכהן וטהרה,20.43025494419515,13.012412410681204,0.09523809523809523,17.161414153123925,10.930426424972211,-0.3550170029271704,-0.09941196949955775,0.0,0.6387115733135844,0.5395944102222923,0.7081065677668773,0.5396339731824624,False,1.0,1.0,False,34.87,12,1,False
Lev.13.1,וידבר יהוה אל משה ואל אהרן לאמר,5.407086480228976,1.7067815202066268,0.0,5.407086480228976,1.7067815202066268,-0.5069336863555094,-0.09950540305663891,0.0,0.6938993257295514,0.5396315009130639,0.7081065677668773,0.5396339731824624,False,1.0,1.0,False,34.87,13,1,False
Lev.13.2,אדם כי יהיה בעור בשרו שאת או ספחת או בהרת והיה בעור בשרו לנגע צרעת והובא אל אהרן הכהן או אל אחד מבניו הכהנים,15.101159201272445,81.1954119439133,0.041666666666666664,13.939531570405334,74.94961102515074,-0.3966576420162789,-0.09876346880374932,0.0,0.6541900300785547,0.5393369628452787,0.7081065677668773,0.5396339731824624,False,1.0,1.0,False,34.87,13,1,False
Lev.13.3,וראה הכהן את הנגע בעור הבשר ושער בנגע הפך לבן ומראה הנגע עמק מעור בשרו נגע צרעת הוא וראהו הכהן וטמא אתו,28.40038340099537,167.60081819119742,0.09090909090909091,24.03109364699608,141.81607693101319,-0.2662310719945765,-0.09808612575514573,0.0,0.6049693728573095,0.5390680477790436,0.7081065677668773,0.5396339731824624,False,1.0,1.0,False,34.87,13,1,False
Lev.13.4,ואם בהרת לבנה הוא בעור בשרו ועמק אין מראה מן העור ושערה לא הפך לבן והסגיר הכהן את הנגע שבעת ימים,43.798055201157645,729.0300405313309,0.0,43.798055201157645,729.0300405313309,-0.010756550241336689,-0.09213777345479225,0.0,0.5042911599320921,0.5367057113980539,0.7081065677668773,0.5396339731824624,False,1.0,1.0,False,34.87,13,1,False
Lev.13.5,וראהו הכהן ביום השביעי והנה הנגע עמד בעיניו לא פשה הנגע בעור והסגירו הכהן שבעת ימים שנית,27.01979712613618,247.75254488470736,0.0,27.01979712613618,247.75254488470736,-0.22760411408283757,-0.09701301191265442,0.0,0.5900229893401034,0.5386419694099045,0.7081065677668773,0.5396339731824624,False,1.0,1.0,False,34.87,13,1,False
Lev.13.6,וראה הכהן אתו ביום השביעי שנית והנה כהה הנגע ולא פשה הנגע בעור וטהרו הכהן מספחת היא וכבס בגדיו וטהר,23.88873664543408,2921.6278664979964,0.05,21.717033314030978,2656.0253331799963,-0.2961387265044797,-0.07261772183422341,0.0,0.6164379299172988,0.5289448380159133,0.7081065677668773,0.5396339731824624,False,1.0,1.0,False,34.87,13,1,False
Lev.13.7,ואם פשה תפשה המספחת בעור אחרי הראתו אל הכהן לטהרתו ונראה שנית אל הכהן,178.28798819895212,3291.211055950507,0.14285714285714285,138.66843526585166,2559.830821294839,1.2153785292025325,-0.07359215173801043,1.2153785292025325,0.11211087657346835,0.5293325418940171,0.7081065677668773,0.5396339731824624,False,0.4777954893347066,1.0,False,93.83,13,1,False
Lev.13.8,וראה הכהן והנה פשתה המספחת בעור וטמאו הכהן צרעת הוא,31.17983007487183,35325.524352880464,0.1,25.98319172905986,29437.93696073372,-0.2410015331722244,0.19867733501502896,0.19867733501502896,0.5952230358780671,0.42125757730571967,0.7081065677668773,0.5396339731824624,False,0.9804571448713527,1.0,False,80.33,13,1,False
Lev.13.9,נגע צרעת כי תהיה באדם והובא אל הכהן,47.047878349400804,2.978189489151207,0.0,47.047878349400804,2.978189489151207,0.031245201636671913,-0.09949252396488437,0.031245201636671913,0.4875369959013006,0.5396263882692688,0.7081065677668773,0.5396339731824624,False,0.9995119878040487,1.0,False,71.48,13,1,False
Lev.13.10,וראה הכהן והנה שאת לבנה בעור והיא הפכה שער לבן ומחית בשר חי בשאת,420.37883463672176,7845.581735090946,0.21428571428571427,294.2651842457052,5491.907214563662,3.226360587475326,-0.043890842777680864,3.226360587475326,0.0006268764699661214,0.517504292663483,0.03846334912149274,0.5396339731824624,False,0.005490690154238851,0.27744134367595136,False,98.14,13,1,False
Lev.13.11,צרעת נושנת הוא בעור בשרו וטמאו הכהן לא יסגרנו כי טמא הוא,59.81406792511085,6966.7697343143645,0.16666666666666666,44.86055094383314,5225.077300735774,0.002975483940099184,-0.04659377293620406,0.002975483940099184,0.4988129554032234,0.5185815024405174,0.7081065677668773,0.5396339731824624,False,0.9999955732574591,1.0,False,69.73,13,1,False
Lev.13.12,ואם פרוח תפרח הצרעת בעור וכסתה הצרעת את כל עור הנגע מראשו ועד רגליו לכל מראה עיני הכהן,29.490319347343284,316.2274914845212,0.16666666666666666,22.117739510507466,237.1706186133909,-0.290959871695262,-0.09712020457049286,0.0,0.614458994954129,0.538684532108892,0.7081065677668773,0.5396339731824624,False,1.0,1.0,False,34.87,13,1,False
Lev.13.13,וראה הכהן והנה כסתה הצרעת את כל בשרו וטהר את הנגע כלו הפך לבן טהור הוא,12.775880059356583,419.9093898721974,0.0,12.775880059356583,419.9093898721974,-0.41169704564227666,-0.09526909976413485,0.0,0.6597192546560042,0.5379494570960902,0.7081065677668773,0.5396339731824624,False,1.0,1.0,False,34.87,13,1,False
Lev.13.14,וביום הראות בו בשר חי יטמא,703.7315491542496,412.7234007894648,0.16666666666666666,527.7986618656872,309.5425505920986,6.244621808091457,-0.09638709232393261,6.244621808091457,2.1241337682358117e-10,0.538393428387773,3.0410515115242705e-08,0.5396339731824624,False,3.406260540559109e-09,3.6574722554253434e-07,True,99.19,13,1,False
Lev.13.15,וראה הכהן את הבשר החי וטמאו הבשר החי טמא הוא צרעת הוא,142.8524128527814,230.4254891640681,0.0,142.8524128527814,230.4254891640681,1.2694535912761025,-0.09718853129424797,1.2694535912761025,0.10213966633542015,0.5387116621852518,0.7081065677668773,0.5396339731824624,False,0.4467499619104105,1.0,False,94.18,13,1,False
Lev.13.16,או כי ישוב הבשר החי ונהפך ללבן ובא אל הכהן,189.79291044551582,219.26798012376537,0.1,158.16075870459653,182.72331676980448,1.4673035402735646,-0.09767174413399986,1.4673035402735646,0.07114675054300229,0.5389035234170935,0.7081065677668773,0.5396339731824624,False,0.3407896549608023,1.0,False,95.34,13,1,False
Lev.13.17,וראהו הכהן והנה נהפך הנגע ללבן וטהר הכהן את הנגע טהור הוא,13.041557422160132,155.1133839281032,0.0,13.041557422160132,155.1133839281032,-0.40826334658757246,-0.09795142686927509,0.0,0.6584598270973695,0.5390145682236879,0.7081065677668773,0.5396339731824624,False,1.0,1.0,False,34.87,13,1,False
Lev.13.18,ובשר כי יהיה בו בערו שחין ונרפא,294.06608236301355,21483.93505043942,0.2857142857142857,187.13296150373588,13671.595032097814,1.8417495386617044,0.03896765150485588,1.8421617304201074,0.03275589716090449,0.48445808968739823,0.7081065677668773,0.5396339731824624,False,0.1832727276533932,1.0,False,95.93,13,1,False
Lev.13.19,והיה במקום השחין שאת לבנה או בהרת לבנה אדמדמת ונראה אל הכהן,131.4589993701845,12314.918638040901,0.0,131.4589993701845,12314.918638040901,1.122201478065483,0.025224808776891598,1.1224849434848494,0.13088839217173998,0.489937824353768,0.7081065677668773,0.5396339731824624,False,0.5325991379488311,1.0,False,93.48,13,1,False
Lev.13.20,וראה הכהן והנה מראה שפל מן העור ושערה הפך לבן וטמאו הכהן נגע צרעת הוא בשחין פרחה,100.1727227568548,2584.1389026259553,0.058823529411764705,89.62822562455429,2312.124281296907,0.5815672036500014,-0.07610136619533589,0.5815672036500014,0.28042911956880334,0.5303307733858859,0.7081065677668773,0.5396339731824624,False,0.8444158384135365,1.0,False,88.82,13,1,False
Lev.13.21,ואם יראנה הכהן והנה אין בה שער לבן ושפלה איננה מן העור והיא כהה והסגירו הכהן שבעת ימים,70.76183362519569,1000.7953151753031,0.05555555555555555,63.68565026267612,900.7157836577728,0.2462770774733823,-0.09039863346772072,0.2462770774733823,0.4027338765495172,0.5360147787083409,0.7081065677668773,0.5396339731824624,False,0.9701290263796674,1.0,False,81.72,13,1,False
Lev.13.22,ואם פשה תפשה בעור וטמא הכהן אתו נגע הוא,115.12844872400883,28097.410420338874,0.0,115.12844872400883,28097.410420338874,0.9111402279655431,0.18509808686269794,0.9297514811912551,0.18111074640901426,0.42657605107122487,0.7081065677668773,0.5396339731824624,False,0.6490672748607984,1.0,False,92.32,13,1,False
Lev.13.23,ואם תחתיה תעמד הבהרת לא פשתה צרבת השחין הוא וטהרו הכהן,125.30311017745372,162158.26015562727,0.18181818181818182,91.88894746346605,118916.05744745999,0.610785494434378,1.1050716253776376,1.2626330493956752,0.2706707988417084,0.13456427721303255,0.7081065677668773,0.5396339731824624,False,0.45062439716771274,1.0,False,94.06,13,1,False
Lev.13.24,או בשר כי יהיה בערו מכות אש והיתה מחית המכוה בהרת לבנה אדמדמת או לבנה,166.76835582826246,10601.725596957545,0.06666666666666667,147.1485492602316,9354.463762021363,1.3249782297529222,-0.004763968165493064,1.3249782297529222,0.09258918601724198,0.5019005411347777,0.7081065677668773,0.5396339731824624,False,0.41570323335375947,1.0,False,94.41,13,1,False
Lev.13.25,וראה אתה הכהן והנה נהפך שער לבן בבהרת ומראה עמק מן העור צרעת הוא במכוה פרחה וטמא אתו הכהן נגע צרעת הוא,83.80886582161727,3554.8760880394007,0.13636363636363635,65.84982314555643,2793.116926316672,0.27424753872663327,-0.07122901321361452,0.27424753872663327,0.3919471986918155,0.5283922545752427,0.7081065677668773,0.5396339731824624,False,0.9630924629692579,1.0,False,82.54,13,1,False
Lev.13.26,ואם יראנה הכהן והנה אין בבהרת שער לבן ושפלה איננה מן העור והוא כהה והסגירו הכהן שבעת ימים,70.86928175548877,3742.89677561007,0.1111111111111111,57.98395779994535,3062.3700891355115,0.17258658381258354,-0.06850153605927183,0.17258658381258354,0.4314881991057915,0.5273068013241644,0.7081065677668773,0.5396339731824624,False,0.9852172887168588,1.0,False,79.51,13,1,False
Lev.13.27,וראהו הכהן ביום השביעי אם פשה תפשה בעור וטמא הכהן אתו נגע צרעת הוא,25.593658804263832,1981.6429559588119,0.0,25.593658804263832,1981.6429559588119,-0.24603598105116284,-0.07944907158664832,0.0,0.597172810221108,0.5316622807589233,0.7081065677668773,0.5396339731824624,False,1.0,1.0,False,34.87,13,1,False
Lev.13.28,ואם תחתיה תעמד הבהרת לא פשתה בעור והוא כהה שאת המכוה הוא וטהרו הכהן כי צרבת המכוה הוא,56.11503787840737,29423.919169560137,0.1111111111111111,45.91230371869693,24074.115684185563,0.016568672575830685,0.14434296865660784,0.14529078949309746,0.49339035839489603,0.44261482473652447,0.7081065677668773,0.5396339731824624,False,0.9895007987086458,1.0,False,78.58,13,1,False
Lev.13.29,ואיש או אשה כי יהיה בו נגע בראש או בזקן,155.64575539757163,13.440943083465427,0.1,129.70479616464303,11.200785902887857,1.0995295958054925,-0.09940923081566727,1.0995295958054925,0.13576856603852827,0.5395933230308569,0.7081065677668773,0.5396339731824624,False,0.5463570025796558,1.0,False,93.25,13,1,False
Lev.13.30,וראה הכהן את הנגע והנה מראהו עמק מן העור ובו שער צהב דק וטמא אתו הכהן נתק הוא צרעת הראש או הזקן הוא,76.78019078120565,829.3167524935624,0.08695652173913043,65.40534770250852,706.455011383405,0.2685029962013397,-0.09236645368872144,0.2685029962013397,0.3941560844426406,0.5367965542314447,0.7081065677668773,0.5396339731824624,False,0.9645950244736092,1.0,False,82.42,13,1,False
Lev.13.31,וכי יראה הכהן את נגע הנתק והנה אין מראהו עמק מן העור ושער שחר אין בו והסגיר הכהן את נגע הנתק שבעת ימים,45.49661467217959,69.8358054866647,0.0,45.49661467217959,69.8358054866647,0.011196174629391337,-0.09881527056396619,0.011196174629391337,0.4955334658783356,0.5393575281604381,0.7081065677668773,0.5396339731824624,False,0.9999373248010064,1.0,False,70.2,13,1,False
Lev.13.32,וראה הכהן את הנגע ביום השביעי והנה לא פשה הנתק ולא היה בו שער צהב ומראה הנתק אין עמק מן העור,24.849566772285147,99.2672469755203,0.047619047619047616,22.688734879042958,90.63531245590983,-0.28358014526132214,-0.098604575991296,0.0,0.6116339227440962,0.5392738816924877,0.7081065677668773,0.5396339731824624,False,1.0,1.0,False,34.87,13,1,False
Lev.13.33,והתגלח ואת הנתק לא יגלח והסגיר הכהן את הנתק שבעת ימים שנית,16.82736434771752,3449.245308483329,0.08333333333333333,14.423455155186444,2956.495978699996,-0.39040325911335677,-0.06957401823339401,0.0,0.6518808108663876,0.5277336413693292,0.7081065677668773,0.5396339731824624,False,1.0,1.0,False,34.87,13,1,False
Lev.13.34,וראה הכהן את הנתק ביום השביעי והנה לא פשה הנתק בעור ומראהו איננו עמק מן העור וטהר אתו הכהן וכבס בגדיו וטהר,12.016640075618696,1197.7508181747341,0.045454545454545456,11.015253402650472,1097.9382499935064,-0.43445194663581366,-0.08840081191709419,0.0,0.668019858712136,0.5352209419962408,0.7081065677668773,0.5396339731824624,False,1.0,1.0,False,34.87,13,1,False
Lev.13.35,ואם פשה יפשה הנתק בעור אחרי טהרתו,179.58969591284313,20058.512760847498,0.2857142857142857,114.28435194453654,12764.508120539316,0.9002308517086881,0.029779054415121062,0.9007232529750793,0.18399870549342534,0.4881216317565255,0.7081065677668773,0.5396339731824624,False,0.6665426241301182,1.0,False,91.85,13,1,False
Lev.13.36,וראהו הכהן והנה פשה הנתק בעור לא יבקר הכהן לשער הצהב טמא הוא,39.734449286395815,4983.364813131959,0.07692307692307693,34.436522714876375,4318.916171381031,-0.13174798477501756,-0.05577299204952366,0.0,0.5524081850363203,0.5222386746668247,0.7081065677668773,0.5396339731824624,False,1.0,1.0,False,34.87,13,1,False
Lev.13.37,ואם בעיניו עמד הנתק ושער שחר צמח בו נרפא הנתק טהור הוא וטהרו הכהן,90.47309978063372,2990.340571775316,0.0,90.47309978063372,2990.340571775316,0.5924866269703053,-0.0692311797187242,0.5924866269703053,0.2767623865848431,0.5275971975929464,0.7081065677668773,0.5396339731824624,False,0.8390204474725246,1.0,False,89.17,13,1,False
Lev.13.38,ואיש או אשה כי יהיה בעור בשרם בהרת בהרת לבנת,82.93941244000547,381.2510957380718,0.0,82.93941244000547,381.2510957380718,0.49511884664089817,-0.0956607000446026,0.49511884664089817,0.31025811549593185,0.5381049727374018,0.7081065677668773,0.5396339731824624,False,0.8846427956817918,1.0,False,87.31,13,1,False
Lev.13.39,וראה הכהן והנה בעור בשרם בהרת כהות לבנת בהק הוא פרח בעור טהור הוא,112.18497149496491,3387.877727692622,0.14285714285714285,87.25497782941716,2635.016010427595,0.5508945914833153,-0.07283054179605963,0.5508945914833153,0.2908529676402873,0.5290295166760888,0.7081065677668773,0.5396339731824624,False,0.8592095627470907,1.0,False,88.13,13,1,False
Lev.13.40,ואיש כי ימרט ראשו קרח הוא טהור הוא,227.9696646200443,2461.4213908573934,0.125,182.37573169603544,1969.1371126859146,1.780265581875404,-0.07957575311367486,1.780265581875404,0.03751625351049514,0.531712659870185,0.7081065677668773,0.5396339731824624,False,0.20501486895112925,1.0,False,95.69,13,1,False
Lev.13.41,ואם מפאת פניו ימרט ראשו גבח הוא טהור הוא,112.01814100652848,18281.81854969171,0.3333333333333333,67.2108846039171,10969.091129815028,0.2918383315350633,0.01159186295020955,0.29206845608491505,0.38520511800645246,0.4953756193247713,0.7081065677668773,0.5396339731824624,False,0.9582448093669528,1.0,False,83.12,13,1,False
Lev.13.42,וכי יהיה בקרחת או בגבחת נגע לבן אדמדם צרעת פרחת הוא בקרחתו או בגבחתו,75.29354772202643,7975.348243527781,0.2857142857142857,47.91407582310773,5075.221609517679,0.042440214321489554,-0.04811177915000884,0.042440214321489554,0.4830738854103444,0.5191864206631301,0.7081065677668773,0.5396339731824624,False,0.9990998195099409,1.0,False,72.53,13,1,False
Lev.13.43,וראה אתו הכהן והנה שאת הנגע לבנה אדמדמת בקרחתו או בגבחתו כמראה צרעת עור בשר,49.2628411101193,6718.883702036005,0.06666666666666667,43.46721274422291,5928.4267959141225,-0.015032463776630286,-0.03946899245253654,0.0,0.5059968595215613,0.5157417626581973,0.7081065677668773,0.5396339731824624,False,1.0,1.0,False,34.87,13,1,False
Lev.13.44,איש צרוע הוא טמא הוא טמא יטמאנו הכהן בראשו נגעו,44.48933342510367,4613.928632936311,0.2,31.778095303645483,3295.6633092402226,-0.16610634934404922,-0.06613832546060278,0.0,0.5659633712402348,0.5263661508353998,0.7081065677668773,0.5396339731824624,False,1.0,1.0,False,34.87,13,1,False
Lev.13.45,והצרוע אשר בו הנגע בגדיו יהיו פרמים וראשו יהיה פרוע ועל שפם יעטה וטמא טמא יקרא,16.69188727716009,1750.5370907139059,0.25,11.127924851440062,1167.024727142604,-0.4329957448611557,-0.08770098062774007,0.0,0.6674910694360969,0.5349428298997607,0.7081065677668773,0.5396339731824624,False,1.0,1.0,False,34.87,13,1,False
Lev.13.46,כל ימי אשר הנגע בו יטמא טמא הוא בדד ישב מחוץ למחנה מושבו,36.40311404501002,10.712283405313396,0.07692307692307693,31.549365505675354,9.28397895127161,-0.1690625262752899,-0.09942864766156459,0.0,0.5671262698586291,0.5396010310438679,0.7081065677668773,0.5396339731824624,False,1.0,1.0,False,34.87,13,1,False
Lev.13.47,והבגד כי יהיה בו נגע צרעת בבגד צמר או בבגד פשתים,21.927642394277033,535.1291205690228,0.18181818181818182,16.080271089136488,392.42802175061667,-0.36899004104242256,-0.0955474801661958,0.0,0.64393242604247,0.5380600104918494,0.7081065677668773,0.5396339731824624,False,1.0,1.0,False,34.87,13,1,False
Lev.13.48,או בשתי או בערב לפשתים ולצמר או בעור או בכל מלאכת עור,159.84284174782678,3535.2958349908718,0.16666666666666666,119.8821313108701,2651.471876243154,0.972578339337263,-0.0726638473825308,0.972578339337263,0.1653814562039987,0.5289631909620611,0.7081065677668773,0.5396339731824624,False,0.6231585407254374,1.0,False,92.67,13,1,False
Lev.13.49,והיה הנגע ירקרק או אדמדם בבגד או בעור או בשתי או בערב או בכל כלי עור נגע צרעת הוא והראה את הכהן,43.646175275802335,25.185579955024096,0.13636363636363635,34.29342343098755,19.78866996466179,-0.13359744560462247,-0.09932223738042804,0.0,0.5531395479030079,0.5395587885817489,0.7081065677668773,0.5396339731824624,False,1.0,1.0,False,34.87,13,1,False
Lev.13.50,וראה הכהן את הנגע והסגיר את הנגע שבעת ימים,34.89603354879979,60.666393461139805,0.0,34.89603354879979,60.666393461139805,-0.12580912005798156,-0.0989081547535391,0.0,0.5500584888113556,0.5393944029493815,0.7081065677668773,0.5396339731824624,False,1.0,1.0,False,34.87,13,1,False
Lev.13.51,וראה את הנגע ביום השביעי כי פשה הנגע בבגד או בשתי או בערב או בעור לכל אשר יעשה העור למלאכה צרעת ממארת הנגע טמא הוא,16.983232177770542,35.398808108923724,0.0,16.983232177770542,35.398808108923724,-0.3573198836614565,-0.09916411000796242,0.0,0.6395738268948705,0.5394960147857579,0.7081065677668773,0.5396339731824624,False,1.0,1.0,False,34.87,13,1,False
Lev.13.52,ושרף את הבגד או את השתי או את הערב בצמר או בפשתים או את כל כלי העור אשר יהיה בו הנגע כי צרעת ממארת הוא באש תשרף,24.859350209641796,39.44152228899355,0.07407407407407407,21.651692118075115,34.35229360654277,-0.29698321698127195,-0.09917471097683145,0.0,0.6167603388425904,0.5395002232154379,0.7081065677668773,0.5396339731824624,False,1.0,1.0,False,34.87,13,1,False
Lev.13.53,ואם יראה הכהן והנה לא פשה הנגע בבגד או בשתי או בערב או בכל כלי עור,7.926124509525603,39.72912884943674,0.0,7.926124509525603,39.72912884943674,-0.4743768346588311,-0.09912024478176756,0.0,0.6823843953556297,0.5394786008851424,0.7081065677668773,0.5396339731824624,False,1.0,1.0,False,34.87,13,1,False
Lev.13.54,וצוה הכהן וכבסו את אשר בו הנגע והסגירו שבעת ימים שנית,94.14494544543358,1525.6668698111682,0.09090909090909091,79.66110768459764,1290.9488898402192,0.45274898937910457,-0.08644565527114913,0.45274898937910457,0.3253647494999919,0.5344439224602765,0.7081065677668773,0.5396339731824624,False,0.9025864321261126,1.0,False,86.38,13,1,False
Lev.13.55,וראה הכהן אחרי הכבס את הנגע והנה לא הפך הנגע את עינו והנגע לא פשה טמא הוא באש תשרפנו פחתת הוא בקרחתו או בגבחתו,22.45522106737466,2636.4607909825236,0.125,17.964176853899726,2109.168632786019,-0.3446418414993454,-0.07815726365950311,0.0,0.6348181770837908,0.5311485216796672,0.7081065677668773,0.5396339731824624,False,1.0,1.0,False,34.87,13,1,False
Lev.13.56,ואם ראה הכהן והנה כהה הנגע אחרי הכבס אתו וקרע אתו מן הבגד או מן העור או מן השתי או מן הערב,13.852442894441603,90.1079431241382,0.09090909090909091,11.72129783375828,76.24518264350155,-0.42532680300260667,-0.09875034493937622,0.0,0.6647007713933697,0.5393317526502726,0.7081065677668773,0.5396339731824624,False,1.0,1.0,False,34.87,13,1,False
Lev.13.57,ואם תראה עוד בבגד או בשתי או בערב או בכל כלי עור פרחת הוא באש תשרפנו את אשר בו הנגע,30.16050361987242,1416.6058567973741,0.1,25.133753016560348,1180.5048806644786,-0.2519799502769419,-0.0875644295455428,0.0,0.5994717193819162,0.534888562672582,0.7081065677668773,0.5396339731824624,False,1.0,1.0,False,34.87,13,1,False
Lev.13.58,והבגד או השתי או הערב או כל כלי העור אשר תכבס וסר מהם הנגע וכבס שנית וטהר,41.07657992252324,2900.383410586298,0.11764705882352941,33.252469461090236,2347.929427617479,-0.1470510670374352,-0.07573866769413773,0.0,0.5584541436314312,0.5301864940214727,0.7081065677668773,0.5396339731824624,False,1.0,1.0,False,34.87,13,1,False
Lev.13.59,זאת תורת נגע צרעת בגד הצמר או הפשתים או השתי או הערב או כל כלי עור לטהרו או לטמאו,40.41871410676481,113.92959706377121,0.15789473684210525,30.718222721141252,86.58649376846611,-0.1798044809659845,-0.09864558966168885,0.0,0.571346967174472,0.5392901643966251,0.7081065677668773,0.5396339731824624,False,1.0,1.0,False,34.87,13,1,False
Lev.14.1,וידבר יהוה אל משה לאמר,34.591845108927814,1.708478018312369,0.0,34.591845108927814,1.708478018312369,-0.12974054856742775,-0.09950538587147467,0.0,0.5516141497206769,0.5396314940910326,0.7081065677668773,0.5396339731824624,False,1.0,1.0,False,34.87,14,1,False
Lev.14.2,זאת תהיה תורת המצרע ביום טהרתו והובא אל הכהן,32.61024593901642,598.9272817742803,0.2222222222222222,22.576324111626754,414.641964305271,-0.2850329779066875,-0.09532245766249929,0.0,0.6121905616543754,0.5379706473814481,0.7081065677668773,0.5396339731824624,False,1.0,1.0,False,34.87,14,1,False
Lev.14.3,ויצא הכהן אל מחוץ למחנה וראה הכהן והנה נרפא נגע הצרעת מן הצרוע,22.770696155501003,35.73658374262731,0.07692307692307693,19.734603334767538,30.971705910277006,-0.3217602844497364,-0.09920895560970144,0.0,0.6261828480410213,0.5395138178038782,0.7081065677668773,0.5396339731824624,False,1.0,1.0,False,34.87,14,1,False
Lev.14.4,וצוה הכהן ולקח למטהר שתי צפרים חיות טהרות ועץ ארז ושני תולעת ואזב,219.26388421517473,6088.311815078991,0.23076923076923078,150.022657620909,4165.6870313698355,1.362124123769014,-0.057325170580630865,1.362124123769014,0.08657935814248563,0.5228569149530111,0.7081065677668773,0.5396339731824624,False,0.3954657620573846,1.0,False,94.64,14,1,False
Lev.14.5,וצוה הכהן ושחט את הצפור האחת אל כלי חרש על מים חיים,60.92109870904692,1079.725019361361,0.08333333333333333,52.218084607754506,925.4785880240237,0.09806659791446443,-0.090147791537103,0.09806659791446443,0.46093970532399253,0.5359151141809684,0.7081065677668773,0.5396339731824624,False,0.9952030136532434,1.0,False,76.72,14,1,False
Lev.14.6,את הצפר החיה יקח אתה ואת עץ הארז ואת שני התולעת ואת האזב וטבל אותם ואת הצפר החיה בדם הצפר השחטה על המים החיים,31.847669329755842,4206.404286878192,0.08333333333333333,27.298002282647865,3605.4893887527355,-0.22400850182273557,-0.0629998533073211,0.0,0.5886246560830721,0.5251166894327826,0.7081065677668773,0.5396339731824624,False,1.0,1.0,False,34.87,14,1,False
Lev.14.7,והזה על המטהר מן הצרעת שבע פעמים וטהרו ושלח את הצפר החיה על פני השדה,35.764500499760665,1276.4019146883084,0.0,35.764500499760665,1276.4019146883084,-0.11458477592460044,-0.08659301302909059,0.0,0.545612876364012,0.53450249008272,0.7081065677668773,0.5396339731824624,False,1.0,1.0,False,34.87,14,1,False
Lev.14.8,וכבס המטהר את בגדיו וגלח את כל שערו ורחץ במים וטהר ואחר יבוא אל המחנה וישב מחוץ לאהלו שבעת ימים,28.19943168056968,3445.847790092061,0.1,23.499526400474736,2871.5398250767175,-0.2731012167921282,-0.07043460596318134,0.0,0.6076122942970285,0.5280761259705637,0.7081065677668773,0.5396339731824624,False,1.0,1.0,False,34.87,14,1,False
Lev.14.9,והיה ביום השביעי יגלח את כל שערו את ראשו ואת זקנו ואת גבת עיניו ואת כל שערו יגלח וכבס את בגדיו ורחץ את בשרו במים וטהר,8.054427444657712,482.8752936751641,0.07692307692307693,6.980503785370018,418.49192118514225,-0.48659833878841946,-0.09528345841983442,0.0,0.6867284994853469,0.537955159430446,0.7081065677668773,0.5396339731824624,False,1.0,1.0,False,34.87,14,1,False
Lev.14.10,וביום השמיני יקח שני כבשים תמימים וכבשה אחת בת שנתה תמימה ושלשה עשרנים סלת מנחה בלולה בשמן ולג אחד שמן,33.550283416715324,419.1147140400488,0.2,23.964488154796662,299.3676528857492,-0.26709190263964866,-0.09649016186915656,0.0,0.6053007990217674,0.5384343564202412,0.7081065677668773,0.5396339731824624,False,1.0,1.0,False,34.87,14,1,False
Lev.14.11,והעמיד הכהן המטהר את האיש המטהר ואתם לפני יהוה פתח אהל מועד,74.57972352140452,322.2557768239648,0.0,74.57972352140452,322.2557768239648,0.38707555821573264,-0.09625831005173055,0.38707555821573264,0.34935013584280983,0.5383422894805782,0.7081065677668773,0.5396339731824624,False,0.9278235133296777,1.0,False,84.87,14,1,False
Lev.14.12,ולקח הכהן את הכבש האחד והקריב אתו לאשם ואת לג השמן והניף אתם תנופה לפני יהוה,19.318876924920957,291.2201971471498,0.0625,17.172335044374183,258.86239746413315,-0.35487585784214387,-0.09690047147383,0.0,0.6386587022432326,0.5385972828056917,0.7081065677668773,0.5396339731824624,False,1.0,1.0,False,34.87,14,1,False
Lev.14.13,ושחט את הכבש במקום אשר ישחט את החטאת ואת העלה במקום הקדש כי כחטאת האשם הוא לכהן קדש קדשים הוא,22.355813968712592,408.7718130863454,0.0,22.355813968712592,408.7718130863454,-0.28788292139184973,-0.09538192104326161,0.0,0.6132818197447448,0.53799426224016,0.7081065677668773,0.5396339731824624,False,1.0,1.0,False,34.87,14,1,False
Lev.14.14,ולקח הכהן מדם האשם ונתן הכהן על תנוך אזן המטהר הימנית ועל בהן ידו הימנית ועל בהן רגלו הימנית,12.635074183472984,200.61279771646815,0.0,12.635074183472984,200.61279771646815,-0.41351686573464863,-0.09749052750473447,0.0,0.6603860159002605,0.5388315718229906,0.7081065677668773,0.5396339731824624,False,1.0,1.0,False,34.87,14,1,False
Lev.14.15,ולקח הכהן מלג השמן ויצק על כף הכהן השמאלית,73.11989049476696,4804.369262668281,0.1111111111111111,59.825364950263875,3930.8475785467754,0.19638551769484125,-0.05970404418719346,0.19638551769484125,0.4221542153797392,0.5238043246561074,0.7081065677668773,0.5396339731824624,False,0.9809011041327871,1.0,False,80.21,14,1,False
Lev.14.16,וטבל הכהן את אצבעו הימנית מן השמן אשר על כפו השמאלית והזה מן השמן באצבעו שבע פעמים לפני יהוה,29.0046925292571,22.98919114408405,0.0,29.0046925292571,22.98919114408405,-0.20195069221255713,-0.09928981678299671,0.0,0.5800223641131687,0.5395459182529724,0.7081065677668773,0.5396339731824624,False,1.0,1.0,False,34.87,14,1,False
Lev.14.17,ומיתר השמן אשר על כפו יתן הכהן על תנוך אזן המטהר הימנית ועל בהן ידו הימנית ועל בהן רגלו הימנית על דם האשם,8.09855405102099,687.54908842962,0.043478260869565216,7.450669726939311,632.5451613552505,-0.4805217640585117,-0.09311514471735131,0.0,0.6845717843428588,0.5370939570175796,0.7081065677668773,0.5396339731824624,False,1.0,1.0,False,34.87,14,1,False
Lev.14.18,והנותר בשמן אשר על כף הכהן יתן על ראש המטהר וכפר עליו הכהן לפני יהוה,37.56611500918142,182.52991075117433,0.0,37.56611500918142,182.52991075117433,-0.09130013483715595,-0.09767370329574862,0.0,0.5363729445735039,0.538904301290246,0.7081065677668773,0.5396339731824624,False,1.0,1.0,False,34.87,14,1,False
Lev.14.19,ועשה הכהן את החטאת וכפר על המטהר מטמאתו ואחר ישחט את העלה,49.835360628876344,507.2639841645821,0.08333333333333333,42.71602339617972,434.7977007124989,-0.024741074728881526,-0.09511828434841771,0.0,0.5098692538990882,0.537889562443854,0.7081065677668773,0.5396339731824624,False,1.0,1.0,False,34.87,14,1,False
Lev.14.20,והעלה הכהן את העלה ואת המנחה המזבחה וכפר עליו הכהן וטהר,17.22089063345494,400.7021530048024,0.0,17.22089063345494,400.7021530048024,-0.3542483099074315,-0.0954636649800284,0.0,0.6384235990883315,0.5380267252197598,0.7081065677668773,0.5396339731824624,False,1.0,1.0,False,34.87,14,1,False
Lev.14.21,ואם דל הוא ואין ידו משגת ולקח כבש אחד אשם לתנופה לכפר עליו ועשרון סלת אחד בלול בשמן למנחה ולג שמן,168.0938889347733,1125.732510049735,0.23809523809523808,113.87005379452384,762.5929906788527,0.8948763301527203,-0.09179778792295541,0.8948763301527203,0.1854266005406634,0.536570649187804,0.7081065677668773,0.5396339731824624,False,0.6700507500423954,1.0,False,91.73,14,1,False
Lev.14.22,ושתי תרים או שני בני יונה אשר תשיג ידו והיה אחד חטאת והאחד עלה,94.52270270668053,37.30386438698871,0.0,94.52270270668053,37.30386438698871,0.644824988027345,-0.09914481219388377,0.644824988027345,0.25952030337811965,0.5394883538243004,0.7081065677668773,0.5396339731824624,False,0.812288559917852,1.0,False,89.99,14,1,False
Lev.14.23,והביא אתם ביום השמיני לטהרתו אל הכהן אל פתח אהל מועד לפני יהוה,27.304555761500094,28.245528922484812,0.0,27.304555761500094,28.245528922484812,-0.22392380256984304,-0.09923657120156693,0.0,0.5885917029010066,0.5395247807321537,0.7081065677668773,0.5396339731824624,False,1.0,1.0,False,34.87,14,1,False
Lev.14.24,ולקח הכהן את כבש האשם ואת לג השמן והניף אתם הכהן תנופה לפני יהוה,26.39203418373794,28.623494482579876,0.07142857142857142,23.0930299107707,25.04555767225739,-0.27835490719957706,-0.09926898622833273,0.0,0.6096300345256568,0.5395376489175144,0.7081065677668773,0.5396339731824624,False,1.0,1.0,False,34.87,14,1,False
Lev.14.25,ושחט את כבש האשם ולקח הכהן מדם האשם ונתן על תנוך אזן המטהר הימנית ועל בהן ידו הימנית ועל בהן רגלו הימנית,14.644915888785905,294.6540299013141,0.0,14.644915888785905,294.6540299013141,-0.38754102989070055,-0.09653790986539042,0.0,0.6508221420532958,0.5384533166021191,0.7081065677668773,0.5396339731824624,False,1.0,1.0,False,34.87,14,1,False
Lev.14.26,ומן השמן יצק הכהן על כף הכהן השמאלית,252.67546611966682,412.0071149183236,0.0,252.67546611966682,412.0071149183236,2.6888417928447574,-0.09534914812523256,2.6888417928447574,0.003585019584937242,0.537981247056124,0.15397659117305454,0.5396339731824624,False,0.026918672358026183,1.0,False,97.56,14,1,False
Lev.14.27,והזה הכהן באצבעו הימנית מן השמן אשר על כפו השמאלית שבע פעמים לפני יהוה,29.22794897507753,15.815550145553168,0.0,29.22794897507753,15.815550145553168,-0.19906525463187366,-0.09936248423741809,0.0,0.578894149975965,0.539574765721388,0.7081065677668773,0.5396339731824624,False,1.0,1.0,False,34.87,14,1,False
Lev.14.28,ונתן הכהן מן השמן אשר על כפו על תנוך אזן המטהר הימנית ועל בהן ידו הימנית ועל בהן רגלו הימנית על מקום דם האשם,6.267815446430037,264.23709514438525,0.0,6.267815446430037,264.23709514438525,-0.49580935040752544,-0.09684602693182011,0.0,0.6899855363981655,0.5385756642531663,0.7081065677668773,0.5396339731824624,False,1.0,1.0,False,34.87,14,1,False
Lev.14.29,והנותר מן השמן אשר על כף הכהן יתן על ראש המטהר לכפר עליו לפני יהוה,24.20439350156781,136.77011786184354,0.0,24.20439350156781,136.77011786184354,-0.2639912893478957,-0.0981372402450883,0.0,0.6041066845858702,0.5390883416016179,0.7081065677668773,0.5396339731824624,False,1.0,1.0,False,34.87,14,1,False
Lev.14.30,ועשה את האחד מן התרים או מן בני היונה מאשר תשיג ידו,110.44270288003045,128.08754026944615,0.0,110.44270288003045,128.08754026944615,0.8505801527477318,-0.098225192905611,0.8505801527477318,0.197501309194119,0.5391232609270045,0.7081065677668773,0.5396339731824624,False,0.6964611277747217,1.0,False,91.5,14,1,False
Lev.14.31,את אשר תשיג ידו את האחד חטאת ואת האחד עלה על המנחה וכפר הכהן על המטהר לפני יהוה,51.04416996691936,29.99965058691816,0.0,51.04416996691936,29.99965058691816,0.08289455032259035,-0.09921880232295621,0.08289455032259035,0.466967693670637,0.5395177267878626,0.7081065677668773,0.5396339731824624,False,0.9965701422098601,1.0,False,75.79,14,1,False
Lev.14.32,זאת תורת אשר בו נגע צרעת אשר לא תשיג ידו בטהרתו,106.5715474326167,94.41063109974083,0.09090909090909091,90.17592475067566,79.88591862285762,0.5886458420096266,-0.09871346505984302,0.5886458420096266,0.2780494376305843,0.539317111243361,0.7081065677668773,0.5396339731824624,False,0.840925705432489,1.0,False,88.94,14,1,False
Lev.14.33,וידבר יהוה אל משה ואל אהרן לאמר,7.680404451940437,1.7067815202066268,0.0,7.680404451940437,1.7067815202066268,-0.47755259912949816,-0.09950540305663891,0.0,0.6835156624392124,0.5396315009130639,0.7081065677668773,0.5396339731824624,False,1.0,1.0,False,34.87,14,1,False
Lev.14.34,כי תבאו אל ארץ כנען אשר אני נתן לכם לאחזה ונתתי נגע צרעת בבית ארץ אחזתכם,8.00370497441905,475.5675297771667,0.0625,7.114404421705822,422.7266931352593,-0.48486776421646954,-0.09524056108252231,0.0,0.6861149249016039,0.5379381233444804,0.7081065677668773,0.5396339731824624,False,1.0,1.0,False,34.87,14,1,False
Lev.14.35,ובא אשר לו הבית והגיד לכהן לאמר כנגע נראה לי בבית,112.62082890496825,1460.2285735134828,0.18181818181818182,82.58860786364338,1070.8342872432206,0.4905849363011937,-0.08867536928317904,0.4905849363011937,0.3118600213860233,0.5353300460654333,0.7081065677668773,0.5396339731824624,False,0.8866217811998388,1.0,False,87.19,14,1,False
Lev.14.36,וצוה הכהן ופנו את הבית בטרם יבא הכהן לראות את הנגע ולא יטמא כל אשר בבית ואחר כן יבא הכהן לראות את הבית,22.52261317528322,3.313740992352527,0.043478260869565216,20.720804121260564,3.048641712964325,-0.30901431063926316,-0.09949181029887237,0.0,0.6213446795439824,0.539626104963377,0.7081065677668773,0.5396339731824624,False,1.0,1.0,False,34.87,14,1,False
Lev.14.37,וראה את הנגע והנה הנגע בקירת הבית שקערורת ירקרקת או אדמדמת ומראיהן שפל מן הקיר,35.420366098638084,6145.056249570414,0.26666666666666666,23.100238759981362,4007.6453801546186,-0.2782617377309443,-0.05892609882456064,0.0,0.609594277249277,0.5234945148450307,0.7081065677668773,0.5396339731824624,False,1.0,1.0,False,34.87,14,1,False
Lev.14.38,ויצא הכהן מן הבית אל פתח הבית והסגיר את הבית שבעת ימים,61.7238357795699,46.00484102360047,0.0,61.7238357795699,46.00484102360047,0.2209219607819845,-0.0990566731549645,0.2209219607819845,0.41257659881592706,0.5394533636760536,0.7081065677668773,0.5396339731824624,False,0.975892095687844,1.0,False,80.91,14,1,False
Lev.14.39,ושב הכהן ביום השביעי וראה והנה פשה הנגע בקירת הבית,18.67055776625302,24.096709778206144,0.1,15.558798138544184,20.080591481838454,-0.3757297239367707,-0.09931928027767528,0.0,0.64644108108784,0.5395576146728148,0.7081065677668773,0.5396339731824624,False,1.0,1.0,False,34.87,14,1,False
Lev.14.40,וצוה הכהן וחלצו את האבנים אשר בהן הנגע והשליכו אתהן אל מחוץ לעיר אל מקום טמא,45.6117299369105,64.06008900279998,0.125,36.4893839495284,51.248071202239984,-0.10521615079985215,-0.09900356035072672,0.0,0.5418978523144549,0.5394322783780978,0.7081065677668773,0.5396339731824624,False,1.0,1.0,False,34.87,14,1,False
Lev.14.41,ואת הבית יקצע מבית סביב ושפכו את העפר אשר הקצו אל מחוץ לעיר אל מקום טמא,107.56874696711579,976.031081162971,0.25,71.7124979780772,650.6873874419806,0.3500186199284213,-0.09293136783368379,0.3500186199284213,0.3631623618987478,0.5370209571786019,0.7081065677668773,0.5396339731824624,False,0.9405819334324204,1.0,False,83.93,14,1,False
Lev.14.42,ולקחו אבנים אחרות והביאו אל תחת האבנים ועפר אחר יקח וטח את הבית,44.24768386750182,32.232829176532945,0.07692307692307693,38.34799268516825,27.93511861966189,-0.08119489813727397,-0.09923971559177784,0.0,0.5323565215909106,0.5395260290005924,0.7081065677668773,0.5396339731824624,False,1.0,1.0,False,34.87,14,1,False
Lev.14.43,ואם ישוב הנגע ופרח בבית אחר חלץ את האבנים ואחרי הקצות את הבית ואחרי הטוח,96.36718885587956,1301.500933749877,0.13333333333333333,76.07935962306281,1027.5007371709555,0.4064573339542698,-0.08911432890987872,0.4064573339542698,0.34220330012397004,0.5355044750605507,0.7081065677668773,0.5396339731824624,False,0.9207158790131685,1.0,False,85.68,14,1,False
Lev.14.44,ובא הכהן וראה והנה פשה הנגע בבית צרעת ממארת הוא בבית טמא הוא,97.44094683244255,8.898042615347684,0.0,97.44094683244255,8.898042615347684,0.6825413067617887,-0.09943255711439418,0.6825413067617887,0.24744836639630557,0.5396025829992418,0.7081065677668773,0.5396339731824624,False,0.7922079823078407,1.0,False,90.34,14,1,False
Lev.14.45,ונתץ את הבית את אבניו ואת עציו ואת כל עפר הבית והוציא אל מחוץ לעיר אל מקום טמא,53.89838966891992,151.8175816777154,0.16666666666666666,40.42379225168994,113.86318625828655,-0.05436660183793387,-0.0983692825801558,0.0,0.5216784563213527,0.5391804673474772,0.7081065677668773,0.5396339731824624,False,1.0,1.0,False,34.87,14,1,False
Lev.14.46,והבא אל הבית כל ימי הסגיר אתו יטמא עד הערב,55.540328364271694,114.94016633431387,0.1,46.283606970226415,95.78347194526157,0.021367514337626233,-0.09855242623287862,0.021367514337626233,0.4914762437247563,0.5392531777911026,0.7081065677668773,0.5396339731824624,False,0.9997717407206299,1.0,False,71.01,14,1,False
Lev.14.47,והשכב בבית יכבס את בגדיו והאכל בבית יכבס את בגדיו,18.77587576141336,4703.308393227887,0.2,13.411339829580973,3359.5059951627763,-0.40348416070056836,-0.06549161265878213,0.0,0.6567039576683433,0.5261087079353245,0.7081065677668773,0.5396339731824624,False,1.0,1.0,False,34.87,14,1,False
Lev.14.48,ואם בא יבא הכהן וראה והנה לא פשה הנגע בבית אחרי הטח את הבית וטהר הכהן את הבית כי נרפא הנגע,38.400732474604105,63.188541182025666,0.047619047619047616,35.06153834637766,57.69388542706691,-0.12367008321647109,-0.09893826562640373,0.0,0.5492117500426135,0.539406356817253,0.7081065677668773,0.5396339731824624,False,1.0,1.0,False,34.87,14,1,False
Lev.14.49,ולקח לחטא את הבית שתי צפרים ועץ ארז ושני תולעת ואזב,79.35117442067455,2252.1463595331747,0.09090909090909091,67.14330143287846,1905.6623042203785,0.2909648650565479,-0.0802187393952604,0.2909648650565479,0.38553909554629756,0.5319683568456293,0.7081065677668773,0.5396339731824624,False,0.9585531408546735,1.0,False,83.0,14,1,False
Lev.14.50,ושחט את הצפר האחת אל כלי חרש על מים חיים,214.9449249142648,6677.729229254044,0.0,214.9449249142648,6677.729229254044,2.2012002327835636,-0.031878718499085926,2.2012002327835636,0.013860925918496558,0.5127156149048497,0.42523340585673375,0.5396339731824624,False,0.08868706469254647,1.0,False,96.74,14,1,False
Lev.14.51,ולקח את עץ הארז ואת האזב ואת שני התולעת ואת הצפר החיה וטבל אתם בדם הצפר השחוטה ובמים החיים והזה אל הבית שבע פעמים,17.559097894321084,1093.3473701445553,0.08333333333333333,15.0506553379895,937.154888695333,-0.3822971237163655,-0.09002951309983294,0.0,0.6488795060474696,0.5358681190045826,0.7081065677668773,0.5396339731824624,False,1.0,1.0,False,34.87,14,1,False
Lev.14.52,וחטא את הבית בדם הצפור ובמים החיים ובצפר החיה ובעץ הארז ובאזב ובשני התולעת,27.442018935305867,11358.638841257105,0.42857142857142855,14.776471734395466,6116.1901452922875,-0.38584076014267393,-0.03756698974070068,0.0,0.6501926969562126,0.5149835361478249,0.7081065677668773,0.5396339731824624,False,1.0,1.0,False,34.87,14,1,False
Lev.14.53,ושלח את הצפר החיה אל מחוץ לעיר אל פני השדה וכפר על הבית וטהר,20.03970812707987,317.9251058927628,0.0,20.03970812707987,317.9251058927628,-0.3178170127088044,-0.09630217882528244,0.0,0.6246881274927963,0.5383597096601954,0.7081065677668773,0.5396339731824624,False,1.0,1.0,False,34.87,14,1,False
Lev.14.54,זאת התורה לכל נגע הצרעת ולנתק,935.5950170359345,369.68379131438996,0.16666666666666666,701.6962627769509,277.2628434857925,8.492129919295715,-0.09671407887725515,8.492129919295715,1.014420122009648e-17,0.538523270540551,2.1784672120157193e-15,0.5396339731824624,False,2.188521506839183e-16,3.1332332906247637e-14,True,99.42,14,1,False
Lev.14.55,ולצרעת הבגד ולבית,556.0618112481338,3367648.597314037,0.3333333333333333,333.63708674888034,2020589.1583884223,3.735215624955592,20.368614840780154,20.708266617391274,9.377720743547066e-05,1.58766367675796e-92,0.0067128850989224415,1.3638030983350878e-89,True,7.590106272522296e-94,6.519901288096653e-91,True,100.0,14,1,False
Lev.14.56,ולשאת ולספחת ולבהרת,721.139758438825,5886308.000195137,1.0,240.37991947960833,1962102.6667317124,2.529930222699963,19.776159145325014,19.937327239952523,0.0057042606247355385,2.388609473000891e-87,0.2075093992788037,1.0259077686538826e-84,False,4.837482080238171e-87,2.0776985534622945e-84,True,99.88,14,1,False
Lev.14.57,להורת ביום הטמא וביום הטהר זאת תורת הצרעת,100.63463155922244,3368.4265658072522,0.125,80.50770524737796,2694.741252645802,0.4636906865578106,-0.07222553782142722,0.4636906865578106,0.3214346854007274,0.528788788999725,0.7081065677668773,0.5396339731824624,False,0.8980724574062277,1.0,False,86.5,14,1,False
Lev.15.1,וידבר יהוה אל משה ואל אהרן לאמר,8.549506368472182,1.7067815202066268,0.0,8.549506368472182,1.7067815202066268,-0.4663200484983656,-0.09950540305663891,0.0,0.6795067848338352,0.5396315009130639,0.7081065677668773,0.5396339731824624,False,1.0,1.0,False,34.87,15,1,False
Lev.15.2,דברו אל בני ישראל ואמרתם אלהם איש איש כי יהיה זב מבשרו זובו טמא הוא,17.575734211418567,79.46668711259494,0.06666666666666667,15.508000774781088,70.11766509934847,-0.37638624528316694,-0.09881241538616148,0.0,0.6466851149161141,0.539356394656689,0.7081065677668773,0.5396339731824624,False,1.0,1.0,False,34.87,15,1,False
Lev.15.3,וזאת תהיה טמאתו בזובו רר בשרו את זובו או החתים בשרו מזובו טמאתו הוא,108.97549154413274,23276.932145471223,0.21428571428571427,76.28284408089291,16293.852501829855,0.4090872320499343,0.06553056080041281,0.41430256796825843,0.34123782292417987,0.47387578731085495,0.7081065677668773,0.5396339731824624,False,0.9177563762670766,1.0,False,86.03,15,1,False
Lev.15.4,כל המשכב אשר ישכב עליו הזב יטמא וכל הכלי אשר ישב עליו יטמא,33.4168539784503,256.67757357352684,0.0,33.4168539784503,256.67757357352684,-0.14492650905511054,-0.09692260327419774,0.0,0.5576155519031055,0.5386060707520336,0.7081065677668773,0.5396339731824624,False,1.0,1.0,False,34.87,15,1,False
Lev.15.5,ואיש אשר יגע במשכבו יכבס בגדיו ורחץ במים וטמא עד הערב,9.920419825762009,6290.9002630842715,0.09090909090909091,8.394201391029391,5323.069453378998,-0.4683272596081449,-0.04560113331466288,0.0,0.6802247113127625,0.5181859170704174,0.7081065677668773,0.5396339731824624,False,1.0,1.0,False,34.87,15,1,False
Lev.15.6,והישב על הכלי אשר ישב עליו הזב יכבס בגדיו ורחץ במים וטמא עד הערב,6.2432053932952885,6046.313956144524,0.07142857142857142,5.462804719133378,5290.524711626459,-0.5062135660477912,-0.04593080461246582,0.0,0.6936466337377247,0.5183172992255461,0.7081065677668773,0.5396339731824624,False,1.0,1.0,False,34.87,15,1,False
Lev.15.7,והנגע בבשר הזב יכבס בגדיו ורחץ במים וטמא עד הערב,3.9748390614670743,31740.051751107712,0.0,3.9748390614670743,31740.051751107712,-0.5254445092423721,0.2219972671996108,0.2219972671996108,0.7003628904729995,0.4121580053584887,0.7081065677668773,0.5396339731824624,False,0.9756597273951736,1.0,False,81.14,15,1,False
Lev.15.8,וכי ירק הזב בטהור וכבס בגדיו ורחץ במים וטמא עד הערב,14.816086557491314,34079.74441910456,0.09090909090909091,12.536688625569573,28836.706816165395,-0.414788432094705,0.1925870017886906,0.1925870017886906,0.6608516056944823,0.42364121271456345,0.7081065677668773,0.5396339731824624,False,0.9816260215365584,1.0,False,79.98,15,1,False
Lev.15.9,וכל המרכב אשר ירכב עליו הזב יטמא,33.17072593345501,9244.727625966601,0.2857142857142857,21.108643775835006,5883.008489251473,-0.30400174712524713,-0.03992907021917973,0.0,0.6194367199492539,0.515925162552694,0.7081065677668773,0.5396339731824624,False,1.0,1.0,False,34.87,15,1,False
Lev.15.10,וכל הנגע בכל אשר יהיה תחתיו יטמא עד הערב והנושא אותם יכבס בגדיו ורחץ במים וטמא עד הערב,12.955363180727334,535.9366662088088,0.05555555555555555,11.659826862654599,482.34299958792786,-0.4261212734578352,-0.09463666060397768,0.0,0.6649902602387295,0.5376982852245297,0.7081065677668773,0.5396339731824624,False,1.0,1.0,False,34.87,15,1,False
Lev.15.11,וכל אשר יגע בו הזב וידיו לא שטף במים וכבס בגדיו ורחץ במים וטמא עד הערב,6.643758421543012,1454.155278197793,0.0625,5.9055630413715665,1292.5824695091494,-0.5004912161400356,-0.08642910745726216,0.0,0.6916353802019009,0.5344373454534121,0.7081065677668773,0.5396339731824624,False,1.0,1.0,False,34.87,15,1,False
Lev.15.12,וכלי חרש אשר יגע בו הזב ישבר וכל כלי עץ ישטף במים,60.658420589014696,223.55023400533648,0.08333333333333333,51.99293193344116,191.6144862902884,0.09515665287136527,-0.09758167848170211,0.09515665287136527,0.46209519984569186,0.5388677632417566,0.7081065677668773,0.5396339731824624,False,0.9954828389076315,1.0,False,76.25,15,1,False
Lev.15.13,וכי יטהר הזב מזובו וספר לו שבעת ימים לטהרתו וכבס בגדיו ורחץ בשרו במים חיים וטהר,28.788329887263508,25937.68197157774,0.0,28.788329887263508,25937.68197157774,-0.20474703207172698,0.16322049797233693,0.16322049797233693,0.58111511377303,0.4351724137882754,0.7081065677668773,0.5396339731824624,False,0.9867678593104086,1.0,False,79.16,15,1,False
Lev.15.14,וביום השמיני יקח לו שתי תרים או שני בני יונה ובא לפני יהוה אל פתח אהל מועד ונתנם אל הכהן,56.85553150552336,33.68412129247759,0.0,56.85553150552336,33.68412129247759,0.15800244213196465,-0.09918147941996763,0.15800244213196465,0.4372274371734855,0.5395029101861101,0.7081065677668773,0.5396339731824624,False,0.9875951959808885,1.0,False,78.93,15,1,False
Lev.15.15,ועשה אתם הכהן אחד חטאת והאחד עלה וכפר עליו הכהן לפני יהוה מזובו,22.582060103668383,208.14589952986674,0.0,22.582060103668383,208.14589952986674,-0.2849588441143189,-0.09741421878886915,0.0,0.61216216357266,0.5388012732641814,0.7081065677668773,0.5396339731824624,False,1.0,1.0,False,34.87,15,1,False
Lev.15.16,ואיש כי תצא ממנו שכבת זרע ורחץ במים את כל בשרו וטמא עד הערב,16.324466663905397,118.46028512198774,0.0,16.324466663905397,118.46028512198774,-0.3658339794743658,-0.09832271494843056,0.0,0.642755518553481,0.5391619791750274,0.7081065677668773,0.5396339731824624,False,1.0,1.0,False,34.87,15,1,False
Lev.15.17,וכל בגד וכל עור אשר יהיה עליו שכבת זרע וכבס במים וטמא עד הערב,33.239102174505284,556.6773640124279,0.0,33.239102174505284,556.6773640124279,-0.14722383011678214,-0.09388366933498812,0.0,0.5585223240852959,0.5373992167416801,0.7081065677668773,0.5396339731824624,False,1.0,1.0,False,34.87,15,1,False
Lev.15.18,ואשה אשר ישכב איש אתה שכבת זרע ורחצו במים וטמאו עד הערב,17.09928998887761,319.9819929605252,0.0,17.09928998887761,319.9819929605252,-0.3558199154591071,-0.09628134299766335,0.0,0.6390122832350964,0.5383514358146385,0.7081065677668773,0.5396339731824624,False,1.0,1.0,False,34.87,15,1,False
Lev.15.19,ואשה כי תהיה זבה דם יהיה זבה בבשרה שבעת ימים תהיה בנדתה וכל הנגע בה יטמא עד הערב,17.61365191338751,86.29612463625678,0.16666666666666666,13.210238935040634,64.72209347719259,-0.40608325286332037,-0.09886707137675407,0.0,0.6576592847747865,0.5393780929942015,0.7081065677668773,0.5396339731824624,False,1.0,1.0,False,34.87,15,1,False
Lev.15.20,וכל אשר תשכב עליו בנדתה יטמא וכל אשר תשב עליו יטמא,22.89461145178137,306.3449526654288,0.0,22.89461145178137,306.3449526654288,-0.28091933070889696,-0.09641948330943659,0.0,0.6106138631648297,0.538406290614159,0.7081065677668773,0.5396339731824624,False,1.0,1.0,False,34.87,15,1,False
Lev.15.21,וכל הנגע במשכבה יכבס בגדיו ורחץ במים וטמא עד הערב,14.112802001143354,16552.7881342728,0.1,11.760668334286128,13793.990111894,-0.42481796608470307,0.040207487577543576,0.040207487577543576,0.6645153101814403,0.48396385411761766,0.7081065677668773,0.5396339731824624,False,0.9991920055747875,1.0,False,72.29,15,1,False
Lev.15.22,וכל הנגע בכל כלי אשר תשב עליו יכבס בגדיו ורחץ במים וטמא עד הערב,4.37639000175694,1314.8225064562757,0.0,4.37639000175694,1314.8225064562757,-0.5202547366944248,-0.0862038206229313,0.0,0.6985569804034378,0.5343478032009638,0.7081065677668773,0.5396339731824624,False,1.0,1.0,False,34.87,15,1,False
Lev.15.23,ואם על המשכב הוא או על הכלי אשר הוא ישבת עליו בנגעו בו יטמא עד הערב,42.49856173877873,466.172394964372,0.0625,37.77649932335888,414.3754621905529,-0.0885810607952705,-0.09532515727212268,0.0,0.5352925698985406,0.5379717194878693,0.7081065677668773,0.5396339731824624,False,1.0,1.0,False,34.87,15,1,False
Lev.15.24,ואם שכב ישכב איש אתה ותהי נדתה עליו וטמא שבעת ימים וכל המשכב אשר ישכב עליו יטמא,27.38106962008886,1274.5406781983393,0.0,27.38106962008886,1274.5406781983393,-0.22293491303429655,-0.08661186695805495,0.0,0.5882069182916848,0.5345099835589107,0.7081065677668773,0.5396339731824624,False,1.0,1.0,False,34.87,15,1,False
Lev.15.25,ואשה כי יזוב זוב דמה ימים רבים בלא עת נדתה או כי תזוב על נדתה כל ימי זוב טמאתה כימי נדתה תהיה טמאה הוא,29.67169914534089,1422.6032815018675,0.16666666666666666,22.25377435900567,1066.9524611264007,-0.28920171388397525,-0.08871469135442202,0.0,0.6137864898122306,0.5353456717191559,0.7081065677668773,0.5396339731824624,False,1.0,1.0,False,34.87,15,1,False
Lev.15.26,כל המשכב אשר תשכב עליו כל ימי זובה כמשכב נדתה יהיה לה וכל הכלי אשר תשב עליו טמא יהיה כטמאת נדתה,18.70420954032354,2414.301545730295,0.14285714285714285,14.547718531362754,1877.790091123563,-0.3887972395684155,-0.08050107897362102,0.0,0.6512869285002902,0.532080630937564,0.7081065677668773,0.5396339731824624,False,1.0,1.0,False,34.87,15,1,False
Lev.15.27,וכל הנוגע בם יטמא וכבס בגדיו ורחץ במים וטמא עד הערב,12.127990696406423,4361.014863147599,0.09090909090909091,10.262145973882356,3690.0894995864296,-0.44418534747570354,-0.06214287221511008,0.0,0.6715457075084624,0.5247754720691613,0.7081065677668773,0.5396339731824624,False,1.0,1.0,False,34.87,15,1,False
Lev.15.28,ואם טהרה מזובה וספרה לה שבעת ימים ואחר תטהר,115.04333414505659,6706.084609377116,0.3333333333333333,69.02600048703395,4023.65076562627,0.31529746868648667,-0.058763967680906255,0.31529746868648667,0.37626790337984334,0.5234299457666597,0.7081065677668773,0.5396339731824624,False,0.9515088921571848,1.0,False,83.7,15,1,False
Lev.15.29,וביום השמיני תקח לה שתי תרים או שני בני יונה והביאה אותם אל הכהן אל פתח אהל מועד,35.78423723974539,5.816443593985064,0.0,35.78423723974539,5.816443593985064,-0.1143296919960589,-0.09946377305570986,0.0,0.5455117769977622,0.5396149749285928,0.7081065677668773,0.5396339731824624,False,1.0,1.0,False,34.87,15,1,False
Lev.15.30,ועשה הכהן את האחד חטאת ואת האחד עלה וכפר עליה הכהן לפני יהוה מזוב טמאתה,69.48701417871914,171.19711397731407,0.06666666666666667,61.312071334163946,151.05627703880654,0.21560018563324254,-0.09799252449738625,0.21560018563324254,0.4146497055444611,0.539030885307121,0.7081065677668773,0.5396339731824624,False,0.9770262884113918,1.0,False,80.79,15,1,False
Lev.15.31,והזרתם את בני ישראל מטמאתם ולא ימתו בטמאתם בטמאם את משכני אשר בתוכם,17.87724561340891,24942.3045053911,0.3076923076923077,11.066866332110278,15440.474217623063,-0.43378488465798265,0.056886020659013416,0.056886020659013416,0.6677776705352974,0.47731799508900535,0.7081065677668773,0.5396339731824624,False,0.9983832985987484,1.0,False,73.69,15,1,False
Lev.15.32,זאת תורת הזב ואשר תצא ממנו שכבת זרע לטמאה בה,36.23870354998039,502.71044142723764,0.0,36.23870354998039,502.71044142723764,-0.10845602431364244,-0.09443034275898918,0.0,0.5431830189015507,0.5376163432728618,0.7081065677668773,0.5396339731824624,False,1.0,1.0,False,34.87,15,1,False
Lev.15.33,והדוה בנדתה והזב את זובו לזכר ולנקבה ולאיש אשר ישכב עם טמאה,66.4870174590565,24153.5582754241,0.25,44.32467830603767,16102.372183616068,-0.003950305108780863,0.06359090598645704,0.06359090598645704,0.5015759396296446,0.4746479865293772,0.7081065677668773,0.5396339731824624,False,0.9979801410041543,1.0,False,74.27,15,1,False
Lev.16.1,וידבר יהוה אל משה אחרי מות שני בני אהרן בקרבתם לפני יהוה וימתו,14.656271545836619,9.50500933405132,0.07692307692307693,12.702102006391737,8.23767475617781,-0.4126505767525302,-0.09943924650006562,0.0,0.6600686799759361,0.5396052385172957,0.7081065677668773,0.5396339731824624,False,1.0,1.0,False,34.87,16,1,False
Lev.16.2,ויאמר יהוה אל משה דבר אל אהרן אחיך ואל יבא בכל עת אל הקדש מבית לפרכת אל פני הכפרת אשר על הארן ולא ימות כי בענן אראה על הכפרת,8.9803794221498,110.30720214439356,0.0,8.9803794221498,110.30720214439356,-0.46075130759587346,-0.09840530394135472,0.0,0.6775114801379227,0.539194768406129,0.7081065677668773,0.5396339731824624,False,1.0,1.0,False,34.87,16,1,False
Lev.16.3,בזאת יבא אהרן אל הקדש בפר בן בקר לחטאת ואיל לעלה,33.239498417842626,2.4862678543775796,0.09090909090909091,28.12572943048222,2.1037651075502595,-0.21331069191119478,-0.0995013816975069,0.0,0.5844576827368212,0.5396299045452342,0.7081065677668773,0.5396339731824624,False,1.0,1.0,False,34.87,16,1,False
Lev.16.4,כתנת בד קדש ילבש ומכנסי בד יהיו על בשרו ובאבנט בד יחגר ובמצנפת בד יצנף בגדי קדש הם ורחץ במים את בשרו ולבשם,26.51316851884889,1944.7601043107245,0.2608695652173913,17.42293931238641,1277.9852114041903,-0.3516369682766271,-0.08657697457080135,0.0,0.6374447315132847,0.5344961156030495,0.7081065677668773,0.5396339731824624,False,1.0,1.0,False,34.87,16,1,False
Lev.16.5,ומאת עדת בני ישראל יקח שני שעירי עזים לחטאת ואיל אחד לעלה,49.01027650369191,18.134820303197692,0.08333333333333333,42.00880843173592,15.544131688455163,-0.03388134670861715,-0.099365233648542,0.0,0.5135141160910796,0.5395758571763466,0.7081065677668773,0.5396339731824624,False,1.0,1.0,False,34.87,16,1,False
Lev.16.6,והקריב אהרן את פר החטאת אשר לו וכפר בעדו ובעד ביתו,13.740510680326295,30.433321340601225,0.0,13.740510680326295,30.433321340601225,-0.3992298515373291,-0.09921440933064819,0.0,0.655138075265165,0.5395159828422956,0.7081065677668773,0.5396339731824624,False,1.0,1.0,False,34.87,16,1,False
Lev.16.7,ולקח את שני השעירם והעמיד אתם לפני יהוה פתח אהל מועד,22.762928643125317,19.80599289216114,0.09090909090909091,19.260939621106036,16.758917062597888,-0.327882065502832,-0.09935292813160501,0.0,0.6284995827658878,0.5395709721579736,0.7081065677668773,0.5396339731824624,False,1.0,1.0,False,34.87,16,1,False
Lev.16.8,ונתן אהרן על שני השעירם גורלות גורל אחד ליהוה וגורל אחד לעזאזל,27.129365559063277,25.03586069741357,0.16666666666666666,20.34702416929746,18.776895523060176,-0.31384516206815255,-0.09933248643988543,0.0,0.6231806791539911,0.539562857244754,0.7081065677668773,0.5396339731824624,False,1.0,1.0,False,34.87,16,1,False
Lev.16.9,והקריב אהרן את השעיר אשר עלה עליו הגורל ליהוה ועשהו חטאת,10.931364488053797,258.8479488928091,0.09090909090909091,9.249616105276289,219.0251875246846,-0.4572716067489982,-0.09730401392014734,0.0,0.6762620823866615,0.5387575157590458,0.7081065677668773,0.5396339731824624,False,1.0,1.0,False,34.87,16,1,False
Lev.16.10,והשעיר אשר עלה עליו הגורל לעזאזל יעמד חי לפני יהוה לכפר עליו לשלח אתו לעזאזל המדברה,18.864045706180814,1776.6603369951074,0.0625,16.768040627716278,1579.25363288454,-0.36010108795452994,-0.08352518966952088,0.0,0.6406142303884459,0.5332830255450328,0.7081065677668773,0.5396339731824624,False,1.0,1.0,False,34.87,16,1,False
Lev.16.11,והקריב אהרן את פר החטאת אשר לו וכפר בעדו ובעד ביתו ושחט את פר החטאת אשר לו,8.375522974111046,31.563559065184997,0.0,8.375522974111046,31.563559065184997,-0.4685686654315056,-0.09920296026338188,0.0,0.6803110104110766,0.539511437747655,0.7081065677668773,0.5396339731824624,False,1.0,1.0,False,34.87,16,1,False
Lev.16.12,ולקח מלא המחתה גחלי אש מעל המזבח מלפני יהוה ומלא חפניו קטרת סמים דקה והביא מבית לפרכת,124.7380257457363,9562.74401190595,0.23529411764705882,84.82185750710067,6502.665928096046,0.5194481676609841,-0.03365207242916963,0.5194481676609841,0.30172412457015596,0.5134227010175649,0.7081065677668773,0.5396339731824624,False,0.8737917540072043,1.0,False,87.78,16,1,False
Lev.16.13,ונתן את הקטרת על האש לפני יהוה וכסה ענן הקטרת את הכפרת אשר על העדות ולא ימות,23.745169987568115,2698.380558024735,0.058823529411764705,21.245678409929365,2414.3404992852893,-0.30223066776573293,-0.07506593769210897,0.0,0.6187618863925233,0.5299188754414611,0.7081065677668773,0.5396339731824624,False,1.0,1.0,False,34.87,16,1,False
Lev.16.14,ולקח מדם הפר והזה באצבעו על פני הכפרת קדמה ולפני הכפרת יזה שבע פעמים מן הדם באצבעו,37.767996749081135,272.99390018730463,0.0,37.767996749081135,272.99390018730463,-0.08869095077969354,-0.09675732236304345,0.0,0.5353362377872234,0.5385404416651944,0.7081065677668773,0.5396339731824624,False,1.0,1.0,False,34.87,16,1,False
Lev.16.15,ושחט את שעיר החטאת אשר לעם והביא את דמו אל מבית לפרכת ועשה את דמו כאשר עשה לדם הפר והזה אתו על הכפרת ולפני הכפרת,19.63725321114902,529.2315997434767,0.0,19.63725321114902,529.2315997434767,-0.32301846852653116,-0.09416168907761009,0.0,0.6266593723341218,0.5375096413995634,0.7081065677668773,0.5396339731824624,False,1.0,1.0,False,34.87,16,1,False
Lev.16.16,וכפר על הקדש מטמאת בני ישראל ומפשעיהם לכל חטאתם וכן יעשה לאהל מועד השכן אתם בתוך טמאתם,78.10657093771482,3418.774571580663,0.17647058823529413,57.730943736571824,2526.920335516142,0.16931654928248718,-0.07392552794484857,0.16931654928248718,0.4327738297346656,0.5294651784706405,0.7081065677668773,0.5396339731824624,False,0.9857681964169435,1.0,False,79.39,16,1,False
Lev.16.17,וכל אדם לא יהיה באהל מועד בבאו לכפר בקדש עד צאתו וכפר בעדו ובעד ביתו ובעד כל קהל ישראל,15.83844110099238,17.066865100215665,0.05263157894736842,14.330018138993108,15.441449376385604,-0.391610868940524,-0.09936627379847894,0.0,0.6523271220763318,0.539576270092619,0.7081065677668773,0.5396339731824624,False,1.0,1.0,False,34.87,16,1,False
Lev.16.18,ויצא אל המזבח אשר לפני יהוה וכפר עליו ולקח מדם הפר ומדם השעיר ונתן על קרנות המזבח סביב,18.667602265386936,49.750554778544725,0.05555555555555555,16.80084203884824,44.77549930069025,-0.3596771520451688,-0.09906912612461215,0.0,0.6404557099304419,0.5394583073751609,0.7081065677668773,0.5396339731824624,False,1.0,1.0,False,34.87,16,1,False
Lev.16.19,והזה עליו מן הדם באצבעו שבע פעמים וטהרו וקדשו מטמאת בני ישראל,100.60224599747535,1073.8928683758147,0.08333333333333333,86.23049656926457,920.479601464984,0.5376538686101768,-0.09019843020552905,0.5376538686101768,0.29540801648436216,0.5359352341207912,0.7081065677668773,0.5396339731824624,False,0.865423894002746,1.0,False,87.89,16,1,False
Lev.16.20,וכלה מכפר את הקדש ואת אהל מועד ואת המזבח והקריב את השעיר החי,57.50323798513095,151.4568641113508,0.07692307692307693,49.83613958711349,131.2626155631707,0.06728158002876618,-0.09819303006957858,0.06728158002876618,0.4731787703321935,0.5391104915411318,0.7081065677668773,0.5396339731824624,False,0.997739154065178,1.0,False,74.74,16,1,False
Lev.16.21,וסמך אהרן את שתי ידו ידיו על ראש השעיר החי והתודה עליו את כל עונת בני ישראל ואת כל פשעיהם לכל חטאתם ונתן אתם על ראש השעיר ושלח ביד איש עתי המדברה,25.52591264862693,159.35432555932795,0.0,25.52591264862693,159.35432555932795,-0.24691155399465925,-0.09790846703440825,0.0,0.5975116628339275,0.5389975117139141,0.7081065677668773,0.5396339731824624,False,1.0,1.0,False,34.87,16,1,False
Lev.16.22,ונשא השעיר עליו את כל עונתם אל ארץ גזרה ושלח את השעיר במדבר,20.461082080992753,40.747052801611154,0.15384615384615385,15.646709826641517,31.15951096593794,-0.37459352521388406,-0.09920705318451385,0.0,0.6460186054368262,0.5395130625717788,0.7081065677668773,0.5396339731824624,False,1.0,1.0,False,34.87,16,1,False
Lev.16.23,ובא אהרן אל אהל מועד ופשט את בגדי הבד אשר לבש בבאו אל הקדש והניחם שם,42.67051177736263,38.14423015439838,0.125,34.1364094218901,30.515384123518704,-0.1356267447851172,-0.09921357805214699,0.0,0.5539418192362333,0.5395156528383414,0.7081065677668773,0.5396339731824624,False,1.0,1.0,False,34.87,16,1,False
Lev.16.24,ורחץ את בשרו במים במקום קדוש ולבש את בגדיו ויצא ועשה את עלתו ואת עלת העם וכפר בעדו ובעד העם,20.87001393564148,115.64139601517958,0.05,18.972739941492254,105.12854183198142,-0.33160685017026953,-0.09845776266660915,0.0,0.629906926836981,0.5392155952715081,0.7081065677668773,0.5396339731824624,False,1.0,1.0,False,34.87,16,1,False
Lev.16.25,ואת חלב החטאת יקטיר המזבחה,83.88367029794246,44281.932882869274,0.2,59.91690735567319,31629.95205919234,0.19756864096737892,0.22088198078568147,0.29634813535688603,0.4216912860125779,0.4125921640814541,0.7081065677668773,0.5396339731824624,False,0.9570390261689766,1.0,False,83.35,16,1,False
Lev.16.26,והמשלח את השעיר לעזאזל יכבס בגדיו ורחץ את בשרו במים ואחרי כן יבוא אל המחנה,17.988794749556153,249.9247432149612,0.06666666666666667,15.872465955490723,220.5218322484952,-0.3716757809317098,-0.09728885322806996,0.0,0.6449328703701195,0.5387514960784574,0.7081065677668773,0.5396339731824624,False,1.0,1.0,False,34.87,16,1,False
Lev.16.27,ואת פר החטאת ואת שעיר החטאת אשר הובא את דמם לכפר בקדש יוציא אל מחוץ למחנה ושרפו באש את ערתם ואת בשרם ואת פרשם,16.260164543123896,64.62205817773305,0.16666666666666666,12.195123407342923,48.46654363329979,-0.4192029300201904,-0.09903173663218257,0.0,0.66246608453369,0.539443464118182,0.7081065677668773,0.5396339731824624,False,1.0,1.0,False,34.87,16,1,False
Lev.16.28,והשרף אתם יכבס בגדיו ורחץ את בשרו במים ואחרי כן יבוא אל המחנה,5.5295931458373255,672.4814918840516,0.07692307692307693,4.792314059725682,582.8172929661781,-0.5148792013849598,-0.09361887742580093,0.0,0.6966812822040811,0.537294043271654,0.7081065677668773,0.5396339731824624,False,1.0,1.0,False,34.87,16,1,False
Lev.16.29,והיתה לכם לחקת עולם בחדש השביעי בעשור לחדש תענו את נפשתיכם וכל מלאכה לא תעשו האזרח והגר הגר בתוככם,10.49142025016311,20.010326263144982,0.05263157894736842,9.492237369195195,18.104580904750225,-0.4541358920769676,-0.09933929684368077,0.0,0.6751344893529849,0.5395655608308352,0.7081065677668773,0.5396339731824624,False,1.0,1.0,False,34.87,16,1,False
Lev.16.30,כי ביום הזה יכפר עליכם לטהר אתכם מכל חטאתיכם לפני יהוה תטהרו,4.134194255814933,120.27381382559496,0.08333333333333333,3.543595076412799,103.09184042193853,-0.5310180441803963,-0.09847839401781763,0.0,0.7022968624053603,0.5392237861840059,0.7081065677668773,0.5396339731824624,False,1.0,1.0,False,34.87,16,1,False
Lev.16.31,שבת שבתון היא לכם ועניתם את נפשתיכם חקת עולם,10.1346323089154,180.5387502989058,0.0,10.1346323089154,180.5387502989058,-0.44583337479063384,-0.09769387332676084,0.0,0.6721411941732359,0.5389123096686571,0.7081065677668773,0.5396339731824624,False,1.0,1.0,False,34.87,16,1,False
Lev.16.32,וכפר הכהן אשר ימשח אתו ואשר ימלא את ידו לכהן תחת אביו ולבש את בגדי הבד בגדי הקדש,62.654243740140224,87.21853609895926,0.05555555555555555,56.3888193661262,78.49668248906333,0.15197050544396018,-0.09872753772579519,0.15197050544396018,0.43960509933132735,0.539322698134184,0.7081065677668773,0.5396339731824624,False,0.9885188994199349,1.0,False,78.7,16,1,False
Lev.16.33,וכפר את מקדש הקדש ואת אהל מועד ואת המזבח יכפר ועל הכהנים ועל כל עם הקהל יכפר,21.84992049344707,22.668244534653372,0.0,21.84992049344707,22.668244534653372,-0.2944212501733075,-0.09929306790374798,0.0,0.6157819845775793,0.5395472088847582,0.7081065677668773,0.5396339731824624,False,1.0,1.0,False,34.87,16,1,False
Lev.16.34,והיתה זאת לכם לחקת עולם לכפר על בני ישראל מכל חטאתם אחת בשנה ויעש כאשר צוה יהוה את משה,19.925068156536504,31.96294192973343,0.0,19.925068156536504,31.96294192973343,-0.31929865628706117,-0.09919891460008312,0.0,0.625249974236168,0.5395098316834855,0.7081065677668773,0.5396339731824624,False,1.0,1.0,False,34.87,16,1,False
Lev.17.1,וידבר יהוה אל משה לאמר,5.000564042105444,1.708478018312369,0.0,5.000564042105444,1.708478018312369,-0.5121877121286159,-0.09950538587147467,0.0,0.6957401789277462,0.5396314940910326,0.7081065677668773,0.5396339731824624,False,1.0,1.0,False,34.87,17,1,False
Lev.17.2,דבר אל אהרן ואל בניו ואל כל בני ישראל ואמרת אליהם זה הדבר אשר צוה יהוה לאמר,6.414265927755044,1.7428552693629746,0.0,6.414265927755044,1.7428552693629746,-0.4939165776323812,-0.09950503763724823,0.0,0.6893174518148564,0.5396313558517465,0.7081065677668773,0.5396339731824624,False,1.0,1.0,False,34.87,17,1,False
Lev.17.3,איש איש מבית ישראל אשר ישחט שור או כשב או עז במחנה או אשר ישחט מחוץ למחנה,14.269905635528499,10.697588425393885,0.0,14.269905635528499,10.697588425393885,-0.3923877821262927,-0.0994143280988695,0.0,0.6526141439202278,0.539595346529082,0.7081065677668773,0.5396339731824624,False,1.0,1.0,False,34.87,17,1,False
Lev.17.4,ואל פתח אהל מועד לא הביאו להקריב קרבן ליהוה לפני משכן יהוה דם יחשב לאיש ההוא דם שפך ונכרת האיש ההוא מקרב עמו,11.067236496921156,27.868441082713186,0.0,11.067236496921156,27.868441082713186,-0.4337801005297913,-0.09924039102101637,0.0,0.6677759333230817,0.5395262971342478,0.7081065677668773,0.5396339731824624,False,1.0,1.0,False,34.87,17,1,False
Lev.17.5,למען אשר יביאו בני ישראל את זבחיהם אשר הם זבחים על פני השדה והביאם ליהוה אל פתח אהל מועד אל הכהן וזבחו זבחי שלמים ליהוה אותם,8.610272859283056,70.66040699468844,0.07692307692307693,7.462236478045315,61.23901939539665,-0.48037227167451796,-0.09890235417486691,0.0,0.6845186463459011,0.5393921001441957,0.7081065677668773,0.5396339731824624,False,1.0,1.0,False,34.87,17,1,False
Lev.17.6,וזרק הכהן את הדם על מזבח יהוה פתח אהל מועד והקטיר החלב לריח ניחח ליהוה,19.411313676489485,300.9995061289436,0.06666666666666667,17.127629714549546,265.58779952553846,-0.35545364379703004,-0.09683234458431006,0.0,0.6388751163935233,0.53857023132062,0.7081065677668773,0.5396339731824624,False,1.0,1.0,False,34.87,17,1,False
Lev.17.7,ולא יזבחו עוד את זבחיהם לשעירם אשר הם זנים אחריהם חקת עולם תהיה זאת להם לדרתם,37.61497737800134,702.5106821643527,0.125,30.091981902401074,562.0085457314822,-0.187898217235549,-0.09382966560039077,0.0,0.5745217798562112,0.5373777670529674,0.7081065677668773,0.5396339731824624,False,1.0,1.0,False,34.87,17,1,False
Lev.17.8,ואלהם תאמר איש איש מבית ישראל ומן הגר אשר יגור בתוכם אשר יעלה עלה או זבח,73.4811929495723,73.95695002496588,0.0625,65.31661595517538,65.739511133303,0.26735619877108463,-0.09885676515273643,0.26735619877108463,0.394597460290209,0.5393740014493476,0.7081065677668773,0.5396339731824624,False,0.9648914524182725,1.0,False,82.31,17,1,False
Lev.17.9,ואל פתח אהל מועד לא יביאנו לעשות אתו ליהוה ונכרת האיש ההוא מעמיו,33.98183835074438,3691.1886467867153,0.07692307692307693,29.450926570645134,3199.030160548487,-0.19618342100088104,-0.06711719866175526,0.0,0.5777666979823041,0.5267557988921503,0.7081065677668773,0.5396339731824624,False,1.0,1.0,False,34.87,17,1,False
Lev.17.10,ואיש איש מבית ישראל ומן הגר הגר בתוכם אשר יאכל כל דם ונתתי פני בנפש האכלת את הדם והכרתי אתה מקרב עמה,29.41235694488412,13.527603933034786,0.0,29.41235694488412,13.527603933034786,-0.19668190715761777,-0.0993856606449287,0.0,0.5779617652341297,0.5395839662294554,0.7081065677668773,0.5396339731824624,False,1.0,1.0,False,34.87,17,1,False
Lev.17.11,כי נפש הבשר בדם הוא ואני נתתיו לכם על המזבח לכפר על נפשתיכם כי הדם הוא בנפש יכפר,23.815905387157272,17.621761870225832,0.0,23.815905387157272,17.621761870225832,-0.26901223376385497,-0.09934418769759892,0.0,0.6060398657995512,0.5395675023951374,0.7081065677668773,0.5396339731824624,False,1.0,1.0,False,34.87,17,1,False
Lev.17.12,על כן אמרתי לבני ישראל כל נפש מכם לא תאכל דם והגר הגר בתוככם לא יאכל דם,11.450493912402806,3.321877140009883,0.0,11.450493912402806,3.321877140009883,-0.4288267593366962,-0.09948904248223014,0.0,0.6659753482589834,0.5396250062156647,0.7081065677668773,0.5396339731824624,False,1.0,1.0,False,34.87,17,1,False
Lev.17.13,ואיש איש מבני ישראל ומן הגר הגר בתוכם אשר יצוד ציד חיה או עוף אשר יאכל ושפך את דמו וכסהו בעפר,11.80386408651202,27.97342049066945,0.14285714285714285,9.180783178398238,21.75710482607624,-0.4581612254709683,-0.09930229755480777,0.0,0.6765816926257557,0.5395508728746744,0.7081065677668773,0.5396339731824624,False,1.0,1.0,False,34.87,17,1,False
Lev.17.14,כי נפש כל בשר דמו בנפשו הוא ואמר לבני ישראל דם כל בשר לא תאכלו כי נפש כל בשר דמו הוא כל אכליו יכרת,16.903841004554245,34.21460239098109,0.0,16.903841004554245,34.21460239098109,-0.3583459605298355,-0.09917610575949942,0.0,0.6399577864307986,0.5395007769234393,0.7081065677668773,0.5396339731824624,False,1.0,1.0,False,34.87,17,1,False
Lev.17.15,וכל נפש אשר תאכל נבלה וטרפה באזרח ובגר וכבס בגדיו ורחץ במים וטמא עד הערב וטהר,14.928702379181995,18526.455387267557,0.1875,10.857238093950542,13473.785736194586,-0.43649418693203695,0.036963885495779614,0.036963885495779614,0.6687608920381929,0.4852569006245313,0.7081065677668773,0.5396339731824624,False,0.9993170688882055,1.0,False,72.06,17,1,False
Lev.17.16,ואם לא יכבס ובשרו לא ירחץ ונשא עונו,48.13132994470939,9393.021011952982,0.125,38.50506395576751,7514.416809562385,-0.0791648588908491,-0.02340325163094481,0.0,0.5315492523093898,0.5093356943544175,0.7081065677668773,0.5396339731824624,False,1.0,1.0,False,34.87,17,1,False
Lev.18.1,וידבר יהוה אל משה לאמר,10.756635844001062,1.708478018312369,0.0,10.756635844001062,1.708478018312369,-0.43779440252777846,-0.09950538587147467,0.0,0.6692323355149137,0.5396314940910326,0.7081065677668773,0.5396339731824624,False,1.0,1.0,False,34.87,18,1,False
Lev.18.2,דבר אל בני ישראל ואמרת אלהם אני יהוה אלהיכם,6.7002672408809065,1.3902814000342465,0.0,6.7002672408809065,1.3902814000342465,-0.4902202053552649,-0.09950860913540166,0.0,0.6880109577575304,0.5396327736367845,0.7081065677668773,0.5396339731824624,False,1.0,1.0,False,34.87,18,1,False
Lev.18.3,כמעשה ארץ מצרים אשר ישבתם בה לא תעשו וכמעשה ארץ כנען אשר אני מביא אתכם שמה לא תעשו ובחקתיהם לא תלכו,5.683517309992292,120.55404893175812,0.14285714285714285,4.420513463327339,93.76426028025632,-0.5196844709906185,-0.0985728804166974,0.0,0.6983582439362306,0.5392612982902021,0.7081065677668773,0.5396339731824624,False,1.0,1.0,False,34.87,18,1,False
Lev.18.4,את משפטי תעשו ואת חקתי תשמרו ללכת בהם אני יהוה אלהיכם,19.810729753457885,39.868025617726666,0.0,19.810729753457885,39.868025617726666,-0.32077640231112775,-0.09911883778710738,0.0,0.6258100783165109,0.5394780423260677,0.7081065677668773,0.5396339731824624,False,1.0,1.0,False,34.87,18,1,False
Lev.18.5,ושמרתם את חקתי ואת משפטי אשר יעשה אתם האדם וחי בהם אני יהוה,5.002077803831642,17.091989214775165,0.0,5.002077803831642,17.091989214775165,-0.5121681477887962,-0.09934955418168999,0.0,0.6957333333225924,0.5395696327733507,0.7081065677668773,0.5396339731824624,False,1.0,1.0,False,34.87,18,1,False
Lev.18.6,איש איש אל כל שאר בשרו לא תקרבו לגלות ערוה אני יהוה,13.483521694454264,37.7063110244456,0.16666666666666666,10.1126412708407,28.279733268334198,-0.44611759398737777,-0.09923622471883332,0.0,0.6722438477675146,0.5395246431844872,0.7081065677668773,0.5396339731824624,False,1.0,1.0,False,34.87,18,1,False
Lev.18.7,ערות אביך וערות אמך לא תגלה אמך הוא לא תגלה ערותה,34.34665882860245,256.4089599942669,0.0,34.34665882860245,256.4089599942669,-0.13290941433038012,-0.09692532427250694,0.0,0.5528674892979744,0.5386071511864285,0.7081065677668773,0.5396339731824624,False,1.0,1.0,False,34.87,18,1,False
Lev.18.8,ערות אשת אביך לא תגלה ערות אביך הוא,12.464030512547168,7.169544979299134,0.0,12.464030512547168,7.169544979299134,-0.41572748874360027,-0.09945006642705853,0.0,0.6611952879847778,0.5396095337527432,0.7081065677668773,0.5396339731824624,False,1.0,1.0,False,34.87,18,1,False
Lev.18.9,ערות אחותך בת אביך או בת אמך מולדת בית או מולדת חוץ לא תגלה ערותן,18.14257792072564,28.518260136120034,0.13333333333333333,14.32308783215182,22.51441589693687,-0.39170043843864993,-0.09929462615506308,0.0,0.6523602169776007,0.5395478274801139,0.7081065677668773,0.5396339731824624,False,1.0,1.0,False,34.87,18,1,False
Lev.18.10,ערות בת בנך או בת בתך לא תגלה ערותן כי ערותך הנה,15.64812266289908,115.2988458588485,0.08333333333333333,13.412676568199212,98.82758216472727,-0.4034668842639108,-0.0985215900451363,0.0,0.656697604149879,0.539240935510019,0.7081065677668773,0.5396339731824624,False,1.0,1.0,False,34.87,18,1,False
Lev.18.11,ערות בת אשת אביך מולדת אביך אחותך הוא לא תגלה ערותה,12.776620260540856,244.52487209766025,0.09090909090909091,10.8109863743038,206.90566100571252,-0.4370919589226709,-0.09742678214079102,0.0,0.6689776706813186,0.5388062615887123,0.7081065677668773,0.5396339731824624,False,1.0,1.0,False,34.87,18,1,False
Lev.18.12,ערות אחות אביך לא תגלה שאר אביך הוא,75.67811157799197,271.19181818862216,0.0,75.67811157799197,271.19181818862216,0.40127147612083286,-0.09677557706961849,0.40127147612083286,0.3441101308790945,0.5385476902230687,0.7081065677668773,0.5396339731824624,False,0.9226462317995013,1.0,False,85.56,18,1,False
Lev.18.13,ערות אחות אמך לא תגלה כי שאר אמך הוא,18.421029470758118,273.9462902320967,0.0,18.421029470758118,273.9462902320967,-0.3387373324282969,-0.09674767485486935,0.0,0.6325961928288846,0.5385366108385824,0.7081065677668773,0.5396339731824624,False,1.0,1.0,False,34.87,18,1,False
Lev.18.14,ערות אחי אביך לא תגלה אל אשתו לא תקרב דדתך הוא,34.39788569106312,321.09008924128267,0.09090909090909091,29.105903277053404,271.69161397339303,-0.20064261219637955,-0.09677051424483854,0.0,0.5795109820788302,0.5385456798837159,0.7081065677668773,0.5396339731824624,False,1.0,1.0,False,34.87,18,1,False
Lev.18.15,ערות כלתך לא תגלה אשת בנך הוא לא תגלה ערותה,18.174433086500457,210.40000771047013,0.0,18.174433086500457,210.40000771047013,-0.34192442282464774,-0.09739138515341006,0.0,0.6337961152895257,0.5387922070706235,0.7081065677668773,0.5396339731824624,False,1.0,1.0,False,34.87,18,1,False
Lev.18.16,ערות אשת אחיך לא תגלה ערות אחיך הוא,11.647279592527807,3.0949217647937,0.0,11.647279592527807,3.0949217647937,-0.4262834383826855,-0.09949134149181085,0.0,0.6650493377961846,0.5396259188597821,0.7081065677668773,0.5396339731824624,False,1.0,1.0,False,34.87,18,1,False
Lev.18.17,ערות אשה ובתה לא תגלה את בת בנה ואת בת בתה לא תקח לגלות ערותה שארה הנה זמה הוא,23.931787948363745,114.03890189996659,0.10526315789473684,19.76973787038744,94.20604939562458,-0.3213061944946402,-0.09856840518711574,0.0,0.6260108187146494,0.5392595215842972,0.7081065677668773,0.5396339731824624,False,1.0,1.0,False,34.87,18,1,False
Lev.18.18,ואשה אל אחתה לא תקח לצרר לגלות ערותה עליה בחייה,219.23137059098468,6825.25393405881,0.2,156.59383613641765,4875.181381470579,1.4470521327604264,-0.05013814402623154,1.4470521327604264,0.07394116150387253,0.519993848294623,0.7081065677668773,0.5396339731824624,False,0.3509961804573927,1.0,False,95.11,18,1,False
Lev.18.19,ואל אשה בנדת טמאתה לא תקרב לגלות ערותה,18.79748738722774,8317.560888333821,0.125,15.037989909782192,6654.048710667057,-0.38246081575397056,-0.0321185971054236,0.0,0.648940205912264,0.51281126364227,0.7081065677668773,0.5396339731824624,False,1.0,1.0,False,34.87,18,1,False
Lev.18.20,ואל אשת עמיתך לא תתן שכבתך לזרע לטמאה בה,21.595371506637107,1683.988743066918,0.1111111111111111,17.668940323612176,1377.8089716002055,-0.3484575726714141,-0.0855657811551147,0.0,0.6362517141838906,0.5340941993281842,0.7081065677668773,0.5396339731824624,False,1.0,1.0,False,34.87,18,1,False
Lev.18.21,ומזרעך לא תתן להעביר למלך ולא תחלל את שם אלהיך אני יהוה,54.57589513523364,1363.4999445405772,0.16666666666666666,40.93192135142523,1022.624958405433,-0.04779937913210288,-0.08916371950961531,0.0,0.5190619343133921,0.5355241009326571,0.7081065677668773,0.5396339731824624,False,1.0,1.0,False,34.87,18,1,False
Lev.18.22,ואת זכר לא תשכב משכבי אשה תועבה הוא,26.681567697343723,1471.696964436472,0.0,26.681567697343723,1471.696964436472,-0.23197549920072041,-0.08461471579771235,0.0,0.5917214782079886,0.5337161502440886,0.7081065677668773,0.5396339731824624,False,1.0,1.0,False,34.87,18,1,False
Lev.18.23,ובכל בהמה לא תתן שכבתך לטמאה בה ואשה לא תעמד לפני בהמה לרבעה תבל הוא,33.77516602865803,5149.536313510791,0.13333333333333333,26.664604759466865,4065.4234054032563,-0.2321947336252801,-0.058340819742826226,0.0,0.5918066160235764,0.5232614232920665,0.7081065677668773,0.5396339731824624,False,1.0,1.0,False,34.87,18,1,False
Lev.18.24,אל תטמאו בכל אלה כי בכל אלה נטמאו הגוים אשר אני משלח מפניכם,22.2188587076761,230.15938129916495,0.07692307692307693,19.25634421331929,199.47146379260963,-0.3279414580201576,-0.09750208897413454,0.0,0.6285220367182935,0.5388361623125106,0.7081065677668773,0.5396339731824624,False,1.0,1.0,False,34.87,18,1,False
Lev.18.25,ותטמא הארץ ואפקד עונה עליה ותקא הארץ את ישביה,143.87564037323568,93341.66374834575,0.3333333333333333,86.32538422394141,56004.998249007454,0.5388802269522229,0.4677960037176981,0.7136000280929983,0.29498475080129727,0.3199652393597639,0.7081065677668773,0.5396339731824624,False,0.7752168362542718,1.0,False,90.45,18,1,False
Lev.18.26,ושמרתם אתם את חקתי ואת משפטי ולא תעשו מכל התועבת האלה האזרח והגר הגר בתוככם,29.65173515981178,125.68847247671705,0.0,29.65173515981178,125.68847247671705,-0.19358810668609752,-0.09824949495104618,0.0,0.5767507942440634,0.5391329093714016,0.7081065677668773,0.5396339731824624,False,1.0,1.0,False,34.87,18,1,False
Lev.18.27,כי את כל התועבת האל עשו אנשי הארץ אשר לפניכם ותטמא הארץ,10.250801131120088,336.5662387269168,0.08333333333333333,8.786400969531504,288.4853474802144,-0.4632583470453765,-0.09660039730360581,0.0,0.6784104008764785,0.5384781295153862,0.7081065677668773,0.5396339731824624,False,1.0,1.0,False,34.87,18,1,False
Lev.18.28,ולא תקיא הארץ אתכם בטמאכם אתה כאשר קאה את הגוי אשר לפניכם,8.842991927735303,1469.5522523252912,0.25,5.8953279518235355,979.7015015501942,-0.5006234977049194,-0.08959852497942829,0.0,0.6916819389702734,0.5356968717052037,0.7081065677668773,0.5396339731824624,False,1.0,1.0,False,34.87,18,1,False
Lev.18.29,כי כל אשר יעשה מכל התועבות האלה ונכרתו הנפשות העשת מקרב עמם,36.81959682132416,4657.117112797711,0.25,24.546397880882775,3104.744741865141,-0.25957111556430223,-0.06807228985828649,0.0,0.6024026903897043,0.5271359556673322,0.7081065677668773,0.5396339731824624,False,1.0,1.0,False,34.87,18,1,False
Lev.18.30,ושמרתם את משמרתי לבלתי עשות מחקות התועבת אשר נעשו לפניכם ולא תטמאו בהם אני יהוה אלהיכם,12.376411590176156,2660.572947767976,0.0625,11.00125474682325,2364.953731349312,-0.4346328697328131,-0.07556621512566629,0.0,0.6680855338198683,0.5301178919964967,0.7081065677668773,0.5396339731824624,False,1.0,1.0,False,34.87,18,1,False
Lev.19.1,וידבר יהוה אל משה לאמר,9.208389275928948,1.708478018312369,0.0,9.208389275928948,1.708478018312369,-0.4578044354532001,-0.09950538587147467,0.0,0.6764535255426705,0.5396314940910326,0.7081065677668773,0.5396339731824624,False,1.0,1.0,False,34.87,19,1,False
Lev.19.2,דבר אל כל עדת בני ישראל ואמרת אלהם קדשים תהיו כי קדוש אני יהוה אלהיכם,3.7631382423779374,1.3273444330334756,0.0,3.7631382423779374,1.3273444330334756,-0.528180598214032,-0.09950924667346384,0.0,0.7013130028841794,0.5396330267215399,0.7081065677668773,0.5396339731824624,False,1.0,1.0,False,34.87,19,1,False
Lev.19.3,איש אמו ואביו תיראו ואת שבתתי תשמרו אני יהוה אלהיכם,6.2517641534360395,27.725158903874227,0.0,6.2517641534360395,27.725158903874227,-0.49601680244257523,-0.09924184243895076,0.0,0.6900587218556014,0.5395268733218528,0.7081065677668773,0.5396339731824624,False,1.0,1.0,False,34.87,19,1,False
Lev.19.4,אל תפנו אל האלילים ואלהי מסכה לא תעשו לכם אני יהוה אלהיכם,7.067894242980688,17.663297704747386,0.16666666666666666,5.300920682235517,13.24747327856054,-0.508305807022341,-0.09938849830875522,0.0,0.6943805508848678,0.5395850927161712,0.7081065677668773,0.5396339731824624,False,1.0,1.0,False,34.87,19,1,False
Lev.19.5,וכי תזבחו זבח שלמים ליהוה לרצנכם תזבחהו,43.22803604820406,30677.610240752496,0.14285714285714285,33.62180581526983,23860.363520585277,-0.14227764608492405,0.14217770479560962,0.14217770479560962,0.5565696486363158,0.443469820934553,0.7081065677668773,0.5396339731824624,False,0.9899436567265736,1.0,False,78.35,19,1,False
Lev.19.6,ביום זבחכם יאכל וממחרת והנותר עד יום השלישי באש ישרף,57.9630023437038,39282.382475032486,0.2,41.402144531217004,28058.844625023205,-0.04172206463713439,0.18470742357554717,0.18470742357554717,0.5166398678813173,0.42672926159944413,0.7081065677668773,0.5396339731824624,False,0.9830862548316304,1.0,False,79.86,19,1,False
Lev.19.7,ואם האכל יאכל ביום השלישי פגול הוא לא ירצה,31.63138180999384,1434.4289121291813,0.1111111111111111,25.880221480904048,1173.623655378421,-0.24233235353277094,-0.08763413489111838,0.0,0.5957386768771138,0.5349162645907393,0.7081065677668773,0.5396339731824624,False,1.0,1.0,False,34.87,19,1,False
Lev.19.8,ואכליו עונו ישא כי את קדש יהוה חלל ונכרתה הנפש ההוא מעמיה,43.013743051806266,3476.5453393898306,0.08333333333333333,36.86892261583394,2979.896005191283,-0.10031087190832441,-0.06933698095220545,0.0,0.5399512367529083,0.5276393049931651,0.7081065677668773,0.5396339731824624,False,1.0,1.0,False,34.87,19,1,False
Lev.19.9,ובקצרכם את קציר ארצכם לא תכלה פאת שדך לקצר ולקט קצירך לא תלקט,8.429375500586389,10105.802545240129,0.23076923076923078,5.767467447769634,6914.496478322193,-0.5022760076789383,-0.029480316727425245,0.0,0.6922633081997274,0.5117592414528176,0.7081065677668773,0.5396339731824624,False,1.0,1.0,False,34.87,19,1,False
Lev.19.10,וכרמך לא תעולל ופרט כרמך לא תלקט לעני ולגר תעזב אתם אני יהוה אלהיכם,10.505820387402741,13199.312858542375,0.21428571428571427,7.3540742711819185,9239.519000979662,-0.4817701945669406,-0.005928334097058956,0.0,0.68501539759908,0.5023650492703209,0.7081065677668773,0.5396339731824624,False,1.0,1.0,False,34.87,19,1,False
Lev.19.11,לא תגנבו ולא תכחשו ולא תשקרו איש בעמיתו,12.113145956561603,33396.478132932905,0.375,6.921797689463773,19083.701790247374,-0.48735707511390647,0.09379113950097848,0.09379113950097848,0.6869973463993689,0.46263753515591466,0.7081065677668773,0.5396339731824624,False,0.995611269821956,1.0,False,76.14,19,1,False
Lev.19.12,ולא תשבעו בשמי לשקר וחללת את שם אלהיך אני יהוה,17.242027834440353,968.3476815124665,0.1,14.368356528700295,806.9564012603887,-0.39111537135236935,-0.0913483960287875,0.0,0.6521440204381643,0.5363921178825453,0.7081065677668773,0.5396339731824624,False,1.0,1.0,False,34.87,19,1,False
Lev.19.13,לא תעשק את רעך ולא תגזל לא תלין פעלת שכיר אתך עד בקר,10.795258375769443,1678.4158588391763,0.07692307692307693,9.355890592333518,1454.6270776606195,-0.45589808135000737,-0.08478763011270475,0.0,0.6757683653552315,0.5337848860670594,0.7081065677668773,0.5396339731824624,False,1.0,1.0,False,34.87,19,1,False
Lev.19.14,לא תקלל חרש ולפני עור לא תתן מכשל ויראת מאלהיך אני יהוה,14.301932508347587,151.9499962063868,0.08333333333333333,12.258799292869359,130.24285389118867,-0.41837996254704046,-0.09820336003797743,0.0,0.6621653328409051,0.5391145927806437,0.7081065677668773,0.5396339731824624,False,1.0,1.0,False,34.87,19,1,False
Lev.19.15,לא תעשו עול במשפט לא תשא פני דל ולא תהדר פני גדול בצדק תשפט עמיתך,14.281784291927465,223.1483610106785,0.13333333333333333,11.275092862048,176.16975869264095,-0.4310936985084869,-0.09773813028058397,0.0,0.6667998788230606,0.538929881546352,0.7081065677668773,0.5396339731824624,False,1.0,1.0,False,34.87,19,1,False
Lev.19.16,לא תלך רכיל בעמיך לא תעמד על דם רעך אני יהוה,5.967889126906483,255.38163153247865,0.09090909090909091,5.049752338151639,216.09214975825117,-0.5115519868870897,-0.09733372496761294,0.0,0.6955177021908714,0.53876931275514,0.7081065677668773,0.5396339731824624,False,1.0,1.0,False,34.87,19,1,False
Lev.19.17,לא תשנא את אחיך בלבבך הוכח תוכיח את עמיתך ולא תשא עליו חטא,4.61554700890486,192.98454535063246,0.15384615384615385,3.5295359479860697,147.5764170328366,-0.5311997488445778,-0.09802777473759597,0.0,0.7023598164985083,0.5390448807366728,0.7081065677668773,0.5396339731824624,False,1.0,1.0,False,34.87,19,1,False
Lev.19.18,לא תקם ולא תטר את בני עמך ואהבת לרעך כמוך אני יהוה,5.265497371444279,18.072615328693765,0.16666666666666666,3.9491230285832093,13.554461496520323,-0.5257768714612389,-0.09938538858353466,0.0,0.7004783769636929,0.5395838582273761,0.7081065677668773,0.5396339731824624,False,1.0,1.0,False,34.87,19,1,False
Lev.19.19,את חקתי תשמרו בהמתך לא תרביע כלאים שדך לא תזרע כלאים ובגד כלאים שעטנז לא יעלה עליך,21.600927709358345,2337.492975188232,0.11764705882352941,17.486465288528183,1892.256218009521,-0.35081593828022334,-0.08035454019138276,0.0,0.6371367803909567,0.5320223591960181,0.7081065677668773,0.5396339731824624,False,1.0,1.0,False,34.87,19,1,False
Lev.19.20,ואיש כי ישכב את אשה שכבת זרע והוא שפחה נחרפת לאיש והפדה לא נפדתה או חפשה לא נתן לה בקרת תהיה לא יומתו כי לא חפשה,37.89106448332452,3226.766234266146,0.23076923076923078,25.925465172800983,2207.7874234452574,-0.24174760961458958,-0.07715827632841293,0.0,0.5955121318360976,0.5307511833403541,0.7081065677668773,0.5396339731824624,False,1.0,1.0,False,34.87,19,1,False
Lev.19.21,והביא את אשמו ליהוה אל פתח אהל מועד איל אשם,87.67523603842432,165.17842829565367,0.0,87.67523603842432,165.17842829565367,0.5563261427444839,-0.09784947011496051,0.5563261427444839,0.2889939593437859,0.5389740878213732,0.7081065677668773,0.5396339731824624,False,0.8566298318289303,1.0,False,88.24,19,1,False
Lev.19.22,וכפר עליו הכהן באיל האשם לפני יהוה על חטאתו אשר חטא ונסלח לו מחטאתו אשר חטא,17.497890584175597,186.46906897701857,0.0625,15.553680519267196,165.7502835351276,-0.3757958656821128,-0.09784367734326221,0.0,0.6464656691912186,0.5389717878759993,0.7081065677668773,0.5396339731824624,False,1.0,1.0,False,34.87,19,1,False
Lev.19.23,וכי תבאו אל הארץ ונטעתם כל עץ מאכל וערלתם ערלתו את פריו שלש שנים יהיה לכם ערלים לא יאכל,6.94161579352426,1452.6099892437692,0.15789473684210525,5.275628003078437,1103.9835918252645,-0.5086326976824865,-0.08833957389276163,0.0,0.6944951473221533,0.535196606765372,0.7081065677668773,0.5396339731824624,False,1.0,1.0,False,34.87,19,1,False
Lev.19.24,ובשנה הרביעת יהיה כל פריו קדש הלולים ליהוה,132.57927987950671,81.99671939812997,0.25,88.38618658633781,54.66447959875331,0.5655146945975716,-0.09896895286179756,0.5655146945975716,0.28586186611851183,0.5394185394615622,0.7081065677668773,0.5396339731824624,False,0.8522260802871133,1.0,False,88.36,19,1,False
Lev.19.25,ובשנה החמישת תאכלו את פריו להוסיף לכם תבואתו אני יהוה אלהיכם,33.94732558393273,5435.930522464949,0.2727272727272727,21.965916554309416,3517.3668086537905,-0.2929220800508347,-0.06389251626245719,0.0,0.615209144351608,0.5254720943688245,0.7081065677668773,0.5396339731824624,False,1.0,1.0,False,34.87,19,1,False
Lev.19.26,לא תאכלו על הדם לא תנחשו ולא תעוננו,14.537615376230843,1329.1788618771754,0.25,9.691743584153896,886.1192412514503,-0.4515574100622321,-0.09054649333138526,0.0,0.6742060710950146,0.5360735253378663,0.7081065677668773,0.5396339731824624,False,1.0,1.0,False,34.87,19,1,False
Lev.19.27,לא תקפו פאת ראשכם ולא תשחית את פאת זקנך,9.427240915033925,1524.7359782155424,0.3333333333333333,5.656344549020356,914.8415869293256,-0.5037121954984987,-0.09025554209116436,0.0,0.6927681814479238,0.5359579259125344,0.7081065677668773,0.5396339731824624,False,1.0,1.0,False,34.87,19,1,False
Lev.19.28,ושרט לנפש לא תתנו בבשרכם וכתבת קעקע לא תתנו בכם אני יהוה,72.36688256941765,757.2000266019128,0.25,48.24458837961177,504.8000177346085,0.04671186411829576,-0.09440917579633981,0.04671186411829576,0.48137143723496356,0.5376079364340248,0.7081065677668773,0.5396339731824624,False,0.9989095957984687,1.0,False,72.76,19,1,False
Lev.19.29,אל תחלל את בתך להזנותה ולא תזנה הארץ ומלאה הארץ זמה,17.02200618699804,49222.797774187704,0.18181818181818182,12.482804537131896,36096.718367737645,-0.4154848472562363,0.2661293715045124,0.2661293715045124,0.6611064972581562,0.39506978760537936,0.7081065677668773,0.5396339731824624,False,0.9652072622332063,1.0,False,82.19,19,1,False
Lev.19.30,את שבתתי תשמרו ומקדשי תיראו אני יהוה,31.55702710221788,1882.3917535666076,0.0,31.55702710221788,1882.3917535666076,-0.16896350535559998,-0.08045446511380967,0.0,0.5670873264354771,0.5320620948215017,0.7081065677668773,0.5396339731824624,False,1.0,1.0,False,34.87,19,1,False
Lev.19.31,אל תפנו אל האבת ואל הידענים אל תבקשו לטמאה בהם אני יהוה אלהיכם,35.84738427246674,865.5609237278369,0.23076923076923078,24.52715766010882,592.2258951822041,-0.25981978232004943,-0.09352357029057602,0.0,0.6024986046116902,0.5372561873144044,0.7081065677668773,0.5396339731824624,False,1.0,1.0,False,34.87,19,1,False
Lev.19.32,מפני שיבה תקום והדרת פני זקן ויראת מאלהיך אני יהוה,10.230594682474646,25.287253134028962,0.1,8.525495568728871,21.072710945024134,-0.46663037173972605,-0.09930923031896029,0.0,0.6796178232653359,0.5395536250434615,0.7081065677668773,0.5396339731824624,False,1.0,1.0,False,34.87,19,1,False
Lev.19.33,וכי יגור אתך גר בארצכם לא תונו אתו,48.9942590408381,1631.3797226781544,0.0,48.9942590408381,1631.3797226781544,0.05640084707728325,-0.08299716348936807,0.05640084707728325,0.4775112410805843,0.5330731024793723,0.7081065677668773,0.5396339731824624,False,0.9984107364434375,1.0,False,73.57,19,1,False
Lev.19.34,כאזרח מכם יהיה לכם הגר הגר אתכם ואהבת לו כמוך כי גרים הייתם בארץ מצרים אני יהוה אלהיכם,4.088396415321174,1.1427898426445489,0.0,4.088396415321174,1.1427898426445489,-0.5239768577478342,-0.09951111617213099,0.0,0.6998526819399301,0.5396337688600598,0.7081065677668773,0.5396339731824624,False,1.0,1.0,False,34.87,19,1,False
Lev.19.35,לא תעשו עול במשפט במדה במשקל ובמשורה,85.15273817953735,845.6763679233645,0.2857142857142857,54.18810611425104,538.1576886785047,0.12352778479626121,-0.09407126969908527,0.12352778479626121,0.4508445868451652,0.5374737286950431,0.7081065677668773,0.5396339731824624,False,0.9923994743815878,1.0,False,77.42,19,1,False
Lev.19.36,מאזני צדק אבני צדק איפת צדק והין צדק יהיה לכם אני יהוה אלהיכם אשר הוצאתי אתכם מארץ מצרים,7.7747951297684255,27.61427658999421,0.1111111111111111,6.361196015265075,22.593499028177078,-0.49460247012403774,-0.09929382505979834,0.0,0.68955962088308,0.5395475094609428,0.7081065677668773,0.5396339731824624,False,1.0,1.0,False,34.87,19,1,False
Lev.19.37,ושמרתם את כל חקתי ואת כל משפטי ועשיתם אתם אני יהוה,5.152860499040952,18.137720426088464,0.0,5.152860499040952,18.137720426088464,-0.5102193840983466,-0.09933896114739253,0.0,0.6950511132708375,0.5395654275665607,0.7081065677668773,0.5396339731824624,False,1.0,1.0,False,34.87,19,1,False
Lev.20.1,וידבר יהוה אל משה לאמר,5.990476913170969,1.708478018312369,0.0,5.990476913170969,1.708478018312369,-0.49939376215204007,-0.09950538587147467,0.0,0.6912489936096391,0.5396314940910326,0.7081065677668773,0.5396339731824624,False,1.0,1.0,False,34.87,20,1,False
Lev.20.2,ואל בני ישראל תאמר איש איש מבני ישראל ומן הגר הגר בישראל אשר יתן מזרעו למלך מות יומת עם הארץ ירגמהו באבן,24.835476149151823,108.51282023799473,0.045454545454545456,22.765853136722505,99.47008521816184,-0.2825834442789712,-0.09851508162613952,0.0,0.6112519135849921,0.5392383515965331,0.7081065677668773,0.5396339731824624,False,1.0,1.0,False,34.87,20,1,False
Lev.20.3,ואני אתן את פני באיש ההוא והכרתי אתו מקרב עמו כי מזרעו נתן למלך למען טמא את מקדשי ולחלל את שם קדשי,16.897514790720084,34.740948933303635,0.045454545454545456,15.489388558160078,31.845869855528335,-0.37662679551275036,-0.09920010051524364,0.0,0.6467745141227061,0.5395103024730636,0.7081065677668773,0.5396339731824624,False,1.0,1.0,False,34.87,20,1,False
Lev.20.4,ואם העלם יעלימו עם הארץ את עיניהם מן האיש ההוא בתתו מזרעו למלך לבלתי המית אתו,62.86591252325544,661.3406418127715,0.125,50.29273001860435,529.0725134502172,0.07318270053242167,-0.09416330058785528,0.07318270053242167,0.4708303662230367,0.5375102814552851,0.7081065677668773,0.5396339731824624,False,0.9973257284236585,1.0,False,74.97,20,1,False
Lev.20.5,ושמתי אני את פני באיש ההוא ובמשפחתו והכרתי אתו ואת כל הזנים אחריו לזנות אחרי המלך מקרב עמם,37.44097824082577,137.90554031019576,0.1111111111111111,30.633527651584718,112.83180570834197,-0.18089910708394027,-0.0983797302453121,0.0,0.5717766151332468,0.5391846152434802,0.7081065677668773,0.5396339731824624,False,1.0,1.0,False,34.87,20,1,False
Lev.20.6,והנפש אשר תפנה אל האבת ואל הידענים לזנות אחריהם ונתתי את פני בנפש ההוא והכרתי אתו מקרב עמו,27.89467743885974,298.12864987099925,0.1111111111111111,22.822917904521603,243.92344080354482,-0.281845921001937,-0.09705179992091266,0.0,0.6109691711011825,0.5386573709106578,0.7081065677668773,0.5396339731824624,False,1.0,1.0,False,34.87,20,1,False
Lev.20.7,והתקדשתם והייתם קדשים כי אני יהוה אלהיכם,13.475072838254754,268.2398137558706,0.14285714285714285,10.480612207531475,208.63096625456606,-0.4413618201264033,-0.09740930516632858,0.0,0.6705244610361741,0.5387993222908367,0.7081065677668773,0.5396339731824624,False,1.0,1.0,False,34.87,20,1,False
Lev.20.8,ושמרתם את חקתי ועשיתם אתם אני יהוה מקדשכם,11.986598158457616,449.591424003885,0.0,11.986598158457616,449.591424003885,-0.42189797690873115,-0.09496842708441196,0.0,0.6634502566111851,0.5378300474597871,0.7081065677668773,0.5396339731824624,False,1.0,1.0,False,34.87,20,1,False
Lev.20.9,כי איש איש אשר יקלל את אביו ואת אמו מות יומת אביו ואמו קלל דמיו בו,13.368551484989254,542.9447979162862,0.125,10.694841187991404,434.355838333029,-0.4385930563900687,-0.0951227603201491,0.0,0.6695217854109361,0.5378913400382453,0.7081065677668773,0.5396339731824624,False,1.0,1.0,False,34.87,20,1,False
Lev.20.10,ואיש אשר ינאף את אשת איש אשר ינאף את אשת רעהו מות יומת הנאף והנאפת,8.194411881367042,2168.6919224283984,0.26666666666666666,5.344181661761115,1414.364297235912,-0.5077466883118302,-0.08519548349733738,0.0,0.694184499275856,0.533947009412314,0.7081065677668773,0.5396339731824624,False,1.0,1.0,False,34.87,20,1,False
Lev.20.11,ואיש אשר ישכב את אשת אביו ערות אביו גלה מות יומתו שניהם דמיהם בם,21.389202488799622,336.97449407893,0.0,21.389202488799622,336.97449407893,-0.30037571675017166,-0.09610921258288797,0.0,0.6180547079007833,0.5382830827011149,0.7081065677668773,0.5396339731824624,False,1.0,1.0,False,34.87,20,1,False
Lev.20.12,ואיש אשר ישכב את כלתו מות יומתו שניהם תבל עשו דמיהם בם,14.161557193946706,1228.139535403934,0.0,14.161557193946706,1228.139535403934,-0.3937881119756716,-0.0870819006452443,0.0,0.6531312589917437,0.5346967940402274,0.7081065677668773,0.5396339731824624,False,1.0,1.0,False,34.87,20,1,False
Lev.20.13,ואיש אשר ישכב את זכר משכבי אשה תועבה עשו שניהם מות יומתו דמיהם בם,7.086627196681104,188.6499749001242,0.0,7.086627196681104,188.6499749001242,-0.4852267659406029,-0.09761170835026824,0.0,0.6862422512202285,0.5388796865053398,0.7081065677668773,0.5396339731824624,False,1.0,1.0,False,34.87,20,1,False
Lev.20.14,ואיש אשר יקח את אשה ואת אמה זמה הוא באש ישרפו אתו ואתהן ולא תהיה זמה בתוככם,22.684479653908124,1713.179429597432,0.058823529411764705,20.296639690338846,1532.8447527977023,-0.31449634715952174,-0.08399530173383356,0.0,0.6234279548122516,0.5334699163787098,0.7081065677668773,0.5396339731824624,False,1.0,1.0,False,34.87,20,1,False
Lev.20.15,ואיש אשר יתן שכבתו בבהמה מות יומת ואת הבהמה תהרגו,23.694193918396284,1669.780097020283,0.2,16.924424227425916,1192.7000693002021,-0.3580799363862223,-0.08744089488378205,0.0,0.639858253328413,0.5348394677859758,0.7081065677668773,0.5396339731824624,False,1.0,1.0,False,34.87,20,1,False
Lev.20.16,ואשה אשר תקרב אל כל בהמה לרבעה אתה והרגת את האשה ואת הבהמה מות יומתו דמיהם בם,13.400015340177895,1938.4414702722495,0.11764705882352941,10.847631465858296,1569.2145235537257,-0.43661834606042915,-0.08362688370744076,0.0,0.6688059223030343,0.5333234541535736,0.7081065677668773,0.5396339731824624,False,1.0,1.0,False,34.87,20,1,False
Lev.20.17,ואיש אשר יקח את אחתו בת אביו או בת אמו וראה את ערותה והיא תראה את ערותו חסד הוא ונכרתו לעיני בני עמם ערות אחתו גלה עונו ישא,15.512835026565762,375.43024472792877,0.03571428571428571,14.478646024794712,350.4015617460669,-0.3896899546947852,-0.0959731992490852,0.0,0.6516170872743359,0.5382290709069589,0.7081065677668773,0.5396339731824624,False,1.0,1.0,False,34.87,20,1,False
Lev.20.18,ואיש אשר ישכב את אשה דוה וגלה את ערותה את מקרה הערה והיא גלתה את מקור דמיה ונכרתו שניהם מקרב עמם,36.124025487245945,784.6948803540271,0.047619047619047616,32.98280587965934,716.4605429319377,-0.15053628525428456,-0.09226509978657975,0.0,0.5598292372996421,0.5367562918029429,0.7081065677668773,0.5396339731824624,False,1.0,1.0,False,34.87,20,1,False
Lev.20.19,וערות אחות אמך ואחות אביך לא תגלה כי את שארו הערה עונם ישאו,83.21044580376794,2768.046085261324,0.07692307692307693,72.11571969659889,2398.973273893148,0.35522998614763474,-0.0752216044101668,0.35522998614763474,0.3612086510218682,0.5299808023919057,0.7081065677668773,0.5396339731824624,False,0.9388550561096354,1.0,False,84.17,20,1,False
Lev.20.20,ואיש אשר ישכב את דדתו ערות דדו גלה חטאם ישאו ערירים ימתו,62.818327378395345,19768.519299812975,0.25,41.87888491893023,13179.012866541983,-0.035560519666362214,0.03397789915013933,0.03397789915013933,0.5141836054306146,0.48644738722317893,0.7081065677668773,0.5396339731824624,False,0.9994229177607153,1.0,False,71.71,20,1,False
Lev.20.21,ואיש אשר יקח את אשת אחיו נדה הוא ערות אחיו גלה ערירים יהיו,24.475108743967485,594.7703712441559,0.15384615384615385,18.71625962773984,454.8244015396486,-0.3349216836268674,-0.09491541813726141,0.0,0.6311579176741466,0.5378089950465678,0.7081065677668773,0.5396339731824624,False,1.0,1.0,False,34.87,20,1,False
Lev.20.22,ושמרתם את כל חקתי ואת כל משפטי ועשיתם אתם ולא תקיא אתכם הארץ אשר אני מביא אתכם שמה לשבת בה,9.313077202798404,33.79390878020987,0.05,8.46643382072582,30.72173525473624,-0.4673937046264546,-0.09921148775916667,0.0,0.6798908870875091,0.5395148230261327,0.7081065677668773,0.5396339731824624,False,1.0,1.0,False,34.87,20,1,False
Lev.20.23,ולא תלכו בחקת הגוי אשר אני משלח מפניכם כי את כל אלה עשו ואקץ בם,24.371268377247358,462.41214736276885,0.13333333333333333,19.240475034668968,365.06222160218596,-0.3281465563512896,-0.09582468988931936,0.0,0.628599572889917,0.5381700960531113,0.7081065677668773,0.5396339731824624,False,1.0,1.0,False,34.87,20,1,False
Lev.20.24,ואמר לכם אתם תירשו את אדמתם ואני אתננה לכם לרשת אתה ארץ זבת חלב ודבש אני יהוה אלהיכם אשר הבדלתי אתכם מן העמים,4.81348744358129,124.08600335741279,0.08695652173913043,4.100378192680359,105.7028917489072,-0.5238220014320466,-0.09845194462435994,0.0,0.6997988253995376,0.5392132854306962,0.7081065677668773,0.5396339731824624,False,1.0,1.0,False,34.87,20,1,False
Lev.20.25,והבדלתם בין הבהמה הטהרה לטמאה ובין העוף הטמא לטהר ולא תשקצו את נפשתיכם בבהמה ובעוף ובכל אשר תרמש האדמה אשר הבדלתי לכם לטמא,9.74585781963353,1913.690103505376,0.13043478260869565,7.729473443157627,1517.754220021505,-0.4769184158216702,-0.08414816561466244,0.0,0.6832898911187204,0.5335306851055368,0.7081065677668773,0.5396339731824624,False,1.0,1.0,False,34.87,20,1,False
Lev.20.26,והייתם לי קדשים כי קדוש אני יהוה ואבדל אתכם מן העמים להיות לי,43.48498203757832,25.15142352449471,0.07692307692307693,37.68698443256788,21.797900387895417,-0.08973797982159441,-0.09930188430446116,0.0,0.5357522829254646,0.5395507088224876,0.7081065677668773,0.5396339731824624,False,1.0,1.0,False,34.87,20,1,False
Lev.20.27,ואיש או אשה כי יהיה בהם אוב או ידעני מות יומתו באבן ירגמו אתם דמיהם בם,81.40878604772121,3947.7388245117686,0.125,65.12702883817697,3158.191059609415,0.2649059143450724,-0.06753089005036918,0.2649059143450724,0.3955409710357544,0.5269204642786078,0.7081065677668773,0.5396339731824624,False,0.9655208602255949,1.0,False,82.07,20,1,False
Lev.21.1,ויאמר יהוה אל משה אמר אל הכהנים בני אהרן ואמרת אלהם לנפש לא יטמא בעמיו,6.270958133619619,18.307791342788946,0.0,6.270958133619619,18.307791342788946,-0.49576873331498045,-0.09933723836525299,0.0,0.6899712065154625,0.539564743658685,0.7081065677668773,0.5396339731824624,False,1.0,1.0,False,34.87,21,1,False
Lev.21.2,כי אם לשארו הקרב אליו לאמו ולאביו ולבנו ולבתו ולאחיו,46.82932901790073,17578.292775085272,0.3,29.268330636187958,10986.432984428295,-0.19854334915178656,0.011767532241431369,0.011767532241431369,0.5786900139879808,0.49530554219718537,0.7081065677668773,0.5396339731824624,False,0.9999307649893274,1.0,False,70.43,21,1,False
Lev.21.3,ולאחתו הבתולה הקרובה אליו אשר לא היתה לאיש לה יטמא,185.4741741444419,679.8146297962609,0.3,115.92135884027617,424.88414362266303,0.9213880514457308,-0.09521870656889499,0.9213880514457308,0.17842393237574206,0.5379294440989996,0.7081065677668773,0.5396339731824624,False,0.6541111612268921,1.0,False,92.08,21,1,False
Lev.21.4,לא יטמא בעל בעמיו להחלו,268.85879227650787,81431.43248747884,0.2,192.04199448321992,58165.30891962775,1.9051954481034887,0.4896794903914054,1.9671186285489342,0.02837733484448391,0.31218035858503834,0.7081065677668773,0.5396339731824624,False,0.14445635632665096,1.0,False,96.27,21,1,False
Lev.21.5,לא יקרחה יקרחו קרחה בראשם ופאת זקנם לא יגלחו ובבשרם לא ישרטו שרטת,67.23803460226797,182320.96737646186,0.6153846153846154,30.141187925154608,81730.08882393118,-0.18726226288839787,0.7283856885404902,0.7283856885404902,0.5742724952957967,0.23318876074090078,0.7081065677668773,0.5396339731824624,False,0.7669966420656875,1.0,False,90.57,21,1,False
Lev.21.6,קדשים יהיו לאלהיהם ולא יחללו שם אלהיהם כי את אשי יהוה לחם אלהיהם הם מקריבם והיו קדש,44.62205590719595,1511.8836773753171,0.058823529411764705,39.924997390649004,1352.7380271252837,-0.06081318586291158,-0.0858197444793604,0.0,0.5242460055206831,0.5341951447207727,0.7081065677668773,0.5396339731824624,False,1.0,1.0,False,34.87,21,1,False
Lev.21.7,אשה זנה וחללה לא יקחו ואשה גרושה מאישה לא יקחו כי קדש הוא לאלהיו,28.639820612333498,322.71724148064646,0.21428571428571427,20.04787442863345,225.90206903645253,-0.31771146882042395,-0.09723435257607954,0.0,0.6246480946062476,0.538729856061844,0.7081065677668773,0.5396339731824624,False,1.0,1.0,False,34.87,21,1,False
Lev.21.8,וקדשתו כי את לחם אלהיך הוא מקריב קדש יהיה לך כי קדוש אני יהוה מקדשכם,12.615941637781685,296.8293477993439,0.06666666666666667,11.13171320980737,261.9082480582446,-0.43294678290817845,-0.09686961765646344,0.0,0.667473284124318,0.5385850315480896,0.7081065677668773,0.5396339731824624,False,1.0,1.0,False,34.87,21,1,False
Lev.21.9,ובת איש כהן כי תחל לזנות את אביה היא מחללת באש תשרף,69.33535996736472,436.5897865200469,0.16666666666666666,52.00151997552354,327.4423398900352,0.09526764746898114,-0.09620577127326582,0.09526764746898114,0.4620511196625535,0.5383214263670191,0.7081065677668773,0.5396339731824624,False,0.9954723186664378,1.0,False,76.37,21,1,False
Lev.21.10,והכהן הגדול מאחיו אשר יוצק על ראשו שמן המשחה ומלא את ידו ללבש את הבגדים את ראשו לא יפרע ובגדיו לא יפרם,23.723977920051833,228.93387620452563,0.22727272727272727,16.310234820035635,157.39203989061136,-0.36601791636807257,-0.09792834457001708,0.0,0.6428241467374708,0.5390054037778531,0.7081065677668773,0.5396339731824624,False,1.0,1.0,False,34.87,21,1,False
Lev.21.11,ועל כל נפשת מת לא יבא לאביו ולאמו לא יטמא,54.26704989330755,40.34327371050922,0.0,54.26704989330755,40.34327371050922,0.12454807939968796,-0.09911402362521551,0.12454807939968796,0.45044066742167893,0.5394761311641297,0.7081065677668773,0.5396339731824624,False,0.9922738889820489,1.0,False,77.65,21,1,False
Lev.21.12,ומן המקדש לא יצא ולא יחלל את מקדש אלהיו כי נזר שמן משחת אלהיו עליו אני יהוה,51.83074486154153,28.77242225295612,0.0,51.83074486154153,28.77242225295612,0.09306049537570843,-0.09923123388442424,0.09306049537570843,0.462927750659128,0.5395226619088226,0.7081065677668773,0.5396339731824624,False,0.9956792335870087,1.0,False,76.02,21,1,False
Lev.21.13,והוא אשה בבתוליה יקח,1231.4836033591746,99109.26001209083,0.25,820.9890689061164,66072.84000806055,10.03390823008695,0.5697810950119849,10.050072878643205,5.407458189726905e-24,0.2844130896810714,2.3225032924877055e-21,0.5396339731824624,False,1.1675290737835177e-22,2.5072686859501043e-20,True,99.65,21,1,False
Lev.21.14,אלמנה וגרושה וחללה זנה את אלה לא יקח כי אם בתולה מעמיו יקח אשה,92.70702183763555,7000.8956931911025,0.14285714285714285,72.1054614292721,5445.141094704191,0.3550974050257386,-0.044364573604753,0.3550974050257386,0.3612583103146926,0.517693100000668,0.7081065677668773,0.5396339731824624,False,0.9388992659585292,1.0,False,84.05,21,1,False
Lev.21.15,ולא יחלל זרעו בעמיו כי אני יהוה מקדשו,26.738397100507896,3446.6992824345266,0.0,26.738397100507896,3446.6992824345266,-0.23124101785136844,-0.06460836324192848,0.0,0.5914362171209445,0.5257570871396223,0.7081065677668773,0.5396339731824624,False,1.0,1.0,False,34.87,21,1,False
Lev.21.16,וידבר יהוה אל משה לאמר,11.551306679621117,1.708478018312369,0.0,11.551306679621117,1.708478018312369,-0.42752382294856434,-0.09950538587147467,0.0,0.6655010814149234,0.5396314940910326,0.7081065677668773,0.5396339731824624,False,1.0,1.0,False,34.87,21,1,False
Lev.21.17,דבר אל אהרן לאמר איש מזרעך לדרתם אשר יהיה בו מום לא יקרב להקריב לחם אלהיו,20.047225076875446,94.04129016913687,0.0625,17.819755623889286,83.59225792812167,-0.34650838758265906,-0.09867592063260022,0.0,0.6355196590886324,0.5393022059545496,0.7081065677668773,0.5396339731824624,False,1.0,1.0,False,34.87,21,1,False
Lev.21.18,כי כל איש אשר בו מום לא יקרב איש עור או פסח או חרם או שרוע,47.64954136205236,47.90028641139005,0.0625,42.35514787737988,42.578032365680045,-0.029405145143812476,-0.09909138599632515,0.0,0.5117292653254217,0.5394671442969394,0.7081065677668773,0.5396339731824624,False,1.0,1.0,False,34.87,21,1,False
Lev.21.19,או איש אשר יהיה בו שבר רגל או שבר יד,66.9337872205547,16.29032100116362,0.0,66.9337872205547,16.29032100116362,0.28825703648880074,-0.09935767490983706,0.28825703648880074,0.38657499592814343,0.5395728565247745,0.7081065677668773,0.5396339731824624,False,0.9593051491674474,1.0,False,82.89,21,1,False
Lev.21.20,או גבן או דק או תבלל בעינו או גרב או ילפת או מרוח אשך,420.1281436523153,3672.042211511268,0.42857142857142855,226.22284658201593,1977.2534985060672,2.3469596929082095,-0.07949353585513447,2.3469596929082095,0.009463651099361273,0.5316799635079652,0.3251710517740533,0.5396339731824624,False,0.06366566325834784,1.0,False,97.09,21,1,False
Lev.21.21,כל איש אשר בו מום מזרע אהרן הכהן לא יגש להקריב את אשי יהוה מום בו את לחם אלהיו לא יגש להקריב,46.635227243942865,45.27892836772437,0.0,46.635227243942865,45.27892836772437,0.02591196701035079,-0.09906402649545723,0.02591196701035079,0.4896637774791858,0.5394562828762958,0.7081065677668773,0.5396339731824624,False,0.9996643413288081,1.0,False,71.13,21,1,False
Lev.21.22,לחם אלהיו מקדשי הקדשים ומן הקדשים יאכל,50.75754951003781,62.020720751385326,0.0,50.75754951003781,62.020720751385326,0.07919017603391303,-0.0988944357067321,0.07919017603391303,0.468440679221354,0.5393889565437231,0.7081065677668773,0.5396339731824624,False,0.9968693686877584,1.0,False,75.55,21,1,False
Lev.21.23,אך אל הפרכת לא יבא ואל המזבח לא יגש כי מום בו ולא יחלל את מקדשי כי אני יהוה מקדשם,20.67475228596601,252.11946707344504,0.0,20.67475228596601,252.11946707344504,-0.3096094992607161,-0.0969687759215898,0.0,0.6215710341657451,0.5386244046154232,0.7081065677668773,0.5396339731824624,False,1.0,1.0,False,34.87,21,1,False
Lev.21.24,וידבר משה אל אהרן ואל בניו ואל כל בני ישראל,10.498018382755767,1.4759670347997267,0.0,10.498018382755767,1.4759670347997267,-0.4411368571608613,-0.09950774115818338,0.0,0.6704430389335845,0.5396324290741122,0.7081065677668773,0.5396339731824624,False,1.0,1.0,False,34.87,21,1,False
Lev.22.1,וידבר יהוה אל משה לאמר,4.409592017775393,1.708478018312369,0.0,4.409592017775393,1.708478018312369,-0.519825623239617,-0.09950538587147467,0.0,0.6984074407027238,0.5396314940910326,0.7081065677668773,0.5396339731824624,False,1.0,1.0,False,34.87,22,1,False
Lev.22.2,דבר אל אהרן ואל בניו וינזרו מקדשי בני ישראל ולא יחללו את שם קדשי אשר הם מקדשים לי אני יהוה,12.555286732289918,52.28327990895699,0.05,11.41389702935447,47.53025446268817,-0.42929974913681357,-0.09904122104193273,0.0,0.6661474503142018,0.5394472293398157,0.7081065677668773,0.5396339731824624,False,1.0,1.0,False,34.87,22,1,False
Lev.22.3,אמר אלהם לדרתיכם כל איש אשר יקרב מכל זרעכם אל הקדשים אשר יקדישו בני ישראל ליהוה וטמאתו עליו ונכרתה הנפש ההוא מלפני אני יהוה,12.784728727091517,920.6248821712114,0.041666666666666664,11.801288055776785,849.8075835426567,-0.4242929838362608,-0.09091432268499505,0.0,0.6643239222866802,0.5362196652661082,0.7081065677668773,0.5396339731824624,False,1.0,1.0,False,34.87,22,1,False
Lev.22.4,איש איש מזרע אהרן והוא צרוע או זב בקדשים לא יאכל עד אשר יטהר והנגע בכל טמא נפש או איש אשר תצא ממנו שכבת זרע,21.28649946491439,380.6656910792471,0.08,18.35043057320206,328.16007851659236,-0.33964977511909794,-0.09619850073394799,0.0,0.6329398555042882,0.5383185392324429,0.7081065677668773,0.5396339731824624,False,1.0,1.0,False,34.87,22,1,False
Lev.22.5,או איש אשר יגע בכל שרץ אשר יטמא לו או באדם אשר יטמא לו לכל טמאתו,43.567981432813305,26.869238793818276,0.0,43.567981432813305,26.869238793818276,-0.013730097074757901,-0.09925051272724628,0.0,0.5054773441424913,0.5395303152733534,0.7081065677668773,0.5396339731824624,False,1.0,1.0,False,34.87,22,1,False
Lev.22.6,נפש אשר תגע בו וטמאה עד הערב ולא יאכל מן הקדשים כי אם רחץ בשרו במים,22.608467815489497,147.90549643445874,0.0,22.608467815489497,147.90549643445874,-0.2846175424160477,-0.09802444123339311,0.0,0.6120314150064999,0.539043557235046,0.7081065677668773,0.5396339731824624,False,1.0,1.0,False,34.87,22,1,False
Lev.22.7,ובא השמש וטהר ואחר יאכל מן הקדשים כי לחמו הוא,41.16925170687295,283.69022838582003,0.0,41.16925170687295,283.69022838582003,-0.044732045850283085,-0.09664897083806459,0.0,0.5178395548197418,0.538497417302933,0.7081065677668773,0.5396339731824624,False,1.0,1.0,False,34.87,22,1,False
Lev.22.8,נבלה וטרפה לא יאכל לטמאה בה אני יהוה,54.61174169535755,3191.6150910848514,0.125,43.68939335628604,2553.292072867881,-0.012160930614887508,-0.07365838786599427,0.0,0.5048513898137672,0.5293588947638325,0.7081065677668773,0.5396339731824624,False,1.0,1.0,False,34.87,22,1,False
Lev.22.9,ושמרו את משמרתי ולא ישאו עליו חטא ומתו בו כי יחללהו אני יהוה מקדשם,87.07312106000286,800.7445003675005,0.07142857142857142,76.18898092750251,700.6514378215629,0.40787411468958734,-0.09242524265200697,0.40787411468958734,0.34168304884557055,0.5368199077371084,0.7081065677668773,0.5396339731824624,False,0.9201849038230916,1.0,False,85.8,22,1,False
Lev.22.10,וכל זר לא יאכל קדש תושב כהן ושכיר לא יאכל קדש,88.14443065515019,173.7593102470857,0.09090909090909091,74.58374901589632,147.02710867061097,0.3871275849916888,-0.09803333911423309,0.3871275849916888,0.3493308784281902,0.5390470899609217,0.7081065677668773,0.5396339731824624,False,0.9278048274800478,1.0,False,84.98,22,1,False
Lev.22.11,וכהן כי יקנה נפש קנין כספו הוא יאכל בו ויליד ביתו הם יאכלו בלחמו,88.59670078702699,625.7686592452719,0.21428571428571427,62.01769055091889,438.03806147169036,0.224719833660403,-0.09508546018453418,0.224719833660403,0.411098617086611,0.537876526581114,0.7081065677668773,0.5396339731824624,False,0.9750666007846037,1.0,False,81.26,22,1,False
Lev.22.12,ובת כהן כי תהיה לאיש זר הוא בתרומת הקדשים לא תאכל,65.69957450831457,42.57264906134949,0.09090909090909091,55.59194766088156,36.023010744218794,0.1416714811230876,-0.09915778696830106,0.1416714811230876,0.44366975122808633,0.5394935046293339,0.7081065677668773,0.5396339731824624,False,0.9900147823663416,1.0,False,78.11,22,1,False
Lev.22.13,ובת כהן כי תהיה אלמנה וגרושה וזרע אין לה ושבה אל בית אביה כנעוריה מלחם אביה תאכל וכל זר לא יאכל בו,24.828910363228655,165.26754023069088,0.13636363636363635,19.50842957110823,129.85306732411428,-0.3246834263775269,-0.098207308492828,0.0,0.6272896602552822,0.5391161604086427,0.7081065677668773,0.5396339731824624,False,1.0,1.0,False,34.87,22,1,False
Lev.22.14,ואיש כי יאכל קדש בשגגה ויסף חמשיתו עליו ונתן לכהן את הקדש,64.08037342266688,730.819000159414,0.08333333333333333,54.9260343622859,626.4162858509263,0.13306500505838192,-0.0931772289199837,0.13306500505838192,0.4470709854502741,0.5371186178174018,0.7081065677668773,0.5396339731824624,False,0.9911859259337725,1.0,False,77.88,22,1,False
Lev.22.15,ולא יחללו את קדשי בני ישראל את אשר ירימו ליהוה,23.149678354447026,26.846693853292397,0.1,19.291398628705856,22.372244877743665,-0.32748840356453557,-0.09929606631718707,0.0,0.6283507437679582,0.5395483991962806,0.7081065677668773,0.5396339731824624,False,1.0,1.0,False,34.87,22,1,False
Lev.22.16,והשיאו אותם עון אשמה באכלם את קדשיהם כי אני יהוה מקדשם,49.47715034969015,7536.875354922898,0.36363636363636365,28.644665991925876,4363.454152850099,-0.2066037901199492,-0.055321831789470734,0.0,0.5818403499788866,0.5220589652274306,0.7081065677668773,0.5396339731824624,False,1.0,1.0,False,34.87,22,1,False
Lev.22.17,וידבר יהוה אל משה לאמר,6.126490478845213,1.708478018312369,0.0,6.126490478845213,1.708478018312369,-0.49763587940676474,-0.09950538587147467,0.0,0.6906296450378624,0.5396314940910326,0.7081065677668773,0.5396339731824624,False,1.0,1.0,False,34.87,22,1,False
Lev.22.18,דבר אל אהרן ואל בניו ואל כל בני ישראל ואמרת אלהם איש איש מבית ישראל ומן הגר בישראל אשר יקריב קרבנו לכל נדריהם ולכל נדבותם אשר יקריבו ליהוה לעלה,8.092437511802357,28.44787005519526,0.06896551724137931,7.111535995220253,24.999643381838258,-0.4849048366761178,-0.09926945133030912,0.0,0.6861280743323838,0.5395378335543719,0.7081065677668773,0.5396339731824624,False,1.0,1.0,False,34.87,22,1,False
Lev.22.19,לרצנכם תמים זכר בבקר בכשבים ובעזים,326.7254439584931,497524.7814050774,0.16666666666666666,245.04408296886982,373143.58605380805,2.5902113606752195,3.680342307510194,4.500457131605681,0.004795851022859779,0.00011646053307916906,0.18725618311984318,0.03334653263833541,False,3.9982959916191704e-05,0.003122305688000789,True,98.84,22,1,False
Lev.22.20,כל אשר בו מום לא תקריבו כי לא לרצון יהיה לכם,20.478324383230028,34.90061740087994,0.0,20.478324383230028,34.90061740087994,-0.31214819618553014,-0.0991691565736572,0.0,0.6225360500888909,0.5394980181991217,0.7081065677668773,0.5396339731824624,False,1.0,1.0,False,34.87,22,1,False
Lev.22.21,ואיש כי יקריב זבח שלמים ליהוה לפלא נדר או לנדבה בבקר או בצאן תמים יהיה לרצון כל מום לא יהיה בו,24.48732511788153,314.38098394566475,0.09523809523809523,20.569353099020486,264.0800265143584,-0.31097171200162266,-0.09684761800356677,0.0,0.6220889366337866,0.5385762960291883,0.7081065677668773,0.5396339731824624,False,1.0,1.0,False,34.87,22,1,False
Lev.22.22,עורת או שבור או חרוץ או יבלת או גרב או ילפת לא תקריבו אלה ליהוה ואשה לא תתנו מהם על המזבח ליהוה,49.458397832022726,681.3226797793575,0.18181818181818182,36.26949174348333,499.63663183819546,-0.10805810787164112,-0.09446147979501558,0.0,0.543025200707076,0.5376287098746088,0.7081065677668773,0.5396339731824624,False,1.0,1.0,False,34.87,22,1,False
Lev.22.23,ושור ושה שרוע וקלוט נדבה תעשה אתו ולנדר לא ירצה,330.80968352749375,6758.139726114008,0.3,206.75605220468358,4223.837328821255,2.095364627577058,-0.05673612046082339,2.095364627577058,0.018069295717301613,0.522622299810973,0.5006943555213575,0.5396339731824624,False,0.11132777943295824,1.0,False,96.39,22,1,False
Lev.22.24,ומעוך וכתות ונתוק וכרות לא תקריבו ליהוה ובארצכם לא תעשו,32.06235498453806,126148.97027092203,0.4,17.812419435854476,70082.76126162335,-0.34660320281890816,0.610400742689678,0.610400742689678,0.6355552802942218,0.2707981881467888,0.7081065677668773,0.5396339731824624,False,0.8300290877380385,1.0,False,89.52,22,1,False
Lev.22.25,ומיד בן נכר לא תקריבו את לחם אלהיכם מכל אלה כי משחתם בהם מום בם לא ירצו לכם,43.38192571877023,935.0500786110206,0.05555555555555555,39.04373314689321,841.5450707499185,-0.07220292629392602,-0.09099802017862421,0.0,0.5287797917957306,0.5362529179002509,0.7081065677668773,0.5396339731824624,False,1.0,1.0,False,34.87,22,1,False
Lev.22.26,וידבר יהוה אל משה לאמר,7.312210219900554,1.708478018312369,0.0,7.312210219900554,1.708478018312369,-0.48231125893085175,-0.09950538587147467,0.0,0.6852075748388838,0.5396314940910326,0.7081065677668773,0.5396339731824624,False,1.0,1.0,False,34.87,22,1,False
Lev.22.27,שור או כשב או עז כי יולד והיה שבעת ימים תחת אמו ומיום השמיני והלאה ירצה לקרבן אשה ליהוה,42.446047342281425,7.266692355757914,0.10526315789473684,35.06412606536291,6.002919772147842,-0.12363663871017315,-0.0994618840917681,0.0,0.5491985092299669,0.5396142250593724,0.7081065677668773,0.5396339731824624,False,1.0,1.0,False,34.87,22,1,False
Lev.22.28,ושור או שה אתו ואת בנו לא תשחטו ביום אחד,23.439821508829112,54.77977541852101,0.1,19.53318459069093,45.64981284876751,-0.32436348460136905,-0.09906026951470961,0.0,0.627168569203567,0.5394547913940007,0.7081065677668773,0.5396339731824624,False,1.0,1.0,False,34.87,22,1,False
Lev.22.29,וכי תזבחו זבח תודה ליהוה לרצנכם תזבחו,39.762671181471596,20427.453771634366,0.0,39.762671181471596,20427.453771634366,-0.06291114161316617,0.10740306068313264,0.10740306068313264,0.5250813686517275,0.45723461323989695,0.7081065677668773,0.5396339731824624,False,0.9942488925774108,1.0,False,77.07,22,1,False
Lev.22.30,ביום ההוא יאכל לא תותירו ממנו עד בקר אני יהוה,23.518191074530396,268.178905126467,0.1,19.598492562108664,223.4824209387225,-0.3235194235291145,-0.09725886309561817,0.0,0.6268490500374504,0.5387395882174093,0.7081065677668773,0.5396339731824624,False,1.0,1.0,False,34.87,22,1,False
Lev.22.31,ושמרתם מצותי ועשיתם אתם אני יהוה,15.035813373323649,102.27362201807436,0.0,15.035813373323649,102.27362201807436,-0.3824889460060228,-0.09848668239586468,0.0,0.6489506367181506,0.5392270767722944,0.7081065677668773,0.5396339731824624,False,1.0,1.0,False,34.87,22,1,False
Lev.22.32,ולא תחללו את שם קדשי ונקדשתי בתוך בני ישראל אני יהוה מקדשכם,8.247503002157043,1340.2246901383646,0.16666666666666666,6.185627251617782,1005.1685176037735,-0.49687157687596323,-0.08934054953450417,0.0,0.6903601918953756,0.5355943654861252,0.7081065677668773,0.5396339731824624,False,1.0,1.0,False,34.87,22,1,False
Lev.22.33,המוציא אתכם מארץ מצרים להיות לכם לאלהים אני יהוה,7.544301305472955,2.1364929874261733,0.0,7.544301305472955,2.1364929874261733,-0.479311639645544,-0.09950105017105894,0.0,0.6841415285695872,0.5396297729384183,0.7081065677668773,0.5396339731824624,False,1.0,1.0,False,34.87,22,1,False
Lev.23.1,וידבר יהוה אל משה לאמר,6.597344711136483,1.708478018312369,0.0,6.597344711136483,1.708478018312369,-0.4915504089878284,-0.09950538587147467,0.0,0.6884813959266473,0.5396314940910326,0.7081065677668773,0.5396339731824624,False,1.0,1.0,False,34.87,23,1,False
Lev.23.2,דבר אל בני ישראל ואמרת אלהם מועדי יהוה אשר תקראו אתם מקראי קדש אלה הם מועדי,3.7139539826024532,1.8057350093860167,0.0,3.7139539826024532,1.8057350093860167,-0.5288162712895069,-0.09950440067888315,0.0,0.7015335454141123,0.5396311029970088,0.7081065677668773,0.5396339731824624,False,1.0,1.0,False,34.87,23,1,False
Lev.23.3,ששת ימים תעשה מלאכה וביום השביעי שבת שבתון מקרא קדש כל מלאכה לא תעשו שבת הוא ליהוה בכל מושבתיכם,5.319340274084325,8.371634219918002,0.0,5.319340274084325,8.371634219918002,-0.5080677463368092,-0.09943788951924824,0.0,0.6942970831467422,0.5396046998301455,0.7081065677668773,0.5396339731824624,False,1.0,1.0,False,34.87,23,1,False
Lev.23.4,אלה מועדי יהוה מקראי קדש אשר תקראו אתם במועדם,4.8850795725928915,23.746560724935147,0.1111111111111111,3.996883286666911,19.429004229492392,-0.5251596026382428,-0.09932588071767098,0.0,0.7002638774129515,0.5395602349111784,0.7081065677668773,0.5396339731824624,False,1.0,1.0,False,34.87,23,1,False
Lev.23.5,בחדש הראשון בארבעה עשר לחדש בין הערבים פסח ליהוה,21.877234949518833,6.197717192357168,0.0,21.877234949518833,6.197717192357168,-0.2940682294228617,-0.09945991083541789,0.0,0.6156471163355427,0.5396134417281228,0.7081065677668773,0.5396339731824624,False,1.0,1.0,False,34.87,23,1,False
Lev.23.6,ובחמשה עשר יום לחדש הזה חג המצות ליהוה שבעת ימים מצות תאכלו,8.602750402725157,23.608431701000466,0.08333333333333333,7.3737860594787055,20.235798600857542,-0.4815154331219798,-0.0993177080626384,0.0,0.6849248931362986,0.5395569905356618,0.7081065677668773,0.5396339731824624,False,1.0,1.0,False,34.87,23,1,False
Lev.23.7,ביום הראשון מקרא קדש יהיה לכם כל מלאכת עבדה לא תעשו,4.342598742963174,3.3727553141710835,0.0,4.342598742963174,3.3727553141710835,-0.5206914657109771,-0.09948852709716939,0.0,0.6987091397401736,0.5396248016218198,0.7081065677668773,0.5396339731824624,False,1.0,1.0,False,34.87,23,1,False
Lev.23.8,והקרבתם אשה ליהוה שבעת ימים ביום השביעי מקרא קדש כל מלאכת עבדה לא תעשו,12.129086638939896,21.945118215209842,0.0,12.129086638939896,21.945118215209842,-0.4200564102973522,-0.0993003930192465,0.0,0.6627778774836306,0.5395501168117953,0.7081065677668773,0.5396339731824624,False,1.0,1.0,False,34.87,23,1,False
Lev.23.9,וידבר יהוה אל משה לאמר,7.5896347395198,1.708478018312369,0.0,7.5896347395198,1.708478018312369,-0.47872573587116696,-0.09950538587147467,0.0,0.6839331226795302,0.5396314940910326,0.7081065677668773,0.5396339731824624,False,1.0,1.0,False,34.87,23,1,False
Lev.23.10,דבר אל בני ישראל ואמרת אלהם כי תבאו אל הארץ אשר אני נתן לכם וקצרתם את קצירה והבאתם את עמר ראשית קצירכם אל הכהן,3.452901929138911,77.54201440214428,0.08333333333333333,2.959630224976209,66.46458377326651,-0.5385653923518737,-0.09884942032142588,0.0,0.7049066137517205,0.5393710855673601,0.7081065677668773,0.5396339731824624,False,1.0,1.0,False,34.87,23,1,False
Lev.23.11,והניף את העמר לפני יהוה לרצנכם ממחרת השבת יניפנו הכהן,19.76864788050619,8250.579315859877,0.1,16.47387323375516,6875.482763216564,-0.3639030012673927,-0.029875517346584664,0.0,0.6420347782947448,0.5119168342705285,0.7081065677668773,0.5396339731824624,False,1.0,1.0,False,34.87,23,1,False
Lev.23.12,ועשיתם ביום הניפכם את העמר כבש תמים בן שנתו לעלה ליהוה,16.034239280660632,1080.0246526767314,0.18181818181818182,11.758442139151128,792.018078629603,-0.4248467381413434,-0.09149971805328339,0.0,0.6645257981092537,0.5364522348706352,0.7081065677668773,0.5396339731824624,False,1.0,1.0,False,34.87,23,1,False
Lev.23.13,ומנחתו שני עשרנים סלת בלולה בשמן אשה ליהוה ריח ניחח ונסכה יין רביעת ההין,32.205690908326375,44109.041593794296,0.21428571428571427,22.54398363582846,30876.329115656008,-0.2854509565406421,0.21324794098475688,0.21324794098475688,0.6123506635221848,0.4155667883129062,0.7081065677668773,0.5396339731824624,False,0.9775192031326201,1.0,False,80.44,23,1,False
Lev.23.14,ולחם וקלי וכרמל לא תאכלו עד עצם היום הזה עד הביאכם את קרבן אלהיכם חקת עולם לדרתיכם בכל משבתיכם,8.973524130987544,46.50055296653644,0.10526315789473684,7.412911238641884,38.41350027670401,-0.4810097668157124,-0.0991335718188139,0.0,0.684745221383329,0.539483891546335,0.7081065677668773,0.5396339731824624,False,1.0,1.0,False,34.87,23,1,False
Lev.23.15,וספרתם לכם ממחרת השבת מיום הביאכם את עמר התנופה שבע שבתות תמימת תהיינה,4.112999234016848,271.79914122833156,0.3076923076923077,2.5461423829628105,168.2566112365862,-0.5439094412285668,-0.09781828877781155,0.0,0.7067481041393655,0.5389617076577946,0.7083974579413244,0.5396339731824624,False,1.0,1.0,False,34.87,23,1,False
Lev.23.16,עד ממחרת השבת השביעת תספרו חמשים יום והקרבתם מנחה חדשה ליהוה,6.206743652716656,105.52243066686502,0.09090909090909091,5.25186001383717,89.2882105642704,-0.508939882763401,-0.09861822184635506,0.0,0.6946028183085073,0.5392792991964164,0.7081065677668773,0.5396339731824624,False,1.0,1.0,False,34.87,23,1,False
Lev.23.17,ממושבתיכם תביאו לחם תנופה שתים שני עשרנים סלת תהיינה חמץ תאפינה בכורים ליהוה,20.922973761804453,19348.838006841343,0.23076923076923078,14.315718889655678,13238.678636259865,-0.39179567700401424,0.03458230068101861,0.03458230068101861,0.652395405260473,0.4862064075341011,0.7081065677668773,0.5396339731824624,False,0.9994022109868949,1.0,False,71.83,23,1,False
Lev.23.18,והקרבתם על הלחם שבעת כבשים תמימם בני שנה ופר בן בקר אחד ואילם שנים יהיו עלה ליהוה ומנחתם ונסכיהם אשה ריח ניחח ליהוה,31.579990510717018,3134.2567361112788,0.13043478260869565,25.04619937056867,2485.7898251917036,-0.2531115215493496,-0.07434217124842916,0.0,0.5999089820977623,0.5296309389770965,0.7081065677668773,0.5396339731824624,False,1.0,1.0,False,34.87,23,1,False
Lev.23.19,ועשיתם שעיר עזים אחד לחטאת ושני כבשים בני שנה לזבח שלמים,50.6329478941861,87.08489935454227,0.0,50.6329478941861,87.08489935454227,0.07757978497142348,-0.09864054091932538,0.07757978497142348,0.4690811615821769,0.5392881600153645,0.7081065677668773,0.5396339731824624,False,0.9969952119211833,1.0,False,75.44,23,1,False
Lev.23.20,והניף הכהן אתם על לחם הבכורים תנופה לפני יהוה על שני כבשים קדש יהיו ליהוה לכהן,13.745117498627703,189.08556878294135,0.0625,12.217882221002403,168.0760611403923,-0.4189087878466754,-0.09782011771180596,0.0,0.6623586028131947,0.5389624338144191,0.7081065677668773,0.5396339731824624,False,1.0,1.0,False,34.87,23,1,False
Lev.23.21,וקראתם בעצם היום הזה מקרא קדש יהיה לכם כל מלאכת עבדה לא תעשו חקת עולם בכל מושבתיכם לדרתיכם,13.371117516621705,68.54080836683232,0.0,13.371117516621705,68.54080836683232,-0.4040040067142778,-0.09882838860879176,0.0,0.6568951135931109,0.5393627360116731,0.7081065677668773,0.5396339731824624,False,1.0,1.0,False,34.87,23,1,False
Lev.23.22,ובקצרכם את קציר ארצכם לא תכלה פאת שדך בקצרך ולקט קצירך לא תלקט לעני ולגר תעזב אתם אני יהוה אלהיכם,2.7795453433623836,7255.547848864622,0.15,2.1381118025864487,5581.190652972786,-0.5491829587136251,-0.04298642057527244,0.0,0.7085600509879917,0.5171438206703187,0.7087886959380384,0.5396339731824624,False,1.0,1.0,False,34.87,23,1,False
Lev.23.23,וידבר יהוה אל משה לאמר,5.314285611853528,1.708478018312369,0.0,5.314285611853528,1.708478018312369,-0.5081330744051872,-0.09950538587147467,0.0,0.6943199891776526,0.5396314940910326,0.7081065677668773,0.5396339731824624,False,1.0,1.0,False,34.87,23,1,False
Lev.23.24,דבר אל בני ישראל לאמר בחדש השביעי באחד לחדש יהיה לכם שבתון זכרון תרועה מקרא קדש,3.256188987810276,1.2116032494952846,0.0,3.256188987810276,1.2116032494952846,-0.5347325722242494,-0.09951041910698555,0.0,0.7035826026746266,0.5396334921447701,0.7081065677668773,0.5396339731824624,False,1.0,1.0,False,34.87,23,1,False
Lev.23.25,כל מלאכת עבדה לא תעשו והקרבתם אשה ליהוה,7.295283445086795,134.7628290791168,0.0,7.295283445086795,134.7628290791168,-0.4825300259724389,-0.09815757365265068,0.0,0.6852852630912493,0.5390964144811351,0.7081065677668773,0.5396339731824624,False,1.0,1.0,False,34.87,23,1,False
Lev.23.26,וידבר יהוה אל משה לאמר,7.077277300993611,1.708478018312369,0.0,7.077277300993611,1.708478018312369,-0.48534760697743395,-0.09950538587147467,0.0,0.6862851046454214,0.5396314940910326,0.7081065677668773,0.5396339731824624,False,1.0,1.0,False,34.87,23,1,False
Lev.23.27,אך בעשור לחדש השביעי הזה יום הכפרים הוא מקרא קדש יהיה לכם ועניתם את נפשתיכם והקרבתם אשה ליהוה,9.562522964316994,275.6901420411675,0.0,9.562522964316994,275.6901420411675,-0.453227498606849,-0.09673001000770469,0.0,0.674807533380531,0.538529596482668,0.7081065677668773,0.5396339731824624,False,1.0,1.0,False,34.87,23,1,False
Lev.23.28,וכל מלאכה לא תעשו בעצם היום הזה כי יום כפרים הוא לכפר עליכם לפני יהוה אלהיכם,15.881248965327922,7.500192735013849,0.0625,14.116665746958153,6.666837986678977,-0.39436830336820233,-0.09945515874175354,0.0,0.6533454291164149,0.5396115552703834,0.7081065677668773,0.5396339731824624,False,1.0,1.0,False,34.87,23,1,False
Lev.23.29,כי כל הנפש אשר לא תענה בעצם היום הזה ונכרתה מעמיה,9.633700039707069,256.4044506185304,0.0,9.633700039707069,256.4044506185304,-0.45230758336113724,-0.09692536995152208,0.0,0.6744762931920267,0.5386071693243202,0.7081065677668773,0.5396339731824624,False,1.0,1.0,False,34.87,23,1,False
Lev.23.30,וכל הנפש אשר תעשה כל מלאכה בעצם היום הזה והאבדתי את הנפש ההוא מקרב עמה,12.533032487681846,37.50950084476219,0.0,12.533032487681846,37.50950084476219,-0.41483568518799263,-0.09914272914039314,0.0,0.6608689029018202,0.5394875268804116,0.7081065677668773,0.5396339731824624,False,1.0,1.0,False,34.87,23,1,False
Lev.23.31,כל מלאכה לא תעשו חקת עולם לדרתיכם בכל משבתיכם,14.588405089556588,92.85196286390267,0.0,14.588405089556588,92.85196286390267,-0.3882713935010837,-0.09858212179509022,0.0,0.6510923976970955,0.5392649671970503,0.7081065677668773,0.5396339731824624,False,1.0,1.0,False,34.87,23,1,False
Lev.23.32,שבת שבתון הוא לכם ועניתם את נפשתיכם בתשעה לחדש בערב מערב עד ערב תשבתו שבתכם,6.5028500066432935,531.8353422222336,0.13333333333333333,5.133828952613126,419.8700070175529,-0.5104653538802248,-0.09526949870405886,0.0,0.695137259439458,0.5379496155294697,0.7081065677668773,0.5396339731824624,False,1.0,1.0,False,34.87,23,1,False
Lev.23.33,וידבר יהוה אל משה לאמר,6.5156324249050215,1.708478018312369,0.0,6.5156324249050215,1.708478018312369,-0.49260648466183365,-0.09950538587147467,0.0,0.6888546673962059,0.5396314940910326,0.7081065677668773,0.5396339731824624,False,1.0,1.0,False,34.87,23,1,False
Lev.23.34,דבר אל בני ישראל לאמר בחמשה עשר יום לחדש השביעי הזה חג הסכות שבעת ימים ליהוה,5.603197471674784,28.127916374529015,0.0,5.603197471674784,28.127916374529015,-0.504399085293384,-0.09923776259161136,0.0,0.6930095196486246,0.539525253693407,0.7081065677668773,0.5396339731824624,False,1.0,1.0,False,34.87,23,1,False
Lev.23.35,ביום הראשון מקרא קדש כל מלאכת עבדה לא תעשו,4.0298627138712915,4.5574138546851595,0.0,4.0298627138712915,4.5574138546851595,-0.52473336599233,-0.09947652675863623,0.0,0.7001157205267106,0.5396200378109983,0.7081065677668773,0.5396339731824624,False,1.0,1.0,False,34.87,23,1,False
Lev.23.36,שבעת ימים תקריבו אשה ליהוה ביום השמיני מקרא קדש יהיה לכם והקרבתם אשה ליהוה עצרת הוא כל מלאכת עבדה לא תעשו,3.7322903691235547,52.9565684339497,0.0,3.7322903691235547,52.9565684339497,-0.5285792859761939,-0.09898625363789572,0.0,0.7014513336042021,0.5394254077472936,0.7081065677668773,0.5396339731824624,False,1.0,1.0,False,34.87,23,1,False
Lev.23.37,אלה מועדי יהוה אשר תקראו אתם מקראי קדש להקריב אשה ליהוה עלה ומנחה זבח ונסכים דבר יום ביומו,14.334632753658397,19.899556805199243,0.05555555555555555,12.901169478292557,17.909601124679316,-0.41007776519314404,-0.09934127194729751,0.0,0.6591255486197672,0.5395663449048016,0.7081065677668773,0.5396339731824624,False,1.0,1.0,False,34.87,23,1,False
Lev.23.38,מלבד שבתת יהוה ומלבד מתנותיכם ומלבד כל נדריכם ומלבד כל נדבותיכם אשר תתנו ליהוה,40.05820833953918,89.63586754448976,0.14285714285714285,31.15638426408603,69.71678586793648,-0.17414154130134435,-0.09881647620733765,0.0,0.5691228866520204,0.5393580067999839,0.7081065677668773,0.5396339731824624,False,1.0,1.0,False,34.87,23,1,False
Lev.23.39,אך בחמשה עשר יום לחדש השביעי באספכם את תבואת הארץ תחגו את חג יהוה שבעת ימים ביום הראשון שבתון וביום השמיני שבתון,7.864412918823799,125.71388134680195,0.09090909090909091,6.654503239004753,106.37328421652472,-0.4908116739257272,-0.09844515369154146,0.0,0.6882201737256872,0.5392105893376054,0.7081065677668773,0.5396339731824624,False,1.0,1.0,False,34.87,23,1,False
Lev.23.40,ולקחתם לכם ביום הראשון פרי עץ הדר כפת תמרים וענף עץ עבת וערבי נחל ושמחתם לפני יהוה אלהיכם שבעת ימים,2.7125015213058177,53.55202391587462,0.15,2.086539631773706,41.193864550672785,-0.5498494939136893,-0.09910540732128818,0.0,0.7087886959380384,0.5394727105971772,0.7087886959380384,0.5396339731824624,False,1.0,1.0,False,34.87,23,1,False
Lev.23.41,וחגתם אתו חג ליהוה שבעת ימים בשנה חקת עולם לדרתיכם בחדש השביעי תחגו אתו,9.038123179779351,851.6607894074201,0.14285714285714285,7.029651362050607,662.4028362057712,-0.4859631398169741,-0.0928126928345804,0.0,0.6865033498412696,0.5369738164423363,0.7081065677668773,0.5396339731824624,False,1.0,1.0,False,34.87,23,1,False
Lev.23.42,בסכת תשבו שבעת ימים כל האזרח בישראל ישבו בסכת,15.37745945225644,592.0489220699844,0.2222222222222222,10.645933466946767,409.8800229715277,-0.43922515539070084,-0.09537069511331372,0.0,0.6697508002681669,0.5379898040654562,0.7081065677668773,0.5396339731824624,False,1.0,1.0,False,34.87,23,1,False
Lev.23.43,למען ידעו דרתיכם כי בסכות הושבתי את בני ישראל בהוציאי אותם מארץ מצרים אני יהוה אלהיכם,8.528998591999358,4647.284785280488,0.1875,6.202908066908623,3379.8434802039915,-0.4966482341022225,-0.06528559826977373,0.0,0.6902814335727163,0.5260266956016943,0.7081065677668773,0.5396339731824624,False,1.0,1.0,False,34.87,23,1,False
Lev.23.44,וידבר משה את מעדי יהוה אל בני ישראל,38.98722371620446,5.0517914020455255,0.125,31.18977897296357,4.0414331216364205,-0.17370993742250834,-0.0994817535334928,0.0,0.5689532863340274,0.5396221127003811,0.7081065677668773,0.5396339731824624,False,1.0,1.0,False,34.87,23,1,False
Lev.24.1,וידבר יהוה אל משה לאמר,4.420785504118558,1.708478018312369,0.0,4.420785504118558,1.708478018312369,-0.5196809550485835,-0.09950538587147467,0.0,0.6983570184546432,0.5396314940910326,0.7081065677668773,0.5396339731824624,False,1.0,1.0,False,34.87,24,1,False
Lev.24.2,צו את בני ישראל ויקחו אליך שמן זית זך כתית למאור להעלת נר תמיד,6.212824180143145,13.138213121639401,0.07142857142857142,5.436221157625252,11.495936481434477,-0.5065571404835576,-0.09940624100321102,0.0,0.6937672063528204,0.5395921361471013,0.7081065677668773,0.5396339731824624,False,1.0,1.0,False,34.87,24,1,False
Lev.24.3,מחוץ לפרכת העדת באהל מועד יערך אתו אהרן מערב עד בקר לפני יהוה תמיד חקת עולם לדרתיכם,12.245250638050662,65.00155181760782,0.0,12.245250638050662,65.00155181760782,-0.4185550696873423,-0.09886424052332567,0.0,0.6622293340484839,0.5393769691529695,0.7081065677668773,0.5396339731824624,False,1.0,1.0,False,34.87,24,1,False
Lev.24.4,על המנרה הטהרה יערך את הנרות לפני יהוה תמיד,26.777057101791872,3655.083068387465,0.1111111111111111,21.90850126510244,2990.522510498835,-0.29366413357844867,-0.06922933671823094,0.0,0.6154927181504818,0.527596464101983,0.7081065677668773,0.5396339731824624,False,1.0,1.0,False,34.87,24,1,False
Lev.24.5,ולקחת סלת ואפית אתה שתים עשרה חלות שני עשרנים יהיה החלה האחת,70.90348863244581,3962.182045478476,0.16666666666666666,53.177616474334364,2971.636534108857,0.11046789408989378,-0.0694206476339574,0.11046789408989378,0.45601915540406507,0.5276726029349673,0.7081065677668773,0.5396339731824624,False,0.9939169990117228,1.0,False,77.18,24,1,False
Lev.24.6,ושמת אותם שתים מערכות שש המערכת על השלחן הטהר לפני יהוה,93.44019140787643,1573.5128874559691,0.0,93.44019140787643,1573.5128874559691,0.6308342664085116,-0.08358334219720674,0.6308342664085116,0.2640744478015978,0.5333061442066909,0.7081065677668773,0.5396339731824624,False,0.819569615351964,1.0,False,89.87,24,1,False
Lev.24.7,ונתת על המערכת לבנה זכה והיתה ללחם לאזכרה אשה ליהוה,259.630857981859,20459.556970286867,0.1,216.35904831821583,17049.63080857239,2.219476815116896,0.07318643397125099,2.220683135199362,0.013227151416943347,0.47082888077977053,0.420819372857568,0.5396339731824624,False,0.0849479304210458,1.0,False,96.86,24,1,False
Lev.24.8,ביום השבת ביום השבת יערכנו לפני יהוה תמיד מאת בני ישראל ברית עולם,19.966145315008575,199.23939180653053,0.07692307692307693,17.303992606340767,172.6741395656598,-0.353174273479446,-0.09777354015733085,0.0,0.6380211032415091,0.53894394070649,0.7081065677668773,0.5396339731824624,False,1.0,1.0,False,34.87,24,1,False
Lev.24.9,והיתה לאהרן ולבניו ואכלהו במקום קדש כי קדש קדשים הוא לו מאשי יהוה חק עולם,22.639434594146607,583.9827462351826,0.0,22.639434594146607,583.9827462351826,-0.2842173178825003,-0.093607071632575,0.0,0.6118780776333862,0.5372893540334724,0.7081065677668773,0.5396339731824624,False,1.0,1.0,False,34.87,24,1,False
Lev.24.10,ויצא בן אשה ישראלית והוא בן איש מצרי בתוך בני ישראל וינצו במחנה בן הישראלית ואיש הישראלי,30.407841162120434,90.0629392478265,0.23529411764705882,20.677331990241893,61.24279868852202,-0.3095761583390808,-0.09890231589143303,0.0,0.621558355469456,0.53939208494583,0.7081065677668773,0.5396339731824624,False,1.0,1.0,False,34.87,24,1,False
Lev.24.11,ויקב בן האשה הישראלית את השם ויקלל ויביאו אתו אל משה ושם אמו שלמית בת דברי למטה דן,20.378075855886117,1144.6914551725881,0.1111111111111111,16.67297115481591,936.5657360502993,-0.3613297961733427,-0.09003548109056303,0.0,0.6410735389652895,0.5358704902583977,0.7081065677668773,0.5396339731824624,False,1.0,1.0,False,34.87,24,1,False
Lev.24.12,ויניחהו במשמר לפרש להם על פי יהוה,53.0525514440425,1420.0275105555581,0.14285714285714285,41.263095567588614,1104.465841543212,-0.043519177834623654,-0.08833468880589908,0.0,0.5173561613468688,0.5351946654868087,0.7081065677668773,0.5396339731824624,False,1.0,1.0,False,34.87,24,1,False
Lev.24.13,וידבר יהוה אל משה לאמר,8.298755439307968,1.708478018312369,0.0,8.298755439307968,1.708478018312369,-0.46956083355943234,-0.09950538587147467,0.0,0.6806655936560106,0.5396314940910326,0.7081065677668773,0.5396339731824624,False,1.0,1.0,False,34.87,24,1,False
Lev.24.14,הוצא את המקלל אל מחוץ למחנה וסמכו כל השמעים את ידיהם על ראשו ורגמו אתו כל העדה,18.70866504253935,1874.540877089942,0.11764705882352941,15.145109796341378,1517.4854719299528,-0.38107636414192153,-0.0841508879755525,0.0,0.6484267073843111,0.5335317673319074,0.7081065677668773,0.5396339731824624,False,1.0,1.0,False,34.87,24,1,False
Lev.24.15,ואל בני ישראל תדבר לאמר איש איש כי יקלל אלהיו ונשא חטאו,13.652235540375813,46.40205476242721,0.0,13.652235540375813,46.40205476242721,-0.4003707476279982,-0.099052649464447,0.0,0.6555582667646508,0.5394517663115682,0.7081065677668773,0.5396339731824624,False,1.0,1.0,False,34.87,24,1,False
Lev.24.16,ונקב שם יהוה מות יומת רגום ירגמו בו כל העדה כגר כאזרח בנקבו שם יומת,23.646929607345403,6873.921776553729,0.26666666666666666,15.421910613486133,4482.9924629698235,-0.3774989020121349,-0.05411093418475198,0.0,0.6470985598995688,0.5215766096038519,0.7081065677668773,0.5396339731824624,False,1.0,1.0,False,34.87,24,1,False
Lev.24.17,ואיש כי יכה כל נפש אדם מות יומת,18.868431316395448,4.398032663652148,0.0,18.868431316395448,4.398032663652148,-0.33295496814167996,-0.09947814125613302,0.0,0.6304158621396148,0.5396206787233024,0.7081065677668773,0.5396339731824624,False,1.0,1.0,False,34.87,24,1,False
Lev.24.18,ומכה נפש בהמה ישלמנה נפש תחת נפש,37.01056572752802,928.4854278312837,0.0,37.01056572752802,928.4854278312837,-0.09848023111304915,-0.09011733289069301,0.0,0.5392245155336977,0.5359030121966117,0.7081065677668773,0.5396339731824624,False,1.0,1.0,False,34.87,24,1,False
Lev.24.19,ואיש כי יתן מום בעמיתו כאשר עשה כן יעשה לו,11.810890571226318,61.56408920038157,0.0,11.810890571226318,61.56408920038157,-0.42416887786097596,-0.09889906128702344,0.0,0.6642786718932396,0.539390792881069,0.7081065677668773,0.5396339731824624,False,1.0,1.0,False,34.87,24,1,False
Lev.24.20,שבר תחת שבר עין תחת עין שן תחת שן כאשר יתן מום באדם כן ינתן בו,15.686481218516938,2.06383237488313,0.0,15.686481218516938,2.06383237488313,-0.37407950704821946,-0.09950178620757807,0.0,0.6458274176446238,0.5396300651245207,0.7081065677668773,0.5396339731824624,False,1.0,1.0,False,34.87,24,1,False
Lev.24.21,ומכה בהמה ישלמנה ומכה אדם יומת,44.130466002645846,428.8806515238548,0.0,44.130466002645846,428.8806515238548,-0.006460366920338092,-0.09517822279561809,0.0,0.5025772955836028,0.5379133664294155,0.7081065677668773,0.5396339731824624,False,1.0,1.0,False,34.87,24,1,False
Lev.24.22,משפט אחד יהיה לכם כגר כאזרח יהיה כי אני יהוה אלהיכם,13.080962543596488,3.0271843801938494,0.0,13.080962543596488,3.0271843801938494,-0.40775406221799454,-0.0994920276570802,0.0,0.6582728787334853,0.5396261912486441,0.7081065677668773,0.5396339731824624,False,1.0,1.0,False,34.87,24,1,False
Lev.24.23,וידבר משה אל בני ישראל ויוציאו את המקלל אל מחוץ למחנה וירגמו אתו אבן ובני ישראל עשו כאשר צוה יהוה את משה,7.277499623716253,87.23210273009158,0.09090909090909091,6.157884296990675,73.81177923315441,-0.497230135678537,-0.09877499479730002,0.0,0.6904866137486254,0.5393415386774596,0.7081065677668773,0.5396339731824624,False,1.0,1.0,False,34.87,24,1,False
Lev.25.1,וידבר יהוה אל משה בהר סיני לאמר,6.151831308131028,1.6474820641491439,0.0,6.151831308131028,1.6474820641491439,-0.49730836643898335,-0.09950600374749048,0.0,0.6905141936153181,0.5396317393705852,0.7081065677668773,0.5396339731824624,False,1.0,1.0,False,34.87,25,1,False
Lev.25.2,דבר אל בני ישראל ואמרת אלהם כי תבאו אל הארץ אשר אני נתן לכם ושבתה הארץ שבת ליהוה,3.177249081666824,37.07114635678869,0.05555555555555555,2.8595241735001418,33.36403172110982,-0.5398591949201329,-0.09918472185910597,0.0,0.7053529298123591,0.5395041973853036,0.7081065677668773,0.5396339731824624,False,1.0,1.0,False,34.87,25,1,False
Lev.25.3,שש שנים תזרע שדך ושש שנים תזמר כרמך ואספת את תבואתה,8.865125458603227,19012.578509353854,0.09090909090909091,7.5012600034335,16087.566430991723,-0.4798679191740916,0.0634409268678722,0.0634409268678722,0.6843393429653071,0.474707698971235,0.7081065677668773,0.5396339731824624,False,0.9979896478692973,1.0,False,74.16,25,1,False
Lev.25.4,ובשנה השביעת שבת שבתון יהיה לארץ שבת ליהוה שדך לא תזרע וכרמך לא תזמר,12.577151681667718,3550.489159352509,0.14285714285714285,9.78222908574156,2761.491568385285,-0.4503879465521033,-0.07154937134925435,0.0,0.6737846326927605,0.5285197337222087,0.7081065677668773,0.5396339731824624,False,1.0,1.0,False,34.87,25,1,False
Lev.25.5,את ספיח קצירך לא תקצור ואת ענבי נזירך לא תבצר שנת שבתון יהיה לארץ,13.14519120052516,3516.349864654851,0.2857142857142857,8.365121673061465,2237.6771865985415,-0.4687030951668988,-0.07685549939797388,0.0,0.6803590628706144,0.5306307504388541,0.7081065677668773,0.5396339731824624,False,1.0,1.0,False,34.87,25,1,False
Lev.25.6,והיתה שבת הארץ לכם לאכלה לך ולעבדך ולאמתך ולשכירך ולתושבך הגרים עמך,4.660910411619643,5777.3382393046495,0.3333333333333333,2.796546246971786,3466.40294358279,-0.5406731417483673,-0.06440876935387095,0.0,0.7056335529784016,0.525677626203606,0.7081065677668773,0.5396339731824624,False,1.0,1.0,False,34.87,25,1,False
Lev.25.7,ולבהמתך ולחיה אשר בארצך תהיה כל תבואתה לאכל,14.82490966203669,34103.94196869249,0.25,9.88327310802446,22735.96131246166,-0.44908202134968833,0.13078775006734122,0.13078775006734122,0.673313755337378,0.44797160689145615,0.7081065677668773,0.5396339731824624,False,0.991483752659042,1.0,False,77.76,25,1,False
Lev.25.8,וספרת לך שבע שבתת שנים שבע שנים שבע פעמים והיו לך ימי שבע שבתת השנים תשע וארבעים שנה,82.66543825725668,187.78815505650084,0.05555555555555555,74.398894431531,169.00933955085074,0.3847384653282937,-0.09781066380041448,0.3847384653282937,0.350215596781784,0.538958680249246,0.7081065677668773,0.5396339731824624,False,0.9286606953210395,1.0,False,84.75,25,1,False
Lev.25.9,והעברת שופר תרועה בחדש השבעי בעשור לחדש ביום הכפרים תעבירו שופר בכל ארצכם,21.59924370456933,258.65727091021336,0.15384615384615385,16.517068715258898,197.79673657839845,-0.3633447290742268,-0.09751905360388557,0.0,0.6418263079201887,0.5388428981212634,0.7081065677668773,0.5396339731824624,False,1.0,1.0,False,34.87,25,1,False
Lev.25.10,וקדשתם את שנת החמשים שנה וקראתם דרור בארץ לכל ישביה יובל הוא תהיה לכם ושבתם איש אל אחזתו ואיש אל משפחתו תשבו,7.374934704286181,1324.29910513972,0.0,7.374934704286181,1324.29910513972,-0.48150058766978165,-0.08610782469798331,0.0,0.6849196189202401,0.5343096482396952,0.7081065677668773,0.5396339731824624,False,1.0,1.0,False,34.87,25,1,False
Lev.25.11,יובל הוא שנת החמשים שנה תהיה לכם לא תזרעו ולא תקצרו את ספיחיה ולא תבצרו את נזריה,12.98587623978528,5915.533754802945,0.23529411764705882,8.83039584305399,4022.5629532660023,-0.46268974325455337,-0.05877498698827402,0.0,0.6782066143842376,0.5234343342491384,0.7081065677668773,0.5396339731824624,False,1.0,1.0,False,34.87,25,1,False
Lev.25.12,כי יובל הוא קדש תהיה לכם מן השדה תאכלו את תבואתה,25.074648337963744,334.55312919925615,0.0,25.074648337963744,334.55312919925615,-0.25274383801236716,-0.0961337404930618,0.0,0.599766915226623,0.5382928228213065,0.7081065677668773,0.5396339731824624,False,1.0,1.0,False,34.87,25,1,False
Lev.25.13,בשנת היובל הזאת תשבו איש אל אחזתו,12.050770377430963,689.7863239750397,0.0,12.050770377430963,689.7863239750397,-0.42106859466365826,-0.09253530393962743,0.0,0.6631475032441856,0.5368636284748168,0.7081065677668773,0.5396339731824624,False,1.0,1.0,False,34.87,25,1,False
Lev.25.14,וכי תמכרו ממכר לעמיתך או קנה מיד עמיתך אל תונו איש את אחיו,6.961545016902314,1192.1063916008886,0.15384615384615385,5.323534424690005,911.6107700477384,-0.5080135397953935,-0.09028826957760182,0.0,0.6942780760882326,0.5359709292005131,0.7081065677668773,0.5396339731824624,False,1.0,1.0,False,34.87,25,1,False
Lev.25.15,במספר שנים אחר היובל תקנה מאת עמיתך במספר שני תבואת ימכר לך,173.9240877992039,3790.2168656701933,0.08333333333333333,149.07778954217477,3248.757313431594,1.3499123470691343,-0.06661347320122861,1.3499123470691343,0.08852205033787625,0.5265552902461175,0.7081065677668773,0.5396339731824624,False,0.40206895614070304,1.0,False,94.53,25,1,False
Lev.25.16,לפי רב השנים תרבה מקנתו ולפי מעט השנים תמעיט מקנתו כי מספר תבואת הוא מכר לך,92.74469313160483,2872.134489536411,0.1875,67.45068591389442,2088.825083299208,0.29493760022207904,-0.07836333948005289,0.29493760022207904,0.38402077401450685,0.5312304826604276,0.7081065677668773,0.5396339731824624,False,0.9574382086924769,1.0,False,83.24,25,1,False
Lev.25.17,ולא תונו איש את עמיתו ויראת מאלהיך כי אני יהוה אלהיכם,9.63502082075649,295.1499051308829,0.09090909090909091,8.15270992525549,249.7422274184394,-0.47144837240826,-0.096992856852642,0.0,0.681339710276627,0.5386339664452388,0.7081065677668773,0.5396339731824624,False,1.0,1.0,False,34.87,25,1,False
Lev.25.18,ועשיתם את חקתי ואת משפטי תשמרו ועשיתם אתם וישבתם על הארץ לבטח,9.647447317300799,150.29423861267324,0.0,9.647447317300799,150.29423861267324,-0.4521299091566802,-0.09800024378423232,0.0,0.6744123009325929,0.539033950105555,0.7081065677668773,0.5396339731824624,False,1.0,1.0,False,34.87,25,1,False
Lev.25.19,ונתנה הארץ פריה ואכלתם לשבע וישבתם לבטח עליה,32.63322882961838,860.8691847747136,0.0,32.63322882961838,860.8691847747136,-0.1550543306519253,-0.09080227102203582,0.0,0.5616107572403666,0.5361751472531616,0.7081065677668773,0.5396339731824624,False,1.0,1.0,False,34.87,25,1,False
Lev.25.20,וכי תאמרו מה נאכל בשנה השביעת הן לא נזרע ולא נאסף את תבואתנו,15.126473182788432,941.5095619690699,0.15384615384615385,11.56730302213233,719.9779003292887,-0.42731708111109706,-0.09222946970578703,0.0,0.665425803394643,0.536742137807706,0.7081065677668773,0.5396339731824624,False,1.0,1.0,False,34.87,25,1,False
Lev.25.21,וצויתי את ברכתי לכם בשנה הששית ועשת את התבואה לשלש השנים,26.868160301802483,756.9843558695518,0.45454545454545453,14.07379825332511,396.515614979289,-0.39492233654141695,-0.09550607371796421,0.0,0.6535498975400933,0.5380435669072489,0.7081065677668773,0.5396339731824624,False,1.0,1.0,False,34.87,25,1,False
Lev.25.22,וזרעתם את השנה השמינת ואכלתם מן התבואה ישן עד השנה התשיעת עד בוא תבואתה תאכלו ישן,124.31542602118654,5077.98976987916,0.1875,90.4112189244993,3693.0834690030256,0.5916868590300831,-0.062112543943014485,0.5916868590300831,0.27703014890039646,0.5247633961672326,0.7081065677668773,0.5396339731824624,False,0.8394178445814602,1.0,False,89.06,25,1,False
Lev.25.23,והארץ לא תמכר לצמתת כי לי הארץ כי גרים ותושבים אתם עמדי,14.579430754132046,295.31872470717735,0.25,9.719620502754697,196.8791498047849,-0.4511971198664942,-0.09752834856234013,0.0,0.6740762573683863,0.5388465886811679,0.7081065677668773,0.5396339731824624,False,1.0,1.0,False,34.87,25,1,False
Lev.25.24,ובכל ארץ אחזתכם גאלה תתנו לארץ,81.63374029548996,2085.9282277457864,0.16666666666666666,61.22530522161747,1564.44617080934,0.21447879269450168,-0.08367518610447856,0.21447879269450168,0.4150868515782564,0.5333426567193909,0.7081065677668773,0.5396339731824624,False,0.977261920618266,1.0,False,80.56,25,1,False
Lev.25.25,כי ימוך אחיך ומכר מאחזתו ובא גאלו הקרב אליו וגאל את ממכר אחיו,167.56075415203458,1787.5828063135384,0.3076923076923077,103.72808590364045,1106.598880098857,0.7637982992949803,-0.08831308157993766,0.7637982992949803,0.22249372524271227,0.5351860790082407,0.7081065677668773,0.5396339731824624,False,0.7469971411217073,1.0,False,90.92,25,1,False
Lev.25.26,ואיש כי לא יהיה לו גאל והשיגה ידו ומצא כדי גאלתו,104.68288629872099,185.7069493447678,0.18181818181818182,76.76744995239538,136.18509618616304,0.41535043304426417,-0.09814316638997925,0.41535043304426417,0.33894269330132565,0.539090694433399,0.7081065677668773,0.5396339731824624,False,0.9173575305959363,1.0,False,86.15,25,1,False
Lev.25.27,וחשב את שני ממכרו והשיב את העדף לאיש אשר מכר לו ושב לאחזתו,240.60112241529222,2514.787051456042,0.07692307692307693,208.52097275991994,2179.482111261903,2.118175024286032,-0.07744500310821527,2.118175024286032,0.017080123780014063,0.5308652295218517,0.5006943555213575,0.5396339731824624,False,0.1061042988991577,1.0,False,96.62,25,1,False
Lev.25.28,ואם לא מצאה ידו די השיב לו והיה ממכרו ביד הקנה אתו עד שנת היובל ויצא ביבל ושב לאחזתו,98.01478099355067,197.7833080739265,0.10526315789473684,80.96873212510708,163.38621101759145,0.4696491451089905,-0.09786762489401811,0.4696491451089905,0.3193028533670219,0.5389812959340627,0.7081065677668773,0.5396339731824624,False,0.8955787158771462,1.0,False,86.85,25,1,False
Lev.25.29,ואיש כי ימכר בית מושב עיר חומה והיתה גאלתו עד תם שנת ממכרו ימים תהיה גאלתו,123.18888104597991,1516.8743392945353,0.0,123.18888104597991,1516.8743392945353,1.0153158285978205,-0.08415707861890064,1.0153158285978205,0.1549776507765544,0.533534228311638,0.7081065677668773,0.5396339731824624,False,0.5972418636443608,1.0,False,93.02,25,1,False
Lev.25.30,ואם לא יגאל עד מלאת לו שנה תמימה וקם הבית אשר בעיר אשר לא לו חמה לצמיתת לקנה אתו לדרתיו לא יצא ביבל,56.77953646126153,511.83984089266664,0.13043478260869565,45.03204615893156,405.9419427769425,0.005191942850093535,-0.09541058702637521,0.005191942850093535,0.49792872378532094,0.538005646394366,0.7081065677668773,0.5396339731824624,False,0.9999865219555504,1.0,False,69.85,25,1,False
Lev.25.31,ובתי החצרים אשר אין להם חמה סביב על שדה הארץ יחשב גאלה תהיה לו וביבל יצא,354.64104878881915,2443.559094967059,0.125,283.7128390310553,1954.8472759736474,3.0899787090717523,-0.07972050611402577,3.0899787090717523,0.0010008542189274036,0.5317702250805036,0.05373336087866498,0.5396339731824624,False,0.008446659753063426,0.38187793304639384,False,97.9,25,1,False
Lev.25.32,וערי הלוים בתי ערי אחזתם גאלת עולם תהיה ללוים,114.79707102593667,7221.513280934783,0.0,114.79707102593667,7221.513280934783,0.906857396802913,-0.026370301950408136,0.906857396802913,0.18224110643728658,0.5105190092402512,0.7081065677668773,0.5396339731824624,False,0.6628575496852237,1.0,False,91.97,25,1,False
Lev.25.33,ואשר יגאל מן הלוים ויצא ממכר בית ועיר אחזתו ביבל כי בתי ערי הלוים הוא אחזתם בתוך בני ישראל,67.92358424806517,362.75528294745106,0.0,67.92358424806517,362.75528294745106,0.30104948926628783,-0.09584805868622182,0.30104948926628783,0.3816883784699423,0.5381793761392436,0.7081065677668773,0.5396339731824624,False,0.9556960101675048,1.0,False,83.47,25,1,False
Lev.25.34,ושדה מגרש עריהם לא ימכר כי אחזת עולם הוא להם,58.37987953921186,4426.45842659993,0.1,48.64989961600989,3688.715355499942,0.051950235933625376,-0.062156792001839524,0.051950235933625376,0.47928417290037933,0.5247810145460884,0.7081065677668773,0.5396339731824624,False,0.9986514965422363,1.0,False,72.99,25,1,False
Lev.25.35,וכי ימוך אחיך ומטה ידו עמך והחזקת בו גר ותושב וחי עמך,12.070191113112541,11.473878099038076,0.08333333333333333,10.345878096953605,9.83475265631835,-0.44310316678554545,-0.09942306844131699,0.0,0.6711544426351164,0.5395988162313847,0.7081065677668773,0.5396339731824624,False,1.0,1.0,False,34.87,25,1,False
Lev.25.36,אל תקח מאתו נשך ותרבית ויראת מאלהיך וחי אחיך עמך,11.066305098031327,553.7092855243808,0.1,9.221920915026105,461.42440460365066,-0.45762954822951574,-0.09484856151285931,0.0,0.6763906944301198,0.5377824429008404,0.7081065677668773,0.5396339731824624,False,1.0,1.0,False,34.87,25,1,False
Lev.25.37,את כספך לא תתן לו בנשך ובמרבית לא תתן אכלך,10.550067614993273,164.57123974850148,0.2,7.5357625821380525,117.55088553464392,-0.47942199683192244,-0.09833192697243312,0.0,0.6841807760577872,0.5391656365180121,0.7081065677668773,0.5396339731824624,False,1.0,1.0,False,34.87,25,1,False
Lev.25.38,אני יהוה אלהיכם אשר הוצאתי אתכם מארץ מצרים לתת לכם את ארץ כנען להיות לכם לאלהים,3.17397413860065,1.1813413224303533,0.0,3.17397413860065,1.1813413224303533,-0.5357951431826283,-0.0995107256538571,0.0,0.7039499303938376,0.5396336138352729,0.7081065677668773,0.5396339731824624,False,1.0,1.0,False,34.87,25,1,False
Lev.25.39,וכי ימוך אחיך עמך ונמכר לך לא תעבד בו עבדת עבד,11.272881765436825,552.0838885181597,0.0,11.272881765436825,552.0838885181597,-0.4311222754269851,-0.09393020026275323,0.0,0.666810267679807,0.5374176982265897,0.7081065677668773,0.5396339731824624,False,1.0,1.0,False,34.87,25,1,False
Lev.25.40,כשכיר כתושב יהיה עמך עד שנת היבל יעבד עמך,111.02383747321124,161.02015357069078,0.1111111111111111,90.83768520535465,131.74376201238334,0.5971986453937524,-0.09818815615859317,0.5971986453937524,0.2751873817463331,0.539108556482818,0.7081065677668773,0.5396339731824624,False,0.8366720418442065,1.0,False,89.29,25,1,False
Lev.25.41,ויצא מעמך הוא ובניו עמו ושב אל משפחתו ואל אחזת אבתיו ישוב,279.92814030599055,2356.6786064647204,0.08333333333333333,239.9384059765633,2020.0102341126174,2.52422396123287,-0.07906041923603796,2.52422396123287,0.005797701493237822,0.5315077170994337,0.2075093992788037,0.5396339731824624,False,0.041342952670144754,1.0,False,97.32,25,1,False
Lev.25.42,כי עבדי הם אשר הוצאתי אתם מארץ מצרים לא ימכרו ממכרת עבד,14.017381960704522,1.455972074992701,0.16666666666666666,10.513036470528393,1.0919790562445257,-0.4409427585999446,-0.09951163087456809,0.0,0.670372781263463,0.5396339731824624,0.7081065677668773,0.5396339731824624,False,1.0,1.0,False,34.87,25,1,False
Lev.25.43,לא תרדה בו בפרך ויראת מאלהיך,32.86495344272577,2686.125281155883,0.16666666666666666,24.64871508204433,2014.5939608669123,-0.25824873539159554,-0.07911528492966503,0.0,0.6018925261170793,0.5315295369970302,0.7081065677668773,0.5396339731824624,False,1.0,1.0,False,34.87,25,1,False
Lev.25.44,ועבדך ואמתך אשר יהיו לך מאת הגוים אשר סביבתיכם מהם תקנו עבד ואמה,59.64557208845872,537.0568899839315,0.15384615384615385,45.61131983235079,410.69056292888877,0.012678660739210076,-0.09536248451629328,0.012678660739210076,0.49494208168137144,0.5379865433725748,0.7081065677668773,0.5396339731824624,False,0.999919629010851,1.0,False,70.55,25,1,False
Lev.25.45,וגם מבני התושבים הגרים עמכם מהם תקנו וממשפחתם אשר עמכם אשר הולידו בארצכם והיו לכם לאחזה,42.44954898120785,1686.1780396546428,0.1875,30.872399259060252,1226.311301567013,-0.17781185416886633,-0.08710042026436704,0.0,0.57056463128689,0.534704154332883,0.7081065677668773,0.5396339731824624,False,1.0,1.0,False,34.87,25,1,False
Lev.25.46,והתנחלתם אתם לבניכם אחריכם לרשת אחזה לעלם בהם תעבדו ובאחיכם בני ישראל איש באחיו לא תרדה בו בפרך,18.511032561794888,3802.57813248132,0.16666666666666666,13.883274421346167,2851.9335993609902,-0.397384727370885,-0.07063321285107335,0.0,0.6544581119474853,0.52815516180754,0.7081065677668773,0.5396339731824624,False,1.0,1.0,False,34.87,25,1,False
Lev.25.47,וכי תשיג יד גר ותושב עמך ומך אחיך עמו ונמכר לגר תושב עמך או לעקר משפחת גר,64.95353702212161,57.320011272667124,0.11764705882352941,52.58143473219368,46.40191388739719,0.10276265092269901,-0.09905265089148103,0.10276265092269901,0.4590756742640062,0.5394517668780864,0.7081065677668773,0.5396339731824624,False,0.9947338339147015,1.0,False,76.83,25,1,False
Lev.25.48,אחרי נמכר גאלה תהיה לו אחד מאחיו יגאלנו,425.5899540819789,45484.99951152957,0.125,340.4719632655831,36387.999609223654,3.8235517511003536,0.2690799884009839,3.8330082224671074,6.57714831893932e-05,0.39393406481997284,0.005649770405968876,0.5396339731824624,False,0.0006451833508049402,0.039586607024388834,True,98.49,25,1,False
Lev.25.49,או דדו או בן דדו יגאלנו או משאר בשרו ממשפחתו יגאלנו או השיגה ידו ונגאל,65.97212797325929,850.998464600248,0.26666666666666666,43.025300852125625,554.9989986523357,-0.02074387415102116,-0.09390067081838155,0.0,0.5082750149859541,0.537405969521165,0.7081065677668773,0.5396339731824624,False,1.0,1.0,False,34.87,25,1,False
Lev.25.50,וחשב עם קנהו משנת המכרו לו עד שנת היבל והיה כסף ממכרו במספר שנים כימי שכיר יהיה עמו,663.9561792486207,1825.191309159426,0.05555555555555555,597.5605613237586,1642.6721782434834,7.146246868261427,-0.08288277332121398,7.146246868261427,4.4591306552126327e-13,0.5330276240979432,7.660786465655303e-11,0.5396339731824624,False,8.138443657449106e-12,9.98703300249826e-10,True,99.3,25,1,False
Lev.25.51,אם עוד רבות בשנים לפיהן ישיב גאלתו מכסף מקנתו,223.77353090240624,45842.166719114204,0.2222222222222222,154.92013677858893,31736.88465169445,1.42542070792923,0.2219651851575476,1.4425992991872316,0.07701781281741515,0.41217049275767376,0.7081065677668773,0.5396339731824624,False,0.3532616180217939,1.0,False,94.99,25,1,False
Lev.25.52,ואם מעט נשאר בשנים עד שנת היבל וחשב לו כפי שניו ישיב את גאלתו,80.79074302370815,2587.381379421367,0.0,80.79074302370815,2587.381379421367,0.4673487571392669,-0.07331307045594558,0.4673487571392669,0.3201251890879354,0.5292215045148935,0.7081065677668773,0.5396339731824624,False,0.8965444276398553,1.0,False,86.73,25,1,False
Lev.25.53,כשכיר שנה בשנה יהיה עמו לא ירדנו בפרך לעיניך,138.86711324813228,355.04789319777217,0.0,138.86711324813228,355.04789319777217,1.2179463068737224,-0.09592613290173627,1.2179463068737224,0.11162218871304025,0.5382103803849769,0.7081065677668773,0.5396339731824624,False,0.47630512880774856,1.0,False,93.95,25,1,False
Lev.25.54,ואם לא יגאל באלה ויצא בשנת היבל הוא ובניו עמו,337.69707868538734,635.4710741276086,0.0,337.69707868538734,635.4710741276086,3.7876882569005237,-0.09308550584455719,3.7876882569005237,7.60277328880104e-05,0.5370821839513303,0.005937074777345539,0.5396339731824624,False,0.0007667949246149246,0.043911789349614684,True,98.37,25,1,False
Lev.25.55,כי לי בני ישראל עבדים עבדי הם אשר הוצאתי אותם מארץ מצרים אני יהוה אלהיכם,8.522313125070434,1.2508215646555665,0.0,8.522313125070434,1.2508215646555665,-0.4666715026575668,-0.09951002183381144,0.0,0.6796325393341849,0.5396333344384666,0.7081065677668773,0.5396339731824624,False,1.0,1.0,False,34.87,25,1,False
Lev.26.1,לא תעשו לכם אלילם ופסל ומצבה לא תקימו לכם ואבן משכית לא תתנו בארצכם להשתחות עליה כי אני יהוה אלהיכם,8.204401372515303,590.5005579693725,0.2,5.860286694653788,421.78611283526607,-0.5010763820995465,-0.09525008896049854,0.0,0.6918413160591748,0.5379419072158446,0.7081065677668773,0.5396339731824624,False,1.0,1.0,False,34.87,26,1,False
Lev.26.2,את שבתתי תשמרו ומקדשי תיראו אני יהוה,12.59781718381899,1882.3917535666076,0.0,12.59781718381899,1882.3917535666076,-0.41399838709252074,-0.08045446511380967,0.0,0.6605623559724942,0.5320620948215017,0.7081065677668773,0.5396339731824624,False,1.0,1.0,False,34.87,26,1,False
Lev.26.3,אם בחקתי תלכו ואת מצותי תשמרו ועשיתם אתם,5.292609340053892,261.64306915237034,0.125,4.234087472043114,209.31445532189628,-0.5220939000187073,-0.09740238156774624,0.0,0.6991975232798595,0.5387965732469369,0.7081065677668773,0.5396339731824624,False,1.0,1.0,False,34.87,26,1,False
Lev.26.4,ונתתי גשמיכם בעתם ונתנה הארץ יבולה ועץ השדה יתן פריו,4.514465994552872,1944.8790221253125,0.2,3.2246185675377657,1389.1993015180806,-0.5351405984147476,-0.08545039954062894,0.0,0.7037236808612045,0.5340483366960401,0.7081065677668773,0.5396339731824624,False,1.0,1.0,False,34.87,26,1,False
Lev.26.5,והשיג לכם דיש את בציר ובציר ישיג את זרע ואכלתם לחמכם לשבע וישבתם לבטח בארצכם,10.879327444473619,7387.2125226303715,0.26666666666666666,7.095213550743665,4817.747297367634,-0.48511579315949405,-0.050719939057463095,0.0,0.6862028951259254,0.5202256559866613,0.7081065677668773,0.5396339731824624,False,1.0,1.0,False,34.87,26,1,False
Lev.26.6,ונתתי שלום בארץ ושכבתם ואין מחריד והשבתי חיה רעה מן הארץ וחרב לא תעבר בארצכם,6.783210576576039,1332.3031901520555,0.06666666666666667,5.985185802861211,1175.5616383694608,-0.4994621461508769,-0.08761450353645489,0.0,0.6912730761277595,0.5349084628219809,0.7081065677668773,0.5396339731824624,False,1.0,1.0,False,34.87,26,1,False
Lev.26.7,ורדפתם את איביכם ונפלו לפניכם לחרב,24.50810052168571,12409.475572549394,0.16666666666666666,18.381075391264282,9307.106679412047,-0.3392537117070652,-0.005243685319271259,0.0,0.6327906951325095,0.5020919181923272,0.7081065677668773,0.5396339731824624,False,1.0,1.0,False,34.87,26,1,False
Lev.26.8,ורדפו מכם חמשה מאה ומאה מכם רבבה ירדפו ונפלו איביכם לפניכם לחרב,29.003274936096467,12954.833739979502,0.08333333333333333,24.85994994522554,11104.143205696715,-0.2555186685828467,0.012959911695700783,0.012959911695700783,0.6008387366964025,0.494829888002796,0.7081065677668773,0.5396339731824624,False,0.9999160238706124,1.0,False,70.9,26,1,False
Lev.26.9,ופניתי אליכם והפריתי אתכם והרביתי אתכם והקימתי את בריתי אתכם,16.541406434436066,2990.8842047537164,0.2,11.815290310311477,2136.345860538369,-0.42411201422841716,-0.07788196413456204,0.0,0.6642579379962252,0.5310390268182867,0.7081065677668773,0.5396339731824624,False,1.0,1.0,False,34.87,26,1,False
Lev.26.10,ואכלתם ישן נושן וישן מפני חדש תוציאו,15.452573579454894,166.94387937279404,0.42857142857142855,8.320616542783403,89.89285812381218,-0.4692782936789311,-0.09861209689544338,0.0,0.6805646357344937,0.5392768675471589,0.7081065677668773,0.5396339731824624,False,1.0,1.0,False,34.87,26,1,False
Lev.26.11,ונתתי משכני בתוככם ולא תגעל נפשי אתכם,33.566861461768816,4120.124052897102,0.14285714285714285,26.10755891470908,3204.54093003108,-0.23939417196051396,-0.06706137574138818,0.0,0.5946000256254013,0.5267335788312554,0.7081065677668773,0.5396339731824624,False,1.0,1.0,False,34.87,26,1,False
Lev.26.12,והתהלכתי בתוככם והייתי לכם לאלהים ואתם תהיו לי לעם,3.771926264201743,28.760104452416105,0.1111111111111111,3.086121488892335,23.53099455197681,-0.5369305788745272,-0.09928432842994749,0.0,0.7043422161699807,0.5395437394824767,0.7081065677668773,0.5396339731824624,False,1.0,1.0,False,34.87,26,1,False
Lev.26.13,אני יהוה אלהיכם אשר הוצאתי אתכם מארץ מצרים מהית להם עבדים ואשבר מטת עלכם ואולך אתכם קוממיות,22.93812971770923,805.0056259859351,0.23529411764705882,15.597928208042276,547.4038256704358,-0.3752239944262536,-0.09397760830195478,0.0,0.6462530566422875,0.5374365280057848,0.7081065677668773,0.5396339731824624,False,1.0,1.0,False,34.87,26,1,False
Lev.26.14,ואם לא תשמעו לי ולא תעשו את כל המצות האלה,4.835466285479413,13.397588510735238,0.0,4.835466285479413,13.397588510735238,-0.5143214882429165,-0.09938697767344684,0.0,0.6964863797013252,0.5395844890592665,0.7081065677668773,0.5396339731824624,False,1.0,1.0,False,34.87,26,1,False
Lev.26.15,ואם בחקתי תמאסו ואם את משפטי תגעל נפשכם לבלתי עשות את כל מצותי להפרכם את בריתי,8.456818585457917,1220.1977355620686,0.25,5.637879056971944,813.465157041379,-0.5039508494128637,-0.09128246371991507,0.0,0.6928520417890004,0.5363659241332622,0.7081065677668773,0.5396339731824624,False,1.0,1.0,False,34.87,26,1,False
Lev.26.16,אף אני אעשה זאת לכם והפקדתי עליכם בהלה את השחפת ואת הקדחת מכלות עינים ומדיבת נפש וזרעתם לריק זרעכם ואכלהו איביכם,16.17506516398767,3349.809115523851,0.2857142857142857,10.293223286173973,2131.696709878814,-0.4437836943701758,-0.07792905903988566,0.0,0.6714005108442325,0.5310577580384703,0.7081065677668773,0.5396339731824624,False,1.0,1.0,False,34.87,26,1,False
Lev.26.17,ונתתי פני בכם ונגפתם לפני איביכם ורדו בכם שנאיכם ונסתם ואין רדף אתכם,48.96139933249042,8836.388965204158,0.15384615384615385,37.44107007778679,6757.238620450238,-0.09291625545125129,-0.031073305311834987,0.0,0.5370149541837551,0.5123944606694146,0.7081065677668773,0.5396339731824624,False,1.0,1.0,False,34.87,26,1,False
Lev.26.18,ואם עד אלה לא תשמעו לי ויספתי ליסרה אתכם שבע על חטאתיכם,33.63959104189247,5265.847988388253,0.16666666666666666,25.229693281419355,3949.38599129119,-0.2507399876648543,-0.05951625401712148,0.0,0.5989924288287224,0.5237295402040437,0.7081065677668773,0.5396339731824624,False,1.0,1.0,False,34.87,26,1,False
Lev.26.19,ושברתי את גאון עזכם ונתתי את שמיכם כברזל ואת ארצכם כנחשה,24.7852911308429,9216.578934188647,0.36363636363636365,14.349379075751152,5335.914119793427,-0.3913606420128597,-0.04547101958142485,0.0,0.6522346599483909,0.5181340629894893,0.7081065677668773,0.5396339731824624,False,1.0,1.0,False,34.87,26,1,False
Lev.26.20,ותם לריק כחכם ולא תתן ארצכם את יבולה ועץ הארץ לא יתן פריו,38.46678168153782,970.1834792211729,0.15384615384615385,29.415774227058332,741.9050135220734,-0.19663774111182664,-0.09200735272239528,0.0,0.5779444829796472,0.5366539011268558,0.7081065677668773,0.5396339731824624,False,1.0,1.0,False,34.87,26,1,False
Lev.26.21,ואם תלכו עמי קרי ולא תאבו לשמע לי ויספתי עליכם מכה שבע כחטאתיכם,49.361175780653625,7545.9511427803445,0.23076923076923078,33.77343606044722,5163.019202954972,-0.14031792838810567,-0.04722240824049197,0.0,0.5557956001718285,0.5188320158755698,0.7081065677668773,0.5396339731824624,False,1.0,1.0,False,34.87,26,1,False
Lev.26.22,והשלחתי בכם את חית השדה ושכלה אתכם והכריתה את בהמתכם והמעיטה אתכם ונשמו דרכיכם,25.57437153940607,53181.591713032045,0.35714285714285715,14.918383397986872,31022.595165935356,-0.3840066484969421,0.21472958490090013,0.21472958490090013,0.6495132400954611,0.4149890775757481,0.7081065677668773,0.5396339731824624,False,0.9772093247631395,1.0,False,80.68,26,1,False
Lev.26.23,ואם באלה לא תוסרו לי והלכתם עמי קרי,72.11634625397211,12462.993008848605,0.125,57.69307700317769,9970.394407078884,0.16882714753109931,0.0014752779977330972,0.1688335931876656,0.43296630209135145,0.49941144944484966,0.7081065677668773,0.5396339731824624,False,0.9858486934297382,1.0,False,79.28,26,1,False
Lev.26.24,והלכתי אף אני עמכם בקרי והכיתי אתכם גם אני שבע על חטאתיכם,21.217640512755533,206.22235684713198,0.0,21.217640512755533,206.22235684713198,-0.30259303849994135,-0.09743370386628714,0.0,0.618899989810867,0.5388090098823628,0.7081065677668773,0.5396339731824624,False,1.0,1.0,False,34.87,26,1,False
Lev.26.25,והבאתי עליכם חרב נקמת נקם ברית ונאספתם אל עריכם ושלחתי דבר בתוככם ונתתם ביד אויב,21.907503100743323,1527.9231671140908,0.06666666666666667,19.330149794773522,1348.167500394786,-0.3269875711229187,-0.08586604294103951,0.0,0.6281613571156792,0.5342135472056095,0.7081065677668773,0.5396339731824624,False,1.0,1.0,False,34.87,26,1,False
Lev.26.26,בשברי לכם מטה לחם ואפו עשר נשים לחמכם בתנור אחד והשיבו לחמכם במשקל ואכלתם ולא תשבעו,71.01816138082671,10912.111659380475,0.25,47.34544092055114,7274.741106253649,0.03509099530344273,-0.02583111542419366,0.03509099530344273,0.48600359084929246,0.5103039781976269,0.7081065677668773,0.5396339731824624,False,0.9993845005218718,1.0,False,71.94,26,1,False
Lev.26.27,ואם בזאת לא תשמעו לי והלכתם עמי בקרי,23.363339551306048,225.89024445267597,0.0,23.363339551306048,225.89024445267597,-0.27486133910860666,-0.09723447235659306,0.0,0.6082886147865929,0.5387299036219935,0.7081065677668773,0.5396339731824624,False,1.0,1.0,False,34.87,26,1,False
Lev.26.28,והלכתי עמכם בחמת קרי ויסרתי אתכם אף אני שבע על חטאתיכם,28.59975309196611,349.6761496124899,0.18181818181818182,20.97315226744181,256.4291763824926,-0.3057528826355547,-0.09692511948480287,0.0,0.6201035971898319,0.5386070698708131,0.7081065677668773,0.5396339731824624,False,1.0,1.0,False,34.87,26,1,False
Lev.26.29,ואכלתם בשר בניכם ובשר בנתיכם תאכלו,50.43462283877314,4492.256090662434,0.0,50.43462283877314,4492.256090662434,0.07501656863974375,-0.05401709561055134,0.07501656863974375,0.4701007645845908,0.5215392281005536,0.7081065677668773,0.5396339731824624,False,0.9971902120787971,1.0,False,75.2,26,1,False
Lev.26.30,והשמדתי את במתיכם והכרתי את חמניכם ונתתי את פגריכם על פגרי גלוליכם וגעלה נפשי אתכם,37.4111573427834,7490.734078686879,0.3333333333333333,22.44669440567004,4494.440447212128,-0.28670835361091823,-0.053994968544247436,0.0,0.6128321796221327,0.521530413542139,0.7081065677668773,0.5396339731824624,False,1.0,1.0,False,34.87,26,1,False
Lev.26.31,ונתתי את עריכם חרבה והשמותי את מקדשיכם ולא אריח בריח ניחחכם,27.108339304483216,7644.290860720262,0.36363636363636365,15.694301702595546,4425.642077259099,-0.3739784326152882,-0.05469188136910868,0.0,0.645789818931047,0.5218080312938583,0.7081065677668773,0.5396339731824624,False,1.0,1.0,False,34.87,26,1,False
Lev.26.32,והשמתי אני את הארץ ושממו עליה איביכם הישבים בה,30.602334526379224,18736.956680276693,0.1111111111111111,25.03827370340118,15330.237283862747,-0.2532139554021014,0.055769344014444715,0.055769344014444715,0.5999485584997629,0.47776277842698217,0.7081065677668773,0.5396339731824624,False,0.9984460986908861,1.0,False,73.34,26,1,False
Lev.26.33,ואתכם אזרה בגוים והריקתי אחריכם חרב והיתה ארצכם שממה ועריכם יהיו חרבה,29.248241278996932,7113.26766588229,0.3333333333333333,17.54894476739816,4267.960599529374,-0.3500084335486558,-0.056289161132392976,0.0,0.6368338157786718,0.5224442733454709,0.7081065677668773,0.5396339731824624,False,1.0,1.0,False,34.87,26,1,False
Lev.26.34,אז תרצה הארץ את שבתתיה כל ימי השמה ואתם בארץ איביכם אז תשבת הארץ והרצת את שבתתיה,50.97944294724219,939.467463781885,0.058823529411764705,45.61318579490091,840.5761518048445,0.012702777034918712,-0.09100783512103541,0.012702777034918712,0.4949324614460884,0.536256817315714,0.7081065677668773,0.5396339731824624,False,0.9999193229823662,1.0,False,70.66,26,1,False
Lev.26.35,כל ימי השמה תשבת את אשר לא שבתה בשבתתיכם בשבתכם עליה,50.95130101987717,382.0922278598796,0.18181818181818182,37.36428741457659,280.200967097245,-0.09390861910354142,-0.09668431631126344,0.0,0.5374091264782879,0.5385114523782236,0.7081065677668773,0.5396339731824624,False,1.0,1.0,False,34.87,26,1,False
Lev.26.36,והנשארים בכם והבאתי מרך בלבבם בארצת איביהם ורדף אתם קול עלה נדף ונסו מנסת חרב ונפלו ואין רדף,70.10801984669497,64108.60063572368,0.16666666666666666,52.58101488502123,48081.45047679276,0.1027572246838056,0.38753215350398956,0.4009242038392766,0.45907782762075944,0.3491811429371192,0.7081065677668773,0.5396339731824624,False,0.9227747562935041,1.0,False,85.45,26,1,False
Lev.26.37,וכשלו איש באחיו כמפני חרב ורדף אין ולא תהיה לכם תקומה לפני איביכם,41.82625793242889,1696.3558492554682,0.15384615384615385,31.984785477739738,1297.2132964894756,-0.1634350195479579,-0.08638219816690387,0.0,0.564912034029754,0.534418701083059,0.7081065677668773,0.5396339731824624,False,1.0,1.0,False,34.87,26,1,False
Lev.26.38,ואבדתם בגוים ואכלה אתכם ארץ איביכם,22.89299033446073,946.0287100832114,0.0,22.89299033446073,946.0287100832114,-0.2809402825466926,-0.08993962318042115,0.0,0.6106218983259726,0.5358324030084536,0.7081065677668773,0.5396339731824624,False,1.0,1.0,False,34.87,26,1,False
Lev.26.39,והנשארים בכם ימקו בעונם בארצת איביכם ואף בעונת אבתם אתם ימקו,82.03046182160766,437918.37071350846,0.36363636363636365,47.49132000198338,253531.68830782067,0.036976383123952634,2.4686992758208754,2.4689761779627286,0.4852519181983793,0.006780256248586732,0.7081065677668773,0.5396339731824624,False,0.04745745356883174,1.0,False,97.21,26,1,False
Lev.26.40,והתודו את עונם ואת עון אבתם במעלם אשר מעלו בי ואף אשר הלכו עמי בקרי,39.42868319266016,3744.6812674176513,0.13333333333333333,31.127907783679074,2956.3273163823565,-0.1745095804252759,-0.06957572674672528,0.0,0.5692674988999511,0.5277343213198349,0.7081065677668773,0.5396339731824624,False,1.0,1.0,False,34.87,26,1,False
Lev.26.41,אף אני אלך עמם בקרי והבאתי אתם בארץ איביהם או אז יכנע לבבם הערל ואז ירצו את עונם,33.5578513344444,1405.778302305574,0.05555555555555555,30.20206620099996,1265.2004720750165,-0.18647545261590667,-0.08670648125543781,0.0,0.5739640363988244,0.5345475877368624,0.7081065677668773,0.5396339731824624,False,1.0,1.0,False,34.87,26,1,False
Lev.26.42,וזכרתי את בריתי יעקוב ואף את בריתי יצחק ואף את בריתי אברהם אזכר והארץ אזכר,10.964166226869747,91.37899113866715,0.0,10.964166226869747,91.37899113866715,-0.4351122136052486,-0.0985970426847374,0.0,0.6682595107372442,0.5392708909117475,0.7081065677668773,0.5396339731824624,False,1.0,1.0,False,34.87,26,1,False
Lev.26.43,והארץ תעזב מהם ותרץ את שבתתיה בהשמה מהם והם ירצו את עונם יען וביען במשפטי מאסו ואת חקתי געלה נפשם,47.30653492895891,35029.69131173069,0.2,33.79038209211351,25021.20807980764,-0.14009891246480863,0.15393681277367377,0.15393681277367377,0.5557090800767028,0.4388297788180523,0.7081065677668773,0.5396339731824624,False,0.9882216432074334,1.0,False,78.81,26,1,False
Lev.26.44,ואף גם זאת בהיותם בארץ איביהם לא מאסתים ולא געלתים לכלתם להפר בריתי אתם כי אני יהוה אלהיהם,9.629307161635122,924.3156439878326,0.16666666666666666,7.2219803712263415,693.2367329908744,-0.4834774183011096,-0.092500352031671,0.0,0.6856216050690825,0.5368497442297243,0.7081065677668773,0.5396339731824624,False,1.0,1.0,False,34.87,26,1,False
Lev.26.45,וזכרתי להם ברית ראשנים אשר הוצאתי אתם מארץ מצרים לעיני הגוים להית להם לאלהים אני יהוה,12.808755195688446,73.03368854214163,0.0,12.808755195688446,73.03368854214163,-0.4112721568848951,-0.09878287669016815,0.0,0.6595635082535282,0.5393446677946421,0.7081065677668773,0.5396339731824624,False,1.0,1.0,False,34.87,26,1,False
Lev.26.46,אלה החקים והמשפטים והתורת אשר נתן יהוה בינו ובין בני ישראל בהר סיני ביד משה,23.975208357706855,227.8849473764104,0.06666666666666667,21.154595609741342,201.07495356742095,-0.3034078509536611,-0.09748584596446204,0.0,0.6192104683480387,0.5388297130126758,0.7081065677668773,0.5396339731824624,False,1.0,1.0,False,34.87,26,1,False
Lev.27.1,וידבר יהוה אל משה לאמר,6.77944991122058,1.708478018312369,0.0,6.77944991122058,1.708478018312369,-0.48919682324462815,-0.09950538587147467,0.0,0.6876488208148355,0.5396314940910326,0.7081065677668773,0.5396339731824624,False,1.0,1.0,False,34.87,27,1,False
Lev.27.2,דבר אל בני ישראל ואמרת אלהם איש כי יפלא נדר בערכך נפשת ליהוה,9.018096615171059,405.047010739924,0.0,9.018096615171059,405.047010739924,-0.4602638385520056,-0.09541965249717639,0.0,0.6773365730974957,0.5380092465685303,0.7081065677668773,0.5396339731824624,False,1.0,1.0,False,34.87,27,1,False
Lev.27.3,והיה ערכך הזכר מבן עשרים שנה ועד בן ששים שנה והיה ערכך חמשים שקל כסף בשקל הקדש,19.2743562426222,18.833869956323774,0.0,19.2743562426222,18.833869956323774,-0.32770866480308386,-0.09933190930101922,0.0,0.6284340243451509,0.5395626281327622,0.7081065677668773,0.5396339731824624,False,1.0,1.0,False,34.87,27,1,False
Lev.27.4,ואם נקבה הוא והיה ערכך שלשים שקל,68.3621740151446,198.36595221534645,0.0,68.3621740151446,198.36595221534645,0.3067179634363554,-0.09751328757079829,0.3067179634363554,0.3795290277848339,0.5388406087182229,0.7081065677668773,0.5396339731824624,False,0.9540511863223324,1.0,False,83.59,27,1,False
Lev.27.5,ואם מבן חמש שנים ועד בן עשרים שנה והיה ערכך הזכר עשרים שקלים ולנקבה עשרת שקלים,24.527490037253358,193.50541847854416,0.0,24.527490037253358,193.50541847854416,-0.2598154865717216,-0.09756252374164305,0.0,0.6024969477344704,0.538860157895027,0.7081065677668773,0.5396339731824624,False,1.0,1.0,False,34.87,27,1,False
Lev.27.6,ואם מבן חדש ועד בן חמש שנים והיה ערכך הזכר חמשה שקלים כסף ולנקבה ערכך שלשת שקלים כסף,15.553880239902593,327.2917382111979,0.0,15.553880239902593,327.2917382111979,-0.3757932844288599,-0.09620729683617522,0.0,0.6464647096253112,0.5383220321685103,0.7081065677668773,0.5396339731824624,False,1.0,1.0,False,34.87,27,1,False
Lev.27.7,ואם מבן ששים שנה ומעלה אם זכר והיה ערכך חמשה עשר שקל ולנקבה עשרה שקלים,11.478264440117535,615.8035006624459,0.0,11.478264440117535,615.8035006624459,-0.4284678441707352,-0.09328473417207615,0.0,0.6658447300984478,0.5371613202189673,0.7081065677668773,0.5396339731824624,False,1.0,1.0,False,34.87,27,1,False
Lev.27.8,ואם מך הוא מערכך והעמידו לפני הכהן והעריך אתו הכהן על פי אשר תשיג יד הנדר יעריכנו הכהן,45.13865047167152,917.3846401937109,0.3333333333333333,27.083190283002914,550.4307841162266,-0.2267848006851471,-0.0939469458580243,0.0,0.5897044584523408,0.5374243493414836,0.7081065677668773,0.5396339731824624,False,1.0,1.0,False,34.87,27,1,False
Lev.27.9,ואם בהמה אשר יקריבו ממנה קרבן ליהוה כל אשר יתן ממנו ליהוה יהיה קדש,24.75048042979685,41.74416554703192,0.0,24.75048042979685,41.74416554703192,-0.2569334875485272,-0.09909983288947885,0.0,0.6013849405966833,0.539470497614581,0.7081065677668773,0.5396339731824624,False,1.0,1.0,False,34.87,27,1,False
Lev.27.10,לא יחליפנו ולא ימיר אתו טוב ברע או רע בטוב ואם המר ימיר בהמה בבהמה והיה הוא ותמורתו יהיה קדש,11.966447425128964,2065.893090818493,0.1,9.972039520940804,1721.5775756820776,-0.4479347758903689,-0.0820834784620004,0.0,0.6728998651765745,0.5327098344687873,0.7081065677668773,0.5396339731824624,False,1.0,1.0,False,34.87,27,1,False
Lev.27.11,ואם כל בהמה טמאה אשר לא יקריבו ממנה קרבן ליהוה והעמיד את הבהמה לפני הכהן,8.951341912030141,58.639829080403615,0.0,8.951341912030141,58.639829080403615,-0.46112659764692143,-0.09892868341880119,0.0,0.6776461098719775,0.5394025527320043,0.7081065677668773,0.5396339731824624,False,1.0,1.0,False,34.87,27,1,False
Lev.27.12,והעריך הכהן אתה בין טוב ובין רע כערכך הכהן כן יהיה,95.97359348689673,430.72175838524566,0.18181818181818182,70.38063522372427,315.8626228158468,0.33280520049231016,-0.09632307133928159,0.33280520049231016,0.36964066619328123,0.5383680059990767,0.7081065677668773,0.5396339731824624,False,0.9461258823711967,1.0,False,83.82,27,1,False
Lev.27.13,ואם גאל יגאלנה ויסף חמישתו על ערכך,214.57084122910533,191772.26818195736,0.2857142857142857,136.54508078215792,122036.89793397287,1.1879356179716942,1.1366850743718793,1.644154491142969,0.11742938784492479,0.12783498052334574,0.7081065677668773,0.5396339731824624,False,0.2588201149719628,1.0,False,95.58,27,1,False
Lev.27.14,ואיש כי יקדש את ביתו קדש ליהוה והעריכו הכהן בין טוב ובין רע כאשר יעריך אתו הכהן כן יקום,19.944602307195826,71.34879587970153,0.10526315789473684,16.475975818987855,58.94030963975344,-0.3638758267845924,-0.09892563961477538,0.0,0.6420246317613003,0.5394013443573055,0.7081065677668773,0.5396339731824624,False,1.0,1.0,False,34.87,27,1,False
Lev.27.15,ואם המקדיש יגאל את ביתו ויסף חמישית כסף ערכך עליו והיה לו,104.1901240661203,4938.4236207546455,0.0,104.1901240661203,4938.4236207546455,0.7697698280131325,-0.049497513620887626,0.7697698280131325,0.22071822019609,0.519738590692001,0.7081065677668773,0.5396339731824624,False,0.7435845549006973,1.0,False,91.15,27,1,False
Lev.27.16,ואם משדה אחזתו יקדיש איש ליהוה והיה ערכך לפי זרעו זרע חמר שערים בחמשים שקל כסף,53.78759209908899,2329.7304924118007,0.0625,47.81119297696799,2070.8715488104895,0.041110523572501924,-0.07854520495804777,0.041110523572501924,0.48360389254981223,0.5313028135450316,0.7081065677668773,0.5396339731824624,False,0.9991553193694976,1.0,False,72.41,27,1,False
Lev.27.17,אם משנת היבל יקדיש שדהו כערכך יקום,209.5822237418304,138174.88143180474,0.14285714285714285,163.00839624364588,107469.35222473703,1.5299559554425994,0.9891189410688621,1.821845631543865,0.063013815724937,0.16130247571887496,0.7081065677668773,0.5396339731824624,False,0.19022251650173208,1.0,False,95.81,27,1,False
Lev.27.18,ואם אחר היבל יקדיש שדהו וחשב לו הכהן את הכסף על פי השנים הנותרת עד שנת היבל ונגרע מערכך,27.96711666305857,3235.6341540704852,0.10526315789473684,23.10327028687447,2672.915170753879,-0.278222557309559,-0.0724466313792737,0.0,0.6095792400168416,0.5288767621063123,0.7081065677668773,0.5396339731824624,False,1.0,1.0,False,34.87,27,1,False
Lev.27.19,ואם גאל יגאל את השדה המקדיש אתו ויסף חמשית כסף ערכך עליו וקם לו,103.92070126076327,9450.756438455013,0.07142857142857142,90.93061360316786,8269.411883648138,0.5983996816745979,-0.015755312439992123,0.5983996816745979,0.27478663906107303,0.5062852002430985,0.7081065677668773,0.5396339731824624,False,0.8360715449176773,1.0,False,89.41,27,1,False
Lev.27.20,ואם לא יגאל את השדה ואם מכר את השדה לאיש אחר לא יגאל עוד,25.31629885786474,8.387523952596654,0.0,25.31629885786474,8.387523952596654,-0.24962066954593526,-0.09943772855964274,0.0,0.5985596437391161,0.539604635933238,0.7081065677668773,0.5396339731824624,False,1.0,1.0,False,34.87,27,1,False
Lev.27.21,והיה השדה בצאתו ביבל קדש ליהוה כשדה החרם לכהן תהיה אחזתו,159.20661554114852,3392.6621012865635,0.09090909090909091,134.71329007327952,2870.714085704015,1.1642609700486695,-0.07044297052703978,1.1642609700486695,0.12215913423917507,0.5280794546805905,0.7081065677668773,0.5396339731824624,False,0.5077572483517158,1.0,False,93.71,27,1,False
Lev.27.22,ואם את שדה מקנתו אשר לא משדה אחזתו יקדיש ליהוה,25.427214946362923,1522.7752056109907,0.0,25.427214946362923,1522.7752056109907,-0.24818715460808446,-0.08409730410074655,0.0,0.5980051976855842,0.5335104659656426,0.7081065677668773,0.5396339731824624,False,1.0,1.0,False,34.87,27,1,False
Lev.27.23,וחשב לו הכהן את מכסת הערכך עד שנת היבל ונתן את הערכך ביום ההוא קדש ליהוה,37.351542256272324,815.6416756623106,0.1875,27.16475800456169,593.1939459362259,-0.2257305934111241,-0.09351376414275514,0.0,0.5892945189823785,0.5372522922971317,0.7081065677668773,0.5396339731824624,False,1.0,1.0,False,34.87,27,1,False
Lev.27.24,בשנת היובל ישוב השדה לאשר קנהו מאתו לאשר לו אחזת הארץ,76.42540407933281,1453.6501151027435,0.0,76.42540407933281,1453.6501151027435,0.4109297229822297,-0.08479752653519931,0.4109297229822297,0.34056203346545244,0.5337888200009051,0.7081065677668773,0.5396339731824624,False,0.9190344980798973,1.0,False,85.91,27,1,False
Lev.27.25,וכל ערכך יהיה בשקל הקדש עשרים גרה יהיה השקל,61.803383416777095,84.84150724157534,0.0,61.803383416777095,84.84150724157534,0.22195005984093316,-0.09866326600330319,0.22195005984093316,0.4121763800654573,0.539297182003313,0.7081065677668773,0.5396339731824624,False,0.975669951182477,1.0,False,81.02,27,1,False
Lev.27.26,אך בכור אשר יבכר ליהוה בבהמה לא יקדיש איש אתו אם שור אם שה ליהוה הוא,104.00393448486184,218.23429286535918,0.0625,92.44794176432164,193.9860381025415,0.618010115238267,-0.09755765516728479,0.618010115238267,0.2682843354194963,0.5388582248361938,0.7081065677668773,0.5396339731824624,False,0.8261588172293622,1.0,False,89.64,27,1,False
Lev.27.27,ואם בבהמה הטמאה ופדה בערכך ויסף חמשתו עליו ואם לא יגאל ונמכר בערכך,54.787618133450856,97192.06593987858,0.15384615384615385,41.89641386675654,74323.34454226009,-0.03533396994851646,0.6533569475414157,0.6533569475414157,0.5140932819336357,0.25676309358245253,0.7081065677668773,0.5396339731824624,False,0.8078025247040901,1.0,False,90.1,27,1,False
Lev.27.28,אך כל חרם אשר יחרם איש ליהוה מכל אשר לו מאדם ובהמה ומשדה אחזתו לא ימכר ולא יגאל כל חרם קדש קדשים הוא ליהוה,17.525567459175722,631.3900221083728,0.041666666666666664,16.177446885392975,582.8215588692673,-0.3677341100281089,-0.0936188342131118,0.0,0.6434642480631787,0.5372940261076671,0.7081065677668773,0.5396339731824624,False,1.0,1.0,False,34.87,27,1,False
Lev.27.29,כל חרם אשר יחרם מן האדם לא יפדה מות יומת,10.125391819082191,649.804170169366,0.0,10.125391819082191,649.804170169366,-0.4459528018312762,-0.09294031463641826,0.0,0.6721843301246773,0.5370245110557559,0.7081065677668773,0.5396339731824624,False,1.0,1.0,False,34.87,27,1,False
Lev.27.30,וכל מעשר הארץ מזרע הארץ מפרי העץ ליהוה הוא קדש ליהוה,36.90343879565095,113.7278436048731,0.0,36.90343879565095,113.7278436048731,-0.09986477378103568,-0.09837065357238975,0.0,0.539774158522151,0.5391810116543305,0.7081065677668773,0.5396339731824624,False,1.0,1.0,False,34.87,27,1,False
Lev.27.31,ואם גאל יגאל איש ממעשרו חמשיתו יסף עליו,529.9354178597217,23904.739019381737,0.25,353.2902785731478,15936.492679587825,3.9892197503985507,0.06191058196398627,3.989700131229037,3.314549400788088e-05,0.4753170202383726,0.003535208810488139,0.5396339731824624,False,0.0003495536271040435,0.02502221380686445,True,98.72,27,1,False
Lev.27.32,וכל מעשר בקר וצאן כל אשר יעבר תחת השבט העשירי יהיה קדש ליהוה,16.55236193401383,56.10961822798563,0.07692307692307693,14.345380342811989,48.628335797587546,-0.39141232291396594,-0.09903009771204055,0.0,0.652253757460547,0.539442813481913,0.7081065677668773,0.5396339731824624,False,1.0,1.0,False,34.87,27,1,False
Lev.27.33,לא יבקר בין טוב לרע ולא ימירנו ואם המר ימירנו והיה הוא ותמורתו יהיה קדש לא יגאל,20.541992168472635,1608.2352557753493,0.17647058823529413,15.183211602784121,1188.6956238339537,-0.3805839242314061,-0.08748145906290129,0.0,0.6482439941125969,0.5348555887756189,0.7081065677668773,0.5396339731824624,False,1.0,1.0,False,34.87,27,1,False
Lev.27.34,אלה המצות אשר צוה יהוה את משה אל בני ישראל בהר סיני,11.844035500526486,2.1073720118622417,0.0,11.844035500526486,2.1073720118622417,-0.42374050221314036,-0.09950134516033493,0.0,0.6641224631573512,0.5396298900409893,0.7081065677668773,0.5396339731824624,False,1.0,1.0,False,34.87,27,1,False
